question,answer_number
"Sakura est allé à la promenade pour des vacances.Ses parents lui ont donné 1300 € pour acheter ce qu'elle voulait.Dans la boutique de cadeaux, Saltwater Taffy était en vente pour ""Acheter 16 kg à 22 € par kg, obtenez 4 kg 1/4 de réduction.""Elle a ramassé 22 kg.Elle a également acheté un sac mixte d'étoiles de mer pour 11,0 € et 12 clés de clés qui étaient de 20,0 € chacun.Sakura a ensuite fait don de 5 € dans un stand de bienfaisance en cours de route.Combien d'argent Sakura reste-t-il?",582
"Kayla est allée à la jetée pour des vacances.Ses parents lui ont donné ₺1400 pour acheter ce qu'elle voulait.Dans la boutique de plage, Rock Candy était en vente pour ""Acheter 16 kgs à ₺22 par kg, obtenez 6 kg 2/3 de réduction.""Elle a ramassé 23 kg.Elle a également acheté un sac mélangé de verre de mer pour 11,0 ₺1,0 et 14 autocollants qui étaient ₺20,5 chacun.Kayla a ensuite fait don de ₺5 dans un stand de charité en cours de route.Combien d'argent Kayla reste-t-il?",679
"Chen est allé à la promenade pour des vacances.Ses parents lui ont donné 1300 $ pour acheter ce qu'elle voulait.Dans la boutique de cadeaux, Saltwater Taffy était en vente pour ""acheter 16 kg à 22 $ par kg, obtenir 6 kg 1/4 de rabais.""Elle a ramassé 23 kg.Elle a également acheté un sac mixte d'étoile de mer pour 11,0 $ et 11 clés de clés qui étaient de 21,0 $ chacun.Chen a ensuite fait don de 5 $ dans un stand de charité en cours de route.Combien d'argent Chen reste-t-il?",580
"Fatima est allée à la jetée pour des vacances.Ses parents lui ont donné 1200 pour acheter ce qu'elle voulait.Dans la boutique de plage, Rock Candy était en vente pour ""Acheter 16 kg à 20 ₣ par kg, obtenez 6 kgs 1/3 de raccourci.""Elle a ramassé 23 kg.Elle a également acheté un sac mélangé de verre de mer pour ₣ 11,0 et 13 autocollants qui étaient de 20,0 ₣ ₣ ₣ ₣ ₣ ₣ ₣ ₣ ₣ ₣ ₣ ₣ ₣ ₣ ₣ ₣ ₣ ₣ ₣ ₣ ₣ ₣ ₣ ₣ ₣ ₣ ₣ ₣ ₣ ₣ ₣ ₣ ₣ ₣ ₣ ₣ ₣ ₣ ₣ ₣ ₣ ₣ ₣ ₣ ₣ ₣ ₣ ₣ ₣ ₣ ₣ ₣ ₣ ₣ ₣ ₣ ₣ ₣ ₣ ₣ ₣ ₣ 20.Fatima a ensuite fait don de ₣ 5 à un stand de charité en cours de route.Combien d'argent Fatima reste-t-il?",504
"Ava est allée sur la côte pour des vacances.Ses parents lui ont donné 1400 $ pour acheter ce qu'elle voulait.Au magasin Seaside, Cotton Candy était en vente pour ""Acheter 17 livres à 22 $ la livre, obtenir 4 livres 1/2 de rabais.""Elle a ramassé 23 livres.Elle a également acheté un sac mixte de pièces de corail pour 11,0 $ et 18 broches qui étaient de 20,5 $ chacune.Ava a ensuite fait don de 5 $ dans un stand de charité en cours de route.Combien d'argent AVA reste-t-il?",553
"Valeria est allée sur la côte pour des vacances.Ses parents lui ont donné 1300 € pour acheter ce qu'elle voulait.Dans le magasin Seaside, Cotton Candy était en vente pour ""Acheter 15 livres à 21 € la livre, obtenez 5 livres 1/3 de remise"".Elle a ramassé 23 livres.Elle a également acheté un sac mixte de pièces de corail pour 11,0 € et 11 broches qui étaient de 21,0 € chacune.Valeria a ensuite fait don de 5 € dans un stand de bienfaisance en cours de route.Combien d'argent Valeria reste-t-il?",605
"Sophia est allée à la jetée pour des vacances.Ses parents lui ont donné ₺1400 pour acheter ce qu'elle voulait.Dans la boutique de plage, Rock Candy était en vente pour ""Acheter 17 kgs à ₺20 par kg, obtenez 5 kgs 1/2 de rabais.""Elle a ramassé 23 kg.Elle a également acheté un sac mélangé de verre de mer pour 11,0 ₺1,0 et 13 autocollants qui étaient ₺20,0 chacun.Sophia a ensuite fait don de ₺5 dans un stand de charité en cours de route.Combien d'argent Sophia a-t-il laissé?",714
"Mei est allé à la plage pour des vacances.Ses parents lui ont donné 1300 ¥ pour acheter ce qu'elle voulait.Dans le magasin de souvenirs, Fudge était en vente pour ""acheter 15 kilogrammes à 23 ¥ par kilogramme, obtenez 4 kilogrammes 1/4 de repos"".Elle a ramassé 20 kilogrammes.Elle a également acheté un sac mixte de dollars de sable pour 11,0 ¥ et 14 cartes postales qui étaient de 21,0 ¥ chacune.Mei a ensuite fait don de 5 ¥ dans un stand de charité en cours de route.Combien d'argent mei reste-t-il?",553
"Sophia est allée à la jetée pour des vacances.Ses parents lui ont donné ₺1400 pour acheter ce qu'elle voulait.Dans la boutique de plage, Rock Candy était en vente pour ""Acheter 15 kilogrammes à 23 ₺3 par kilogramme, obtenez 6 kilogrammes 1/3 de repos"".Elle a ramassé 23 kilogrammes.Elle a également acheté un sac mélangé de verre de mer pour 11,0 et 18 autocollants qui étaient ₺20,5 chacun.Sophia a ensuite fait don de ₺5 dans un stand de charité en cours de route.Combien d'argent Sophia a-t-il laissé?",532
"Tara est allée à la promenade pour des vacances.Ses parents lui ont donné 1200 pour acheter ce qu'elle voulait.Dans la boutique de cadeaux, Saltwater Taffy était en vente pour ""Acheter 17 kg à 22 ₣ par kg, obtenez 4 kg 1/4 de repos"".Elle a ramassé 23 kg.Elle a également acheté un sac mixte d'étoile de mer pour 11,0 et 12 clés de clés qui étaient de 20,0 ₣ ₣ ₣ ₣ ₣ ₣ ₣ ₣ ₣ ₣ ₣ ₣ ₣ ₣ ₣ ₣ ₣ ₣ ₣ ₣ ₣ ₣ ₣ ₣ ₣ ₣ ₣ ₣ ₣ ₣ ₣ ₣ ₣ ₣ ₣ ₣ ₣ ₣ ₣ ₣ ₣ ₣ ₣ ₣ ₣ ₣ ₣ ₣ ₣ ₣ ₣ ₣ ₣ ₣ ₣ ₣ ₣ ₣ ₣ ₣ ₣ ₣ ₣ ₣ ₣ ₣ ₣ ₣ ₣ ₣ ₣ ₣ ₣ ₣ ₣ 20,0.Tara a ensuite fait don de ₣ 5 à un stand de charité en cours de route.Combien d'argent Tara reste-t-il?",460
"Un agriculteur achète du flux pour ses vaches.Il achète une variété de pommes, de foin, de concombres et de maïs.Étant donné que le maïs est un régal rare, il n'en achète que quatre boîtes de 6 livres pour toute l'écurie.Il ne veut que suffisamment de concombres pour nourrir les vaches pendant que les légumes sont frais, il achète donc quatorze sacs de 8 livres.Les pommes sont le régime principal de ses vaches, il achète donc trente-cinq packs de 42 livres.Le foin est un aliment de base pour compléter les pommes, alors il achète dix-huit sacs de 18 livres.Enfin, il achète 43 livres d'épicerie et 27 livres d'outils et 100 livres de bois.Un camion de ferme peut transporter 140 livres à la fois.Si l'agriculteur a trois camions, combien de voyages l'agriculteur a-t-il besoin pour transporter tous les articles achetés?",5
"Un agriculteur achète du flux pour ses moutons.Il achète une variété de blé, de maïs, de betteraves et d'avoine.Étant donné que l'avoine est un régal rare, il n'en achète que cinq boîtes de 3 kg pour toute l'écurie.Il ne veut que suffisamment de betteraves pour nourrir les moutons pendant que les légumes sont frais, il achète donc onze sacs de 7 kg.Le blé est le régime principal de ses moutons, il achète donc trente-quatre packs de 44 kg.Le maïs est un aliment de base pour compléter le blé, il achète donc dix-huit sacs de 19 kg.Enfin, il achète 43 kg d'épicerie et 27 kg d'outils et 100 kg de bois.Un camion de ferme peut transporter 140 kg à la fois.Si l'agriculteur a trois camions, combien de voyages l'agriculteur a-t-il besoin pour transporter tous les articles achetés?",5
"Un agriculteur achète du flux pour ses vaches.Il achète une variété de blé, d'avoine, de carottes et de maïs.Étant donné que le maïs est un régal rare, il n'en achète que sept boîtes de 5 kg pour toute l'écurie.Il ne veut que suffisamment de carottes pour nourrir les vaches tandis que les légumes sont frais, il achète donc onze sacs de 7 kg.Le blé est le régime principal de ses vaches, il achète donc trente-quatre packs de 39 kg.L'avoine est un aliment de base pour compléter le blé, il achète donc dix-neuf sacs de 18 kg.Enfin, il achète 43 kg d'épicerie et 27 kg d'outils et 100 kg de bois.Un camion de ferme peut transporter 130 kg à la fois.Si l'agriculteur a trois camions, combien de voyages l'agriculteur a-t-il besoin pour transporter tous les articles achetés?",5
"Un agriculteur achète du flux pour ses vaches.Il achète une variété de foin, de blé, de carottes et de pommes.Étant donné que les pommes sont un régal rare, il n'en achète que cinq boîtes de 7 livres pour toute l'écurie.Il ne veut que suffisamment de carottes pour nourrir les vaches tandis que les légumes sont frais, il achète donc quatorze sacs de 5 livres.Le foin est le régime principal de ses vaches, il achète donc trente-cinq paquets de 44 livres.Le blé est un aliment de base pour compléter le foin, il achète donc dix-neuf sacs de 15 livres.Enfin, il achète 43 livres d'épicerie et 27 livres d'outils et 100 livres de bois.Un camion de ferme peut transporter 100 livres à la fois.Si l'agriculteur a trois camions, combien de voyages l'agriculteur a-t-il besoin pour transporter tous les articles achetés?",7
"Un agriculteur achète du flux pour ses moutons.Il achète une variété de pommes, de blé, de carottes et d'avoine.Étant donné que l'avoine est un régal rare, il n'en achète que huit boîtes de 7 livres pour toute l'écurie.Il ne veut que suffisamment de carottes pour nourrir les moutons pendant que les légumes sont frais, il achète donc douze sacs de 6 livres.Les pommes sont le régime principal de ses moutons, il achète donc trente deux packs de 43 livres.Le blé est un aliment de base pour compléter les pommes, il achète donc dix-huit sacs de 17 livres.Enfin, il achète 43 livres d'épicerie et 27 livres d'outils et 100 livres de bois.Un camion de ferme peut transporter 110 livres à la fois.Si l'agriculteur a trois camions, combien de voyages l'agriculteur a-t-il besoin pour transporter tous les articles achetés?",6
"Un agriculteur achète du flux pour ses alpagas.Il achète une variété de pommes, de blé, de concombres et de foin.Étant donné que le foin est un régal rare, il n'en achète que six boîtes de 3 livres pour toute l'écurie.Il ne veut que suffisamment de concombres pour nourrir les alpagas pendant que les légumes sont frais, il achète donc quinze sacs de 8 livres.Les pommes sont le régime principal de ses alpagas, il achète donc trente-quatre packs de 43 livres.Le blé est un aliment de base pour compléter les pommes, il achète donc dix-huit sacs de 15 livres.Enfin, il achète 43 livres d'épicerie et 27 livres d'outils et 100 livres de bois.Un camion de ferme peut transporter 170 livres à la fois.Si l'agriculteur a trois camions, combien de voyages l'agriculteur a-t-il besoin pour transporter tous les articles achetés?",4
"Un agriculteur achète du flux pour ses alpagas.Il achète une variété de pommes, de blé, de betteraves et de foin.Étant donné que le foin est un régal rare, il n'en achète que six boîtes de 7 livres pour toute l'écurie.Il ne veut que suffisamment de betteraves pour nourrir les alpagas pendant que les légumes sont frais, il achète donc onze sacs de 6 livres.Les pommes sont le régime principal de ses alpagas, il achète donc trente-quatre packs de 43 livres.Le blé est un incontournable pour compléter les pommes, il achète donc vingt sacs de 18 livres.Enfin, il achète 43 livres d'épicerie et 27 livres d'outils et 100 livres de bois.Un camion de ferme peut transporter 100 livres à la fois.Si l'agriculteur a trois camions, combien de voyages l'agriculteur a-t-il besoin pour transporter tous les articles achetés?",7
"Un agriculteur achète du flux pour ses moutons.Il achète une variété de blé, d'avoine, de carottes et de pommes.Étant donné que les pommes sont un régal rare, il n'en achète que huit boîtes de 4 livres pour toute l'écurie.Il ne veut que suffisamment de carottes pour nourrir les moutons pendant que les légumes sont frais, il achète donc douze sacs de 6 livres.Le blé est le régime principal de ses moutons, il achète donc trente-trois packs de 42 livres.L'avoine est un aliment de base pour compléter le blé, il achète donc vingt-balles de 16 livres.Enfin, il achète 43 livres d'épicerie et 27 livres d'outils et 100 livres de bois.Un camion de ferme peut transporter 110 livres à la fois.Si l'agriculteur a trois camions, combien de voyages l'agriculteur a-t-il besoin pour transporter tous les articles achetés?",6
"Un agriculteur achète du flux pour ses moutons.Il achète une variété de pommes, d'avoine, de carottes et de foin.Étant donné que le foin est un régal rare, il n'en achète que cinq boîtes de 6 livres pour toute l'écurie.Il ne veut que suffisamment de carottes pour nourrir les moutons pendant que les légumes sont frais, il achète donc quatorze sacs de 6 livres.Les pommes sont le régime principal de ses moutons, il achète donc trente deux packs de 38 livres.L'avoine est un aliment de base pour compléter les pommes, il achète donc vingt-15 livres.Enfin, il achète 43 livres d'épicerie et 27 livres d'outils et 100 livres de bois.Un camion de ferme peut transporter 150 livres à la fois.Si l'agriculteur a trois camions, combien de voyages l'agriculteur a-t-il besoin pour transporter tous les articles achetés?",4
"Un agriculteur achète du flux pour ses vaches.Il achète une variété de foin, de blé, de concombres et de maïs.Étant donné que le maïs est un régal rare, il n'en achète que six boîtes de 5 kg pour toute l'écurie.Il ne veut que suffisamment de concombres pour nourrir les vaches pendant que les légumes sont frais, il achète donc quinze sacs de 8 kg.Le foin est le régime principal de ses vaches, il achète donc trente-cinq packs de 35 kg.Le blé est un aliment de base pour compléter le foin, il achète donc dix-sept sacs de 15 kg.Enfin, il achète 43 kg d'épicerie et 27 kg d'outils et 100 kg de bois.Un camion de ferme peut transporter 120 kg à la fois.Si l'agriculteur a trois camions, combien de voyages l'agriculteur a-t-il besoin pour transporter tous les articles achetés?",5
"Une banque de brouillard arrive depuis l'océan pour couvrir une ville.Il faut 30 minutes pour couvrir tous les 3 miles de la ville.Cependant, nous savons que la vitesse du vent va être divisée par deux en une heure.Si la ville est à 72 miles du bord de l'océan à l'opposé à l'intérieur des terres, combien de minutes faudra-t-il à la banque de brouillard pour couvrir un quart de la ville?",300
"Une banque de brouillard arrive depuis l'océan pour couvrir une ville.Il faut 75 minutes pour couvrir tous les 10 miles de la ville.Cependant, nous savons que la vitesse du vent va être divisée par deux en une heure.Si la ville est à 72 miles du bord de l'océan à l'opposé à l'intérieur des terres, combien de minutes prendra-t-il à la banque de brouillard pour couvrir 1/4 de la ville?",210
"Une banque de brouillard arrive depuis l'océan pour couvrir une ville.Il faut 60 minutes pour couvrir tous les 3 miles de la ville.Cependant, nous savons que la vitesse du vent va être divisée par deux en une heure.Si la ville est à 54 miles du bord de l'océan à l'opposé à l'intérieur des terres, combien de minutes faudra-t-il à la banque de brouillard pour couvrir 1/3 de la ville?",660
"Une banque de brouillard arrive depuis l'océan pour couvrir une ville.Il faut 60 minutes pour couvrir tous les 6 miles de la ville.Cependant, nous savons que la vitesse du vent va être divisée par deux en une heure.Si la ville est à 72 miles de l'autre côté du bord de l'océan à l'opposé à l'intérieur des terres, combien de minutes prendra-t-il à la banque de brouillard pour couvrir 1/3 de la ville?",420
"Une banque de brouillard arrive depuis l'océan pour couvrir une ville.Il faut 25 minutes pour couvrir tous les 5 miles de la ville.Cependant, nous savons que la vitesse du vent va être divisée par deux en une heure.Si la ville est à 54 miles du bord de l'océan à l'opposé à l'intérieur des terres, combien de minutes faudra-t-il à la banque de brouillard pour couvrir la moitié de la ville?",210
"Une banque de brouillard arrive depuis l'océan pour couvrir une ville.Il faut 90 minutes pour couvrir tous les 3 miles de la ville.Cependant, nous savons que la vitesse du vent va être divisée par deux en une heure.Si la ville est à 78 miles du bord de l'océan à l'opposé à l'intérieur des terres, combien de minutes faudra-t-il à la banque de brouillard pour couvrir un tiers de la ville?",1500
"Une banque de brouillard arrive depuis l'océan pour couvrir une ville.Il faut 30 minutes pour couvrir tous les 13 miles de la ville.Cependant, nous savons que la vitesse du vent va être divisée par deux en une heure.Si la ville est à 78 miles du bord de l'océan à l'opposé à l'intérieur des terres, combien de minutes prendra-t-il à la banque de brouillard pour couvrir la moitié de la ville?",120
"Une banque de brouillard arrive depuis l'océan pour couvrir une ville.Il faut 15 minutes pour couvrir tous les 3 miles de la ville.Cependant, nous savons que la vitesse du vent va être divisée par deux en une heure.Si la ville est à 96 miles de l'autre côté du bord de l'océan à l'opposé à l'intérieur des terres, combien de minutes faudra-t-il à la banque de brouillard pour couvrir un quart de la ville?",180
"Une banque de brouillard arrive depuis l'océan pour couvrir une ville.Il faut 20 minutes pour couvrir tous les 3 miles de la ville.Cependant, nous savons que la vitesse du vent va être divisée par deux en une heure.Si la ville est à 72 miles du bord de l'océan à l'opposé à l'intérieur des terres, combien de minutes faudra-t-il à la banque de brouillard pour couvrir un tiers de la ville?",260
"Une banque de brouillard arrive depuis l'océan pour couvrir une ville.Il faut 15 minutes pour couvrir tous les 3 miles de la ville.Cependant, nous savons que la vitesse du vent va être divisée par deux en une heure.Si la ville est à 96 miles du bord de l'océan à l'opposé à l'intérieur des terres, combien de minutes prendra-t-il à la banque de brouillard pour couvrir la moitié de la ville?",420
"Emma marche 32 kilomètres par jour sur son sentier de randonnée préféré, qui comprend 14 kilomètres de marche sur la plage et 18 kilomètres de marche sur le trottoir.Sur le trottoir, Emma marche à trois fois la vitesse de vitesse qu'elle fait sur la plage.Cependant, en raison d'une blessure récente, la vitesse d'Emma a diminué de moitié à la fois sur la plage et le trottoir.Si 56 minutes de sa promenade sont passées sur la plage, combien de temps lui faut-il pour terminer toute la marche de 32 kilomètres, en quelques minutes?",80
"Olivia marche 29 miles chaque jour sur son sentier de randonnée préféré, qui comprend 13 miles de marche sur la plage et 16 miles de marche sur le trottoir.Sur le trottoir, Olivia marche à quatre fois la vitesse de vitesse qu'elle fait sur la plage.Cependant, en raison d'une blessure récente, la vitesse d'Olivia a diminué de moitié à la fois sur la plage et le trottoir.Si 65 minutes de sa promenade sont passées sur la plage, combien de temps lui faut-il pour terminer toute la marche de 29 milles, en quelques minutes?",85
"Fatima marche 26 miles chaque jour sur son sentier de randonnée préféré, qui comprend 11 miles de marche sur la plage et 15 miles de marche sur le trottoir.Sur le trottoir, Fatima marche à trois fois la vitesse de vitesse qu'elle fait sur la plage.Cependant, en raison d'une blessure récente, la vitesse de Fatima a diminué de moitié à la fois sur la plage et le trottoir.Si 44 minutes de sa promenade sont passées sur la plage, combien de temps lui faut-il pour terminer toute la marche de 26 milles, en quelques minutes?",64
"Rania marche 28 kilomètres par jour sur son sentier de randonnée préféré, qui comprend 14 kilomètres de marche sur la plage et 14 kilomètres de marche sur le trottoir.Sur le trottoir, Rania marche à deux fois le taux de vitesse qu'elle fait sur la plage.Cependant, en raison d'une blessure récente, la vitesse de Rania a diminué de moitié à la fois sur la plage et le trottoir.Si 42 minutes de sa promenade sont passées sur la plage, combien de temps lui faut-il pour terminer toute la marche de 28 kilomètres, en quelques minutes?",63
"Ananya marche 20 miles chaque jour sur son sentier de randonnée préféré, qui comprend 10 miles de marche sur la plage et 10 miles de marche sur le trottoir.Sur le trottoir, Ananya marche à deux fois le taux de vitesse qu'elle fait sur la plage.Cependant, en raison d'une blessure récente, la vitesse d'Aanya a diminué de moitié à la fois sur la plage et le trottoir.Si 40 minutes de sa promenade sont passées sur la plage, combien de temps lui faut-il pour terminer toute la marche de 20 milles, en quelques minutes?",60
"Keisha marche 33 miles chaque jour sur son sentier de randonnée préféré, qui comprend 17 miles de marche sur la plage et 16 miles de marche sur le trottoir.Sur le trottoir, Keisha marche à deux fois le taux de vitesse qu'elle fait sur la plage.Cependant, en raison d'une blessure récente, la vitesse de Keisha a diminué de moitié à la fois sur la plage et le trottoir.Si 51 minutes de sa promenade sont passées sur la plage, combien de temps lui faut-il pour terminer toute la promenade de 33 milles, en quelques minutes?",75
"Xena marche 24 kilomètres par jour sur son sentier de randonnée préféré, qui comprend 11 kilomètres de marche sur la plage et 13 kilomètres de marche sur le trottoir.Sur le trottoir, Xena marche à trois fois la vitesse de vitesse qu'elle fait sur la plage.Cependant, en raison d'une blessure récente, la vitesse de Xena a diminué de moitié à la fois sur la plage et le trottoir.Si 66 minutes de sa promenade sont passées sur la plage, combien de temps lui faut-il pour terminer toute la marche de 24 kilomètres, en quelques minutes?",92
"Gabrielle marche 29 kilomètres par jour sur son sentier de randonnée préféré, qui comprend 15 kilomètres de marche sur la plage et 14 kilomètres de marche sur le trottoir.Sur le trottoir, Gabrielle marche à deux fois la vitesse de vitesse qu'elle fait sur la plage.Cependant, en raison d'une blessure récente, la vitesse de Gabrielle a diminué de moitié à la fois sur la plage et le trottoir.Si 45 minutes de sa promenade sont passées sur la plage, combien de temps lui faut-il pour terminer toute la marche de 29 kilomètres, en quelques minutes?",66
"Roya marche 21 kilomètres par jour sur son sentier de randonnée préféré, qui comprend 11 kilomètres de marche sur la plage et 10 kilomètres de marche sur le trottoir.Sur le trottoir, Roya marche à deux fois le taux de vitesse qu'elle fait sur la plage.Cependant, en raison d'une blessure récente, la vitesse de Roya a diminué de moitié à la fois sur la plage et le trottoir.Si 44 minutes de sa promenade sont passées sur la plage, combien de temps lui faut-il pour terminer toute la marche de 21 kilomètres, en quelques minutes?",64
"Yara marche 28 kilomètres par jour sur son sentier de randonnée préféré, qui comprend 14 kilomètres de marche sur la plage et 14 kilomètres de marche sur le trottoir.Sur le trottoir, Yara marche à deux fois la vitesse de vitesse qu'elle fait sur la plage.Cependant, en raison d'une blessure récente, la vitesse de Yara a diminué de moitié à la fois sur la plage et le trottoir.Si 56 minutes de sa promenade sont passées sur la plage, combien de temps lui faut-il pour terminer toute la marche de 28 kilomètres, en quelques minutes?",84
"Le chien de Mateo a 149 chiots, dont 25 ont des taches.Le chien de Mohammed a 49 chiots, dont 12 ont des taches.Ibrahim a 54 chiens, chacun ayant 13 chiots avec des taches.Après une visite chez le vétérinaire, Mateo a découvert que la moitié de ses chiots non exposés avait en fait des taches qui n'étaient pas visibles auparavant.Quel pourcentage de tous les chiots ont des taches?",89
"Le chien d'Oscar a 130 chiots, dont 28 ont des taches.Le chien d'Andre a 44 chiots, dont 14 ont des taches.Jin a 66 chiens, chacun ayant 11 chiots avec des taches.Après une visite chez le vétérinaire, Oscar a découvert que la moitié de ses chiots non exposés avait en fait des taches qui n'étaient pas visibles auparavant.Quel pourcentage de tous les chiots ont des taches?",91
"Le chien de Leon a 99 chiots, dont 23 ont des taches.Le chien de James a 53 chiots, dont 12 ont des taches.Hiroshi a 58 chiens, chacun ayant 11 chiots avec des taches.Après une visite chez le vétérinaire, Leon a découvert que la moitié de ses chiots non exposés avait des places qui n'étaient pas visibles auparavant.Quel pourcentage de tous les chiots ont des taches?",90
"Le chien de Pavel a 100 chiots, dont 22 ont des taches.Le chien d'Hiroshi a 40 chiots, dont 15 ont des taches.Santiago a 55 chiens, chacun ayant 12 chiots avec des taches.Après une visite chez le vétérinaire, Pavel a découvert que la moitié de ses chiots non exposés avait des taches qui n'étaient pas visibles auparavant.Quel pourcentage de tous les chiots ont des taches?",92
"Le chien de Kai a 135 chiots, dont 17 ont des taches.Le chien d'Arash a 43 chiots, dont 14 ont des taches.Carlos a 54 chiens, chacun ayant 13 chiots avec des taches.Après une visite chez le vétérinaire, Kai a découvert que la moitié de ses chiots non exposés n'avait pas de taches qui n'étaient pas visibles auparavant.Quel pourcentage de tous les chiots ont des taches?",90
"Le chien de Deshawn a 146 chiots, dont 28 ont des taches.Le chien de Mohammed a 43 chiots, dont 12 ont des taches.Hiroshi a 51 chiens, chacun ayant 11 chiots avec des taches.Après une visite chez le vétérinaire, DeShawn a découvert que la moitié de ses chiots non exposés avait des taches qui n'étaient pas visibles auparavant.Quel pourcentage de tous les chiots ont des taches?",88
"Le chien de Luca a 103 chiots, dont 25 ont des taches.Le chien de Diego a 42 chiots, dont 12 ont des taches.Noah a 67 chiens, chacun ayant 15 chiots avec des taches.Après une visite chez le vétérinaire, Luca a découvert que la moitié de ses chiots non exposés avait en fait des taches qui n'étaient pas visibles auparavant.Quel pourcentage de tous les chiots ont des taches?",94
"Le chien de Noah a 113 chiots, dont 23 ont des taches.Le chien de Qasim a 47 chiots, dont 15 ont des taches.Tariq a 60 chiens, chacun ayant 9 chiots avec des taches.Après une visite chez le vétérinaire, Noah a découvert que la moitié de ses chiots non exposés avait des places qui n'étaient pas visibles auparavant.Quel pourcentage de tous les chiots ont des taches?",89
"Le chien de Yuki a 95 chiots, dont 23 ont des taches.Le chien de Kai a 53 chiots, dont 12 ont des taches.Faisal a 68 chiens, chacun ayant 14 chiots avec des taches.Après une visite chez le vétérinaire, Yuki a découvert que la moitié de ses chiots non exposés n'avait pas de taches qui n'étaient pas visibles auparavant.Quel pourcentage de tous les chiots ont des taches?",93
"Le chien de Jin a 100 chiots, dont 28 ont des taches.Le chien de Theo a 50 chiots, dont 13 ont des taches.Noah a 58 chiens, chacun ayant 10 chiots avec des taches.Après une visite chez le vétérinaire, Jin a découvert que la moitié de ses chiots non exposés avait en fait des taches qui n'étaient pas visibles auparavant.Quel pourcentage de tous les chiots ont des taches?",90
"Fatima et Mei ont 247 minutes pour se rendre au gymnase ensemble à partir de leur domicile.Il leur prend 26 minutes pour arriver au coin où se trouve la bibliothèque.Il leur faut encore 18 minutes pour se rendre à l'épicerie.Lorsqu'ils atteignent l'épicerie, ils se souviennent qu'ils ont oublié leurs portefeuilles à la maison, ils doivent donc revenir pour ramasser leurs portefeuilles, puis retourner jusqu'à l'épicerie.Une fois qu'ils atteignent l'épicerie pour la deuxième fois, combien de temps doivent-ils se rendre au gymnase sans être en retard?",115
"Gabriel et Pavel ont 212 minutes pour se rendre au gymnase ensemble à partir de leur domicile.Il leur prend 29 minutes pour arriver au coin où se trouve la bibliothèque.Il leur faut encore 19 minutes pour se rendre au cinéma.Quand ils atteignent le cinéma, ils se souviennent qu'ils ont oublié leurs portefeuilles à la maison, ils doivent donc revenir pour ramasser leurs portefeuilles, puis retourner jusqu'au cinéma.Une fois qu'ils atteignent le cinéma pour la deuxième fois, combien de temps doivent-ils se rendre au gymnase sans être en retard?",68
"Nadia et Sanjay ont 261 minutes pour se rendre à l'épicerie ensemble à partir de leur maison.Il leur prend 24 minutes pour arriver au coin où se trouve le gymnase.Il leur faut encore 27 minutes pour se rendre au centre commercial.Quand ils atteignent le centre commercial, ils se souviennent qu'ils ont oublié leurs portefeuilles à la maison, ils doivent donc revenir pour ramasser leurs portefeuilles, puis retourner jusqu'au centre commercial.Une fois qu'ils atteignent le centre commercial pour la deuxième fois, combien de temps doivent-ils se rendre à l'épicerie sans être en retard?",108
"Thiago et Ali ont 163 minutes pour se rendre au gymnase ensemble à partir de leur domicile.Il leur prend 21 minutes pour arriver au coin où se trouve la banque.Il leur faut encore 28 minutes pour se rendre au cinéma.Quand ils atteignent le cinéma, ils se souviennent qu'ils ont oublié leurs portefeuilles à la maison, ils doivent donc revenir pour ramasser leurs portefeuilles, puis retourner jusqu'au cinéma.Une fois qu'ils atteignent le cinéma pour la deuxième fois, combien de temps doivent-ils se rendre au gymnase sans être en retard?",16
"Gabriel et Kai ont 137 minutes pour se rendre au gymnase ensemble à partir de leur domicile.Il leur prend 16 minutes pour arriver au coin où se trouve le parc.Il leur faut encore 22 minutes pour se rendre au centre commercial.Quand ils atteignent le centre commercial, ils se souviennent qu'ils ont oublié leurs portefeuilles à la maison, ils doivent donc revenir pour ramasser leurs portefeuilles, puis retourner jusqu'au centre commercial.Une fois qu'ils atteignent le centre commercial pour la deuxième fois, combien de temps doivent-ils se rendre au gymnase sans être en retard?",23
"Tara et Ananya ont 163 minutes pour se rendre à l'épicerie ensemble à partir de chez eux.Il leur prend 16 minutes pour arriver au coin où se trouve la bibliothèque.Il leur faut encore 29 minutes pour se rendre au centre commercial.Quand ils atteignent le centre commercial, ils se souviennent qu'ils ont oublié leurs portefeuilles à la maison, ils doivent donc revenir pour ramasser leurs portefeuilles, puis retourner jusqu'au centre commercial.Une fois qu'ils atteignent le centre commercial pour la deuxième fois, combien de temps doivent-ils se rendre à l'épicerie sans être en retard?",28
"Bodhi et Kai ont 267 minutes pour se rendre à la bibliothèque ensemble à partir de leur domicile.Il leur prend 17 minutes pour arriver au coin où se trouve le gymnase.Il leur faut encore 19 minutes pour se rendre au cinéma.Quand ils atteignent le cinéma, ils se souviennent qu'ils ont oublié leurs portefeuilles à la maison, ils doivent donc revenir pour ramasser leurs portefeuilles, puis retourner jusqu'au cinéma.Une fois qu'ils atteignent le cinéma pour la deuxième fois, combien de temps doivent-ils se rendre à la bibliothèque sans être en retard?",159
"Beatriz et Sakura ont 253 minutes pour se rendre au gymnase ensemble à partir de chez eux.Il leur prend 16 minutes pour arriver au coin où se trouve le centre commercial.Il leur faut encore 58 minutes pour se rendre au cinéma.Quand ils atteignent le cinéma, ils se souviennent qu'ils ont oublié leurs portefeuilles à la maison, ils doivent donc revenir pour ramasser leurs portefeuilles, puis retourner jusqu'au cinéma.Une fois qu'ils atteignent le cinéma pour la deuxième fois, combien de temps doivent-ils se rendre au gymnase sans être en retard?",31
"Ravi et Isabella ont 266 minutes pour se rendre au cinéma ensemble à partir de leur maison.Il leur prend 14 minutes pour arriver au coin où se trouve la banque.Il leur faut encore 38 minutes pour se rendre à la bibliothèque.Quand ils atteignent la bibliothèque, ils se souviennent qu'ils ont oublié leurs portefeuilles à la maison, ils doivent donc revenir pour ramasser leurs portefeuilles, puis retourner à la bibliothèque.Une fois qu'ils atteignent la bibliothèque pour la deuxième fois, combien de temps doivent-ils se rendre au cinéma sans être en retard?",110
"Chen et Diego ont 221 minutes pour se rendre au parc ensemble à partir de leur domicile.Il leur prend 28 minutes pour arriver au coin où se trouve le centre commercial.Il leur faut encore 22 minutes pour se rendre au cinéma.Quand ils atteignent le cinéma, ils se souviennent qu'ils ont oublié leurs portefeuilles à la maison, ils doivent donc revenir pour ramasser leurs portefeuilles, puis retourner jusqu'au cinéma.Une fois qu'ils atteignent le cinéma pour la deuxième fois, combien de temps doivent-ils se rendre au parc sans être en retard?",71
"Un jongleur peut jongler avec 480 balles.Un dixième des balles sont des balles de golf, et les autres sont des balles de tennis.1/2 des balles de golf sont violettes, dont 1/6 sont marquées.1/9 des balles de tennis sont indigo, et tous sauf un tiers de ces balles indigo sont marquées.Combien de balles marquées y a-t-il au total?",36
"Un jongleur peut jongler avec 360 balles.La moitié des balles sont des boules de tennis, et les autres sont des balles de golf.Un tiers des balles de tennis sont turques, dont 1/4 sont marquées.1/3 des balles de golf sont roses, et tout sauf un cinquième de ces boules roses est marquée.Combien de balles marquées y a-t-il au total?",63
"Un jongleur peut jongler avec 360 balles.Un dixième des balles sont des balles de golf, et les autres sont des balles de tennis.1/3 des balles de golf sont blanches, dont 1/4 sont marquées.La moitié des balles de tennis sont magenta, et tous sauf la moitié de ces balles magenta sont marquées.Combien de balles marquées y a-t-il au total?",84
"Un jongleur peut jongler avec 240 balles.1/4 des balles sont des balles de tennis, et les autres sont des balles de golf.1/3 des balles de tennis sont noires, dont 1/5 sont marquées.Un tiers des balles de golf sont du cyan, et tout sauf la moitié de ces balles cyan sont marquées.Combien de balles marquées y a-t-il au total?",34
"Un jongleur peut jongler avec 300 balles.Un dixième des balles sont des balles de tennis, et les autres sont des balles de golf.Un cinquième des balles de tennis est Magenta, dont un troisième est marqué.1/3 des balles de golf sont violettes, et tout sauf la moitié de ces boules violettes sont marquées.Combien de balles marquées y a-t-il au total?",47
"Un jongleur peut jongler avec 160 balles.Un quart des balles sont des balles de tennis, et les autres sont des balles de golf.1/5 des balles de tennis sont violettes, dont 1/4 sont marquées.1/8 des balles de golf sont indigo, et tous sauf 1/5 de ces balles indigo sont marquées.Combien de balles marquées y a-t-il au total?",14
"Un jongleur peut jongler avec 160 balles.Un quart des balles sont des balles de tennis, et les autres sont des balles de golf.Un quart des balles de tennis sont sarcelle, dont 1/5 sont marquées.Un quart des balles de golf sont roses, et tout sauf la moitié de ces balles roses sont marquées.Combien de balles marquées y a-t-il au total?",17
"Un jongleur peut jongler avec 120 balles.Un quart des balles sont des balles de golf, et les autres sont des balles de tennis.1/5 des balles de golf sont jaunes, dont 1/6 sont marquées.1/3 des balles de tennis sont roses, et tous sauf 1/6 de ces boules roses sont marquées.Combien de balles marquées y a-t-il au total?",26
"Un jongleur peut jongler avec 540 balles.1/9 des balles sont des balles de golf, et les autres sont des balles de tennis.La 1/2 des balles de golf est violette, dont un dixième est marqué.Un huitième des boules de tennis est brune, et tous sauf 1/10 de ces boules brunes sont marquées.Combien de balles marquées y a-t-il au total?",57
"Un jongleur peut jongler avec 400 balles.1/5 des balles sont des balles de golf, et les autres sont des balles de tennis.1/4 des balles de golf sont sarcelle, dont un cinquième est marqué.Un huitième des boules de tennis est bleue, et tout sauf un dixième de ces boules bleues est marquée.Combien de balles marquées y a-t-il au total?",40
"Hiroshi a 20 hectares de champ d'abricot.Il y a 28 abricots par deux quarts d'un hectare.Hiroshi peut récolter ses abricots tous les 6 mois.De plus, Hiroshi possède un champ de raisin de 12 hectares qui produit 14 raisins par hectare.Les raisins peuvent être récoltés tous les 4 mois.En l'espace de deux ans, combien d'abricots Hiroshi récolte-t-il que les raisins?",3472
"Oliver a 15 hectares de champ de raisin.Il y a 15 raisins par 1/3 d'un hectare.Oliver peut récolter ses raisins tous les 4 mois.De plus, Oliver possède un champ Apple de 9 hectares qui produit 16 pommes par hectare.Les pommes peuvent être récoltées tous les 4 mois.En l'espace de deux ans, combien de raisins supplémentaires Oliver récoltent-ils que les pommes?",3186
"Mohammed a 35 mètres carrés de champ de raisin.Il y a 12 raisins par 2/3 d'un mètre carré.Mohammed peut récolter ses raisins tous les 6 mois.De plus, Mohammed possède un champ d'abricot de 11 mètres carrés qui produit 18 abricots par mètre carré.Les abricots peuvent être récoltés tous les 4 mois.En l'espace de deux ans, combien de raisins de Mohammed récoltent-ils que les abricots?",1332
"Yusuf a 10 yards carrés de champ de pastèque.Il y a 19 pastèques par deux-six ans d'une cour carrée.Yusuf peut récolter ses pastèques tous les 2 mois.De plus, Yusuf possède un champ de raisin de 9 carrés qui produit 14 raisins par verge.Les raisins peuvent être récoltés tous les 4 mois.En l'espace de deux ans, combien de pastèques supplémentaires Yusuf récoltent-ils que les raisins?",6084
"Ravi a 10 verges carrés de Banana Field.Il y a 36 bananes par quatre cinquièmes d'un verge carré.Ravi peut récolter ses bananes tous les 4 mois.De plus, Ravi possède un champ d'abricot de 13 verges carré qui produit 12 abricots par yard carré.Les abricots peuvent être récoltés tous les 4 mois.En l'espace de deux ans, combien de bananes Ravi récolte-t-elle que les abricots?",1764
"Thiago a 25 verges carrés de champ orange.Il y a 23 oranges par un quart de verge carré.Thiago peut récolter ses oranges tous les 12 mois.De plus, Thiago possède un champ de raisin de 9 carrés qui produit 13 raisins par verge.Les raisins peuvent être récoltés tous les 4 mois.En l'espace de deux ans, combien d'oranges thiago récolte-t-elle que les raisins?",3898
"Carlos a 80 mètres carrés de champ Kiwi.Il y a 29 kiwis par quatre-sixième de mètre carré.Carlos peut récolter ses kiwis tous les 12 mois.De plus, Carlos possède un champ d'abricot de 10 mètres carrés qui produit 17 abricots par mètre carré.Les abricots peuvent être récoltés tous les 4 mois.En l'espace de deux ans, combien de kiwis Carlos récolte-t-il que les abricots?",5940
"DeShawn a 10 hectares de Banana Field.Il y a 20 bananes par 2/4 d'un hectare.Deshawn peut récolter ses bananes tous les 3 mois.De plus, DeShawn possède un champ orange de 11 hectares qui produit 14 oranges par hectare.Les oranges peuvent être récoltées tous les 4 mois.En l'espace de deux ans, combien de bananes de la récolte de Deshawn que les oranges?",2276
"Deshawn a 10 hectares de champ de raisin.Il y a 33 raisins par un huitième d'hectare.Deshawn peut récolter ses raisins tous les 12 mois.De plus, DeShawn possède un champ d'ananas de 10 hectares qui produit 18 ananas par hectare.Les ananas peuvent être récoltés tous les 4 mois.En l'espace de deux ans, combien de raisins de plus de la récolte de Deshawn que d'ananas?",4200
"Noah a 85 hectares de champ de poirie.Il y a 13 poires par deux-sixième d'un hectare.Noah peut récolter ses poires tous les 12 mois.De plus, Noah possède un champ d'abricot de 11 hectares qui produit 12 abricots par hectare.Les abricots peuvent être récoltés tous les 4 mois.En l'espace de deux ans, combien de poires de Noé récoltent-elles que les abricots?",5838
Le Dr Miller a vendu son appartement pour 490000 $.Il a payé les frais juridiques qui s'élevaient à 1% du prix de vente et ont également payé des frais d'agent immobilier qui représentent 5% du prix de vente.Il a également payé 390000 $ pour le montant restant du prêt sur l'appartement et 10000 $ pour les frais de clôture.Le Dr Miller a utilisé le produit net de la vente de l'appartement pour investir dans des actions.Les actions ont gagné 10% chaque année pendant deux ans.Dans quelle mesure le produit net du Dr Miller a-t-il après deux ans?,73326
M. Martinez a vendu son chalet pour 690000 $.Il a payé les frais de transfert qui représentaient 3% du prix de vente et ont également payé des frais de courtage qui représentent 6% du prix de vente.Il a également payé 590000 $ pour le montant restant du prêt sur le chalet et 5000 $ pour les frais de clôture.M. Martinez a utilisé le produit net de la vente du chalet pour investir dans des actions.Les actions ont gagné 10% chaque année pendant deux ans.Dans quelle mesure les profits nets de M. Martinez après deux ans?,39809
Le professeur Miller a vendu son appartement pour 810000 $.Il a payé les frais d'inscription qui représentaient 3% du prix de vente et ont également payé des frais d'agent qui représentent 3% du prix de vente.Il a également payé 670000 $ pour le montant restant du prêt sur l'appartement et 20000 $ pour les frais de clôture.Le professeur Miller a utilisé le produit net de la vente de l'appartement pour investir dans des actions.Les actions ont gagné 10% chaque année pendant deux ans.Combien a été le produit net du professeur Miller après deux ans?,86394
Le professeur Miller a vendu son appartement pour 760000 $.Il a payé les frais d'inscription qui s'élevaient à 3% du prix de vente et ont également payé des frais d'agent qui représentent 4% du prix de vente.Il a également payé 570000 $ pour le montant restant du prêt sur l'appartement et 15 000 $ pour les frais de clôture.Le professeur Miller a utilisé le produit net de la vente de l'appartement pour investir dans des actions.Les actions ont gagné 10% chaque année pendant deux ans.Combien a été le produit net du professeur Miller après deux ans?,147378
Le Dr Smith a vendu sa maison pour 590000 $.Il a payé les frais juridiques qui représentaient 3% du prix de vente et ont également payé des frais d'agent immobilier qui représentent 4% du prix de vente.Il a également payé 380000 $ pour le montant restant du prêt à la Chambre et 25 000 $ pour les frais de clôture.Le Dr Smith a utilisé le produit net de la vente de la maison pour investir dans des actions.Les actions ont gagné 10% chaque année pendant deux ans.Combien a été le produit net du Dr Smith après deux ans?,173877
Le professeur Smith a vendu sa maison pour 560000 $.Il a payé les frais d'inscription qui s'élevaient à 3% du prix de vente et ont également payé des frais d'agent qui représentent 4% du prix de vente.Il a également payé 440000 $ pour le montant restant du prêt à la Chambre et 15 000 $ pour les frais de clôture.Le professeur Smith a utilisé le produit net de la vente de la maison pour investir dans des actions.Les actions ont gagné 10% chaque année pendant deux ans.Combien a été le produit net du professeur Smith après deux ans?,79618
Le Dr Miller a vendu son appartement pour 550000 $.Il a payé les frais juridiques qui représentaient 2% du prix de vente et ont également payé des frais d'agent immobilier qui représentent 3% du prix de vente.Il a également payé 370000 $ pour le montant restant du prêt sur l'appartement et 25 000 $ pour les frais de clôture.Le Dr Miller a utilisé le produit net de la vente de l'appartement pour investir dans des actions.Les actions ont gagné 10% chaque année pendant deux ans.Dans quelle mesure le produit net du Dr Miller a-t-il après deux ans?,154275
Le professeur Brown a vendu sa villa pour 460000 $.Il a payé les frais d'inscription qui représentaient 3% du prix de vente et ont également payé des frais d'agent qui représentent 2% du prix de vente.Il a également payé 300 000 $ pour le montant restant du prêt sur la villa et 15 000 $ pour les frais de clôture.Le professeur Brown a utilisé le produit net de la vente de la villa pour investir dans des actions.Les actions ont gagné 10% chaque année pendant deux ans.Combien a été le produit du Net du professeur Brown après deux ans?,147620
Le professeur Martinez a vendu son chalet pour 470000 $.Il a payé les frais d'inscription qui s'élevaient à 2% du prix de vente et ont également payé des frais d'agent qui représentent 3% du prix de vente.Il a également payé 400 000 $ pour le montant restant du prêt sur le chalet et 15 000 $ pour les frais de clôture.Le professeur Martinez a utilisé le produit net de la vente du chalet pour investir dans des actions.Les actions ont gagné 10% chaque année pendant deux ans.Combien a été le produit net du professeur Martinez après deux ans?,38115
Le Dr Brown a vendu sa villa pour 300000 $.Il a payé les frais juridiques qui représentaient 3% du prix de vente et ont également payé des frais d'agent immobilier qui représentent 3% du prix de vente.Il a également payé 200 000 $ pour le montant restant du prêt sur la villa et 20000 $ pour les frais de clôture.Le Dr Brown a utilisé le produit net de la vente de la villa pour investir dans des actions.Les actions ont gagné 10% chaque année pendant deux ans.Combien a été le produit du Net du Dr Brown après deux ans?,75020
"Olivia fait du thé à l'aide de cuillères à café de sucre et de tasses d'eau dans un rapport de 51: 5.Elle utilise également 7 cuillères à soupe de lait pour 5 tasses d'eau et utilise 2 cuillères à soupe de crème épaisse pour chaque cuillère à café de sucre.Elle a utilisé un total de 220 cuillères à café de sucre, des tasses d'eau, des cuillères à soupe de crème et des cuillères à soupe de lait.Combien de cuillères à café de sucre a-t-elle utilisé?",68
"Olga fait du café à l'aide de cuillères à café de sucre et de tasses d'eau dans un rapport de 48:10.Elle utilise également 6 cuillères à soupe de lait pour 10 tasses d'eau et utilise 2 cuillères à soupe de crème épaisse pour chaque cuillère à café de sucre.Elle a utilisé un total de 210 cuillères à café de sucre, des tasses d'eau, des cuillères à soupe de crème et des cuillères à soupe de lait.Combien de cuillères à café de sucre a-t-elle utilisé?",63
"Gabrielle fait du thé à l'aide de cuillères à café de sucre et de tasses d'eau dans un rapport de 54:12.Elle utilise également 7 cuillères à soupe de lait pour chaque 2 tasses d'eau et utilise 2 cuillères à soupe de crème épaisse pour chaque cuillère à café de sucre.Elle a utilisé un total de 240 cuillères à café de sucre, des tasses d'eau, des cuillères à soupe de crème et des cuillères à soupe de lait.Combien de cuillères à café de sucre a-t-elle utilisé?",60
"MIA fait du café à l'aide de cuillères à café de sucre et de tasses d'eau dans un rapport de 48: 7.Elle utilise également 9 cuillères à soupe de lait pour 7 tasses d'eau et utilise 2 cuillères à soupe de crème épaisse pour chaque cuillère à café de sucre.Elle a utilisé un total de 170 cuillères à café de sucre, des tasses d'eau, des cuillères à soupe de crème et des cuillères à soupe de lait.Combien de cuillères à café de sucre a-t-elle utilisé?",51
"Kimia fait du café à l'aide de cuillères à café de sucre et de tasses d'eau dans un rapport de 55:44.Elle utilise également 6 cuillères à soupe de lait pour 24 tasses d'eau et utilise 2 cuillères à soupe de crème épaisse pour chaque cuillère à café de sucre.Elle a utilisé un total de 240 cuillères à café de sucre, des tasses d'eau, des cuillères à soupe de crème et des cuillères à soupe de lait.Combien de cuillères à café de sucre a-t-elle utilisé?",60
"Uma fait du thé à l'aide de cuillères à café de sucre et de tasses d'eau dans un rapport de 45: 5.Elle utilise également 8 cuillères à soupe de lait pour 4 tasses d'eau et utilise 2 cuillères à soupe de crème épaisse pour chaque cuillère à café de sucre.Elle a utilisé un total de 210 cuillères à café de sucre, des tasses d'eau, des cuillères à soupe de crème et des cuillères à soupe de lait.Combien de cuillères à café de sucre a-t-elle utilisé?",63
"Fatima fait du thé à l'aide de cuillères à café de sucre et de tasses d'eau dans un rapport de 52:30.Elle utilise également 6 cuillères à soupe de lait pour 20 tasses d'eau et utilise 2 cuillères à soupe de crème épaisse pour chaque cuillère à café de sucre.Elle a utilisé un total de 210 cuillères à café de sucre, des tasses d'eau, des cuillères à soupe de crème et des cuillères à soupe de lait.Combien de cuillères à café de sucre a-t-elle utilisé?",56
"Beatriz fait du café à l'aide de cuillères à café de sucre et de tasses d'eau dans un rapport de 48:12.Elle utilise également 7 cuillères à soupe de lait pour 7 tasses d'eau et utilise 2 cuillères à soupe de crème épaisse pour chaque cuillère à café de sucre.Elle a utilisé un total de 210 cuillères à café de sucre, des tasses d'eau, des cuillères à soupe de crème et des cuillères à soupe de lait.Combien de cuillères à café de sucre a-t-elle utilisé?",60
"Quinn fait du café à l'aide de cuillères à café de sucre et de tasses d'eau dans un rapport de 63: 9.Elle utilise également 7 cuillères à soupe de lait pour 7 tasses d'eau et utilise 2 cuillères à soupe de crème épaisse pour chaque cuillère à café de sucre.Elle a utilisé un total de 230 cuillères à café de sucre, des tasses d'eau, des cuillères à soupe de crème et des cuillères à soupe de lait.Combien de cuillères à café de sucre a-t-elle utilisé?",70
"Zahra fait du thé à l'aide de cuillères à café de sucre et de tasses d'eau dans un rapport de 60: 5.Elle utilise également 6 cuillères à soupe de lait pour chaque 2 tasses d'eau et utilise 2 cuillères à soupe de crème épaisse pour chaque cuillère à café de sucre.Elle a utilisé un total de 210 cuillères à café de sucre, des tasses d'eau, des cuillères à soupe de crème et des cuillères à soupe de lait.Combien de cuillères à café de sucre a-t-elle utilisé?",63
"Une pizza géante a 87 portions.Aisha peut manger 3 portions par jour tandis qu'Amelia peut manger deux fois plus et Ava peut manger quatre fois plus qu'Amelia.Après 2 jours, Ava décide de suivre un régime et de réduire la consommation de moitié.Combien de jours faudra-t-il pour que la pizza soit complètement consommée?",3
"Une lasagne géante a 102 pièces.Leon peut manger 3 morceaux par jour tandis que Mohammed peut manger trois fois et Sakura peut manger deux fois plus que Mohammed.Après 2 jours, Sakura décide de suivre un régime et de réduire la consommation de moitié.Combien de jours faudra-t-il pour que les lasagnes soient complètement consommées?",4
"Une tarte géante a 122 pièces.Ananya peut manger 2 morceaux par jour tandis que Kimia peut manger trois fois et Fatima peut manger cinq fois plus que Kimia.Après 2 jours, Fatima décide de suivre un régime et de réduire de moitié la consommation.Combien de jours faudra-t-il pour que la tarte soit complètement consommée?",4
"Un gâteau géant a 126 portions.Kimia peut manger 3 portions par jour tandis que Fatima peut manger trois fois plus et que la daphné peut manger quatre fois plus que Fatima.Après 2 jours, Daphne décide de suivre un régime et de réduire de moitié la consommation.Combien de jours faudra-t-il pour que le gâteau soit complètement consommé?",3
"Une tarte géante a 99 pièces.Luis peut manger 2 morceaux par jour tandis qu'Amelia peut manger trois fois plus et Aisha peut manger cinq fois plus qu'Amelia.Après 2 jours, Aisha décide de suivre un régime et de réduire de moitié la consommation.Combien de jours faudra-t-il pour que la tarte soit complètement consommée?",3
"Une pizza géante a 110 portions.Tara peut manger 2 portions par jour tandis que Bodhi peut manger trois fois plus et Olivia peut manger deux fois plus que le bodhi.Après 2 jours, Olivia décide de suivre un régime et de réduire de moitié la consommation.Combien de jours faudra-t-il pour que la pizza soit complètement consommée?",7
"Une tarte géante a 126 portions.Esteban peut manger 3 portions par jour tandis que Theo peut manger trois fois et Gabriel peut manger quatre fois plus que Theo.Après 2 jours, Gabriel décide de suivre un régime et de réduire la consommation de moitié.Combien de jours faudra-t-il pour que la tarte soit complètement consommée?",3
"Une pizza géante a 105 portions.Haruka peut manger 3 portions par jour tandis que Daphné peut manger quatre fois plus et Arash peut manger deux fois plus que Daphné.Après 2 jours, Arash décide de suivre un régime et de réduire la consommation de moitié.Combien de jours faudra-t-il pour que la pizza soit complètement consommée?",3
"Un gâteau géant a 87 portions.Oliver peut manger 3 portions par jour tandis que Pavel peut manger deux fois plus et Mei peut manger deux fois plus que Pavel.Après 2 jours, Mei décide de suivre un régime et de réduire la consommation de moitié.Combien de jours faudra-t-il pour que le gâteau soit complètement consommé?",5
"Un gâteau géant a 120 portions.Le jasmin peut manger 5 portions par jour tandis que Roya peut manger deux fois plus et Sophia peut manger deux fois plus que Roya.Après 2 jours, Sophia décide de suivre un régime et de réduire la consommation de moitié.Combien de jours faudra-t-il pour que le gâteau soit complètement consommé?",4
"Sanjay reçoit 32 e-mails par jour.25% de ces e-mails ne nécessitent aucune réponse.Du reste, Sanjay ne peut répondre qu'à 2 de moins que les 1/2 d'entre eux.À combien d'e-mails Sanjay répond-il au cours d'une semaine de travail de 4 jours?Sanjay fait des heures supplémentaires le dernier jour afin qu'il puisse répondre à 20% de courriels en plus que d'habitude.",42
"Leon reçoit 30 e-mails par jour.20% de ces e-mails ne nécessitent aucune réponse.Du reste, Leon ne peut répondre qu'à 2 de moins que la moitié d'entre eux.Combien d'e-mails Leon répond-il dans une semaine de travail de 6 jours?Leon fait des heures supplémentaires le dernier jour afin qu'il puisse répondre à 50% de courriels en plus que d'habitude.",65
"Oliver reçoit 32 e-mails par jour.25% de ces e-mails ne nécessitent aucune réponse.Depuis le reste, Oliver ne peut répondre qu'à 2 de moins que les 1/2 d'entre eux.À combien d'e-mails Oliver répond-il dans une semaine de travail de 4 jours?Oliver fait des heures supplémentaires le dernier jour afin qu'il puisse répondre à 10% de courriels en plus que d'habitude.",41
"Luis reçoit 30 e-mails par jour.20% de ces e-mails ne nécessitent aucune réponse.Du reste, Luis ne peut répondre qu'à 4 de moins que les 1/2 d'entre eux.À combien d'e-mails Luis répondent-ils au cours d'une semaine de travail de 5 jours?Luis fait des heures supplémentaires le dernier jour afin qu'il puisse répondre à 25% de courriels en plus que d'habitude.",42
"Hiroshi reçoit 32 e-mails par jour.25% de ces e-mails ne nécessitent aucune réponse.Du reste, Hiroshi ne peut répondre qu'à 2 de moins que les 1/2 d'entre eux.Combien d'e-mails Hiroshi répond-il au cours d'une semaine de travail de 5 jours?Hiroshi fait des heures supplémentaires le dernier jour afin qu'il puisse répondre à 30% de courriels en plus que d'habitude.",53
"Carlos reçoit 32 e-mails par jour.25% de ces e-mails ne nécessitent aucune réponse.Du reste, Carlos ne peut répondre qu'à 4 de moins que la moitié d'entre eux.À combien d'e-mails Carlos répond-il dans une semaine de travail de 4 jours?Carlos fait des heures supplémentaires le dernier jour afin qu'il puisse répondre à 75% de courriels en plus que d'habitude.",38
"Ravi reçoit 25 e-mails par jour.12% de ces e-mails ne nécessitent aucune réponse.Du reste, Ravi ne peut répondre qu'à 3 de moins que la moitié d'entre eux.À combien d'e-mails Ravi répond-il dans une semaine de travail de 4 jours?Ravi fait des heures supplémentaires le dernier jour afin qu'il puisse répondre à 75% de courriels en plus que d'habitude.",38
"Yuki reçoit 32 e-mails par jour.25% de ces e-mails ne nécessitent aucune réponse.Du reste, Yuki ne peut répondre qu'à 2 de moins que les 1/2 d'entre eux.À combien d'e-mails Yuki répond-il au cours d'une semaine de travail de 6 jours?Yuki fait des heures supplémentaires le dernier jour afin qu'il puisse répondre à 10% de courriels en plus que d'habitude.",61
"Mohammed reçoit 25 e-mails par jour.12% de ces e-mails ne nécessitent aucune réponse.Du reste, Mohammed ne peut répondre qu'à 3 de moins que la moitié d'entre eux.Combien d'e-mails Mohammed répond-il au cours d'une semaine de travail de 5 jours?Mohammed travaille les heures supplémentaires le dernier jour afin qu'il puisse répondre à 25% de courriels en plus que d'habitude.",42
"Ibrahim reçoit 32 e-mails par jour.25% de ces e-mails ne nécessitent aucune réponse.Du reste, Ibrahim ne peut répondre qu'à 2 de moins que la moitié d'entre eux.À combien d'e-mails Ibrahim répond-il au cours d'une semaine de travail de 4 jours?Ibrahim fait des heures supplémentaires le dernier jour afin qu'il puisse répondre à 60% de courriels en plus que d'habitude.",46
"Gabriel roule une matrice D4.Combien de plus est-il plus probable (exprimé comme une différence de points de pourcentage) qu'il roule un nombre supérieur à 1 deux fois de suite, qu'il roule quatre nombres impairs d'affilée?",50
"Tariq roule un dé à quatre côtés.Quelle est la plus probable (exprimée comme une différence de points de pourcentage) qu'il roule un nombre supérieur à 2 deux fois de suite, qu'il roule quatre nombres même de suite?",18
"Mohammed roule un dé à 20 faces.Combien est-il plus probable (exprimé comme une différence de points de pourcentage) qu'il roule un nombre plus de 10 deux fois de suite, qu'il roule quatre nombres même de suite?",18
"Viktor lance un dé à 20 faces.Quelle est la plus probable (exprimée comme une différence de points de pourcentage) qu'il roule un nombre supérieur à 2 deux fois de suite, qu'il roule quatre nombres même de suite?",74
"Deshawn roule une matrice D10.Quelle est la plus probable (exprimée comme une différence de points de pourcentage) qu'il roule un nombre supérieur à 5 deux fois de suite, qu'il roule quatre nombres même de suite?",18
"Mateo roule un D6 DIE.Quelle est la plus probable (exprimée comme une différence de points de pourcentage) qu'il roule un nombre supérieur à 3 deux fois de suite, qu'il roule quatre nombres impairs d'affilée?",18
"Yusuf roule un dé à 10 faces.Quelle est la plus probable (exprimée comme une différence de points de pourcentage) qu'il roule un nombre supérieur à 5 deux fois de suite, qu'il roule quatre nombres même de suite?",18
"Oliver roule une matrice D8.Combien est-il plus probable (exprimé comme une différence de points de pourcentage) qu'il roule un nombre plus de 2 deux fois de suite, qu'il roule quatre nombres impairs d'affilée?",50
"Arjun roule un D6 DIE.Quelle est la plus probable (exprimée comme une différence de points de pourcentage) qu'il roule un nombre supérieur à 3 deux fois de suite, qu'il roule quatre nombres impairs d'affilée?",18
"Liam lance un D20 DIE.Quelle est la plus probable (exprimée comme une différence de points de pourcentage) qu'il roule un nombre supérieur à 1 deux fois de suite, qu'il roule quatre nombres même de suite?",84
"Viktor avait initialement 9 douzaines de crêpes, puis a mangé 3 crêpes pour le petit déjeuner, puis a caché le reste dans la cour pour la chasse aux œufs de Pâques.Liam trouve 5 crêpes.Yusuf trouve deux fois plus que Liam.Pavel trouve 4 de moins que Yusuf.Daphne trouve à moitié autant que Pavel, et James trouve quatre douzaines de crêpes de plus que Yusuf et Liam combinées.Combien de crêpes sont encore cachées dans la cour?",18
"Ali avait initialement 11 douzaines de biscuits, puis a mangé 3 biscuits pour le petit déjeuner, puis a caché le reste dans la cour pour la chasse aux œufs de Pâques.Faisal trouve 5 biscuits.Hiroshi trouve trois fois autant que Faisal.Benjamin trouve 3 de moins que Hiroshi.Wei trouve un quart plus que Benjamin, et Quinn trouve trois douzaines de cookies de plus que Hiroshi et Faisal combinés.Combien de cookies sont encore cachés dans la cour?",38
"Beatriz avait d'abord 10 douzaines de crêpes, puis a mangé 3 crêpes pour le petit déjeuner, puis a caché le reste dans la cour pour la chasse aux œufs de Pâques.Kimia trouve 6 crêpes.Sophia trouve trois fois plus que Kimia.Mateo trouve 2 de moins que Sophia.Umar trouve à moitié autant que Mateo, et Mei trouve deux douzaines de crêpes de plus que Sophia et Kimia combinées.Combien de crêpes sont encore cachées dans la cour?",21
"Zahra avait initialement 9 douzaines de gaufres, puis mangeait 5 gaufres pour le petit déjeuner, puis cachait le reste dans la cour pour la chasse aux œufs de Pâques.Viktor trouve 5 gaufres.Andre trouve trois fois plus que Viktor.Rania trouve 3 moins qu'André.Uma trouve 1/4 plus que Rania, et Arash trouve trois douzaines de gaufres de plus qu'Andre et Viktor combinés.Combien de gaufres sont encore cachés dans la cour?",12
"Kai avait initialement 7 douzaines de crêpes, puis a mangé 2 crêpes pour le petit déjeuner, puis a caché le reste dans la cour pour la chasse aux œufs de Pâques.Nia trouve 6 crêpes.Isabella trouve deux fois plus que Nia.Roya trouve 4 de moins qu'Isabella.Diego trouve un quart autant que Roya, et Yara trouve deux douzaines de crêpes de plus qu'Isabella et Nia combinées.Combien de crêpes sont encore cachées dans la cour?",12
"Olga avait initialement 8 douzaines de crêpes, puis a mangé 5 crêpes pour le petit déjeuner, puis a caché le reste dans la cour pour la chasse aux œufs de Pâques.Gabrielle trouve 3 crêpes.Jasmine trouve quatre fois plus que Gabrielle.Tariq trouve 2 de moins que le jasmin.Ravi trouve 1/5 autant que Tariq, et Alejandro trouve deux douzaines de crêpes de plus que le jasmin et le gabrielle combinés.Combien de crêpes sont encore cachées dans la cour?",25
"Isabella avait initialement 11 douzaines de crêpes, puis a mangé 5 crêpes pour le petit déjeuner, puis a caché le reste dans la cour pour la chasse aux œufs de Pâques.Elena trouve 5 crêpes.Qasim trouve deux fois plus qu'Elena.Sanjay trouve 1 de moins que Qasim.Winnie trouve 1/9 plus que Sanjay, et Faisal trouve quatre douzaines de crêpes de plus que Qasim et Elena combinées.Combien de crêpes sont encore cachées dans la cour?",39
"Valeria avait initialement 11 douzaines de crêpes, puis a mangé 2 crêpes pour le petit déjeuner, puis a caché le reste dans la cour pour la chasse aux œufs de Pâques.James trouve 5 crêpes.Jamal trouve trois fois plus que James.Daphne trouve 3 moins que Jamal.Nadia trouve 1/2 plus que Daphne, et Leon trouve trois douzaines de crêpes de plus que Jamal et James combinés.Combien de crêpes sont encore cachées dans la cour?",36
"Beatriz avait initialement 8 douzaines d'œufs, puis a mangé 3 œufs pour le petit déjeuner, puis a caché le reste dans la cour pour la chasse aux œufs de Pâques.Mateo trouve 3 œufs.Luis trouve six fois plus que Mateo.Tariq trouve 2 de moins que Luis.Qasim trouve à moitié autant que Tariq, et Noah trouve deux douzaines d'œufs de plus que Luis et Mateo combinés.Combien d'oeufs sont encore cachés dans la cour?",3
"Diego avait d'abord 8 douzaines de gaufres, puis a mangé 2 gaufres pour le petit déjeuner, puis a caché le reste dans la cour pour la chasse aux œufs de Pâques.Roya trouve 7 gaufres.Yusuf trouve deux fois plus que Roya.Priya trouve 2 de moins que Yusuf.Keisha trouve 1/3 autant que Priya, et Ava trouve deux douzaines de gaufres de plus que Yusuf et Roya combinées.Combien de gaufres sont encore cachés dans la cour?",12
"Qasim recueille les ordures de 5 complexes d'appartements différents.Les 4 premiers ont 100 appartements chacun et le dernier est 30% plus grand que les 4 autres combinés.Cependant, cette semaine, 5 appartements de chacun des 4 premiers complexes ont été vacants et n'ont pas nécessité de service de collecte.Qasim recueille les ordures 2 fois par semaine de chaque endroit et il est payé ₣ 0,3 par collection pour chaque appartement.Il gagne également 10% supplémentaires en pourboires.Combien d'argent gagne-t-il en une semaine?",594
"Hiroshi recueille les ordures de 6 complexes d'appartements différents.Les 5 premiers ont 100 appartements chacun et le dernier est 40% plus grand que les 5 autres combinés.Cependant, cette semaine, 8 appartements de chacun des 5 premiers complexes ont été vacants et n'ont pas nécessité de service de collecte.Hiroshi recueille les ordures 2 fois par semaine de chaque endroit et il est payé ₣ 0,25 par collection pour chaque appartement.Il gagne également 10% supplémentaires en pourboires.Combien d'argent gagne-t-il en une semaine?",638
"Tariq recueille les ordures de 4 complexes d'appartements différents.Les 3 premiers ont 100 appartements chacun et le dernier est 30% plus grand que les 3 autres combinés.Cependant, cette semaine, 10 appartements de chacun des 3 premiers complexes étaient vacants et ne nécessitaient pas de service de collecte.Tariq recueille les ordures 3 fois par semaine de chaque endroit et il est payé ₺0,5 ₺5 par collection pour chaque appartement.Il gagne également 10% supplémentaires en pourboires.Combien d'argent gagne-t-il en une semaine?",1089
"Pavel recueille les ordures de 6 complexes d'appartements différents.Les 5 premiers ont 100 appartements chacun et le dernier est 70% plus grand que les 5 autres combinés.Cependant, cette semaine, 10 appartements de chacun des 5 premiers complexes étaient vacants et ne nécessitaient pas de service de collecte.Pavel recueille les ordures 2 fois par semaine de chaque endroit et il est payé 0,45 ₺45 par collection pour chaque appartement.Il gagne également 10% supplémentaires en pourboires.Combien d'argent gagne-t-il en une semaine?",1287
"Oliver recueille les ordures de 5 complexes d'appartements différents.Les 4 premiers ont 100 appartements chacun et le dernier est 50% plus grand que les 4 autres combinés.Cependant, cette semaine, 6 appartements de chacun des 4 premiers complexes étaient vacants et ne nécessitaient pas de service de collecte.Oliver recueille les ordures 5 fois par semaine de chaque endroit et il est payé ₣ 0,25 par collection pour chaque appartement.Il gagne également 10% supplémentaires en pourboires.Combien d'argent gagne-t-il en une semaine?",1342
"Noah recueille les ordures de 5 complexes d'appartements différents.Les 4 premiers ont 100 appartements chacun et le dernier est 75% plus grand que les 4 autres combinés.Cependant, cette semaine, 5 appartements de chacun des 4 premiers complexes ont été vacants et n'ont pas nécessité de service de collecte.Noah recueille les ordures 2 fois par semaine de chaque endroit et il est payé ₣ 0,25 par collection pour chaque appartement.Il gagne également 10% supplémentaires en pourboires.Combien d'argent gagne-t-il en une semaine?",594
"Esteban recueille les ordures de 3 complexes d'appartements différents.Les 2 premiers ont 150 appartements chacun et le dernier est 70% plus grand que les 2 autres combinés.Cependant, cette semaine, 5 appartements de chacun des 2 premiers complexes étaient vacants et ne nécessitaient pas de service de collecte.Esteban recueille les ordures 3 fois par semaine de chaque endroit et il est payé 0,45 € par collection pour chaque appartement.Il gagne également 10% supplémentaires en pourboires.Combien d'argent gagne-t-il en une semaine?",1188
"Yusuf recueille les ordures de 7 complexes d'appartements différents.Les 6 premiers ont 100 appartements chacun et le dernier est 35% plus grand que les 6 autres combinés.Cependant, cette semaine, 10 appartements de chacun des 6 premiers complexes étaient vacants et ne nécessitaient pas de service de collecte.Yusuf recueille les ordures 2 fois par semaine de chaque endroit et il est payé 0,4 ¥ par collection pour chaque appartement.Il gagne également 10% supplémentaires en pourboires.Combien d'argent gagne-t-il en une semaine?",1188
"Wei recueille les ordures de 3 complexes d'appartements différents.Les 2 premiers ont 100 appartements chacun et le dernier est 70% plus grand que les 2 autres combinés.Cependant, cette semaine, 5 appartements de chacun des 2 premiers complexes étaient vacants et ne nécessitaient pas de service de collecte.Wei recueille les ordures 4 fois par semaine de chaque endroit et il est payé ₺25 ₺25 par collection pour chaque appartement.Il gagne également 10% supplémentaires en pourboires.Combien d'argent gagne-t-il en une semaine?",583
"Carlos recueille les ordures de 3 complexes d'appartements différents.Les 2 premiers ont 200 appartements chacun et le dernier est 40% plus grand que les 2 autres combinés.Cependant, cette semaine, 10 appartements de chacun des 2 premiers complexes ont été vacants et n'ont pas nécessité de service de collecte.Carlos recueille les ordures 4 fois par semaine de chaque endroit et il est payé ₣ 0,25 par collection pour chaque appartement.Il gagne également 10% supplémentaires en pourboires.Combien d'argent gagne-t-il en une semaine?",1034
"Sakura est un jardinier passionné.Il y a deux jours, elle a reçu 49 nouvelles plantes en pot de sa pépinière de plante préférée.Elle a déjà 7 plantes en pot sur chacun des 60 rebords de fenêtre de sa grande maison de pays.Elle a également acheté 100 nouvelles plantes hier à une remise de 50%.Se sentant généreuse, elle a décidé qu'elle donnerait 3 plantes en pot de chaque rebord vers les amis et la famille demain.Combien de plantes en pot resteront-elles Sakura?",389
"Daphné est un jardinier passionné.Il y a deux jours, elle a reçu 23 nouvelles plantes en pot de sa pépinière de plante préférée.Elle a déjà 8 plantes en pot sur chacun des 56 rebords de fenêtre de sa grande maison de pays.Elle a également acheté 200 nouvelles usines hier avec une remise de 50%.Se sentant généreuse, elle a décidé qu'elle donnerait 6 plantes en pot de chaque rebord vers les amis et la famille demain.Avec combien de plantes en pot resteront-elles?",335
"Amelia est un jardinier passionné.La semaine dernière, elle a reçu 25 nouvelles plantes en pot de sa pépinière de plante préférée.Elle a déjà 12 plantes en pot sur chacun des 54 rebords de fenêtre de sa grande maison de pays.Elle a également acheté 110 nouvelles usines hier avec une remise de 50%.Se sentant généreuse, elle a décidé qu'elle donnerait 4 plantes en pot de chaque rebord vers les amis et la famille demain.Avec combien de plantes en pot resteront-elles?",567
"Elena est un jardinier passionné.Il y a deux jours, elle a reçu 38 nouvelles plantes en pot de sa pépinière de plante préférée.Elle a déjà 12 plantes en pot sur chacun des 55 rebords de fenêtre de sa grande maison de pays.Elle a également acheté 70 nouvelles usines hier avec une remise de 50%.Se sentant généreuse, elle a décidé qu'elle donnerait 3 plantes en pot de chaque rebord vers les amis et la famille demain.Avec combien de plantes en pot resteront-elles?",603
"Yara est un jardinier passionné.Il y a deux jours, elle a reçu 49 nouvelles plantes en pot de sa pépinière de plante préférée.Elle a déjà 12 plantes en pot sur chacun des 54 rebords de fenêtre de sa grande maison de pays.Elle a également acheté 130 nouvelles usines hier avec une remise de 50%.Se sentant généreuse, elle a décidé qu'elle donnerait 4 plantes en pot de chaque rebord vers les amis et la famille demain.Avec combien de plantes en pot resteront-elles?",611
"Mei est un jardinier passionné.Il y a deux jours, elle a reçu 38 nouvelles plantes en pot de sa pépinière de plante préférée.Elle a déjà 9 plantes en pot sur chacun des 60 rebords de fenêtre de sa grande maison de pays.Elle a également acheté 170 nouvelles usines hier avec une remise de 50%.Se sentant généreuse, elle a décidé qu'elle donnerait 6 plantes en pot de chaque rebord vers les amis et la famille demain.Avec combien de plantes en pot resteront-elles?",388
"Valentina est un jardinier passionné.Hier soir, elle a reçu 48 nouvelles plantes en pot de sa pépinière de plante préférée.Elle a déjà 11 plantes en pot sur chacun des 63 rebords de fenêtre de sa grande maison de pays.Elle a également acheté 100 nouvelles plantes hier à une remise de 50%.Se sentant généreuse, elle a décidé qu'elle donnerait 6 plantes en pot de chaque rebord vers les amis et la famille demain.Combien de plantes en pot restera-t-elle Valentina?",463
"Quinn est un jardinier passionné.Hier soir, elle a reçu 23 nouvelles plantes en pot de sa pépinière de plante préférée.Elle a déjà 8 plantes en pot sur chacun des 57 rebords de fenêtre de sa grande maison de pays.Elle a également acheté 20 nouvelles usines hier avec une remise de 50%.Se sentant généreuse, elle a décidé qu'elle donnerait 4 plantes en pot de chaque rebord vers les amis et la famille demain.Avec combien de plantes en pot resteront-elles?",271
"Amelia est un jardinier passionné.Hier soir, elle a reçu 42 nouvelles plantes en pot de sa pépinière de plante préférée.Elle a déjà 7 plantes en pot sur chacun des 56 rebords de fenêtre de sa grande maison de pays.Elle a également acheté 180 nouvelles usines hier avec une remise de 50%.Se sentant généreuse, elle a décidé qu'elle donnerait 4 plantes en pot de chaque rebord vers les amis et la famille demain.Avec combien de plantes en pot resteront-elles?",390
"Sophia est un jardinier passionné.La semaine dernière, elle a reçu 26 nouvelles plantes en pot de sa pépinière de plante préférée.Elle a déjà 11 plantes en pot sur chacun des 55 rebords de fenêtre de sa grande maison de pays.Elle a également acheté 130 nouvelles usines hier avec une remise de 50%.Se sentant généreuse, elle a décidé qu'elle donnerait 3 plantes en pot de chaque rebord vers les amis et la famille demain.Combien de plantes en pot resteront-elles Sophia?",596
"Il y a 24 filles dans le parc.S'il y a un tiers du nombre de garçons dans le parc, quel pourcentage des enfants du parc sont des filles?",75
"Il y a 39 filles dans la cour.S'il y a deux-six ans le nombre de garçons dans la cour, quel pourcentage d'enfants dans la cour sont les filles?",75
"Il y a 22 filles dans le jardin.S'il y a trois fois le nombre de garçons dans le jardin, quel pourcentage d'enfants dans le jardin sont des filles?",25
"Il y a 20 filles dans le jardin.S'il y a 1/4 du nombre de garçons dans le jardin, quel pourcentage d'enfants dans le jardin sont des filles?",80
"Il y a 24 filles sur le terrain.S'il y a quatre fois le nombre de garçons sur le terrain, quel pourcentage d'enfants dans le domaine sont des filles?",20
"Il y a 16 filles dans le jardin.S'il y a neuf fois le nombre de garçons dans le jardin, quel pourcentage d'enfants dans le jardin sont des filles?",10
"Il y a 21 filles dans le terrain de jeu.S'il y a quatre fois le nombre de garçons dans le terrain de jeu, quel pourcentage d'enfants dans le terrain de jeu sont des filles?",20
"Il y a 18 filles sur le terrain.S'il y a quatre fois le nombre de garçons sur le terrain, quel pourcentage d'enfants dans le domaine sont des filles?",20
"Il y a 31 filles dans le parc.S'il y a quatre fois le nombre de garçons dans le parc, quel pourcentage d'enfants dans le parc sont des filles?",20
"Il y a 19 filles sur le terrain.S'il y a neuf fois le nombre de garçons sur le terrain, quel pourcentage d'enfants sur le terrain sont des filles?",10
"Mme Smith recherche une nouvelle maison qui n'ira pas au-delà de son budget de 410000 $.Elle a vu une propriété qui a un prix de vente de 500 000 $.En plus de cela, l'acheteur doit payer des frais de courtage qui représentent 7% du prix de vente, ainsi que les frais de transfert qui représentent 12% du prix de vente.Si Mme Smith peut obtenir une réduction de 20% sur le prix de vente, quel sera le coût total de plus que le budget de Mme Smith?",66000
"Le Dr Patel recherche un nouveau condo qui n'ira pas au-delà de son budget de 390000 $.Elle a vu une propriété qui a un prix de vente de 560000 $.En plus de cela, l'acheteur doit payer des frais de courtage qui représentent 7% du prix de vente, ainsi que les frais de transfert qui représentent 14% du prix de vente.Si le Dr Patel peut obtenir une réduction de 25% sur le prix de vente, quel sera le coût total de plus que le budget du Dr Patel?",118200
"Mme Johnson recherche un nouvel appartement qui n'ira pas au-delà de son budget de 430000 $.Elle a vu une propriété qui a un prix de vente de 400 000 $.En plus de cela, l'acheteur doit payer des frais de courtage qui représentent 7% du prix de vente, ainsi que les frais de transfert qui représentent 14% du prix de vente.Si Mme Johnson peut obtenir une remise de 5% sur le prix de vente, quel sera le coût total de plus que le budget de Mme Johnson?",29800
"Mme Smith recherche une nouvelle maison qui n'ira pas au-delà de son budget de 410000 $.Elle a vu une propriété qui a un prix de vente de 480000 $.En plus de cela, l'acheteur doit payer des frais de courtage qui représentent 3% du prix de vente, ainsi que les frais de transfert qui représentent 12% du prix de vente.Si Mme Smith peut obtenir une remise de 5% sur le prix de vente, quel sera le coût total de plus que le budget de Mme Smith?",114400
"Mme Lee recherche une nouvelle maison de ville qui n'ira pas au-delà de son budget de 330000 $.Elle a vu une propriété qui a un prix de vente de 440000 $.En plus de cela, l'acheteur doit payer des frais de courtage qui représentent 5% du prix de vente, ainsi que les frais de transfert qui représentent 12% du prix de vente.Si Mme Lee peut obtenir une remise de 25% sur le prix de vente, quel sera le coût total de plus que le budget de Mme Lee?",56100
"Mme Smith recherche une nouvelle maison qui n'ira pas au-delà de son budget de 310000 $.Elle a vu une propriété qui a un prix de vente de 400 000 $.En plus de cela, l'acheteur doit payer des frais de courtage qui représentent 5% du prix de vente, ainsi que les frais de transfert qui représentent 12% du prix de vente.Si Mme Smith peut obtenir une réduction de 10% sur le prix de vente, quel sera le coût total de plus que le budget de Mme Smith?",111200
"Mme Johnson recherche un nouvel appartement qui n'ira pas au-delà de son budget de 490000 $.Elle a vu une propriété qui a un prix de vente de 640000 $.En plus de cela, l'acheteur doit payer des frais de courtage qui représentent 3% du prix de vente, ainsi que les frais de transfert qui représentent 14% du prix de vente.Si Mme Johnson peut obtenir une remise de 25% sur le prix de vente, quel sera le coût total de plus que le budget de Mme Johnson?",71600
"Mme Johnson recherche un nouvel appartement qui n'ira pas au-delà de son budget de 400 000 $.Elle a vu une propriété qui a un prix de vente de 480000 $.En plus de cela, l'acheteur doit payer des frais de courtage qui représentent 7% du prix de vente, ainsi que les frais de transfert qui représentent 12% du prix de vente.Si Mme Johnson peut obtenir une remise de 25% sur le prix de vente, quel sera le coût total de plus que le budget de Mme Johnson?",28400
"Mme Lee recherche une nouvelle maison de ville qui n'ira pas au-delà de son budget de 440000 $.Elle a vu une propriété qui a un prix de vente de 400000 $.En plus de cela, l'acheteur doit payer des frais de courtage qui représentent 7% du prix de vente, ainsi que les frais de transfert qui représentent 12% du prix de vente.Si Mme Lee peut obtenir une remise de 5% sur le prix de vente, quel sera le coût total de plus que le budget de Mme Lee?",12200
"Mme Johnson recherche un nouvel appartement qui n'ira pas au-delà de son budget de 470000 $.Elle a vu une propriété qui a un prix de vente de 650000 $.En plus de cela, l'acheteur doit payer des frais de courtage qui représentent 4% du prix de vente, ainsi que les frais de transfert qui représentent 13% du prix de vente.Si Mme Johnson peut obtenir une remise de 20% sur le prix de vente, quel sera le coût total de plus que le budget de Mme Johnson?",138400
"Nadia est allée à la boulangerie et a acheté différents types de pâtisseries.Elle a acheté 60 beignets à 14 $ par douzaine, 60 mini cupcakes à 25 $ par douzaine et 24 mini-gâteaux au fromage.Après une remise de 20%, elle a payé un total de 1540 $.Quel a été le coût des mini-gâteaux au fromage par douzaine?",865
"Nia est allée à la pâtisserie et a acheté différents types de produits de boulangerie.Elle a acheté 60 croissants à 19 $ par douzaine, 72 macarons à 20 $ par douzaine et 36 brownies.Après une remise de 5%, elle a payé un total de 1330 $.Quel était le coût des brownies par douzaine?",395
"Ava est allée à la confiserie et a acheté différents types de desserts.Elle a acheté 36 Eclairs à 13 $ par douzaine, 60 biscuits à 26 $ par douzaine et 24 muffins.Après une remise de 20%, elle a payé un total de 980 $.Quel était le coût des muffins par douzaine?",528
"Roya est allée à la pâtisserie et a acheté différents types de produits de boulangerie.Elle a acheté 48 croissants à 19 $ par douzaine, 48 macarons à 31 $ par douzaine et 24 brownies.Après une remise de 25%, elle a payé un total de 1530 $.Quel était le coût des brownies par douzaine?",920
"Aisha est allée à la pâtisserie et a acheté différents types de produits de boulangerie.Elle a acheté 24 croissants à 12 $ par douzaine, 48 macarons à 20 $ par douzaine et 24 brownies.Après une remise de 20%, elle a payé un total de 1520 $.Quel était le coût des brownies par douzaine?",898
"Sophia est allée à la boulangerie et a acheté différents types de pâtisseries.Elle a acheté 48 beignets à 19 $ par douzaine, 48 mini cupcakes à 24 $ par douzaine et 48 mini-gâteaux.Après une remise de 25%, elle a payé un total de 1440 $.Quel a été le coût des mini-gâteaux au fromage par douzaine?",437
"Uma est allée au café et a acheté différents types de friandises.Elle a acheté 48 danois à 16 $ par douzaine, 48 tartes à 25 $ par douzaine et 48 scones.Après une remise de 25%, elle a payé un total de 1050 $.Quel était le coût des scones par douzaine?",309
"Mia est allée au café et a acheté différents types de friandises.Elle a acheté 48 danois à 20 $ par douzaine, 60 tartes à 24 $ par douzaine et 24 scones.Après une remise de 25%, elle a payé un total de 1140 $.Quel était le coût des scones par douzaine?",660
"Daphne est allée à la boulangerie et a acheté différents types de pâtisseries.Elle a acheté 48 beignets à 18 $ par douzaine, 72 mini cupcakes à 29 $ par douzaine et 72 mini-gâteaux.Après une remise de 20%, elle a payé un total de 1200 $.Quel a été le coût des mini-gâteaux au fromage par douzaine?",209
"Emma est allée à la pâtisserie et a acheté différents types de produits de boulangerie.Elle a acheté 60 croissants à 16 $ par douzaine, 48 macarons à 30 $ par douzaine et 60 brownies.Après une remise de 20%, elle a payé un total de 1400 $.Quel était le coût des brownies par douzaine?",310
"Sunnyside High tient ses diplômes dans son arène sportive cette année qui a de l'espace pour 7500 personnes.Après avoir expliqué les 600 sièges pour les diplômés, 250 sièges pour la faculté présente et réserver 50 sièges pour le personnel de l'événement, combien de billets recevraient-ils chaque diplômé à donner à leurs amis et à sa famille si les billets sont divisés également?",11
"Greenville High School tient ses diplômes dans son centre de congrès cette année qui a de l'espace pour 7700 personnes.Après avoir pris en compte les 550 sièges pour les diplômés, 450 sièges pour la faculté présente et réserver 100 sièges pour le personnel de l'événement, combien de billets chaque diplômé recevrait-il à leurs amis et à sa famille si les billets sont divisés également?",12
"La Riverside Academy tient ses diplômes dans son gymnase cette année qui a de l'espace pour 7800 personnes.Après avoir expliqué les 1050 sièges pour les diplômés, 350 sièges pour la faculté présente et réserver 100 sièges pour le personnel de l'événement, combien de billets recevraient-ils chaque diplômé à donner à leurs amis et à sa famille si les billets sont divisés également?",6
"Greenville High School tient ses diplômes dans son centre de congrès cette année qui a de l'espace pour 3900 personnes.Après avoir expliqué les 1150 sièges pour les diplômés, 400 sièges pour la faculté présente et réserver 50 sièges pour le personnel de l'événement, combien de billets chaque diplômé recevrait-il à leurs amis et à sa famille si les billets sont divisés également?",2
"La Riverside Academy tient ses diplômes dans son gymnase cette année qui a de l'espace pour 8900 personnes.Après avoir expliqué les 1050 sièges pour les diplômés, 400 sièges pour la faculté présente et réserver 100 sièges pour le personnel de l'événement, combien de billets chaque diplômé recevrait-il à leurs amis et à sa famille si les billets sont divisés également?",7
"La Riverside Academy tient ses diplômes dans son gymnase cette année qui a de l'espace pour 7300 personnes.Après avoir pris en compte les 700 sièges pour les diplômés, 200 sièges pour la faculté présente et réserver 100 sièges pour le personnel de l'événement, combien de billets recevraient-ils chaque diplômé à donner à leurs amis et à sa famille si les billets sont divisés également?",9
"Sunnyside High tient ses diplômes dans son arène sportive cette année qui a de l'espace pour 6700 personnes.Après avoir expliqué les 1250 sièges pour les diplômés, 350 sièges pour la faculté présente et réserver 100 sièges pour le personnel de l'événement, combien de billets recevraient-ils chaque diplômé à donner à leurs amis et à sa famille si les billets sont divisés également?",4
"Sunnyside High tient ses diplômes dans son arène sportive cette année qui a de l'espace pour 4100 personnes.Après avoir pris en compte les 750 sièges pour les diplômés, 250 sièges pour la faculté présente et réserver 100 sièges pour le personnel de l'événement, combien de billets chaque diplômé recevrait-il à leurs amis et à sa famille si les billets sont divisés également?",4
"Greenville High School tient ses diplômes dans son centre de congrès cette année qui a de l'espace pour 7200 personnes.Après avoir pris en compte les 750 sièges pour les diplômés, 400 sièges pour la faculté présente et réserver 50 sièges pour le personnel de l'événement, combien de billets recevraient-ils chaque diplômé à donner à leurs amis et à sa famille si les billets sont divisés également?",8
"Oakwood High School tient ses diplômes dans son auditorium cette année qui a de l'espace pour 3500 personnes.Après avoir expliqué les 750 sièges pour les diplômés, 400 sièges pour la faculté présente et réserver 100 sièges pour le personnel de l'événement, combien de billets recevraient-ils chaque diplômé à donner à leurs amis et à sa famille si les billets sont divisés également?",3
Bodhi va au magasin pour acheter du riz.La marque normale de riz qu'il achète coûte 15 $ la livre.Il doit acheter une marque plus chère qui coûte 20% de plus depuis que sa marque préférée a été vendue.Il décide d'acheter une semaine de riz et il utilise 2 livres de riz par jour.Le magasin a une remise de 20% sur le riz qui ne s'applique que jusqu'à 10 livres;Tout riz supplémentaire est vendu au prix régulier.Bodhi décide également de s'acheter un cookie pour 1 $.Combien Bodhi a-t-il à payer?,217
Oliver va au magasin pour acheter de la farine.La marque normale de farine qu'il achète coûte ₣ 16 par kilogramme.Il doit acheter une marque plus chère qui coûte 25% de plus depuis que sa marque préférée a été vendue.Il décide d'acheter une semaine de farine et il utilise 2 kilogrammes de farine par jour.Le magasin a une remise de 5% sur la farine qui ne s'applique qu'à 10 kilogrammes;Toute farine supplémentaire est vendue au prix régulier.Oliver décide également de s'acheter un muffin pour ₣ 4.Combien d'Oliver doit-il payer?,274
Arjun va au magasin pour acheter du thé.La marque normale de thé qu'il achète coûte 10 ¥ par kilogramme.Il doit acheter une marque plus chère qui coûte 40% de plus depuis que sa marque préférée a été vendue.Il décide d'acheter une semaine de thé et il utilise 2 kilogrammes de thé par jour.Le magasin a une remise de 10% sur le thé qui ne s'applique qu'à 10 kilogrammes;Tout thé supplémentaire est vendu au prix régulier.Arjun décide également de s'acheter un muffin pour 4 ¥.Combien a Arjun à payer?,186
Benjamin va au magasin pour acheter du sucre.La marque normale de sucre qu'il achète coûte ₺10 par kg.Il doit acheter une marque plus chère qui coûte 20% de plus depuis que sa marque préférée a été vendue.Il décide d'acheter une semaine de sucre et il utilise 3 kg de sucre par jour.Le magasin a une remise de 30% sur le sucre qui ne s'applique qu'à 10 kg;Tout sucre supplémentaire est vendu au prix régulier.Benjamin décide également de s'acheter un bagel pour ₺1.Combien Benjamin doit-il payer?,217
Mohammed va au magasin pour acheter du sucre.La marque normale de sucre qu'il achète coûte 15 $ par kg.Il doit acheter une marque plus chère qui coûte 40% de plus depuis que sa marque préférée a été vendue.Il décide d'acheter une semaine de sucre et il utilise 3 kg de sucre par jour.Le magasin a une remise de 10% sur le sucre qui ne s'applique qu'à 20 kg;Tout sucre supplémentaire est vendu au prix régulier.Mohammed décide également de s'acheter un bagel pour 1 $.Combien Mohammed a-t-il à payer?,400
Theo va au magasin pour acheter du riz.La marque normale de riz qu'il achète coûte 5 ¥ par kg.Il doit acheter une marque plus chère qui coûte 20% de plus depuis que sa marque préférée a été vendue.Il décide d'acheter une semaine de riz et il utilise 2 kg de riz par jour.Le magasin a une remise de 40% sur le riz qui ne s'applique qu'à 10 kg;Tout riz supplémentaire est vendu au prix régulier.Theo décide également de s'acheter un bagel pour 4 ¥.Combien Théo doit-il payer?,64
Faisal se rend au magasin pour acheter du sucre.La marque normale de sucre qu'il achète coûte 10 $ la livre.Il doit acheter une marque plus chère qui coûte 20% de plus depuis que sa marque préférée a été vendue.Il décide d'acheter une semaine de sucre et il utilise 2 livres de sucre par jour.Le magasin a une remise de 10% sur le sucre qui ne s'applique que jusqu'à 10 livres;Tout sucre supplémentaire est vendu au prix régulier.Faisal décide également de s'acheter un cookie pour 3 $.Combien Faisal doit-il payer?,159
Mateo va au magasin pour acheter du sucre.La marque normale de sucre qu'il achète coûte ₺5 par kilogramme.Il doit acheter une marque plus chère qui coûte 40% de plus depuis que sa marque préférée a été vendue.Il décide d'acheter une semaine de sucre et il utilise 3 kilogrammes de sucre par jour.Le magasin a une remise de 20% sur le sucre qui ne s'applique qu'à 20 kilogrammes;Tout sucre supplémentaire est vendu au prix régulier.Mateo décide également de s'acheter un muffin pour ₺4.Combien Mateo a-t-il à payer?,123
Carlos va au magasin pour acheter de la farine.La marque normale de farine qu'il achète coûte 10 ₣ ₣ 10 par kg.Il doit acheter une marque plus chère qui coûte 40% de plus depuis que sa marque préférée a été vendue.Il décide d'acheter une semaine de farine et il utilise 2 kg de farine par jour.Le magasin a une remise de 45% sur la farine qui ne s'applique qu'à 10 kg;Toute farine supplémentaire est vendue au prix régulier.Carlos décide également de s'acheter un bagel pour ₣ 2.Combien est-ce que Carlos doit payer?,135
Wei va au magasin pour acheter du riz.La marque normale de riz qu'il achète coûte 15 $ par kg.Il doit acheter une marque plus chère qui coûte 20% de plus depuis que sa marque préférée a été vendue.Il décide d'acheter une semaine de riz et il utilise 3 kg de riz par jour.Le magasin a une remise de 5% sur le riz qui ne s'applique qu'à 20 kg;Tout riz supplémentaire est vendu au prix régulier.Wei décide également de s'acheter un bagel pour 4 $.Combien Wei doit-il payer?,364
"Valentina se préparait pour une soirée de match chez elle, où elle avait l'intention de servir des lasagnes de légumes.Elle a remarqué qu'elle était hors de Forks en plastique, alors elle a acheté un nouveau paquet de fourches.Plus tard, son mari a également acheté un paquet de 19 nouvelles fourches et les a donnés à Valentina.Pendant que Valentina fabriquait les lasagnes végétales, elle a utilisé six des fourches pour goûter à ses lasagnes végétales, puis a jeté 8 fourches défectueuses.Les invités ont également apporté 2 paquets de fourchettes, chacun en ayant 8 à l'intérieur.Plus tard, quand elle est allée mettre la table, elle avait un total de 49 fourches.Combien de fourchettes était dans l'emballage que Valentina a acheté?",28
"Uma se préparait pour une fête de repas-partage chez elle, où elle avait l'intention de servir les scampi de crevettes.Elle a remarqué qu'elle était à partir de cuillères en plastique, alors elle a acheté un nouveau paquet de cuillères.Plus tard, son mari a également acheté un paquet de 11 nouvelles cuillères et les a donnés à Uma.Pendant que Uma faisait le scampi des crevettes, elle a utilisé sept des cuillères pour goûter à ses scampi de crevettes, puis a jeté 5 cuillères défectueuses.Les invités ont également apporté 2 paquets de cuillères, chacune en ayant 5 à l'intérieur.Plus tard, lorsqu'elle est allée mettre la table, elle avait un total de 36 cuillères.Combien de cuillères étaient dans le colis qu'Uma a acheté?",27
"Xena se préparait pour une fête d'anniversaire chez elle, où elle avait l'intention de servir Creme Brulee.Elle a remarqué qu'elle était hors de Forks en plastique, alors elle a acheté un nouveau paquet de fourches.Plus tard, son mari a également acheté un paquet de 16 nouvelles fourches et les a donnés à Xena.Pendant que Xena faisait la crème Brulee, elle a utilisé sept des fourches pour goûter à sa crème brulee, puis a jeté 8 fourches défectueuses.Les invités ont également apporté 2 paquets de fourchettes, chacun en ayant 8 à l'intérieur.Plus tard, lorsqu'elle est allée mettre la table, elle avait un total de 39 fourches.Combien de fourchettes était dans l'emballage que Xena a acheté?",22
"Chen se préparait pour une fête d'anniversaire chez elle, où elle avait l'intention de servir le ragoût de bœuf.Elle a remarqué qu'elle était hors de Forks en plastique, alors elle a acheté un nouveau paquet de fourches.Plus tard, son mari a également acheté un colis de 9 nouvelles fourches et les a donnés à Chen.Pendant que Chen faisait le ragoût de boeuf, elle a utilisé seize des fourchettes pour goûter son ragoût de bœuf, puis a jeté 12 fourches défectueuses.Les invités ont également apporté 2 paquets de fourchettes, chacun en ayant 12 à l'intérieur.Plus tard, quand elle est allée mettre la table, elle avait un total de 32 fourches.Combien de fourchettes était dans le forfait que Chen a acheté?",27
"Sakura se préparait pour une fête d'anniversaire chez elle, où elle avait l'intention de servir le saumon grillé.Elle a remarqué qu'elle était hors d'assiettes en plastique, alors elle a acheté un nouvel ensemble d'assiettes.Plus tard, son mari a également acheté un paquet de 7 nouvelles assiettes et les a donnés à Sakura.Pendant que Sakura faisait le saumon grillé, elle a utilisé huit des assiettes pour goûter son saumon grillé, puis a jeté 15 assiettes défectueuses.Les invités ont également apporté 2 paquets d'assiettes, chacun en ayant 15 à l'intérieur.Plus tard, lorsqu'elle est allée mettre la table, elle avait un total de 56 assiettes.Combien d'assiettes était dans l'emballage que Sakura a acheté?",42
"Isabella se préparait pour une fête de déjeuner chez elle, où elle avait l'intention de servir des lasagnes de légumes.Elle a remarqué qu'elle était hors de Forks en plastique, alors elle a acheté un nouveau paquet de fourches.Plus tard, son mari a également acheté un forfait de 14 nouvelles fourches et les a donnés à Isabella.Alors qu'Isabella fabriquait les lasagnes végétales, elle a utilisé sept des fourches pour goûter à ses lasagnes végétales, puis a jeté 7 fourches défectueuses.Les invités ont également apporté 4 paquets de fourchettes, chacun en ayant 7 à l'intérieur.Plus tard, lorsqu'elle est allée mettre la table, elle avait un total de 66 fourches.Combien de fourchettes dans l'emballage qu'Isabella a acheté?",38
"Olivia se préparait pour une fête de déjeuner chez elle, où elle avait l'intention de servir le poulet rôti.Elle a remarqué qu'elle était hors d'assiettes en plastique, alors elle a acheté un nouvel ensemble d'assiettes.Plus tard, son mari a également acheté un paquet de 8 nouvelles assiettes et les a donnés à Olivia.Alors qu'Olivia faisait le poulet rôti, elle a utilisé treize des assiettes pour échantillonner son poulet rôti, puis a jeté 14 assiettes défectueuses.Les invités ont également apporté 3 paquets d'assiettes, chacun en ayant 14 à l'intérieur.Plus tard, lorsqu'elle est allée mettre la table, elle avait un total de 60 assiettes.Combien de plaques était dans l'emballage qu'Olivia a acheté?",37
"Sophia se préparait pour une soirée de match chez elle, où elle avait l'intention de servir des poivrons farcis.Elle a remarqué qu'elle était à partir de cuillères en plastique, alors elle a acheté un nouveau paquet de cuillères.Plus tard, son mari a également acheté un paquet de 6 nouvelles cuillères et les a donnés à Sophia.Pendant que Sophia faisait les poivrons en peluche, elle a utilisé dix-sept des cuillères pour goûter ses poivrons en peluche, puis a jeté 9 cuillères défectueuses.Les invités ont également apporté 2 paquets de cuillères, chacune ayant 9 à l'intérieur.Plus tard, quand elle est allée mettre la table, elle avait un total de 25 cuillères.Combien de cuillères étaient dans le package que Sophia a acheté?",27
"Aisha se préparait à une fête de déjeuner chez elle, où elle avait l'intention de servir des poivrons en peluche.Elle a remarqué qu'elle était hors de Forks en plastique, alors elle a acheté un nouveau paquet de fourches.Plus tard, son mari a également acheté un paquet de 8 nouvelles fourches et les a donnés à Aisha.Alors qu'Aisha faisait les poivrons en peluche, elle a utilisé seize des fourches pour goûter ses poivrons en peluche, puis a jeté 6 fourches défectueuses.Les invités ont également apporté 2 paquets de fourchettes, chacun en ayant 6 à l'intérieur.Plus tard, quand elle est allée mettre la table, elle avait un total de 32 fourches.Combien de fourchettes était dans le colis qu'Aisha a acheté?",34
"Emma se préparait pour une fête de repas-partage chez elle, où elle avait l'intention de servir Creme Brulee.Elle a remarqué qu'elle était hors d'assiettes en plastique, alors elle a acheté un nouvel ensemble d'assiettes.Plus tard, son mari a également acheté un paquet de 19 nouvelles assiettes et les a donnés à Emma.Alors qu'Emma faisait la crème brulee, elle a utilisé dix des assiettes pour échantillonner sa crème brulee, puis a jeté 10 plaques défectueuses.Les invités ont également apporté 4 paquets d'assiettes, chacun en ayant 10 à l'intérieur.Plus tard, lorsqu'elle est allée mettre la table, elle avait un total de 59 assiettes.Combien de plaques était dans l'emballage qu'Emma a acheté?",20
"Diego choisit 67 ananas mercredi.Puis il choisit 176 ananas jeudi.Vendredi, il choisit Quintuple le nombre d'ananas qu'il a fait mercredi.Samedi, il choisit la moitié du nombre de ce qu'il a choisi au cours des 3 derniers jours combinés.Dimanche, Diego va vendre des ananas dans des boîtes de 17 ananas chacune.Il va vendre chaque boîte pour 12 $.Combien va faire Diego?",612
"Deshawn choisit 142 poires samedi.Puis il choisit 172 poires dimanche.Lundi, il choisit le triple du nombre de poires qu'il a faites samedi.Mardi, il choisit la moitié du nombre de ce qu'il a choisi au cours des 3 derniers jours combinés.Mercredi, Deshawn va vendre des poires dans des boîtes de 15 poires chacune.Il va vendre chaque boîte pour 14 $.Combien va faire Deshawn?",1036
"Leon choisit 80 pommes jeudi.Puis il choisit 50 pommes vendredi.Samedi, il choisit le triple du nombre de pommes qu'il a faites jeudi.Dimanche, il choisit la moitié de la quantité de ce qu'il a choisi au cours des 3 derniers jours combinés.Lundi, Leon va vendre des pommes dans des boîtes de 15 pommes chacune.Il va vendre chaque boîte pour 12 $.Combien va faire Leon?",444
"Vendredi, Luis choisit 55 raisins.Puis il choisit 170 raisins samedi.Dimanche, il choisit Quintuple le nombre de raisins qu'il a fait vendredi.Lundi, il choisit la moitié de la quantité de ce qu'il a choisi au cours des 3 derniers jours combinés.Mardi, Luis va vendre des raisins dans des boîtes de 15 raisins chacun.Il va vendre chaque boîte pour 10 $.Combien va faire Luis?",500
"Oliver choisit 111 oranges mardi.Puis il choisit 170 oranges mercredi.Jeudi, il choisit Quintuple le nombre d'oranges qu'il a fait mardi.Vendredi, il choisit la moitié de la quantité de ce qu'il a choisi au cours des 3 derniers jours combinée.Samedi, Oliver va vendre des oranges dans des boîtes de 19 oranges chacune.Il va vendre chaque boîte pour 9 $.Combien va faire Oliver?",594
"Umar choisit 147 pommes dimanche.Puis il choisit 99 pommes lundi.Mardi, il choisit le double du nombre de pommes qu'il a faites dimanche.Mercredi, il choisit la moitié du nombre de ce qu'il a choisi au cours des 3 derniers jours combinés.Jeudi, Umar va vendre des pommes dans des boîtes de 27 pommes chacune.Il va vendre chaque boîte pour 11 $.Combien umar va-t-il faire?",330
"Mateo choisit 45 pommes mardi.Puis il choisit 105 pommes mercredi.Jeudi, il choisit le double du nombre de pommes qu'il a faites mardi.Vendredi, il choisit la moitié de la quantité de ce qu'il a choisi au cours des 3 derniers jours combinée.Samedi, Mateo va vendre des pommes dans des boîtes de 24 pommes chacune.Il va vendre chaque boîte pour 13 $.Combien Mateo va-t-il faire?",195
"Sanjay choisit 179 prunes vendredi.Puis il choisit 185 prunes samedi.Dimanche, il choisit quadruplé le nombre de prunes qu'il a fait vendredi.Lundi, il choisit la moitié de la quantité de ce qu'il a choisi au cours des 3 derniers jours combinés.Mardi, Sanjay va vendre des prunes dans des boîtes de 20 prunes chacune.Il va vendre chaque boîte pour 11 $.Combien va faire Sanjay?",891
"Carlos choisit 129 pommes mardi.Puis il choisit 129 pommes mercredi.Jeudi, il choisit le double du nombre de pommes qu'il a faites mardi.Vendredi, il choisit la moitié de la quantité de ce qu'il a choisi au cours des 3 derniers jours combinée.Samedi, Carlos va vendre des pommes dans des boîtes de 18 pommes chacune.Il va vendre chaque boîte pour 12 $.Combien va faire Carlos?",516
"Viktor choisit 142 bananes jeudi.Puis il choisit 92 bananes vendredi.Samedi, il choisit le triple du nombre de bananes qu'il a faites jeudi.Dimanche, il choisit la moitié de la quantité de ce qu'il a choisi au cours des 3 derniers jours combinés.Lundi, Viktor va vendre des bananes dans des boîtes de 22 bananes chacune.Il va vendre chaque boîte pour 10 $.Combien va faire Viktor?",450
"Un établissement de soins a une capacité de 1700 chambres avec 1/5 occupée et un cinquième de toutes les chambres étant hors service.En raison de la pandémie, 20 patients sont admis chaque jour dans l'établissement de soins.Calculez le nombre total de pièces inoccupées dans le centre de soins après 2 semaines.",740
"Un établissement de soins a une capacité de 1800 chambres avec 1/6 occupée et un neuvième de toutes les chambres hors service.En raison de la pandémie, 25 patients sont admis chaque jour dans l'établissement de soins.Calculez le nombre total de pièces inoccupées dans le centre de soins après 2 semaines.",950
"Une clinique a une capacité de 1600 chambres avec 1/10 occupée et les deux cinquièmes de toutes les chambres étant hors service.En raison de la catastrophe naturelle, 30 patients sont admis chaque jour à la clinique.Calculez le nombre total de pièces inoccupées dans la clinique après 3 semaines.",170
"Un centre médical a une capacité de 1300 lits avec 1/5 occupé et un quart de tous les lits étant hors service.En raison de l'accident majeur, 30 patients sont admis chaque jour dans le centre médical.Calculez le nombre total de lits inoccupés dans le centre médical après 2 semaines.",295
"Un hôpital a une capacité de 1300 lits avec 1/6 occupée et deux-sixième de tous les lits étant hors service.En raison de la saison de la grippe, 30 patients sont admis à l'hôpital chaque jour.Calculez le nombre total de lits inoccupés à l'hôpital après 2 semaines.",230
"Un centre médical a une capacité de 1200 lits avec 2/4 occupés et un huitième de tous les lits hors service.En raison de l'accident majeur, 20 patients sont admis chaque jour dans le centre médical.Calculez le nombre total de lits inoccupés dans le centre médical après 2 semaines.",170
"Une clinique a une capacité de 1700 chambres avec 1/10 occupée et un quart de toutes les chambres étant hors service.En raison de la catastrophe naturelle, 20 patients sont admis chaque jour à la clinique.Calculez le nombre total de pièces inoccupées dans la clinique après 2 semaines.",825
"Un établissement de soins a une capacité de 1400 chambres avec 1/7 occupée et un dixième de toutes les chambres étant hors service.En raison de la pandémie, 35 patients sont admis chaque jour dans l'établissement de soins.Calculez le nombre total de pièces inoccupées dans le centre de soins après 2 semaines.",570
"Un hôpital a une capacité de 1800 lits avec 1/9 occupé et un neuvième de tous les lits étant hors service.En raison de la saison de la grippe, 20 patients sont admis à l'hôpital chaque jour.Calculez le nombre total de lits inoccupés à l'hôpital après 2 semaines.",1120
"Un hôpital a une capacité de 1400 lits avec 1/3 occupé et un sixième de tous les lits étant hors service.En raison de la saison de la grippe, 25 patients sont admis à l'hôpital chaque jour.Calculez le nombre total de lits inoccupés à l'hôpital après 3 semaines.",175
"Valeria et Viktor se sont rendus dans un magasin de fournitures de construction.Viktor est membre, mais Valeria ne l'est pas.Valeria a 97,37 ₣ et souhaite acheter 15 ancres dans un bac au magasin.Elle a également besoin de 8 ongles, chacun coûte 0,64.Chaque ancre coûte ₣ 0,35.De plus, Valeria ramasse 8 gallons de peinture.Viktor commence par ₣ 90 et veut 10 gallons de peinture, chacun au prix de ₣ 7,0 et 4 crayons de menuisier, chacun coûtant ₣ 2.Le magasin offre une réduction de 10% sur la peinture pour les membres.Combien d'argent Valeria a-t-il laissé que Viktor après avoir quitté le magasin?",12
"Gabrielle et Arash sont allés dans un magasin de fournitures de construction.Arash est membre, mais Gabrielle ne l'est pas.Gabrielle a 92,27 € et veut acheter 15 clous dans un bac au magasin.Elle a également besoin de 8 rondelles, chacune coûtant 0,64 €.Chaque ongle coûte 0,21 €.De plus, Gabrielle ramasse 8 gallons de peinture.Arash commence avec 100 € et veut 12 gallons de peinture, chacun au prix de 7,5 € et 3 crayons de menuisier, chacun coûtant 3 €.Le magasin offre une réduction de 10% sur la peinture pour les membres.Combien d'argent Gabrielle est-il laissé qu'Arash après avoir quitté le magasin?",14
"Kimia et Yusuf sont allés dans un magasin de fournitures de construction.Yusuf est membre, mais Kimia ne l'est pas.Kimia a 91,25 ¥ et veut acheter 16 ongles dans un bac au magasin.Elle a également besoin de 9 rondelles, chacune coûtant 0,65 ¥.Chaque ongle coûte 0,4 ¥.De plus, Kimia ramasse 8 gallons de peinture.Yusuf commence par 80 ¥ et veut 10 gallons de peinture, chacun au prix de ¥ 7,0 et 4 crayons de menuisier, chacun coûtant ¥ 2.Le magasin offre une réduction de 10% sur la peinture pour les membres.Combien d'argent Kimia a-t-il laissé que Yusuf après avoir quitté le magasin?",14
"Valentina et Liam sont allés dans un magasin de fournitures de construction.Liam est membre, mais Valentina ne l'est pas.Valentina a 99,41 ¥ et veut acheter 17 vis dans un bac au magasin.Elle a également besoin de 9 rondelles, chacune coûtant 0,59 ¥.Chaque vis coûte ¥ 0,3.De plus, Valentina ramasse 8 gallons de peinture.Liam commence avec 90 ¥ et veut 10 gallons de peinture, chacun au prix de 8,0 ¥ et 3 crayons de menuisier, chacun coûtant ¥ 2.Le magasin offre une réduction de 10% sur la peinture pour les membres.Combien d'argent Valentina a-t-il laissé que Liam après avoir quitté le magasin?",13
"Quinn et Faisal sont allés dans un magasin de fournitures de construction.Faisal est membre, mais Quinn ne l'est pas.Quinn a 98,39 ₣ et veut acheter 17 noix dans un bac au magasin.Elle a également besoin de 9 ancres, chacune coûtant ₣ 0,68.Chaque noix coûte ₣ 0,31.De plus, Quinn ramasse 8 gallons de peinture.Faisal commence avec ₣ 80 et veut 10 gallons de peinture, chacun au prix de ₣ 7,0 et 3 crayons de charpentier, chacun coûtant ₣ 2.Le magasin offre une réduction de 10% sur la peinture pour les membres.Combien d'argent Quinn est-il laissé que Faisal après avoir quitté le magasin?",20
"Kayla et Luca sont allés dans un magasin de fournitures de construction.Luca est membre, mais Kayla ne l'est pas.Kayla a 90,23 ₣ et souhaite acheter 17 ongles dans un bac au magasin.Elle a également besoin de 8 rondelles, chacune coûtant ₣ 0,62.Chaque ongle coûte ₣ 0,31.De plus, Kayla ramasse 8 gallons de peinture.Luca commence par ₣ 80 et veut 10 gallons de peinture, chacun au prix de ₣ 7,0 et 4 crayons de charpentier, chacun coûtant ₣ 2.Le magasin offre une réduction de 10% sur la peinture pour les membres.Combien d'argent Kayla est-il laissé que Luca après avoir quitté le magasin?",15
"Gabrielle et Santiago sont allés dans un magasin de fournitures de construction.Santiago est membre, mais Gabrielle ne l'est pas.Gabrielle a 86,15 € et souhaite acheter 16 vis dans un bac au magasin.Elle a également besoin de 9 ongles, chacun coûtant 0,59 €.Chaque vis coûte 0,24 €.De plus, Gabrielle ramasse 8 gallons de peinture.Santiago commence avec 100 € et veut 12 gallons de peinture, chacun au prix de 7,5 € et 4 crayons de menuisier, chacun coûtant 2 €.Le magasin offre une réduction de 10% sur la peinture pour les membres.Combien d'argent Gabrielle a-t-il laissé que Santiago après avoir quitté le magasin?",6
"Beatriz et Jin sont allés dans un magasin de fournitures de construction.Jin est membre, mais Beatriz ne l'est pas.Beatriz a ₺82.07 ₺82.07 et veut acheter 15 noix dans un bac au magasin.Elle a également besoin de 8 vis, chacune coûtant ₺0,64.Chaque noix coûte ₺0,33.De plus, Beatriz ramasse 8 gallons de peinture.Jin commence par ₺100 et veut 12 gallons de peinture, chacun au prix de 7,5 ₺5 et 4 crayons de charpentier, chacun coûtant ₺2.Le magasin offre une réduction de 10% sur la peinture pour les membres.Combien d'argent Beatriz a-t-il laissé que Jin après avoir quitté le magasin?",1
"Yara et Umar sont allés dans un magasin de fournitures de construction.Umar est membre, mais Yara ne l'est pas.Yara a ₣ 90,23 et veut acheter 17 vis dans un bac au magasin.Elle a également besoin de 9 ancres, chacune coûtant ₣ 0,61.Chaque vis coûte ₣ 0,22.De plus, Yara ramasse 8 gallons de peinture.Umar commence avec ₣ 100 et veut 10 gallons de peinture, chacun au prix de 8,0 ₣ et 3 crayons de menuisier, chacun coûtant ₣ 4.Le magasin offre une réduction de 10% sur la peinture pour les membres.Combien d'argent Yara est-il laissé que Umar après avoir quitté le magasin?",1
"Kimia et Arjun sont allés dans un magasin de fournitures de construction.Arjun est membre, mais Kimia ne l'est pas.Kimia a 100,43 ¥ et veut acheter 17 noix dans un bac au magasin.Elle a également besoin de 8 vis, chacune coûtant 0,69 ¥.Chaque noix coûte 0,23 ¥.De plus, Kimia ramasse 10 gallons de peinture.Arjun commence avec 90 ¥ et veut 10 gallons de peinture, chacun au prix de ¥ 7,0 et 3 crayons de menuisier, chacun coûtant ¥ 3.Le magasin offre une réduction de 10% sur la peinture pour les membres.Combien d'argent Kimia a-t-il laissé qu'Arjun après avoir quitté le magasin?",3
"Une pyramide est fabriquée à partir de 9 cubes verts, deux fois plus de cubes blancs et un nombre inconnu de cubes roses.S'il y a 45 cubes dans la pyramide au total, quel pourcentage de cubes sont roses?",40
"Une pile est faite de 5 carreaux d'orange, deux fois plus de carreaux roses et un nombre inconnu de carreaux verts.S'il y a 20 carreaux dans la pile au total, quel pourcentage de carreaux sont verts?",25
"Une pile est faite de 8 carreaux roses, deux fois plus de tuiles vertes et un nombre inconnu de tuiles orange.S'il y a 48 tuiles dans la pile au total, quel pourcentage de carreaux est orange?",50
"Un bâtiment est fabriqué à partir de 4 briques blanches, deux fois plus de briques orange et un nombre inconnu de briques violettes.S'il y a 40 briques dans le bâtiment au total, quel pourcentage de briques sont violettes?",70
"Une pyramide est fabriquée à partir de 4 cubes violets, sept fois plus de cubes blancs et un nombre inconnu de cubes noirs.S'il y a 40 cubes dans la pyramide au total, quel pourcentage de cubes sont noirs?",20
"Une pile est faite de 4 carreaux noirs, deux fois plus de tuiles blanches et un nombre inconnu de carreaux roses.S'il y a 24 carreaux dans la pile au total, quel pourcentage de carreaux sont roses?",50
"Une pile est faite de 9 carreaux d'orange, trois fois plus de carreaux roses et un nombre inconnu de carreaux verts.S'il y a 40 tuiles dans la pile au total, quel pourcentage de carreaux sont verts?",10
"Un bâtiment est composé de 2 briques violettes, huit fois plus de briques noires et d'un nombre inconnu de briques orange.S'il y a 45 briques dans le bâtiment au total, quel pourcentage de briques sont orange?",60
"Un bâtiment est composé de 7 briques violettes, deux fois plus de briques roses et un nombre inconnu de briques blanches.S'il y a 25 briques dans le bâtiment au total, quel pourcentage de briques sont blanches?",16
"Un bâtiment est fabriqué à partir de 4 briques violettes, quatre fois plus de briques noires et un nombre inconnu de briques roses.S'il y a 25 briques dans le bâtiment au total, quel pourcentage de briques sont roses?",20
Olga peut peler 12 palourdes par minute et faire revenir 30 palourdes en 9 minutes.Combien de minutes lui faudra-t-il pour peler et faire sauter 180 palourdes s'il faut 19 secondes pour laver chaque palourde avant de la décoller?Notez qu'Olga ne peut pas fonctionner en parallèle et doit faire une pause de 11 minutes après avoir épluché les palourdes avant de pouvoir les faire sauter.,137
Aisha peut peler 10 palourdes par minute et faire revenir 30 palourdes en 6 minutes.Combien de minutes lui faudra-t-il pour peler et faire sauter 120 palourdes s'il faut 14 secondes pour laver chaque palourde avant de la décoller?Notez qu'Aisha ne peut pas travailler en parallèle et doit faire une pause de 7 minutes après avoir épluché les palourdes avant de pouvoir les faire sauter.,71
Chen peut peler 5 palourdes une minute et faire revenir 20 palourdes en 16 minutes.Combien de minutes lui faudra-t-il pour peler et faire sauter 120 palourdes s'il faut 15 secondes pour laver chaque palourde avant de la décoller?Notez que Chen ne peut pas travailler en parallèle et doit faire une pause de 6 minutes après avoir épluché les palourdes avant de pouvoir les faire sauter.,156
Ava peut peler 5 zucchinis par minute et faire revenir 20 zucchinis en 6 minutes.Combien de minutes lui faudra-t-il pour peler et faire revenir 140 courgettes s'il faut 24 secondes pour laver chaque courgette avant de la décoller?Notez qu'Ava ne peut pas travailler en parallèle et doit faire une pause de 15 minutes après avoir épluché les courgettes avant de pouvoir les faire sauter.,141
Roya peut peler 6 palourdes une minute et faire revenir 30 palourdes en 11 minutes.Combien de minutes lui faudra-t-il pour peler et faire sauter 90 palourdes s'il faut 14 secondes pour laver chaque palourde avant de la décoller?Notez que Roya ne peut pas travailler en parallèle et doit faire une pause de 7 minutes après avoir épluché les palourdes avant de pouvoir les faire sauter.,76
Kimia peut peler 6 crevettes une minute et faire revenir 20 crevettes en 17 minutes.Combien de minutes lui faudra-t-il pour peler et faire sauter 60 crevettes s'il faut 15 secondes pour laver chaque crevette avant de la décoller?Notez que Kimia ne peut pas travailler en parallèle et doit faire une pause de 8 minutes après avoir épluché les crevettes avant de pouvoir les faire sauter.,84
Nadia peut peler 4 carottes par minute et faire revenir 20 carottes en 11 minutes.Combien de minutes lui faudra-t-il pour peler et faire sauter 160 carottes si cela prend 18 secondes pour laver chaque carotte avant de la décoller?Notez que Nadia ne peut pas travailler en parallèle et doit prendre une pause de 6 minutes après avoir épluché les carottes avant de pouvoir les faire sauter.,182
Beatriz peut peler 8 carottes par minute et faire revenir 20 carottes en 12 minutes.Combien de minutes lui faudra-t-il pour peler et faire sauter 160 carottes s'il faut 12 secondes pour laver chaque carotte avant de la décoller?Notez que Beatriz ne peut pas travailler en parallèle et doit faire une pause de 5 minutes après avoir épluché les carottes avant de pouvoir les faire sauter.,153
Nia peut peler 12 carottes par minute et faire revenir 30 carottes en 10 minutes.Combien de minutes lui faudra-t-il pour peler et faire sauter 180 carottes s'il faut 25 secondes pour laver chaque carotte avant de la décoller?Notez que Nia ne peut pas travailler en parallèle et doit faire une pause de 13 minutes après avoir déclenché les carottes avant de pouvoir les faire sauter.,163
Fatima peut peler 12 zucchinis par minute et faire revenir 30 zucchinis en 14 minutes.Combien de minutes lui faudra-t-il pour peler et faire sauter 60 courgettes s'il faut 11 secondes pour laver chaque courgette avant de la décoller?Notez que Fatima ne peut pas fonctionner en parallèle et doit prendre une pause de 12 minutes après avoir épluché les courgettes avant de pouvoir les faire sauter.,56
"Uma et Zahra sont des sœurs de Marrakech qui aiment collecter des signatures de politiciens.Pendant leurs vacances de printemps de l'école, les sœurs passent chaque après-midi à collecter des signatures.Après 6 semaines, Uma et Zahra comparent leurs livres d'autographes, comptant le nombre de signatures que chaque sœur a collectées.Uma a 29 signatures dans son livre, et Zahra en a 37. Les sœurs ont 4 semaines de vacances de plus, et ils décident qu'ils veulent atteindre 130 signatures entre eux d'ici la fin de la pause.Cependant, au cours des 4 semaines restantes, UMA n'est en mesure de collecter des signatures le week-end, réduisant sa collection hebdomadaire de 5 par semaine, tandis que Zahra décide d'augmenter sa collection hebdomadaire.Combien de signatures Zahra aura-t-elle besoin pour collecter par semaine pour s'assurer qu'elles atteignent leur objectif?",11
"Daphne et Olivia sont des sœurs du Caire qui aiment collecter des signatures de stars de cinéma.Pendant leurs vacances de printemps de l'école, les sœurs passent chaque après-midi à collecter des signatures.Après 3 semaines, Daphne et Olivia comparent leurs livres d'autographes, comptant le nombre de signatures que chaque sœur a collectées.Daphne a 17 signatures dans son livre, et Olivia en a 31. Les sœurs ont 3 semaines de relâche supplémentaires, et ils décident qu'ils veulent atteindre 120 signatures entre eux d'ici la fin de la pause.Cependant, au cours des 3 semaines restantes, Daphne n'est en mesure de collecter des signatures le week-end, réduisant sa collection hebdomadaire de 5 par semaine, tandis qu'Olivia décide d'augmenter sa collection hebdomadaire.Combien de signatures Olivia aura-t-elle besoin pour collecter par semaine pour s'assurer qu'elles atteignent leur objectif?",19
"Ava et Quinn sont des sœurs d'Helsinki qui aiment collecter des signatures auprès des auteurs.Pendant leurs vacances de printemps de l'école, les sœurs passent chaque après-midi à collecter des signatures.Après 3 semaines, Ava et Quinn comparent leurs livres d'autographes, comptant le nombre de signatures que chaque sœur a collectées.Ava a 30 signatures dans son livre, et Quinn en a 37. Les sœurs ont 2 semaines de vacances de plus, et ils décident qu'ils veulent atteindre 135 signatures entre eux d'ici la fin de la pause.Cependant, au cours des 2 semaines restantes, Ava n'est en mesure de collecter des signatures le week-end, réduisant sa collection hebdomadaire de 5 par semaine, tandis que Quinn décide d'augmenter sa collection hebdomadaire.De combien de signatures Quinn devra-t-elle collecter par semaine pour s'assurer qu'elles atteignent leur objectif?",29
"Mei et Haruka sont des sœurs de Singapour qui aiment collecter des signatures de politiciens.Pendant leur pause d'été de l'école, les sœurs passent chaque après-midi à collecter des signatures.Après 5 semaines, Mei et Haruka comparent leurs livres d'autographes, comptant le nombre de signatures que chaque sœur a collectées.Mei a 24 signatures dans son livre, et Haruka en a 51. Les sœurs ont 3 semaines de vacances d'été, et ils décident qu'ils veulent atteindre 135 signatures entre eux d'ici la fin de la pause.Cependant, au cours des 3 semaines restantes, Mei n'est en mesure de collecter des signatures le week-end, réduisant sa collection hebdomadaire de 5 par semaine, tandis que Haruka décide d'augmenter sa collection hebdomadaire.De combien de signatures Haruka aura-t-elle besoin pour collecter par semaine pour s'assurer qu'elles atteignent leur objectif?",15
"Uma et Olga sont des sœurs de Lisbonne qui aiment collecter des signatures de politiciens.Pendant leur pause d'été de l'école, les sœurs passent chaque après-midi à collecter des signatures.Après 3 semaines, Uma et Olga comparent leurs livres d'autographes, comptant le nombre de signatures que chaque sœur a collectées.Uma a 25 signatures dans son livre, et Olga en a 59. Les sœurs ont 2 semaines de vacances d'été, et ils décident qu'ils veulent atteindre 140 signatures entre eux d'ici la fin de la pause.Cependant, au cours des 2 semaines restantes, UMA n'est en mesure de collecter des signatures le week-end, réduisant sa collection hebdomadaire de 5 par semaine, tandis qu'Olga décide d'augmenter sa collection hebdomadaire.Combien de signatures Olga aura-t-elle besoin pour collecter par semaine pour s'assurer qu'elles atteignent leur objectif?",23
"Chen et Tara sont des sœurs de Lisbonne qui aiment collecter des signatures de politiciens.Pendant leur pause hivernale de l'école, les sœurs passent chaque après-midi à collecter des signatures.Après 5 semaines, Chen et Tara comparent leurs livres d'autographes, comptant le nombre de signatures que chaque sœur a collectées.Chen a 36 signatures dans son livre, et Tara en a 32. Les sœurs ont 4 semaines de vacances d'hiver de plus, et ils décident qu'ils veulent atteindre 140 signatures entre eux d'ici la fin de la pause.Cependant, au cours des 4 semaines restantes, Chen est en mesure de collecter des signatures le week-end, réduisant sa collection hebdomadaire de 5 par semaine, tandis que Tara décide d'augmenter sa collection hebdomadaire.De combien de signatures Tara aura-t-elle besoin pour collecter par semaine pour s'assurer qu'elles atteignent leur objectif?",13
"Zahra et Yara sont des sœurs du Cap qui aiment collecter des signatures auprès des auteurs.Pendant leurs vacances de printemps de l'école, les sœurs passent chaque après-midi à collecter des signatures.Après 7 semaines, Zahra et Yara comparent leurs livres d'autographes, comptant le nombre de signatures que chaque sœur a collectées.Zahra a 20 signatures dans son livre, et Yara en a 30. Les sœurs ont 3 semaines de vacances de printemps de plus, et ils décident qu'ils veulent atteindre 140 signatures entre eux d'ici la fin de la pause.Cependant, au cours des 3 semaines restantes, Zahra est en mesure de collecter des signatures le week-end, réduisant sa collection hebdomadaire de 5 par semaine, tandis que Yara décide d'augmenter sa collection hebdomadaire.Combien de signatures Yara aura-t-elle besoin pour collecter par semaine pour s'assurer qu'elles atteignent leur objectif?",25
"Ava et Kayla sont des sœurs de Bangkok qui aiment collecter des signatures d'athlètes.Pendant leur pause hivernale de l'école, les sœurs passent chaque après-midi à collecter des signatures.Après 3 semaines, Ava et Kayla comparent leurs livres d'autographes, comptant le nombre de signatures que chaque sœur a collectées.Ava a 38 signatures dans son livre, et Kayla en a 41. Les sœurs ont 4 semaines de vacances d'hiver de plus, et ils décident qu'ils veulent atteindre 135 signatures entre eux d'ici la fin de la pause.Cependant, au cours des 4 semaines restantes, Ava n'est en mesure de collecter des signatures le week-end, réduisant sa collection hebdomadaire de 5 par semaine, tandis que Kayla décide d'augmenter sa collection hebdomadaire.Combien de signatures Kayla aura-t-elle besoin pour collecter par semaine pour s'assurer qu'elles atteignent leur objectif?",9
"Sophia et Elena sont des sœurs d'Auckland qui aiment collecter des signatures de musiciens.Pendant leurs vacances de printemps de l'école, les sœurs passent chaque après-midi à collecter des signatures.Après 4 semaines, Sophia et Elena comparent leurs livres d'autographes, comptant le nombre de signatures que chaque sœur a collectées.Sophia a 32 signatures dans son livre, et Elena en a 56. Les sœurs ont 3 semaines de vacances de printemps de plus, et ils décident qu'ils veulent atteindre 130 signatures entre eux d'ici la fin de la pause.Cependant, au cours des 3 semaines restantes, Sophia n'est en mesure de collecter des signatures le week-end, réduisant sa collection hebdomadaire de 5 par semaine, tandis qu'Elena décide d'augmenter sa collection hebdomadaire.De combien de signatures Elena aura-t-elle besoin pour collecter par semaine pour s'assurer qu'elles atteignent leur objectif?",9
"Zahra et Nia sont des sœurs de Hanoi qui aiment collecter des signatures de stars de cinéma.Pendant leur pause d'automne de l'école, les sœurs passent chaque après-midi à collecter des signatures.Après 3 semaines, Zahra et Nia comparent leurs livres d'autographes, comptant le nombre de signatures que chaque sœur a collectées.Zahra a 28 signatures dans son livre, et Nia en a 46. Les sœurs ont 2 semaines de pause d'automne, et ils décident qu'ils veulent atteindre 120 signatures entre eux d'ici la fin de la pause.Cependant, au cours des 2 semaines restantes, Zahra n'est en mesure de collecter des signatures le week-end, réduisant sa collection hebdomadaire de 5 par semaine, tandis que Nia décide d'augmenter sa collection hebdomadaire.Combien de signatures NIA aura-t-elle besoin pour collecter par semaine pour s'assurer qu'elles atteignent leur objectif?",18
"Leon est allé acheter des fournitures scolaires.Il a acheté 8 crayons qui coûtent 7,0 ¥ chacun, 8 ordinateurs portables qui coûtent 13,75 ¥ chacun, et une rame de papier obligataire qui coûte 10 ¥.Il a également acheté 4 dossiers qui coûtent 11 ¥ chacun.Leon peut payer des frais uniques de 20 ¥ pour devenir membre et obtenir une remise de 20% sur tous les achats, ou ne pas devenir membre et ne recevoir qu'une remise de 5%.Quel est le moins de montant que Leon peut dépenser pour tout?",196
"Bodhi est allé acheter des fournitures scolaires.Il a acheté 24 dossiers qui coûtent 2,75 € chacun, 12 crayons qui coûtent 19,25 € chacun, et une rame de papier obligataire qui coûte 23 €.Il a également acheté 5 marqueurs qui coûtent 8 € chacun.Bodhi peut soit payer des frais uniques de 20 € pour devenir membre et obtenir une remise de 20% sur tous les achats, ou ne pas devenir membre et ne recevoir qu'une remise de 5%.Quelle est la moindre quantité que Bodhi peut dépenser pour tout?",308
"Deshawn est allé acheter des fournitures scolaires.Il a acheté 14 gâchis qui coûtent 7,5 ₺5 ₺5, 4 dirigeants qui coûtent ₺18,5 chacun, et une rame de papier obligataire qui coûte ₺21.Il a également acheté 8 dossiers qui coûtent ₺10 chacun.DeShawn peut soit payer des frais uniques pour devenir membre et obtenir une remise de 20% sur tous les achats, ou ne pas devenir membre et ne recevoir qu'une remise de 5%.Quel est le moindre montant que Deshawn peut dépenser pour tout?",244
"Andre est allé acheter des fournitures scolaires.Il a acheté 20 marqueurs qui coûtent ₣ 8,0 chacun, 10 crayons qui coûtent 18,0 chacun, et un rame de papier obligataire qui coûte 15.Il a également acheté 5 dirigeants qui coûtent 9 ₣ ₣ ₣ ₣ ₣ ₣ ₣ ₣ ₣ chacun.Andre peut payer des frais uniques de 20 ₣ pour devenir membre et obtenir une remise de 20% sur tous les achats, ou ne pas devenir membre et ne recevoir qu'une remise de 5%.Quel est le moindre montant qu'Andre peut dépenser pour tout?",340
"Faisal est allé acheter des fournitures scolaires.Il a acheté 18 crayons qui coûtent ₣ 6,0 chacun, 14 dirigeants qui coûtent 14,5 ₣ 5 chacun, et une rame de papier obligataire qui coûte 24.Il a également acheté 5 crayons de couleur qui coûtent ₣ 9 chacun.Faisal peut soit payer des frais uniques de 20 ₣ pour devenir membre et obtenir une remise de 20% sur tous les achats, ou ne pas devenir membre et ne recevoir qu'une remise de 5%.Quelle est la moindre quantité que Faisal peut dépenser pour tout?",324
"Oscar est allé acheter des fournitures scolaires.Il a acheté 24 ordinateurs portables qui coûtent ₺3,5 ₺3 ₺5, 6 dirigeants qui coûtent ₺13,0 chacun, et une rame de papier obligataire qui coûte ₺15.Il a également acheté 7 crayons qui coûtent ₺9 chacun.Oscar peut soit payer des frais uniques pour devenir membre et obtenir une remise de 20% sur tous les achats, ou ne pas devenir membre et ne recevoir qu'une remise de 5%.Quel est le moindre montant qu'Oscar peut dépenser pour tout?",212
"Qasim est allé acheter des fournitures scolaires.Il a acheté 18 ordinateurs portables qui coûtent 9,0 ¥ chacun, 12 crayons qui coûtent 18,75 ¥ chacun, et une rame de papier obligataire qui coûte 21 ¥.Il a également acheté 8 crayons qui coûtent 9 ¥ chacun.Qasim peut soit payer des frais uniques de 20 ¥ pour devenir membre et obtenir une remise de 20% sur tous les achats, ou ne pas devenir membre et ne recevoir qu'une remise de 5%.Quel est le moins de montant que Qasim peut dépenser pour tout?",404
"Yuki est allé acheter des fournitures scolaires.Il a acheté 22 crayons qui coûtent 8,0 ¥ chacun, 14 effacements qui coûtent 17,0 ¥ chacun, et une rame de papier obligataire qui coûte 13 ¥.Il a également acheté 3 marqueurs qui coûtent 11 ¥ chacun.Yuki peut payer des frais uniques de 20 ¥ pour devenir membre et obtenir une remise de 20% sur tous les achats, ou ne pas devenir membre et ne recevoir qu'une remise de 5%.Quelle est la moindre montant que Yuki peut dépenser pour tout?",388
"James est allé acheter des fournitures scolaires.Il a acheté 12 marqueurs qui coûtent 3,0 $ chacun, 14 crayons qui coûtent 8,5 $ chacun et une rame de papier obligataire qui coûte 17 $.Il a également acheté 6 crayons de couleur qui coûtent 8 $ chacun.James peut payer des frais de 20 $ pour devenir membre et obtenir une remise de 20% sur tous les achats, ou ne pas devenir membre et ne recevoir qu'une remise de 5%.Quel est le moindre montant que James peut dépenser pour tout?",196
"James est allé acheter des fournitures scolaires.Il a acheté 6 ordinateurs portables qui coûtent ¥ 7,0 chacun, 14 crayons qui coûtent ¥ 10,0 chacun, et une rame de papier obligataire qui coûte 24 ¥.Il a également acheté 6 marqueurs qui coûtent 9 ¥ chacun.James peut payer des frais uniques de 20 ¥ pour devenir membre et obtenir une remise de 20% sur tous les achats, ou ne pas devenir membre et ne recevoir qu'une remise de 5%.Quel est le moindre montant que James peut dépenser pour tout?",228
"Yara est allée dans son verger pour cueillir des fraises et a trouvé neuf fois plus de coléoptères que des chenilles dans le jardin.Yara a ensuite trouvé 66 animaux blancs, dont la moitié étaient des lapins.De plus, elle a vu 24 abeilles et 13 chenilles.Quel pourcentage d'animaux dans le jardin était-il des lapins?",15
"Ava est allée à son attribution pour choisir des framboises et a trouvé un tiers autant d'abeilles que des guêpes dans le patch.Ava a ensuite trouvé 60 animaux blancs, dont la moitié étaient des lapins.De plus, elle a vu 24 chenilles et 12 guêpes.Quel pourcentage d'animaux dans le patch était des lapins?",30
"Jasmine est allée dans son arrière-cour pour choisir des cerises et a trouvé la moitié autant de guêpes que des fourmis sur le terrain.Le jasmin a ensuite trouvé 46 animaux blancs, dont la moitié étaient des lapins.De plus, elle a vu 39 abeilles et 10 fourmis.Quel pourcentage d'animaux sur le terrain était des lapins?",23
"Leilani est allée à son attribution pour choisir des framboises et a trouvé les deux quarts autant de fourmis que des guêpes dans le patch.Leilani a ensuite trouvé 40 animaux blancs, dont la moitié étaient des lapins.De plus, elle a vu 36 sauterelles et 16 guêpes.Quel pourcentage d'animaux dans le patch était des lapins?",20
"Gabrielle est allée à son attribution pour choisir des framboises et a trouvé les deux cinquièmes autant de guêpes que des abeilles dans le patch.Gabrielle a ensuite trouvé 38 animaux blancs, dont la moitié étaient des lapins.De plus, elle a vu 41 chenilles et 15 abeilles.Quel pourcentage d'animaux dans le patch était des lapins?",19
"Valeria est allée à son attribution pour choisir des framboises et a trouvé 4/5 autant de fourmis que des coléoptères dans le patch.Valeria a ensuite trouvé 18 animaux blancs, dont la moitié étaient des lapins.De plus, elle a vu 30 chenilles et 15 coléoptères.Quel pourcentage d'animaux dans le patch était des lapins?",12
"Kimia est allée à sa serre pour choisir des bleuets et a trouvé six fois plus de chenilles que des guêpes dans l'intrigue.Kimia a ensuite trouvé 40 animaux blancs, dont la moitié étaient des lapins.De plus, elle a vu 25 coccinelles et 5 guêpes.Quel pourcentage d'animaux dans l'intrigue était des lapins?",20
"Elena est allée à son attribution pour choisir des framboises et a trouvé six fois plus de coccinelles que des guêpes dans le patch.Elena a ensuite trouvé 74 animaux blancs, dont la moitié étaient des lapins.De plus, elle a vu 32 fourmis et 6 guêpes.Quel pourcentage d'animaux dans le patch était des lapins?",25
"Valeria est allée à son attribution pour choisir des framboises et a trouvé 2/5 autant de chenilles que des abeilles dans le patch.Valeria a ensuite trouvé 42 animaux blancs, dont la moitié étaient des lapins.De plus, elle a vu 21 coccinelles et 15 abeilles.Quel pourcentage d'animaux dans le patch était des lapins?",25
"Nadia est allée dans son verger pour cueillir des fraises et a trouvé trois sixième plus de guêpes que des abeilles dans le jardin.Nadia a ensuite trouvé 26 animaux blancs, dont la moitié étaient des lapins.De plus, elle a vu 17 chenilles et 6 abeilles.Quel pourcentage d'animaux dans le jardin était-il des lapins?",25
"Yara a vu une baleine de 32 pieds avec 16 remoras, chaque 12 pouces de long s'y attacher.Ensuite, 1/2 des remoras a nagé.Plus tard, Yara a vu une autre baleine de 10 pieds avec 6 remoras, chacun de 8 pouces de long, attaché à elle.En moyenne, quel pourcentage de la longueur du corps de chaque baleine est couvert par les remoras?",32
"Ali a vu une baleine de 30 pieds avec 18 remoras, chaque 15 pouces de long s'y attacher.Puis, 1/3 des remoras ont nagé.Plus tard, Ali a vu une autre baleine de 10 pieds avec 6 remoras, chacun de 8 pouces de long, attaché à elle.En moyenne, quel pourcentage de la longueur du corps de chaque baleine est couvert par les remoras?",45
"Le jasmin a vu un dauphin de 32 pieds avec 24 remoras, chaque 12 pouces de long s'y attacher.Puis, 1/3 des remoras ont nagé.Plus tard, le jasmin a vu un autre dauphin de 8 pieds avec 4 remoras, chacun de 6 pouces de long, attaché à elle.En moyenne, quel pourcentage de la longueur du corps de chaque dauphin est couvert par les remoras?",37
"Luis a vu un dauphin de 48 pieds avec 24 remoras, chacun de 18 pouces de long s'y attacher.Ensuite, un tiers des remoras ont nagé.Plus tard, Luis a vu un autre dauphin de 10 pieds avec 6 remoras, chacun de 8 pouces de long, attaché à elle.En moyenne, quel pourcentage de la longueur du corps de chaque dauphin est couvert par les remoras?",45
"Pavel a vu une baleine de 45 pieds avec 18 remoras, chaque 12 pouces de long s'y attacher.Ensuite, 1/2 des remoras a nagé.Plus tard, Pavel a vu une autre baleine de 10 pieds avec 4 remoras, chacun de 3 pouces de long, attaché à elle.En moyenne, quel pourcentage de la longueur du corps de chaque baleine est couvert par les remoras?",15
"Gabrielle a vu un requin de 33 pieds avec 12 remoras, chaque 22 pouces de long s'y attacher.Ensuite, un quart des remoras ont nagé.Plus tard, Gabrielle a vu un autre requin de 8 pieds avec 6 remoras, chacun de 4 pouces de long, attaché à elle.En moyenne, quel pourcentage de la longueur du corps de chaque requin est couvert par les remoras?",37
"Oscar a vu un requin de 38 pieds avec 16 remoras, chacun de 19 pouces de long s'y attacher.Ensuite, un quart des remoras ont nagé.Plus tard, Oscar a vu un autre requin de 10 pieds avec 6 remoras, chacun de 3 pouces de long, attaché à elle.En moyenne, quel pourcentage de la longueur du corps de chaque requin est couvert par les remoras?",32
"Oliver a vu une baleine de 48 pieds avec 12 remoras, chaque 24 pouces de long s'y attacher.Ensuite, 1/2 des remoras a nagé.Plus tard, Oliver a vu une autre baleine de 10 pieds avec 6 remoras, chacun de 6 pouces de long, attaché à elle.En moyenne, quel pourcentage de la longueur du corps de chaque baleine est couvert par les remoras?",27
"Carlos a vu un requin de 34 pieds avec 18 remoras, chaque 17 pouces de long s'y attacher.Ensuite, un tiers des remoras ont nagé.Plus tard, Carlos a vu un autre requin de 10 pieds avec 4 remoras, chacun de 3 pouces de long, attaché à elle.En moyenne, quel pourcentage de la longueur du corps de chaque requin est couvert par les remoras?",30
"Andre a vu une baleine de 30 pieds avec 18 remoras, chaque 15 pouces de long s'y attacher.Ensuite, un tiers des remoras ont nagé.Plus tard, Andre a vu une autre baleine de 10 pieds avec 6 remoras, chacun de 7 pouces de long, attaché à elle.En moyenne, quel pourcentage de la longueur du corps de chaque baleine est couvert par les remoras?",42
"Thiago recueille des fonds pour une foire scientifique de 3 jours.Chaque jour coûte 250 $ pour l'hôtel, 30 $ pour la nourriture et 30 $ pour le transport.Thiago n'a que 35 $.Ses amis ont contrarié et couvriront le coût de toute la nourriture pour la foire scientifique.Thiago a également demandé l'aide de l'école, qui a décidé de couvrir 1/4 du coût restant de la foire scientifique.Combien d'argent est-il encore manquant?",595
"Ali collecte des fonds pour un tournoi de sport de 3 jours.Chaque jour coûte 200 ₣ 200 pour l'hôtel, ₣ 20 pour la nourriture et ₣ 10 pour le transport.Ali n'a que ₣ 40.Ses amis ont contrarié et couvriront le coût de toute la nourriture pour le tournoi de sport.Ali a également demandé l'aide de l'organisme de bienfaisance local, qui a décidé de couvrir 1/5 du coût restant du tournoi de sport.Combien d'argent Ali manque-t-il encore?",464
"Benjamin collecte des fonds pour une foire scientifique de 3 jours.Chaque jour coûte ₺250 pour l'hôtel, ₺30 pour la nourriture et ₺20 pour le transport.Benjamin n'a que ₺165.Ses amis ont contrarié et couvriront le coût de toute la nourriture pour la foire scientifique.Benjamin a également demandé l'aide de la Parent Association, qui a décidé de couvrir un dixième du coût restant de la foire scientifique.Combien d'argent Benjamin manque-t-il encore?",564
"Leon collecte des fonds pour un atelier de 2 jours.Chaque jour coûte 150 ¥ pour l'hôtel, 30 ¥ pour la nourriture et 10 ¥ pour le transport.Leon n'a que 155 ¥.Ses amis ont contrarié et couvriront le coût de toute la nourriture pour l'atelier.Leon a également demandé l'aide du Youth Club, qui a décidé de couvrir un cinquième du coût restant de l'atelier.Combien d'argent Leon manque-t-il encore?",101
"Yuki collecte des fonds pour un festival de musique de 2 jours.Chaque jour coûte ₺100 pour l'hôtel, ₺40 pour la nourriture et ₺30 pour le transport.Yuki n'a que ₺10.Ses amis ont contrarié et couvriront le coût de toute la nourriture pour le festival de musique.Yuki a également demandé l'aide de la Parent Association, qui a décidé de couvrir la moitié du coût restant du festival de musique.Combien d'argent Yuki manque-t-il encore?",120
"Ibrahim recueille des fonds pour une conférence de 2 jours.Chaque jour coûte 200 $ pour l'hôtel, 30 $ pour la nourriture et 30 $ pour le transport.Ibrahim n'a que 95 $.Ses amis ont contrarié et couvriront le coût de toute la nourriture pour la conférence.Ibrahim a également demandé l'aide de l'école, qui a décidé de couvrir un quart du coût restant de la conférence.Combien d'argent Ibrahim manque-t-il toujours?",250
"Oscar collecte des fonds pour un festival de musique de 3 jours.Chaque jour coûte 250 ₣ pour l'hôtel, ₣ 40 pour la nourriture et ₣ 10 pour le transport.Oscar n'a que ₣ 125.Ses amis ont contrarié et couvriront le coût de toute la nourriture pour le festival de musique.Oscar a également demandé l'aide de l'organisme de bienfaisance local, qui a décidé de couvrir 1/6 du coût restant du festival de musique.Combien d'argent Oscar manque-t-il encore?",525
"Pavel recueille des fonds pour une foire scientifique de 2 jours.Chaque jour coûte ₺150 pour l'hôtel, ₺20 pour la nourriture et ₺10 pour le transport.Pavel n'a que ₺25.Ses amis ont contrarié et couvriront le coût de toute la nourriture pour la foire scientifique.Pavel a également demandé l'aide de la Parent Association, qui a décidé de couvrir la moitié du coût restant de la foire scientifique.Combien d'argent Pavel manque-t-il encore?",135
"Ali collecte des fonds pour un tournoi de sport de 2 jours.Chaque jour coûte ₺150 pour l'hôtel, ₺40 pour la nourriture et ₺10 pour le transport.Ali n'a que ₺160.Ses amis ont contrarié et couvriront le coût de toute la nourriture pour le tournoi de sport.Ali a également demandé l'aide de la Parent Association, qui a décidé de couvrir 1/8 du coût restant du tournoi de sport.Combien d'argent Ali manque-t-il encore?",120
"Faisal recueille des fonds pour une conférence de 3 jours.Chaque jour coûte 200 ¥ pour l'hôtel, 30 ¥ pour la nourriture et 30 ¥ pour le transport.Faisal n'a que 115 ¥.Ses amis ont contrarié et couvriront le coût de toute la nourriture pour la conférence.Faisal a également demandé l'aide du Youth Club, qui a décidé de couvrir la moitié du coût restant de la conférence.Combien d'argent Faisal manque-t-il encore?",230
"Selon ses informations nutritionnelles, un sac de pain a 225 calories par portion.Un sac de 300 onces a 5 portions.La cible calorique quotidienne saine est de 15 calories par livre de poids corporel.Carlos pèse 200 livres et il a déjà consommé 900 calories et brûlé 150 calories grâce à l'exercice.Zahra pèse 150 livres et elle a déjà consommé 900 dans de la nourriture et 225 calories en crème glacée.Combien d'onces de pain pour Carlos a-t-elle besoin pour consommer que Zahra?",300
"Selon ses informations nutritionnelles, un sac de pop-corn a 300 calories par portion.Un sac de 325 grammes a 5 portions.La cible calorique quotidienne saine est de 15 calories par livre de poids corporel.Ibrahim pèse 190 livres, et il a déjà consommé 950 calories et brûlé 200 calories grâce à l'exercice.Priya pèse 170 livres, et elle a déjà consommé 1100 dans de la nourriture et 250 calories en crème glacée.Combien de grammes de pop-corn a-t-il besoin de consommer que Priya?",195
"Selon ses informations nutritionnelles, un sac de pain a 250 calories par portion.Un sac de 350 onces a 5 portions.La cible calorique quotidienne saine est de 15 calories par livre de poids corporel.Yuki pèse 210 livres et il a déjà consommé 1050 calories et brûlé 150 calories grâce à l'exercice.Jasmine pèse 140 livres et elle a déjà consommé 900 dans de la nourriture et 200 calories en crème glacée.Combien d'onces de pains Yuki doit-elle consommer que le jasmin?",350
"Selon ses informations nutritionnelles, un sac de biscuits a 175 calories par portion.Un sac de 125 oz a 5 portions.La cible calorique quotidienne saine est de 15 calories par livre de poids corporel.Theo pèse 250 livres, et il a déjà consommé 1100 calories et brûlé 150 calories grâce à l'exercice.Sakura pèse 130 livres, et elle a déjà consommé 900 dans de la nourriture et 175 calories en crème glacée.Combien de cookies de cookies a-t-il besoin de consommer que Sakura?",275
"Selon ses informations nutritionnelles, un sac de pop-corn a 325 calories par portion.Un sac de 100 grammes a 4 portions.La cible calorique quotidienne saine est de 15 calories par livre de poids corporel.Arash pèse 200 livres et il a déjà consommé 1200 calories et brûlé 150 calories grâce à l'exercice.Mei pèse 180 livres et elle a déjà consommé 900 dans de la nourriture et 175 calories en crème glacée.Combien de grammes de pop-corn a-t-il besoin de consommer que Mei?",25
"Selon ses informations nutritionnelles, un sac de pop-corn a 150 calories par portion.Un sac de 300 grammes a 5 portions.La cible calorique quotidienne saine est de 15 calories par livre de poids corporel.Arjun pèse 210 livres, et il a déjà consommé 1000 calories et brûlé 100 calories grâce à l'exercice.Elena pèse 180 livres et elle a déjà consommé 900 dans de la nourriture et 150 calories en glace.Combien de grammes de pop-corn a-t-il besoin de consommer qu'Elena?",240
"Selon ses informations nutritionnelles, un sac de biscuits a 150 calories par portion.Un sac de 100 oz a 4 portions.La cible calorique quotidienne saine est de 15 calories par livre de poids corporel.Gabriel pèse 200 livres, et il a déjà consommé 900 calories et brûlé 150 calories grâce à l'exercice.Valentina pèse 130 livres, et elle a déjà consommé 1100 dans de la nourriture et 250 calories en crème glacée.Combien de plus de cookies Gabriel a-t-il besoin pour consommer que Valentina?",275
"Selon ses informations nutritionnelles, un sac de pop-corn a 450 calories par portion.Un sac de 275 grammes a 5 portions.La cible calorique quotidienne saine est de 15 calories par livre de poids corporel.Hiroshi pèse 230 livres, et il a déjà consommé 900 calories et brûlé 150 calories grâce à l'exercice.Valentina pèse 180 livres et elle a déjà consommé 1100 dans de la nourriture et 250 calories en crème glacée.Combien de grammes de pop-corn Hiroshi a-t-il besoin de consommer que Valentina?",165
"Selon ses informations nutritionnelles, un sac de biscuits a 200 calories par portion.Un sac de 400 oz a 5 portions.La cible calorique quotidienne saine est de 15 calories par livre de poids corporel.Bodhi pèse 230 livres et il a déjà consommé 1100 calories et brûlé 50 calories grâce à l'exercice.Nia pèse 130 livres et elle en a déjà consommé 1000 dans de la nourriture et 150 calories en crème glacée.Combien de plus de cookies Bodhi doit-il consommer que NIA?",640
"Selon ses informations nutritionnelles, un sac de pain a 175 calories par portion.Un sac de 125 onces a 5 portions.La cible calorique quotidienne saine est de 15 calories par livre de poids corporel.Sanjay pèse 210 livres et il a déjà consommé 1150 calories et brûlé 100 calories grâce à l'exercice.Sofia pèse 150 livres et elle en a déjà consommé 800 dans de la nourriture et 225 calories en crème glacée.Combien d'onces de pain de pain doit-elle consommer que Sofia?",125
"Pour passer un appel à partir d'une cabine téléphonique, vous devez payer 0,7 $ pour chaque minute de votre appel.Après 10 minutes, le prix tombe à 0,5 $ par minute.Après 30 minutes à partir du début de l'appel, le prix baisse encore plus à 0,1 $ par deux minutes.Si votre facture totale est supérieure à 15 $, vous obtenez une remise de 15% sur votre facture totale.Combien coûterait un appel de 90 minutes?",17
"Pour passer un appel à partir d'une cabine téléphonique, vous devez payer ₺0,9 pour chaque minute de votre appel.Après 10 minutes, le prix tombe à 0,6 ₺6 par minute.Après 35 minutes depuis le début de l'appel, le prix baisse encore plus à ₺0,4 ₺4 par deux minutes.Si votre facture totale est supérieure à 25 ₺5, vous obtenez une remise de 20% sur votre facture totale.Combien coûterait un appel de 115 minutes?",32
"Pour passer un téléphone à partir d'un téléphone de chambre d'hôtel, vous devez payer 0,4 € pour chaque minute de votre appel.Après 15 minutes, le prix tombe à 0,3 € par minute.Après 35 minutes depuis le début de l'appel, le prix baisse encore plus à 0,2 € par deux minutes.Si votre facture totale est supérieure à 15 €, vous obtenez une remise de 10% sur votre facture totale.Combien coûterait un appel de 115 minutes?",18
"Pour passer un appel à partir d'une cabine téléphonique, vous devez payer ₺0,8 pour chaque minute de votre appel.Après 10 minutes, le prix tombe à 0,7 ₺7 par minute.Après 30 minutes à partir du début de l'appel, le prix baisse encore plus à 0,4 ₺0,4 par deux minutes.Si votre facture totale est supérieure à ₺15, vous obtenez une remise de 15% sur votre facture totale.Combien coûterait un appel de 120 minutes?",34
"Pour passer un téléphone à partir d'un téléphone de chambre d'hôtel, vous devez payer ₺0,6 pour chaque minute de votre appel.Après 10 minutes, le prix tombe à 0,4 ₺4 par minute.Après 35 minutes à partir du début de l'appel, le prix baisse encore plus à ₺0,1 par deux minutes.Si votre facture totale est supérieure à ₺15, vous obtenez une remise de 15% sur votre facture totale.Combien coûterait un appel de 115 minutes?",17
"Pour passer un téléphone à partir d'un téléphone de chambre d'hôtel, vous devez payer 0,9 ¥ pour chaque minute de votre appel.Après 10 minutes, le prix tombe à 0,6 ¥ par minute.Après 35 minutes à partir du début de l'appel, le prix tombe encore plus à 0,4 ¥ par deux minutes.Si votre facture totale est supérieure à 15 ¥, vous obtenez une remise de 20% sur votre facture totale.Combien coûterait un appel de 65 minutes?",24
"Pour passer un téléphone à partir d'un téléphone de chambre d'hôtel, vous devez payer ₣ 0,8 pour chaque minute de votre appel.Après 10 minutes, le prix tombe à 0,4 par minute.Après 30 minutes à partir du début de l'appel, le prix baisse encore plus à 0,1 ₣ par deux minutes.Si votre facture totale est supérieure à ₣ 15, vous obtenez une remise de 20% sur votre facture totale.Combien coûterait un appel de 110 minutes?",16
"Pour passer un appel à partir d'une cabine téléphonique, vous devez payer 0,9 ¥ pour chaque minute de votre appel.Après 10 minutes, le prix tombe à 0,4 ¥ par minute.Après 35 minutes à partir du début de l'appel, le prix baisse encore plus à 0,1 ¥ par deux minutes.Si votre facture totale est supérieure à 15 ¥, vous obtenez une remise de 10% sur votre facture totale.Combien coûterait un appel de 55 minutes?",18
"Pour passer un téléphone à partir d'un téléphone de chambre d'hôtel, vous devez payer 0,9 $ pour chaque minute de votre appel.Après 10 minutes, le prix tombe à 0,4 $ par minute.Après 30 minutes à partir du début de l'appel, le prix baisse encore plus à 0,1 $ par deux minutes.Si votre facture totale est supérieure à 15 $, vous obtenez une remise de 15% sur votre facture totale.Combien coûterait un appel de 90 minutes?",17
"Pour passer un appel à partir d'une cabine téléphonique, vous devez payer 0,7 $ pour chaque minute de votre appel.Après 10 minutes, le prix tombe à 0,3 $ par minute.Après 40 minutes à partir du début de l'appel, le prix baisse encore plus à 0,1 $ par deux minutes.Si votre facture totale est supérieure à 15 $, vous obtenez une remise de 10% sur votre facture totale.Combien coûterait un appel de 120 minutes?",18
"Une miche de levain au café coûte 10 $.Le coût d'un muffin est un huitième de miche de levain.Le café a une promotion que si l'on achète 6 muffins ou plus, ils obtiennent une remise de 10% sur les muffins.Combien plus 2 pains de coût de levain que 8 muffins?",11
"Une miche de pain au magasin coûte 5 ¥.Le coût d'un croissant est de 3/4 de pain de pain.Le magasin a une promotion que si l'on achète 6 croissants ou plus, ils obtiennent une remise de 10% sur les croissants.Combien plus de 10 pains de pain coûtent plus que 8 croissants?",23
"Une miche de levain au café coûte 15 ¥.Le coût d'un muffin est de 1/4 d'une miche de levain.Le café a une promotion que si l'on achète 6 muffins ou plus, ils obtiennent une remise de 20% sur les muffins.Combien plus de 5 pains de coût de levain que 8 muffins?",51
"Une miche de pain à la boulangerie coûte 10 €.Le coût d'un bagel est de 1/8 de pain de pain.La boulangerie a une promotion que si l'on achète 7 bagels ou plus, ils obtiennent une remise de 10% sur les bagels.Combien plus 5 pains de pain coûtent plus que 8 bagels?",41
"Une miche de levain au café coûte 15 ¥.Le coût d'un muffin est un quart d'une miche de levain.Le café a une promotion que si l'on achète 3 muffins ou plus, ils obtiennent une remise de 20% sur les muffins.Combien plus de 10 pains de coût de levain que 8 muffins?",126
"Une miche de levain au Cafe coûte 10.Le coût d'un muffin est un huitième de miche de levain.Le café a une promotion que si l'on achète 4 muffins ou plus, ils obtiennent une remise de 20% sur les muffins.Combien plus de 3 pains de coût de levain que 12 muffins?",18
"Une miche de levain aux coûts du marché 5.Le coût d'un biscuit est un quart d'une miche de levain.Le marché a une promotion que si l'on achète 4 biscuits ou plus, ils obtiennent une remise de 20% sur les biscuits.Combien plus de 9 pains de coût de levain que 8 biscuits?",37
"Une miche de levain sur le marché coûte 5 $.Le coût d'un biscuit est de 3/4 d'une miche de levain.Le marché a une promotion que si l'on achète 5 biscuits ou plus, ils obtiennent une remise de 10% sur les biscuits.Combien plus de 7 pains de coût de levain que 8 biscuits?",8
"Une miche de pain au magasin coûte 5 ¥.Le coût d'un croissant est un quart de pain de pain.Le magasin a une promotion que si l'on achète 5 croissants ou plus, ils obtiennent une remise de 20% sur les croissants.Combien plus 4 pains de pain coûtent plus que 8 croissants?",12
"Une miche de pain au magasin coûte 5.Le coût d'un croissant est de 3/4 de pain de pain.Le magasin a une promotion selon laquelle si l'on achète 4 croissants ou plus, ils obtiennent une remise de 20% sur les croissants.Combien plus 9 pains de pain coûtent plus que 8 croissants?",21
"Un concierge doit nettoyer un bâtiment avec 80 chambres.Ils ont 4 jours pour le faire.Cela leur prend 6 minutes par pièce.Cependant, en raison d'une blessure récente, le concierge est devenu plus lent et il leur faudra deux fois plus longtemps pour nettoyer une pièce ces jours-ci.S'ils travaillent pendant 10 heures par jour, quel pourcentage de leur journée, en moyenne, est passé à nettoyer les chambres?",40
"Un travailleur d'entretien doit nettoyer une université avec 150 étages.Ils ont 6 jours pour le faire.Cela leur prend 6 minutes par étage.Cependant, en raison d'une blessure récente, le travailleur d'entretien est devenu plus lent et il leur faudra deux fois plus longtemps pour nettoyer un étage ces jours-ci.S'ils travaillent pendant 10 heures par jour, quel pourcentage de leur journée, en moyenne, est passé à nettoyer les sols?",50
"Un concierge doit nettoyer un bâtiment avec 135 étages.Ils ont 3 jours pour le faire.Cela leur prend 5 minutes par étage.Cependant, en raison d'une blessure récente, le concierge est devenu plus lent et il leur faudra deux fois plus longtemps pour nettoyer un étage ces jours-ci.S'ils travaillent pendant 15 heures par jour, quel pourcentage de leur journée, en moyenne, est passé à nettoyer les sols?",50
"Un nettoyeur doit nettoyer un hôpital avec 60 étages.Ils ont 3 jours pour le faire.Cela leur prend 6 minutes par étage.Cependant, en raison d'une blessure récente, le nettoyeur est devenu plus lent et il les faudra deux fois plus longtemps pour nettoyer un étage ces jours-ci.S'ils travaillent pendant 8 heures par jour, quel pourcentage de leur journée, en moyenne, est passé à nettoyer les sols?",50
"Un nettoyeur doit nettoyer un hôpital avec 90 étages.Ils ont 10 jours pour le faire.Cela leur prend 10 minutes par étage.Cependant, en raison d'une blessure récente, le nettoyeur est devenu plus lent et il les faudra deux fois plus longtemps pour nettoyer un étage ces jours-ci.S'ils travaillent pendant 15 heures par jour, quel pourcentage de leur journée, en moyenne, est passé à nettoyer les sols?",20
"Un nettoyeur doit nettoyer un hôpital avec 135 étages.Ils ont 5 jours pour le faire.Cela leur prend 5 minutes par étage.Cependant, en raison d'une blessure récente, le nettoyeur est devenu plus lent et il les faudra deux fois plus longtemps pour nettoyer un étage ces jours-ci.S'ils travaillent 9 heures par jour, quel pourcentage de leur journée, en moyenne, est passé à nettoyer les sols?",50
"Un travailleur d'entretien doit nettoyer une université avec 160 étages.Ils ont 10 jours pour le faire.Cela leur prend 15 minutes par étage.Cependant, en raison d'une blessure récente, le travailleur d'entretien est devenu plus lent et il leur faudra deux fois plus longtemps pour nettoyer un étage ces jours-ci.S'ils travaillent pendant 10 heures par jour, quel pourcentage de leur journée, en moyenne, est passé à nettoyer les sols?",80
"Un travailleur d'entretien doit nettoyer une université avec 120 étages.Ils ont 5 jours pour le faire.Cela leur prend 5 minutes par étage.Cependant, en raison d'une blessure récente, le travailleur d'entretien est devenu plus lent et il leur faudra deux fois plus longtemps pour nettoyer un étage ces jours-ci.S'ils travaillent pendant 10 heures par jour, quel pourcentage de leur journée, en moyenne, est passé à nettoyer les sols?",40
"Un nettoyeur doit nettoyer un hôpital avec 70 chambres.Ils ont 10 jours pour le faire.Cela leur prend 15 minutes par pièce.Cependant, en raison d'une blessure récente, le nettoyeur est devenu plus lent et il les faudra deux fois plus longtemps pour nettoyer une pièce ces jours-ci.S'ils travaillent pendant 7 heures par jour, quel pourcentage de leur journée, en moyenne, est passé à nettoyer les chambres?",50
"Un nettoyeur doit nettoyer un hôpital avec 165 chambres.Ils ont 11 jours pour le faire.Cela leur prend 6 minutes par pièce.Cependant, en raison d'une blessure récente, le nettoyeur est devenu plus lent et il les faudra deux fois plus longtemps pour nettoyer une pièce ces jours-ci.S'ils travaillent pendant 10 heures par jour, quel pourcentage de leur journée, en moyenne, est passé à nettoyer les chambres?",30
"Un groupe de 290 étudiants a divers passe-temps.12 aiment peindre, 8 aiment jouer aux échecs, 13 aiment nager, 39 aiment jouer au cricket, et les autres aiment jouer à des jeux vidéo ou à faire de la randonnée.Quel pourcentage des étudiants aiment jouer à des jeux vidéo si le nombre d'étudiants qui aiment faire de la randonnée est de 5 moins de deux fois le nombre qui préfère jouer au cricket?",50
"Une classe de 230 élèves a divers passe-temps.5 Aime danser, 8 aiment jouer aux échecs, 13 aiment nager, 32 aiment jouer au volleyball, et les autres aiment jouer à des jeux vidéo ou jouer de la musique.Quel pourcentage d'étudiants aiment jouer à des jeux vidéo si le nombre d'étudiants qui aiment jouer de la musique est 7 moins de deux fois le nombre qui préfère jouer au volleyball?",50
"Une classe de 150 étudiants a divers passe-temps.20 aiment peindre, 8 aiment jouer aux échecs, 13 aiment nager, 17 aiment jouer au football, et les autres aiment danser ou lire.Quel pourcentage d'étudiants aiment danser si le nombre d'étudiants qui aiment lire est 2 moins de deux fois le nombre qui préfère jouer au football?",40
"Un groupe de 150 étudiants a divers passe-temps.27 Aime jouer de la musique, 8 aiment jouer aux échecs, 13 aiment nager, 9 aiment jouer au football, et les autres aiment être peindre ou jouer à des jeux vidéo.Quel pourcentage des étudiants aiment peindre si le nombre d'étudiants qui aiment jouer à des jeux vidéo est 3 moins de deux fois le nombre qui préfère jouer au football?",52
"Une classe de 100 étudiants a divers passe-temps.14 Aime la randonnée, 8 aiment jouer aux échecs, 13 aiment nager, 2 aiment jouer au cricket, et les autres aiment danser ou jouer de la musique.Quel pourcentage d'étudiants aiment danser si le nombre d'étudiants qui aiment jouer de la musique est 5 moins de dix fois le nombre qui préfère jouer au cricket?",48
"Une classe de 150 étudiants a divers passe-temps.17 aiment cuire, 8 aiment jouer aux échecs, 13 aiment nager, 23 aiment jouer au football, et les autres aiment lire ou peindre.Quel pourcentage des étudiants aiment lire si le nombre d'étudiants qui aiment peindre est 4 inférieur à trois fois le nombre qui préfère jouer au football?",16
"Un groupe de 100 étudiants a divers passe-temps.29 aiment danser, 8 aiment jouer aux échecs, 13 aiment nager, 4 aiment jouer à la lancement, et les autres aiment lire ou peindre.Quel pourcentage d'étudiants aiment lire si le nombre d'étudiants qui aiment peindre est 5 moins de quatre fois le nombre qui préfère jouer à la lancement?",35
"Une classe de 90 étudiants a divers passe-temps.11 aiment lire, 8 aiment jouer aux échecs, 13 aiment nager, 6 aiment jouer à la hurling, et les autres aiment danser ou cuire.Quel pourcentage d'étudiants aiment danser si le nombre d'étudiants qui aiment cuire est de 2 moins de six fois le nombre qui préfère jouer à la lancement?",20
"Un groupe de 150 étudiants a divers passe-temps.59 aiment danser, 8 aiment jouer aux échecs, 13 aiment nager, 3 aiment jouer à la hurling, et les autres aiment jouer de la musique ou jouer à des jeux vidéo.Quel pourcentage d'étudiants aiment jouer de la musique si le nombre d'étudiants qui aiment jouer à des jeux vidéo est 2 moins de dix fois le nombre qui préfère jouer à la lancement?",26
"Un groupe de 200 étudiants a divers passe-temps.30 aiment cuire, 8 aiment jouer aux échecs, 13 aiment nager, 6 aiment jouer à la lancement, et les autres aiment danser ou peindre.Quel pourcentage d'étudiants aiment danser si le nombre d'étudiants qui aiment peindre est de 5 moins de neuf fois le nombre qui préfère jouer à la lancement?",47
"Gabriel place les amandes sur des assiettes et des bols.Chaque assiette peut contenir 20 amandes tandis que chaque bol peut tenir quatre fois.Gabriel a 675 amandes, 9 assiettes et 3 bols.Malheureusement, 2 bols se brisent.Gabriel mange ensuite un cinquième de toutes les amandes.De combien d'assiettes Gabriel a-t-elle besoin pour pouvoir placer toutes les amandes restantes?",14
"Ali place des craquelins sur des bols et des assiettes.Chaque bol peut contenir 40 craquelins tandis que chaque plaque peut tenir deux fois.Ali a 675 craquelins, 8 bols et 5 assiettes.Malheureusement, 2 plaques se cassent.Ali mange ensuite un neuvième de tous les craquelins.De combien de bols a-t-il besoin de plus pour qu'il puisse placer tous les craquelins restants?",1
"Sanjay place les amandes sur des bols et des assiettes.Chaque bol peut contenir 30 amandes tandis que chaque assiette peut tenir trois fois.Sanjay compte 675 amandes, 12 bols et 3 assiettes.Malheureusement, 2 plaques se cassent.Sanjay mange ensuite un neuvième de toutes les amandes.De combien de bols Sanjay a-t-il besoin pour qu'il puisse placer toutes les amandes restantes?",5
"Carlos place des craquelins sur des bols et des tables.Chaque bol peut contenir 20 craquelins tandis que chaque table peut tenir trois fois.Carlos a 525 craquelins, 13 bols et 4 tables.Malheureusement, 2 tables se cassent.Carlos mange ensuite un cinquième de tous les craquelins.De combien de bols Carlos a-t-il besoin pour qu'il puisse placer tous les craquelins restants?",2
"Benjamin place les craquelins sur des bols et des assiettes.Chaque bol peut contenir 21 craquelins tandis que chaque plaque peut tenir deux fois.Benjamin a 720 craquelins, 9 bols et 3 assiettes.Malheureusement, 2 plaques se cassent.Benjamin mange alors un huitième de tous les craquelins.De combien de bols Benjamin a-t-il besoin pour qu'il puisse placer tous les craquelins restants?",19
"Wei place des craquelins sur des bols et des assiettes.Chaque bol peut contenir 25 craquelins tandis que chaque plaque peut tenir quatre fois.Wei a 630 craquelins, 12 bols et 3 assiettes.Malheureusement, 2 plaques se cassent.Wei mange ensuite un sixième de tous les craquelins.De combien de bols ont-ils besoin pour les wei pour pouvoir placer tous les craquelins restants?",5
"Carlos place les amandes sur des bols et des tables.Chaque bol peut contenir 24 amandes tandis que chaque table peut en tenir trois fois.Carlos a 720 amandes, 7 bols et 3 tables.Malheureusement, 2 tables se cassent.Carlos mange ensuite un cinquième de toutes les amandes.De combien de bols Carlos a-t-il besoin pour qu'il puisse placer toutes les amandes restantes?",14
"Arash place les craquelins sur les tables et les assiettes.Chaque table peut contenir 25 craquelins tandis que chaque plaque peut tenir six fois.Arash a 600 craquelins, 11 tables et 3 plaques.Malheureusement, 2 plaques se cassent.Arash mange ensuite un quart de tous les craquelins.De combien de tables a-t-elle besoin pour Arash afin qu'il puisse placer tous les craquelins restants?",1
"Thiago place les biscuits sur les bols et les tables.Chaque bol peut contenir 20 biscuits tandis que chaque table peut tenir deux fois.Thiago a 600 biscuits, 17 bols et 5 tables.Malheureusement, 2 tables se cassent.Thiago mange ensuite un cinquième de tous les cookies.De combien de bols thiago a-t-il besoin pour qu'il puisse placer tous les biscuits restants?",1
"Yuki place les olives sur les assiettes et les bols.Chaque plaque peut contenir 24 olives tandis que chaque bol peut tenir deux fois.Yuki a 720 olives, 11 assiettes et 3 bols.Malheureusement, 2 bols se brisent.Yuki mange ensuite les deux cinquièmes de toutes les olives.De combien de plaques Yuki a-t-elle besoin pour qu'il puisse placer toutes les olives restantes?",5
"Faisal regarde la télévision après avoir terminé ses devoirs tous les soirs.Mercredi et jeudi, il a regardé chaque soir des épisodes de 4 heures de son émission préférée.Vendredi, il a regardé quelques épisodes d'une émission de 30 minutes.Samedi, il a terminé ses devoirs tôt et a regardé un épisode de 5 heures et une émission de 15 minutes.Dimanche, il a pu rester debout tard, alors il a regardé quatre épisodes de 3 heures.Lundi, il a regardé trois épisodes, chacun 45 minutes.S'il regardait 28 heures de télévision en tout, combien d'épisodes de 30 minutes a-t-il regardé vendredi?",1
"Liam regarde la télévision après avoir terminé ses devoirs tous les soirs.Le samedi et le dimanche, il a regardé chaque soir des épisodes de 5 heures de son émission préférée.Lundi, il a regardé quelques épisodes d'une émission de 30 minutes.Mardi, il a terminé ses devoirs tôt et a regardé un épisode de 4 heures et une émission de 60 minutes.Mercredi, il a pu rester debout tard, alors il a regardé trois épisodes de 3 heures.Jeudi, il a regardé cinq épisodes, chacun 30 minutes.S'il regardait 28 heures de télévision en tout, combien d'épisodes de 30 minutes a-t-il regardé lundi?",3
"Thiago regarde la télévision après avoir terminé ses devoirs tous les soirs.Mardi et mercredi, il a regardé chaque soir des épisodes de 5 heures de son émission préférée.Jeudi, il a regardé quelques épisodes d'une émission de 30 minutes.Vendredi, il a terminé ses devoirs tôt et a regardé un épisode de 5 heures et une émission de 30 minutes.Samedi, il a pu rester debout tard, alors il a regardé trois épisodes de 4 heures.Dimanche, il a regardé deux épisodes, toutes les 15 minutes.S'il regardait 31 heures de télévision en tout, combien d'épisodes de 30 minutes a-t-il regardé jeudi?",6
"Arash regarde la télévision après avoir terminé ses devoirs tous les soirs.Dimanche et lundi, il a regardé chaque soir des épisodes de 4 heures de son émission préférée.Mardi, il a regardé quelques épisodes d'une émission de 45 minutes.Mercredi, il a terminé ses devoirs tôt et a regardé un épisode de 2 heures et une émission de 15 minutes.Jeudi, il a pu rester debout tard, alors il a regardé cinq épisodes de 2 heures.Vendredi, il a regardé quatre épisodes, toutes les 30 minutes.S'il regardait 26 heures de télévision en tout, combien d'épisodes de 45 minutes a-t-il regardé mardi?",5
"Leon regarde la télévision après avoir terminé ses devoirs tous les soirs.Dimanche et lundi, il a regardé chaque soir des épisodes de 4 heures de son émission préférée.Mardi, il a regardé quelques épisodes d'une émission de 30 minutes.Mercredi, il a terminé ses devoirs tôt et a regardé un épisode de 2 heures et une émission de 60 minutes.Jeudi, il a pu rester debout tard, alors il a regardé trois épisodes de 3 heures.Vendredi, il a regardé trois épisodes, toutes les 30 minutes.S'il regardait 24 heures de télévision en tout, combien d'épisodes de 30 minutes a-t-il regardé mardi?",5
"Bodhi regarde la télévision après avoir terminé ses devoirs tous les soirs.Mercredi et jeudi, il a regardé chaque soir des épisodes de 3 heures de son émission préférée.Vendredi, il a regardé quelques épisodes d'une émission de 60 minutes.Samedi, il a terminé ses devoirs tôt et a regardé un épisode de 5 heures et une émission de 60 minutes.Dimanche, il a pu rester debout tard, alors il a regardé quatre épisodes de 4 heures.Lundi, il a regardé quatre épisodes, toutes les 30 minutes.S'il regardait 31 heures de télévision en tout, combien d'épisodes de 60 minutes a-t-il regardé vendredi?",1
"James regarde la télévision après avoir terminé ses devoirs tous les soirs.Mardi et mercredi, il a regardé chaque soir des épisodes de 4 heures de son émission préférée.Jeudi, il a regardé quelques épisodes d'une émission de 15 minutes.Vendredi, il a terminé ses devoirs tôt et a regardé un épisode de 4 heures et une émission de 15 minutes.Samedi, il a pu rester debout tard, alors il a regardé quatre épisodes de 4 heures.Dimanche, il a regardé trois épisodes, chacun 45 minutes.S'il regardait 31 heures de télévision en tout, combien d'épisodes de 15 minutes a-t-il regardé jeudi?",2
"Alejandro regarde la télévision après avoir terminé ses devoirs tous les soirs.Lundi et mardi, il a regardé chaque soir des épisodes de 4 heures de son émission préférée.Mercredi, il a regardé quelques épisodes d'une émission de 45 minutes.Jeudi, il a terminé ses devoirs tôt et a regardé un épisode de 4 heures et une émission de 15 minutes.Vendredi, il a pu rester debout tard, alors il a regardé quatre épisodes de 3 heures.Samedi, il a regardé trois épisodes, chacun 45 minutes.S'il regardait 31 heures de télévision en tout, combien d'épisodes de 45 minutes a-t-il regardé mercredi?",6
"Mateo regarde la télévision après avoir terminé ses devoirs tous les soirs.Dimanche et lundi, il a regardé chaque soir des épisodes de 3 heures de son émission préférée.Mardi, il a regardé quelques épisodes d'une émission de 60 minutes.Mercredi, il a terminé ses devoirs tôt et a regardé un épisode de 5 heures et une émission de 30 minutes.Jeudi, il a pu rester debout tard, alors il a regardé deux épisodes de 5 heures.Vendredi, il a regardé deux épisodes, toutes les 15 minutes.S'il regardait 29 heures de télévision en tout, combien d'épisodes de 60 minutes a-t-il regardé mardi?",7
"Qasim regarde la télévision après avoir terminé ses devoirs tous les soirs.Mercredi et jeudi, il a regardé chaque soir des épisodes de 3 heures de son émission préférée.Vendredi, il a regardé quelques épisodes d'une émission de 60 minutes.Samedi, il a terminé ses devoirs tôt et a regardé un épisode de 2 heures et une émission de 15 minutes.Dimanche, il a pu rester debout tard, alors il a regardé quatre épisodes de 3 heures.Lundi, il a regardé trois épisodes, toutes les 15 minutes.S'il regardait 28 heures de télévision en tout, combien d'épisodes de 60 minutes a-t-il regardé vendredi?",7
"Ravi, Pavel est actuellement à 22 ans d'intervalle d'âge.Ravi et Leilani sont actuellement à 10 ans d'intervalle.Ravi, qui est plus jeune que Pavel mais plus âgé que Leilani, aura 47 ans en 8 ans.Quelle est la plus jeune Leilani que l'âge moyen des trois?",14
"Chen, Theo est actuellement à 10 ans d'intervalle d'âge.Chen et Tara sont actuellement à 7 ans d'intervalle.Chen, qui est plus jeune que Theo mais plus âgé que Tara, aura 60 ans dans 7 ans.À quel point Tara est plus jeune que l'âge moyen des trois?",8
"Benjamin, Luca est actuellement à 29 ans d'intervalle.Benjamin et Sofia sont actuellement à 17 ans d'intervalle.Benjamin, qui est plus jeune que Luca mais plus âgé que Sofia, aura 27 ans sur 4 ans.À quel point Sofia est-il plus jeune que l'âge moyen des trois?",21
"Sakura, Arash est actuellement à 29 ans d'intervalle.Sakura et Tara sont actuellement à 11 ans d'intervalle.Sakura, qui est plus jeune qu'Arash mais plus âgée que Tara, aura 66 ans dans 5 ans.À quel point Tara est plus jeune que l'âge moyen des trois?",17
"Luca, Liam est actuellement à 19 ans d'intervalle.Luca et Pavel sont actuellement à 10 ans d'intervalle.Luca, qui est plus jeune que Liam mais plus âgée que Pavel, aura 59 ans en 6 ans.À quel point le pavel est plus jeune que l'âge moyen des trois?",13
"Sophia, Ibrahim est actuellement à 27 ans d'intervalle.Sophia et Theo sont actuellement à 15 ans d'intervalle.Sophia, qui est plus jeune qu'Ibrahim mais plus âgée que Theo, aura 35 ans en 10 ans.À quel point est-il plus jeune que l'âge moyen des trois?",19
"Olivia, Bodhi est actuellement à 24 ans d'intervalle.Olivia et Keisha sont actuellement à 15 ans d'intervalle.Olivia, qui est plus jeune que Bodhi mais plus âgée que Keisha, aura 42 ans en 7 ans.À quel point Keisha est plus jeune que l'âge moyen des trois?",18
"Diego, Oscar, est actuellement à 19 ans d'intervalle.Diego et Leon sont actuellement à 10 ans d'intervalle.Diego, qui est plus jeune qu'Oscar mais plus âgé que Leon, aura 36 ans en 9 ans.À quel point Leon est-il plus jeune que l'âge moyen des trois?",13
"Esteban, Oliver est actuellement à 16 ans d'intervalle.Esteban et Yuki sont actuellement à 13 ans d'intervalle.Esteban, qui est plus jeune qu'Oliver mais plus âgé que Yuki, aura 70 ans en 6 ans.À quel point Yuki est-il plus jeune que l'âge moyen des trois?",14
"Yuki, Andre sont actuellement à 17 ans d'intervalle.Yuki et Diego sont actuellement à 8 ans d'intervalle.Yuki, qui est plus jeune qu'André mais plus âgé que Diego, aura 43 ans en 6 ans.À quel point Diego est plus jeune que l'âge moyen des trois?",11
"Wei vend des cupcakes et des tartes aux prunes pour une collecte de fonds.Lundi, il a vendu 28 boîtes de cupcake et 19 boîtes de tarte à prune que mardi.Mardi, il a vendu 14 autres boîtes de cupcakes que le lundi et 27 boîtes de tarte à prune.Mercredi, il a vendu autant qu'il l'a fait au cours des deux derniers jours combinés.Si le cupcake a coûté 11 $ et que la tarte aux prunes a coûté 23 $, quel a été les gains quotidiens moyens de Wei?",1050
"Benjamin vend des cupcakes et des tartes à l'ananas pour une collecte de fonds.Mercredi, il a vendu 27 boîtes de cupcake et 18 boîtes de tarte à l'ananas de moins que jeudi.Jeudi, il a vendu 12 autres boîtes de cupcakes que le mercredi et 27 boîtes de tarte à l'ananas.Vendredi, il a vendu autant qu'il l'a fait au cours des deux derniers jours combinés.Si le cupcake a coûté 8 ¥ et que la tarte à l'ananas a coûté 22 ¥, quel a été les gains quotidiens moyens de Benjamin?",880
"Umar vend des muffins et des tartes à l'abricot pour une collecte de fonds.Jeudi, il a vendu 28 boîtes de muffins et 13 boîtes de tarte d'abricot que vendredi.Vendredi, il a vendu 13 autres boîtes de muffins que le jeudi et 21 boîtes de tarte à l'abricot.Samedi, il a vendu autant qu'il l'a fait au cours des deux derniers jours combinés.Si le muffin a coûté 11 $ et que la tarte abricot a coûté 30 $, quel a été le gain quotidien moyen d'Umar?",1086
"Tariq vend des brownies et des tartes à l'abricot pour une collecte de fonds.Jeudi, il a vendu 25 boîtes de brownie et 12 boîtes de tarte d'abricot que vendredi.Vendredi, il a vendu 14 boîtes de brownies supplémentaires que le jeudi et 24 boîtes de tarte à l'apricot.Samedi, il a vendu autant qu'il l'a fait au cours des deux derniers jours combinés.Si le brownie coûte 9 et le tarte à l'abricot coûte 20 ₣ ₣ ₣ ₣ ₣ ₣ ₣ ₣ ₣ ₣ ₣ ₣ ₣ ₣ ₣ ₣ ₣ ₣ ₣, quel a été le gain quotidien moyen de Tariq?",864
"Ali vend des muffins et des tartes à l'orange pour une collecte de fonds.Mardi, il a vendu 22 boîtes de muffin et 13 boîtes de tarte orange de moins que mercredi.Mercredi, il a vendu 13 autres boîtes de muffins que le mardi et 23 boîtes d'Orange Pie.Jeudi, il a vendu autant qu'il l'a fait au cours des deux derniers jours combinés.Si le muffin coûte 9 € et que la tarte orange coûte 32 €, quel a été le gain quotidien moyen d'Ali?",1046
"Thiago vend des cookies et des tartes à l'abricot pour une collecte de fonds.Mardi, il a vendu 26 boîtes de biscuits et 19 boîtes de tarte à l'abricot que mercredi.Mercredi, il a vendu 14 autres boîtes de cookies que le mardi et 24 boîtes de tarte à l'apricot.Jeudi, il a vendu autant qu'il l'a fait au cours des deux derniers jours combinés.Si le biscuit coûte 11 ₣ ₣ ₣ ₣ ₣ ₣ ₣ ₣ ₣ ₣ ₣ ₣ ₣ ₣ ₣ ₣ ₣ ₣ ₣ ₣ ₣ ₣ ₣ ₣ ₣ ₣ ₣ ₣ ₣ ₣ ₣ ₣ ₣ ₣ ₣ tarte tars coûte ₣ ₣ ₣ ₣ ₣ ₣ ₣ ₣ ₣ ₣ ₣ ₣ ₣ ₣ ₣ ₣ ₣ ₣ ₣ ₣ ₣ ₣ ₣ ₣, quel a été le gain quotidien moyen de Thiago?",948
"Carlos vend des cupcakes et des tartes à l'abricot pour une collecte de fonds.Jeudi, il a vendu 24 boîtes de cupcake et 19 boîtes de tarte d'abricot que vendredi.Vendredi, il a vendu 12 autres boîtes de cupcakes que le jeudi et 29 boîtes de tarte à l'abricot.Samedi, il a vendu autant qu'il l'a fait au cours des deux derniers jours combinés.Si le cupcake a coûté 8 ¥ et que la tarte abricot a coûté 21 ¥, quel a été les gains quotidiens moyens de Carlos?",866
"Viktor vend des biscuits et des tartes à la pastèque pour une collecte de fonds.Mardi, il a vendu 22 boîtes de biscuits et 14 boîtes de tarte à la pastèque que mercredi que mercredi.Mercredi, il a vendu 14 boîtes de cookies supplémentaires que le mardi et 23 boîtes de tarte à la pastèque.Jeudi, il a vendu autant qu'il l'a fait au cours des deux derniers jours combinés.Si le biscuit coûte 10 ₣ ₣ ₣ ₣ ₣ ₣ ₣ ₣ ₣ ₣ ₣ ₣ ₣ ₣ ₣ ₣ ₣ ₣ ₣ ₣ ₣ ₣ ₣ ₣ ₣ ₣ ₣ ₣ ₣ ₣ ₣ ₣ ₣ ₣ ₣ ₣ ₣ ₣ ₣ ₣ tarte tarte coûte 22, quel a été le gain quotidien moyen de Viktor?",856
"Gabriel vend des muffins et des tartes aux prunes pour une collecte de fonds.Dimanche, il a vendu 28 boîtes de muffins et 11 boîtes de tarte à prune, plus que lundi.Lundi, il a vendu 14 autres boîtes de muffins que le dimanche et 22 boîtes de tarte à prune.Mardi, il a vendu autant qu'il l'a fait au cours des deux derniers jours combinés.Si le muffin a coûté 12 $ et que la tarte aux prunes a coûté 22 $, quel a été les gains quotidiens moyens de Gabriel?",1044
"Viktor vend des muffins et des tartes à l'ananas pour une collecte de fonds.Dimanche, il a vendu 24 boîtes de muffin et 15 boîtes de tarte à l'ananas de moins que lundi.Lundi, il a vendu 12 autres boîtes de muffins que le dimanche et 27 boîtes de tarte à l'ananas.Mardi, il a vendu autant qu'il l'a fait au cours des deux derniers jours combinés.Si le muffin coûte ₺12 et le coût de la tarte à l'ananas 23, quel a été le gain quotidien moyen de Viktor?",1078
"Diego a 21 ans.En 5 ans, son cousin Priya sera 2 fois plus vieux que Diego maintenant.Le frère de Diego, Qasim, a 9 ans de moins que Diego, et Priya sœur Mia a 10 ans de plus que Qasim.Quelle sera la moyenne des quatre en 4 ans?",27
"Oliver a 15 ans.En 8 ans, sa cousine Olivia sera 3 fois plus ancienne qu'Oliver l'est maintenant.Le frère d'Oliver, Gabriel, a 11 ans de moins qu'Oliver, et Olivia Sœur Fatima a 8 ans de plus que Gabriel.Quelle sera la moyenne des quatre en 5 ans?",22
"Kai a 22 ans.En 5 ans, son cousin Uma sera 4 fois plus vieux que Kai.Le frère de Kai, Jamal, a 6 ans de moins que Kai, et la sœur Uma Rania a 11 ans de plus que Jamal.Quelle sera la moyenne des quatre en 4 ans?",41
"Carlos a 14 ans.En 8 ans, son cousin Yara sera 4 fois plus vieux que Carlos.Le frère de Carlos, Jin, a 11 ans de moins que Carlos, et la sœur de Yara Mia a 8 ans de plus que Jin.Quelle sera la moyenne des quatre en 6 ans?",25
"Oscar a 15 ans.En 9 ans, son cousin Zahra sera 3 fois plus vieux qu'Oscar.Le frère d'Oscar, Oliver, a 12 ans de moins qu'Oscar, et la sœur de Zahra Emma a 11 ans de plus qu'Oliver.Quelle sera la moyenne des quatre en 3 ans?",20
"Theo a 20 ans.En 7 ans, son cousin Yara sera 2 fois plus vieux que Theo l'est maintenant.Le frère de Theo, Oscar, a 7 ans de moins que Theo, et la sœur de Yara Tara a 9 ans de plus qu'Oscar.Quelle sera la moyenne des quatre en 6 ans?",28
"Oliver a 12 ans.En 9 ans, son cousin Ananya sera 3 fois plus vieux qu'Oliver.Le frère d'Oliver, Kai, a 9 ans de moins qu'Oliver, et Ananya Sœur Kimia a 7 ans de plus que Kai.Quelle sera la moyenne des quatre en 4 ans?",17
"Deshawn a 23 ans.En 8 ans, son cousin Ananya sera 4 fois plus vieux que Deshawn.Le frère de Deshawn, Diego, a 9 ans de moins que Deshawn, et Ananya Sister Sophia a 9 ans de plus que Diego.Quelle sera la moyenne des quatre en 2 ans?",38
"Bodhi a 21 ans.En 8 ans, sa cousine Valentina sera 3 fois plus ancienne que Bodhi.Le frère de Bodhi, Qasim, a 9 ans de moins que Bodhi, et la sœur de Valentina Beatriz a 8 ans de plus que Qasim.Quelle sera la moyenne des quatre en 2 ans?",29
"Qasim a 15 ans.En 2 ans, sa cousine Elena sera 3 fois plus ancienne que Qasim l'est maintenant.Le frère de Qasim, Liam, a 9 ans de moins que Qasim, et la sœur Elena Sophia a 10 ans de plus que Liam.Quelle sera la moyenne des quatre en 5 ans?",25
"Lorsque Sofia regarde son frère, elle sort une variété de jouets pour lui.Le sac de blocs de construction contient 33 blocs.La poubelle des animaux en peluche a 5 animaux en peluche à l'intérieur.Le nombre de chiffres d'action dans le pack de figurines d'action est le double du nombre de blocs et d'animaux en peluche combinés.La boîte de crayon a 12 couleurs différentes de crayon, et le livre des autocollants a 9 pages, chacune avec 13 autocollants.La tour des anneaux d'empilement a 28 anneaux multicolores.Sofia a récemment acheté un tube de balles rebondissantes, apportant son nombre total d'articles pour son frère jusqu'à 320. Combien de balles gonflables sont venues dans le tube?",49
"Lorsque Nadia la regarde, elle sort une variété de jouets pour lui.Le sac de blocs de construction contient 36 blocs.La poubelle des animaux en peluche a 8 animaux en peluche à l'intérieur.Le nombre de chiffres d'action dans le pack de figurines d'action est le double du nombre de blocs et d'animaux en peluche combinés.La boîte de crayon a 12 couleurs différentes de crayon, et le livre des autocollants a 9 pages, chacune avec 12 autocollants.La tour des anneaux d'empilement a 30 anneaux multicolores dessus.Nadia a récemment acheté un tube de balles rebondissantes, portant son nombre total d'articles pour son cousin jusqu'à 330. Combien de balles gonflables sont venues dans le tube?",48
"Lorsque Nia regarde son cousin, elle sort une variété de jouets pour lui.Le sac de blocs de construction contient 36 blocs.La poubelle des animaux en peluche a 8 animaux en peluche à l'intérieur.Le nombre de chiffres d'action dans le pack de figurines d'action est le double du nombre de blocs et d'animaux en peluche combinés.La boîte de crayon a 12 couleurs différentes de crayon, et le livre des autocollants a 9 pages, chacune avec 11 autocollants.La tour des anneaux d'empilement a 26 anneaux multicolores.Nia a récemment acheté un tube de balles rebondissantes, portant son nombre total d'articles pour son cousin jusqu'à 310. Combien de balles rebondissantes sont venues dans le tube?",41
"Lorsque Kayla regarde son frère, elle sort une variété de jouets pour lui.Le sac de blocs de construction contient 32 blocs.La poubelle des animaux en peluche a 5 animaux en peluche à l'intérieur.Le nombre de chiffres d'action dans le pack de figurines d'action est le double du nombre de blocs et d'animaux en peluche combinés.La boîte de crayon a 12 couleurs différentes de crayon, et le livre des autocollants a 6 pages, chacune avec 11 autocollants.La tour des anneaux d'empilement a 32 anneaux multicolores dessus.Kayla a récemment acheté un tube de balles rebondissantes, apportant son nombre total d'articles pour son frère jusqu'à 270. Combien de balles gonflables sont venues dans le tube?",49
"Lorsque Xena regarde son cousin, elle sort une variété de jouets pour lui.Le sac de blocs de construction contient 33 blocs.La poubelle des animaux en peluche a 8 animaux en peluche à l'intérieur.Le nombre de chiffres d'action dans le pack de figurines d'action est le double du nombre de blocs et d'animaux en peluche combinés.La boîte de crayon a 12 couleurs différentes de crayon, et le livre des autocollants a 7 pages, chacune avec 12 autocollants.La tour des anneaux d'empilement a 26 anneaux multicolores.Xena a récemment acheté un tube de balles rebondissantes, portant son nombre total d'articles pour son cousin jusqu'à 300. Combien de balles rebondissantes sont venues dans le tube?",55
"Lorsque Mia regarde son frère, elle sort une variété de jouets pour lui.Le sac de blocs de construction contient 42 blocs.La poubelle des animaux en peluche a 5 animaux en peluche à l'intérieur.Le nombre de chiffres d'action dans le pack de figurines d'action est le double du nombre de blocs et d'animaux en peluche combinés.La boîte de crayon a 12 couleurs différentes de crayon, et le livre des autocollants a 6 pages, chacune avec 9 autocollants.La tour des anneaux d'empilement a 34 anneaux multicolores dessus.Mia a récemment acheté un tube de balles rebondissantes, apportant son nombre total d'articles pour son frère jusqu'à 290. Combien de balles gonflables sont venues dans le tube?",49
"Lorsque Chen regarde son neveu, elle sort une variété de jouets pour lui.Le sac de blocs de construction contient 32 blocs.La poubelle des animaux en peluche a 6 animaux en peluche à l'intérieur.Le nombre de chiffres d'action dans le pack de figurines d'action est le double du nombre de blocs et d'animaux en peluche combinés.La boîte de crayon a 12 couleurs différentes de crayon, et le livre des autocollants a 8 pages, chacune avec 13 autocollants.La tour des anneaux d'empilement a 28 anneaux multicolores.Chen a récemment acheté un tube de balles rebondissantes, apportant son nombre total d'articles pour son neveu jusqu'à 300. Combien de balles rebondissantes sont venues dans le tube?",42
"Lorsque Haruka regarde son frère, elle sort une variété de jouets pour lui.Le sac de blocs de construction contient 34 blocs.La poubelle des animaux en peluche a 8 animaux en peluche à l'intérieur.Le nombre de chiffres d'action dans le pack de figurines d'action est le double du nombre de blocs et d'animaux en peluche combinés.La boîte de crayon a 12 couleurs différentes de crayon, et le livre des autocollants a 9 pages, chacune avec 9 autocollants.La tour des anneaux d'empilement a 26 anneaux multicolores.Haruka a récemment acheté un tube de balles rebondissantes, apportant son nombre total d'articles pour son frère jusqu'à 300. Combien de balles rebondissantes sont venues dans le tube?",55
"Lorsque Yara regarde son neveu, elle sort une variété de jouets pour lui.Le sac de blocs de construction contient 35 blocs.La poubelle des animaux en peluche a 9 animaux en peluche à l'intérieur.Le nombre de chiffres d'action dans le pack de figurines d'action est le double du nombre de blocs et d'animaux en peluche combinés.La boîte de crayon a 12 couleurs différentes de crayon, et le livre des autocollants a 7 pages, chacune avec 13 autocollants.La tour des anneaux d'empilement a 31 anneaux multicolores dessus.Yara a récemment acheté un tube de balles rebondissantes, apportant son nombre total d'articles pour son neveu jusqu'à 340. Combien de balles gonflables sont venues dans le tube?",74
"Lorsque Tara regarde son neveu, elle sort une variété de jouets pour lui.Le sac de blocs de construction contient 38 blocs.La poubelle des animaux en peluche a 5 animaux en peluche à l'intérieur.Le nombre de chiffres d'action dans le pack de figurines d'action est le double du nombre de blocs et d'animaux en peluche combinés.La boîte de crayon a 12 couleurs différentes de crayon, et le livre des autocollants a 7 pages, chacune avec 11 autocollants.La tour des anneaux d'empilement a 30 anneaux multicolores dessus.Tara a récemment acheté un tube de balles rebondissantes, apportant son nombre total d'articles pour son neveu jusqu'à 290. Combien de balles rebondissantes sont venues dans le tube?",42
"Un oncle mange 16 pizzas par jour, son conjoint mange 16 pizzas par jour, et leur petit-enfant mange la moitié du nombre combiné de pizzas qu'ils mangent par jour.Après un mois, la famille décide de suivre un régime au cours du deuxième mois, réduisant sa consommation alimentaire de 25% pour la première moitié du mois, puis de 50% supplémentaires pour la seconde moitié.Combien de pizzas cette famille mange-t-elle en deux mois?",2250
"Un oncle mange 24 hamburgers par jour, son conjoint mange 24 hamburgers par jour, et leur petit-enfant mange la moitié du nombre combiné de hamburgers qu'ils mangent par jour.Après un mois, la famille décide de suivre un régime au cours du deuxième mois, réduisant sa consommation alimentaire de 75% pour la première moitié du mois, puis de 50% supplémentaires pour la seconde moitié.Combien de hamburgers cette famille mange-t-elle en deux mois?",2565
"Un père mange 5 burritos par jour, sa femme mange 25 burritos par jour, et sa fille mange un tiers du nombre combiné de burritos qu'ils mangent par jour.Après un mois, la famille décide de suivre un régime au cours du deuxième mois, réduisant sa consommation alimentaire de 60% pour la première moitié du mois, puis de 50% supplémentaires pour la seconde moitié.Combien de burritos cette famille mange-t-elle en deux mois?",1560
"Un grand-père mange 10 rouleaux de sushi par jour, son partenaire mange 15 rouleaux de sushi par jour, et leur fils mange les quatre cinquièmes du nombre combiné de rouleaux de sushi qu'ils mangent par jour.Après un mois, la famille décide de suivre un régime au cours du deuxième mois, réduisant sa consommation alimentaire de 20% pour la première moitié du mois, puis de 25% supplémentaire pour la seconde moitié.Combien de rouleaux de sushi mange-t-il dans deux mois?",2295
"Un père mange 20 pizzas par jour, sa femme mange 5 pizzas par jour, et sa fille mange un cinquième du nombre combiné de pizzas qu'ils mangent par jour.Après un mois, la famille décide de suivre un régime au cours du deuxième mois, réduisant sa consommation alimentaire de 20% pour la première moitié du mois, puis de 75% supplémentaires pour la seconde moitié.Combien de pizzas cette famille mange-t-elle en deux mois?",1350
"Un père mange 25 hamburgers par jour, sa femme mange 20 hamburgers par jour, et leur fille mange les deux tiers du nombre combiné de hamburgers qu'ils mangent par jour.Après un mois, la famille décide de suivre un régime au cours du deuxième mois, réduisant sa consommation alimentaire de 20% pour la première moitié du mois, puis de 25% supplémentaire pour la seconde moitié.Combien de hamburgers cette famille mange-t-elle en deux mois?",3825
"Un oncle mange 20 rouleaux de sushi par jour, son conjoint mange 10 rouleaux de sushi par jour, et leur petit-enfant mange deux sixième du nombre combiné de rouleaux de sushi qu'ils mangent par jour.Après un mois, la famille décide de suivre un régime au cours du deuxième mois, réduisant sa consommation alimentaire de 60% pour la première moitié du mois, puis de 75% supplémentaires pour la seconde moitié.Combien de rouleaux de sushi mange-t-il dans deux mois?",1500
"Un oncle mange 10 burritos par jour, son conjoint mange 20 burritos par jour, et leur petit-enfant mange trois six ans du nombre combiné de burritos qu'ils mangent par jour.Après un mois, la famille décide de suivre un régime au cours du deuxième mois, réduisant sa consommation alimentaire de 20% pour la première moitié du mois, puis de 75% supplémentaires pour la seconde moitié.Combien de burritos cette famille mange-t-elle en deux mois?",2025
"Un grand-père mange 20 hamburgers par jour, son partenaire mange 20 hamburgers par jour, et leur fils mange trois sixième du nombre combiné de hamburgers qu'ils mangent par jour.Après un mois, la famille décide de suivre un régime au cours du deuxième mois, réduisant sa consommation alimentaire de 25% pour la première moitié du mois, puis de 20% supplémentaires pour la seconde moitié.Combien de hamburgers cette famille mange-t-elle en deux mois?",3015
"Un grand-père mange 10 tacos par jour, son partenaire mange 20 tacos par jour, et leur fils mange la moitié du nombre combiné de tacos qu'ils mangent par jour.Après un mois, la famille décide de suivre un régime au cours du deuxième mois, réduisant sa consommation alimentaire de 60% pour la première moitié du mois, puis de 50% supplémentaires pour la seconde moitié.Combien de tacos cette famille mange-t-elle en deux mois?",1755
"Kimia a un parterre de fleurs de 126 pieds de long.Kimia veut remplir son parterre de fleurs de plantes.Les fleurs de Kimia poussent de largeur de 7 pieds de large, elle doit donc laisser 14 pieds entre chaque plante (y compris la largeur des plantes).Kimia possède déjà 6 fleurs.Chaque plante à fleurs coûte ₣ 4 au magasin.Cependant, si elle achète plus de 2 plantes, elle recevra une réduction de 5 ₣ sur l'ensemble de l'achat.Combien d'argent Kimia dépensera-t-il au magasin pour remplir son parterre de fleurs?",7
"Gabrielle a un parterre de fleurs de 150 mètres de long.Gabrielle veut remplir son parterre de fleurs de plantes.Les fleurs de Gabrielle poussent 3 mètres de large, elle doit donc laisser 15 mètres entre chaque plante (y compris la largeur des plantes).Gabrielle possède déjà 7 fleurs.Chaque plante à fleurs coûte 3 $ au magasin.Cependant, si elle achète plus de 2 plantes, elle recevra une remise de 8 $ sur l'intégralité de l'achat.Combien d'argent Gabrielle dépensera-t-il au magasin pour remplir son parterre de fleurs?",1
"Mei a un parterre de fleurs de 120 mètres de long.Mei veut remplir son parterre de fleurs de plantes.Les fleurs de Mei poussent 4 mètres de large, elle doit donc laisser 12 mètres entre chaque plante (y compris la largeur des plantes).Mei possède déjà 6 fleurs.Chaque plante à fleurs coûte 5 $ au magasin.Cependant, si elle achète plus de 2 plantes, elle recevra une remise de 5 $ sur l'intégralité de l'achat.Combien d'argent mei dépensera-t-il au magasin pour remplir son parterre de fleurs?",15
"Haruka a un parterre de fleurs de 117 mètres de long.Haruka veut remplir son parterre de fleurs de plantes.Les fleurs de Haruka poussent 3 mètres de large, elle doit donc laisser 13 mètres entre chaque plante (y compris la largeur des plantes).Haruka possède déjà 6 fleurs.Chaque plante à fleurs coûte 8 € au magasin.Cependant, si elle achète plus de 2 plantes, elle recevra une remise de 9 € sur l'intégralité de l'achat.Combien d'argent Haruka dépensera-t-il au magasin pour remplir son parterre de fleurs?",15
"Valentina a un parterre de fleurs de 144 pieds de long.Valentina veut remplir son parterre de fleurs de plantes.Les fleurs de Valentina poussent de largement de 7 pieds de large, elle doit donc laisser 18 pieds entre chaque plante (y compris la largeur des plantes).Valentina possède déjà 5 fleurs.Chaque plante à fleurs coûte 5 $ au magasin.Cependant, si elle achète plus de 2 plantes, elle recevra une remise de 8 $ sur l'intégralité de l'achat.Combien d'argent Valentina dépensera-t-il au magasin pour remplir son parterre de fleurs?",7
"Zahra a un parterre de fleurs de 144 pieds de long.Zahra veut remplir son parterre de fleurs de plantes.Les fleurs de Zahra poussent 4 pieds de large, elle doit donc laisser 12 pieds entre chaque plante (y compris la largeur des plantes).Zahra possède déjà 5 fleurs.Chaque usine à fleurs coûte ₣ ₣ ₣ ₣ ₣ ₣ ₣ ₣ ₣ ₣ ₣ ₣ ₣ ₣ ₣ ₣ ₣ ₣ ₣ ₣ ₣ ₣ ₣ ₣ ₣ ₣ ₣ ₣ ₣ ₣ ₣ ₣ ₣ ₣ ₣ ₣ ₣ ₣ ₣ ₣ ₣ ₣ ₣ ₣ ₣ ₣ ₣ ₣ ₣ ₣ ₣ ₣ ₣ ₣ ₣ ₣ ₣ ₣ ₣ ₣ ₣ ₣ ₣ ₣ ₣ ₣ ₣ ₣ au magasin.Cependant, si elle achète plus de 2 plantes, elle recevra une réduction de 5 ₣ sur l'ensemble de l'achat.Combien d'argent Zahra dépensera-t-il au magasin pour remplir son parterre de fleurs?",86
"Isabella a un parterre de fleurs de 143 mètres de long.Isabella veut remplir son parterre de fleurs de plantes.Les fleurs d'Isabella poussent 2 mètres de large, elle doit donc laisser 13 mètres entre chaque plante (y compris la largeur des plantes).Isabella possède déjà 5 fleurs.Chaque usine à fleurs coûte 10 ₣ ₣ ₣ ₣ ₣ ₣ ₣ ₣ ₣ ₣ ₣ ₣ ₣ ₣ ₣ ₣ ₣ ₣ ₣ ₣ ₣ ₣ ₣ ₣ ₣ ₣ ₣ ₣ ₣ ₣ ₣ ₣ ₣ ₣ ₣ ₣ ₣ ₣ ₣ ₣ ₣ ₣ ₣ ₣ ₣ ₣ au magasin.Cependant, si elle achète plus de 2 plantes, elle recevra une réduction de 7 ₣ sur l'ensemble de l'achat.Combien d'argent Isabella dépensera-t-il au magasin pour remplir son parterre de fleurs?",53
"Daphné a un parterre de fleurs de 144 mètres de long.Daphne veut remplir son parterre de fleurs de plantes.Les fleurs de Daphné poussent 2 mètres de large, elle doit donc laisser 12 mètres entre chaque plante (y compris la largeur des plantes).Daphne possède déjà 7 fleurs.Chaque plante à fleurs coûte 3 ¥ au magasin.Cependant, si elle achète plus de 2 plantes, elle recevra une réduction de 9 ¥ sur l'intégralité de l'achat.Combien d'argent Daphne dépensera-t-il au magasin pour remplir son parterre de fleurs?",6
"Sakura a un parterre de fleurs de 120 mètres de long.Sakura veut remplir son parterre de fleurs de plantes.Les fleurs de Sakura poussent une largeur de 7 mètres, elle doit donc laisser 12 mètres entre chaque plante (y compris la largeur des plantes).Sakura possède déjà 7 fleurs.Chaque plante à fleurs coûte ₺9 au magasin.Cependant, si elle achète plus de 2 plantes, elle recevra une remise ₺6 sur l'intégralité de l'achat.Combien d'argent Sakura dépensera-t-il au magasin pour remplir son parterre de fleurs?",21
"Mia a un parterre de fleurs de 128 pieds de long.Mia veut remplir son parterre de fleurs de plantes.Les fleurs de Mia poussent 2 pieds de large, elle doit donc laisser 16 pieds entre chaque plante (y compris la largeur des plantes).Mia possède déjà 5 fleurs.Chaque plante à fleurs coûte 3 ¥ au magasin.Cependant, si elle achète plus de 2 plantes, elle recevra une réduction de 8 ¥ sur l'intégralité de l'achat.Combien d'argent Mia dépensera-t-il au magasin pour remplir son parterre de fleurs?",1
"Andre fait sauter du pop-corn pour une collation.Alors que le pot de grains se réchauffe, les grains commencent à éclater plus vite.80 apparaissent dans les 10 premières secondes de cuisson, puis 4 fois ce montant dans les 10 secondes suivantes.Les grains augmentent à 6 fois le taux de popping initial dans les 10 secondes suivantes.Au cours des 10 dernières secondes, la popping ralentit à la moitié du taux comme les 10 dernières secondes.Après qu'Andre ait retiré le pot du feu, un quart du nombre de grains qui ont éclaté dans les 10 dernières secondes de cuisson éclatent également de la chaleur résiduelle.Andre donne 1/10 du pop-corn fait à son frère Jin.Combien de morceaux de pop-corn André doit-il manger que son frère?",944
"Benjamin fait sauter du pop-corn pour une collation.Alors que la casserole des grains se réchauffe, les grains commencent à éclater plus rapidement.80 éclatent dans les 26 premières secondes de cuisson, puis 2 fois ce montant dans les 26 secondes suivantes.Les grains augmentent à 3 fois le taux de popping initial dans les 26 secondes suivantes.Dans les 26 dernières secondes, le popping ralentit à la moitié du taux comme les 26 dernières secondes.Après que Benjamin ait retiré la casserole du feu, un quart du nombre de grains qui ont sauté dans les 26 dernières secondes de cuisson surgissent également de la chaleur résiduelle.Benjamin donne 1/7 du pop-corn fabriqué à son frère Yusuf.Combien de morceaux de pop-corn Benjamin doit-il manger que son frère?",450
"Oliver fait sauter du pop-corn pour une collation.Alors que la poêle des grains se réchauffe, les grains commencent à éclater plus rapidement.60 éclatent dans les 22 premières secondes de cuisson, puis 3 fois ce montant dans les 22 secondes suivantes.Les grains augmentent à 4 fois le taux de poping initial dans les 22 secondes suivantes.Au cours des 22 dernières secondes, la popping ralentit à la moitié du taux comme les 22 dernières secondes.Après qu'Oliver ait retiré la poêle de la chaleur, un quart du nombre de grains qui ont éclaté dans les 22 dernières secondes de cuisson éclatent également de la chaleur résiduelle.Oliver donne un dixième du pop-corn fabriqué à son frère Thiago.Combien de morceaux de pop-corn Oliver doit-il manger que son frère?",504
"Thiago fait sauter du pop-corn pour une collation.Alors que la poêle des grains se réchauffe, les grains commencent à éclater plus rapidement.40 éclatent dans les 26 premières secondes de cuisson, puis 3 fois ce montant dans les 26 secondes suivantes.Les grains augmentent à 4 fois le taux de popping initial dans les 26 secondes suivantes.Dans les 26 dernières secondes, le popping ralentit à la moitié du taux comme les 26 dernières secondes.Après que Thiago ait retiré la poêle de la chaleur, un quart du nombre de grains qui ont sauté dans les 26 dernières secondes de cuisson surgissent également de la chaleur résiduelle.Thiago donne 1/10 du pop-corn fabriqué à son frère Sanjay.Combien de morceaux de pop-corn Thiago doit-il manger que son frère?",336
"Sanjay fait sauter du pop-corn pour une collation.Alors que la casserole des grains se réchauffe, les grains commencent à éclater plus rapidement.80 éclatent dans les 26 premières secondes de cuisson, puis 4 fois ce montant dans les 26 secondes suivantes.Les grains augmentent à 6 fois le taux de poping initial dans les 26 secondes suivantes.Dans les 26 dernières secondes, le popping ralentit à la moitié du taux comme les 26 dernières secondes.Après que Sanjay ait retiré la casserole du feu, un quart du nombre de grains qui ont éclaté dans les 26 dernières secondes de cuisson éclatent également de la chaleur résiduelle.Sanjay donne 1/5 du pop-corn fait à son frère Noah.Combien de morceaux de pop-corn Sanjay doit-il manger que son frère?",708
"Oscar fait sauter du pop-corn pour une collation.Alors que la casserole des grains se réchauffe, les grains commencent à éclater plus rapidement.80 éclatent dans les 16 premières secondes de cuisson, puis 3 fois ce montant dans les 16 secondes suivantes.Les grains augmentent à 5 fois le taux de popping initial dans les 16 secondes suivantes.Dans les 16 dernières secondes, la popping ralentit à la moitié du taux comme les 16 dernières secondes.Après que Oscar ait retiré la casserole du feu, un quart du nombre de grains qui ont éclaté dans les 16 dernières secondes de cuisson éclatent également de la chaleur résiduelle.Oscar donne les deux cinquièmes du pop-corn fait à son frère Benjamin.Combien de morceaux de pop-corn Oscar doit-il manger que son frère?",194
"Pavel fait sauter du pop-corn pour une collation.Alors que la casserole des grains se réchauffe, les grains commencent à éclater plus rapidement.80 éclatent dans les 12 premières secondes de cuisson, puis 2 fois ce montant dans les 12 secondes suivantes.Les grains augmentent à 6 fois le taux de popping initial dans les 12 prochaines secondes.Au cours des 12 dernières secondes, la popping ralentit à la moitié du taux comme les 12 dernières secondes.Après que Pavel ait retiré la casserole du feu, un quart du nombre de grains qui ont sauté dans les 12 dernières secondes de cuisson éclatent également de la chaleur résiduelle.Pavel donne un sixième du pop-corn fait à son frère Luca.Combien de morceaux de pop-corn Pavel doit-il manger que son frère?",680
"Leon fait sauter du pop-corn pour une collation.Alors que le pot de grains se réchauffe, les grains commencent à éclater plus vite.40 éclatent dans les 26 premières secondes de cuisson, puis 4 fois ce montant dans les 26 secondes suivantes.Les grains augmentent à 5 fois le taux de popping initial dans les 26 secondes suivantes.Dans les 26 dernières secondes, le popping ralentit à la moitié du taux comme les 26 dernières secondes.Après que Leon ait retiré le pot de la chaleur, un quart du nombre de grains qui ont sauté dans les 26 dernières secondes de cuisson éclatent également de la chaleur résiduelle.Leon donne les deux cinquièmes du pop-corn fait à son frère Noah.Combien de morceaux de pop-corn Leon doit-il manger que son frère?",105
"Deshawn fait sauter du pop-corn pour une collation.Alors que la casserole des grains se réchauffe, les grains commencent à éclater plus rapidement.100 éclatent dans les 30 premières secondes de cuisson, puis 2 fois ce montant dans les 30 prochaines secondes.Les grains augmentent à 4 fois le taux de popping initial dans les 30 prochaines secondes.Dans les 30 dernières secondes, la popping ralentit à la moitié du taux comme les 30 dernières secondes.Après que Deshawn ait retiré la casserole du feu, un quart du nombre de grains qui ont sauté dans les 30 dernières secondes de cuisson surgissent également de la chaleur résiduelle.Deshawn donne 2/5 du pop-corn fait à son frère Ibrahim.Combien de morceaux de pop-corn de Deshawn doit-il manger que son frère?",190
"Mohammed fait sauter du pop-corn pour une collation.Alors que le pot de grains se réchauffe, les grains commencent à éclater plus vite.20 éclatent dans les 16 premières secondes de cuisson, puis 2 fois ce montant dans les 16 secondes suivantes.Les grains augmentent à 4 fois le taux de popping initial dans les 16 secondes suivantes.Dans les 16 dernières secondes, la popping ralentit à la moitié du taux comme les 16 dernières secondes.Après que Mohammed ait retiré le pot du feu, un quart du nombre de grains qui ont éclaté dans les 16 dernières secondes de cuisson éclatent également de la chaleur résiduelle.Mohammed donne 2/5 du pop-corn fabriqué à son frère Arash.Combien de morceaux de pop-corn Mohammed a-t-il à manger que son frère?",38
"Luca veut faire des glaçons de différentes tailles avec 337 onces d'eau.Il peut faire des cubes géants qui utilisent 14 onces par cube, des cubes moyens qui utilisent 3 onces, de petits cubes qui utilisent la moitié d'une once et de minuscules cubes qui ont la moitié de la taille des petits cubes.Il fabrique 47 glaçons au total, dont 9 cubes géants, 14 petits cubes, 12 cubes moyens et quelques minuscules cubes.Combien d'onces d'eau de Luca a-t-elle laissée?",165
"Deshawn veut faire des glaçons de différentes tailles avec 312 onces d'eau.Il peut faire des cubes géants qui utilisent 15 onces par cube, des cubes moyens qui utilisent 5 onces, de petits cubes qui utilisent la moitié d'une once et de minuscules cubes qui ont la moitié de la taille des petits cubes.Il fabrique 46 glaçons au total, dont 8 cubes géants, 14 petits cubes, 12 cubes moyens et quelques minuscules cubes.Combien d'onces d'eau de DeShawn a-t-elle laissée?",122
"Noah veut faire des glaçons de différentes tailles avec 336 onces d'eau.Il peut faire des cubes géants qui utilisent 15 onces par cube, des cubes moyens qui utilisent 4 onces, de petits cubes qui utilisent la moitié d'une once et de minuscules cubes qui ont la moitié de la taille des petits cubes.Il fabrique 49 glaçons au total, dont 8 cubes géants, 14 petits cubes, 15 cubes moyens et quelques minuscules cubes.Combien d'onces d'eau a-t-elle laissée?",146
"Viktor veut faire des glaçons de différentes tailles avec 313 onces d'eau.Il peut faire des cubes géants qui utilisent 12 onces par cube, des cubes moyens qui utilisent 4 onces, de petits cubes qui utilisent la moitié d'une once et de minuscules cubes qui ont la moitié de la taille des petits cubes.Il fabrique 50 glaçons au total, dont 12 cubes géants, 14 petits cubes, 12 cubes moyens et quelques minuscules cubes.Combien d'onces d'eau de Viktor a-t-elle laissée?",111
"Alejandro veut fabriquer des glaçons de différentes tailles avec 309 onces d'eau.Il peut faire des cubes géants qui utilisent 14 onces par cube, des cubes moyens qui utilisent 6 onces, de petits cubes qui utilisent la moitié d'une once et de minuscules cubes qui ont la moitié de la taille des petits cubes.Il fabrique 50 glaçons au total, dont 9 cubes géants, 14 petits cubes, 15 cubes moyens et quelques minuscules cubes.Combien d'onces d'eau a-t-elle laissé Alejandro?",83
"Oliver veut faire des glaçons de différentes tailles avec 326 onces d'eau.Il peut faire des cubes géants qui utilisent 14 onces par cube, des cubes moyens qui utilisent 4 onces, de petits cubes qui utilisent 2/4 d'une once et de minuscules cubes qui ont la moitié de la taille des petits cubes.Il fabrique 48 glaçons au total, dont 10 cubes géants, 14 petits cubes, 12 cubes moyens et quelques minuscules cubes.Combien d'onces d'eau a-t-elle laissée?",128
"Carlos veut faire des glaçons de différentes tailles avec 318 onces d'eau.Il peut faire des cubes géants qui utilisent 13 onces par cube, des cubes moyens qui utilisent 3 onces, de petits cubes qui utilisent 2/4 d'une once et de minuscules cubes qui ont la moitié de la taille des petits cubes.Il fabrique 47 glaçons au total, dont 9 cubes géants, 14 petits cubes, 12 cubes moyens et quelques minuscules cubes.Combien d'onces d'eau a-t-elle laissé Carlos?",155
"Mateo veut faire des glaçons de différentes tailles avec 322 onces d'eau.Il peut faire des cubes géants qui utilisent 12 onces par cube, des cubes moyens qui utilisent 6 onces, de petits cubes qui utilisent 2/4 d'une once et de minuscules cubes qui ont la moitié de la taille des petits cubes.Il fabrique 48 glaçons au total, dont 10 cubes géants, 14 petits cubes, 12 cubes moyens et quelques minuscules cubes.Combien d'onces d'eau de Mateo a-t-elle laissée?",120
"Alejandro veut faire des glaçons de différentes tailles avec 341 onces d'eau.Il peut faire des cubes géants qui utilisent 13 onces par cube, des cubes moyens qui utilisent 3 onces, de petits cubes qui utilisent la moitié d'une once et de minuscules cubes qui ont la moitié de la taille des petits cubes.Il fabrique 50 glaçons au total, dont 9 cubes géants, 14 petits cubes, 15 cubes moyens et quelques minuscules cubes.Combien d'onces d'eau a-t-elle laissé Alejandro?",169
"Ali veut faire des glaçons de différentes tailles avec 331 onces d'eau.Il peut faire des cubes géants qui utilisent 16 onces par cube, des cubes moyens qui utilisent 4 onces, de petits cubes qui utilisent la moitié d'une once et de minuscules cubes qui ont la moitié de la taille des petits cubes.Il fabrique 48 glaçons au total, dont 10 cubes géants, 14 petits cubes, 12 cubes moyens et quelques minuscules cubes.Combien d'onces d'eau a-t-elle laissée?",113
"Dans un quiz à 100 éléments, 40% des questions sont de la chimie, 20% sont de la géographie et les autres sont également divisés que l'histoire de l'histoire et de l'algèbre.Si Aisha est sûr d'obtenir 25% des questions de géographie, 100% des questions de chimie et un dixième des questions d'histoire et d'algèbre correctement, combien de points est-elle sûre d'obtenir?",49
"Dans un quiz de 80 éléments, 50% des questions sont la chimie, 5% sont la biologie et les autres sont également divisés que les questions de géométrie et de littérature.Si Keisha est sûr d'obtenir 25% des questions de biologie, 70% des questions de chimie et un tiers des questions de géométrie et de littérature correctement, combien de points est-elle sûre d'obtenir?",41
"Dans un quiz de 80 éléments, 55% des questions sont de la physique, 20% sont la géométrie et les autres sont également divisés que les questions de littérature et de géographie.Si Rania est sûr d'obtenir 25% des questions de géométrie, 100% des questions de physique et la moitié des questions de littérature et de géographie correctement, combien de points est-elle sûre d'obtenir?",58
"Dans un quiz de 40 éléments, 50% des questions sont de la chimie, 10% sont des antécédents et les autres sont également divisés que les questions de géographie et de biologie.Si Olga est sûr d'obtenir 25% des questions d'histoire, 85% des questions de chimie et 1/8 des questions de géographie et de biologie correctement, combien de points est-elle sûre d'obtenir?",20
"Dans un quiz de 120 éléments, 5% des questions sont économiques, 20% sont la biologie et les autres sont également divisés que la physique et les questions d'histoire.Si Amelia est sûr d'obtenir 25% des questions de biologie, 100% des questions économiques et 1/3 des questions de physique et d'histoire correctement, combien de points est-elle sûre d'obtenir?",42
"Dans un quiz de 80 éléments, 25% des questions sont de la physique, 15% sont la biologie et les autres sont également divisés que les questions de géographie et de littérature.Si Fatima est sûr d'obtenir 25% des questions de biologie, 40% des questions de physique et un huitième des questions de géographie et de littérature correctement, combien de points est-elle sûre d'obtenir?",17
"Dans un quiz de 120 éléments, 30% des questions sont de la géographie, 20% sont de l'algèbre et les autres sont également divisés que l'histoire de l'histoire et de la chimie.Si Gabrielle est sûr d'obtenir 25% des questions de l'algèbre, 50% des questions de géographie et un dixième des questions d'histoire et de chimie correctement, combien de points est-elle sûre d'obtenir?",30
"Dans un quiz de 80 éléments, 35% des questions sont l'histoire, 15% sont la biologie et les autres sont également divisés que les questions d'algèbre et de géographie.Si Nadia est sûr d'obtenir 25% des questions de biologie, 75% des questions d'histoire et un huitième des questions d'algèbre et de géographie correctement, combien de points est-elle sûre d'obtenir?",29
"Dans un quiz de 80 éléments, 25% des questions sont de la physique, 15% sont la géométrie et les autres sont également divisés que les questions de chimie et de littérature.Si Chen est sûr d'obtenir 25% des questions de géométrie, 75% des questions de physique et 1/8 des questions de chimie et de littérature correctement, combien de points est-elle sûre d'obtenir?",24
"Dans un quiz de 120 éléments, 30% des questions sont économiques, 20% sont de la physique et les autres sont également divisés que les questions de littérature et de biologie.Si Haruka est sûr d'obtenir 25% des questions de physique, 100% des questions économiques et la moitié des questions de littérature et de biologie correctement, combien de points est-elle sûre d'obtenir?",72
"Sakura tricote des vêtements d'hiver pour ses 4 petits-enfants.Ce sont des quadruplés, donc ils sont tous de la même taille.Elle veut faire un gilet, un cardigan, un châle, des gants et des mitaines pour chacun d'eux.Il faut 5 écheveaux de laine pour faire un gilet, 4 pour un cardigan, 10 pour un châle, 12 pour une paire de gants et 9 pour une paire de mitaines.Sakura veut faire deux vestes chaudes pour elle-même, chacune ayant besoin de 4 écheveaux de laine.Chaque douzaine de bières de laine coûtent 9 $.Le magasin a une promotion où les clients reçoivent une remise de 20 $ sur les achats de plus de 100 $.De combien Sakura devrait-elle payer pour tous les écheveaux de laine dont elle a besoin?",106
"Fatima tricote des vêtements d'hiver pour ses 5 petits-enfants.Ce sont des quintuplés, donc ils sont tous de la même taille.Elle veut faire un bonnet, un gilet, un cardigan, des gants et des mitaines pour chacun d'eux.Il faut 4 écheveaux de laine pour faire un bonnet, 6 pour un gilet, 8 pour un cardigan, 12 pour une paire de gants et 10 pour une paire de mitaines.Fatima veut faire deux vestes chaudes pour elle-même, chacune ayant besoin de 8 écheveaux de laine.Chaque douzaine de bières de laine coûtent 8 $.Le magasin a une promotion où les clients reçoivent une remise de 20 $ sur les achats de plus de 100 $.Combien Fatima devrait-il payer pour tous les écheveaux de laine dont elle a besoin?",124
"Valeria tricote des vêtements d'hiver pour ses 4 petits-enfants.Ce sont des quadruplés, donc ils sont tous de la même taille.Elle veut faire une tunique, un chapeau, un châle, des bottines et des gants pour chacun d'eux.Il faut 6 écheveaux de laine pour faire une tunique, 6 pour un chapeau, 12 pour un châle, 12 pour une paire de bottines et 13 pour une paire de gants.Valeria veut faire deux vestes chaudes pour elle-même, chacune ayant besoin de 4 écheveaux de laine.Chaque douzaine de bières de laine coûtent 9 $.Le magasin a une promotion où les clients reçoivent une remise de 20 $ sur les achats de plus de 100 $.De combien Valeria devrait-elle payer pour tous les écheveaux de laine dont elle a besoin?",133
"Valentina tricote des vêtements d'hiver pour ses 5 petits-enfants.Ce sont des quintuplés, donc ils sont tous de la même taille.Elle veut faire un châle, une tunique, un cardigan, des bottines et des gants pour chacun d'eux.Il faut 5 écheveaux de laine pour faire un châle, 3 pour une tunique, 9 pour un cardigan, 10 pour une paire de bottines et 11 pour une paire de gants.Valentina veut faire deux vestes chaudes pour elle-même, chacune ayant besoin de 7 écheveaux de laine.Chaque douzaine de écheveaux de laine coûtent 7 $.Le magasin a une promotion où les clients reçoivent une remise de 20 $ sur les achats de plus de 100 $.De combien Valentina devrait-elle payer pour tous les écheveaux de laine dont elle a besoin?",99
"Uma tricote des vêtements d'hiver pour ses 4 petits-enfants.Ce sont des quadruplés, donc ils sont tous de la même taille.Elle veut faire un châle, un chapeau, un cardigan, des jambières et des chaussettes pour chacun d'eux.Il faut 5 écheveaux de laine pour faire un châle, 3 pour un chapeau, 12 pour un cardigan, 11 pour une paire de jambes et 15 pour une paire de chaussettes.Uma veut faire deux vestes chaudes pour elle-même, chacune nécessitant 10 écheveaux de laine.Chaque douzaine de bières de laine coûtent 9 $.Le magasin a une promotion où les clients reçoivent une remise de 20 $ sur les achats de plus de 100 $.Combien devrait-il payer pour tous les écheveaux de laine dont elle a besoin?",133
"Roya tricote des vêtements d'hiver pour ses 5 petits-enfants.Ce sont des quintuplés, donc ils sont tous de la même taille.Elle veut faire un cardigan, un poncho, un pull, des chaussettes et des mitaines pour chacun d'eux.Il faut 5 écheveaux de laine pour faire un cardigan, 3 pour un poncho, 8 pour un pull, 10 pour une paire de chaussettes et 14 pour une paire de mitaines.Roya veut faire deux vestes chaudes pour elle-même, chacune ayant besoin de 8 écheveaux de laine.Chaque douzaine de bières de laine coûtent 8 $.Le magasin a une promotion où les clients reçoivent une remise de 20 $ sur les achats de plus de 100 $.Combien Roya devrait-il payer pour tous les écheveaux de laine dont elle a besoin?",124
"Gabrielle tricote des vêtements d'hiver pour ses 5 petits-enfants.Ce sont des quintuplés, donc ils sont tous de la même taille.Elle veut faire un poncho, un pull, un chapeau, des mitaines et des jambes pour chacun d'eux.Il faut 6 écheveaux de laine pour faire un poncho, 3 pour un pull, 12 pour un chapeau, 11 pour une paire de mitaines et 12 pour une paire de légendes.Gabrielle veut faire deux vestes chaudes pour elle-même, chacune ayant besoin de 10 écheveaux de laine.Chaque douzaine de écheveaux de laine coûtent 7 $.Le magasin a une promotion où les clients reçoivent une remise de 20 $ sur les achats de plus de 100 $.De combien Gabrielle devrait-elle payer pour tous les écheveaux de la laine dont elle a besoin?",120
"Jasmine tricote des vêtements d'hiver pour ses 5 petits-enfants.Ce sont des quintuplés, donc ils sont tous de la même taille.Elle veut faire un poncho, un cardigan, une tunique, des bottines et des mitaines pour chacun d'eux.Il faut 6 écheveaux de laine pour faire un poncho, 4 pour un cardigan, 10 pour une tunique, 12 pour une paire de bottines et 10 pour une paire de mitaines.Jasmine veut faire deux vestes chaudes pour elle-même, chacune nécessitant 9 écheveaux de laine.Chaque douzaine de bières de laine coûtent 6 $.Le magasin a une promotion où les clients reçoivent une remise de 20 $ sur les achats de plus de 100 $.De combien le jasmin devrait-il payer pour tous les écheveaux de laine dont elle a besoin?",94
"Kayla tricote des vêtements d'hiver pour ses 5 petits-enfants.Ce sont des quintuplés, donc ils sont tous de la même taille.Elle veut faire un poncho, un pull, une tunique, des jambes et des mitaines pour chacun d'eux.Il faut 3 écheveaux de laine pour faire un poncho, 3 pour un pull, 10 pour une tunique, 10 pour une paire de jambières et 10 pour une paire de mitaines.Kayla veut faire deux vestes chaudes pour elle-même, chacune ayant besoin de 6 écheveaux de laine.Chaque douzaine de bières de laine coûtent 8 $.Le magasin a une promotion où les clients reçoivent une remise de 20 $ sur les achats de plus de 100 $.Combien Kayla devrait-il payer pour tous les écheveaux de laine dont elle a besoin?",108
"Tara tricote des vêtements d'hiver pour ses 4 petits-enfants.Ce sont des quadruplés, donc ils sont tous de la même taille.Elle veut faire un bonnet, un cardigan, un châle, des bottines et des gants pour chacun d'eux.Il faut 5 écheveaux de laine pour faire un bonnet, 5 pour un cardigan, 12 pour un châle, 8 pour une paire de bottines et 15 pour une paire de gants.Tara veut faire deux vestes chaudes pour elle-même, chacune nécessitant 6 écheveaux de laine.Chaque douzaine de bières de laine coûtent 8 $.Le magasin a une promotion où les clients reçoivent une remise de 20 $ sur les achats de plus de 100 $.De combien Tara devrait-elle payer pour tous les écheveaux de laine dont elle a besoin?",108
"Dans la classe de 100 élèves de Mme Johnson, 46% de la classe sont des joueurs de football.Sur la classe restante, 50% des étudiants sont des membres du club de robotique ou une partie des danseurs.Ces 3 groupes d'étudiants devront partir tôt aujourd'hui pour se rendre à une compétition à l'extérieur.La moitié des joueurs de football sont absents pour être malades.En outre, 3 pom-pom girls accompagneront chacun de ces groupes.Combien d'étudiants partent tôt au concours?",59
"Dans la classe de Mme Johnson de 150 étudiants, 40% de la classe sont des joueurs de football.Sur la classe restante, 30% des étudiants sont des danseurs ou faisant partie des membres de la chorale.Ces 3 groupes d'étudiants devront partir tôt aujourd'hui pour se rendre à une compétition à l'extérieur.La moitié des joueurs de football sont absents pour être malades.En outre, 3 pom-pom girls accompagneront chacun de ces groupes.Combien d'étudiants partent tôt au concours?",66
"Dans la classe de Mme Garcia de 160 élèves, 50% de la classe sont des nageurs.Sur la classe restante, 35% des étudiants sont des membres de l'équipe débattre ou font partie des danseurs.Ces 3 groupes d'étudiants devront partir tôt aujourd'hui pour se rendre à un tournoi à l'extérieur.La moitié des nageurs sont absents pour être malades.En outre, 3 pom-pom girls accompagneront chacun de ces groupes.Combien d'étudiants partent tôt au tournoi?",77
"Dans la classe de 20 élèves de Mme Johnson, 20% de la classe sont des joueurs de football.Sur la classe restante, 50% des étudiants sont en débat des membres de l'équipe ou des membres de la chorale.Ces 3 groupes d'étudiants devront partir tôt aujourd'hui pour se rendre à une compétition à l'extérieur.La moitié des joueurs de football sont absents pour être malades.En outre, 3 pom-pom girls accompagneront chacun de ces groupes.Combien d'étudiants partent tôt au concours?",19
"Dans la classe de 104 étudiants du Dr Lee, 50% de la classe sont des joueurs de volleyball.Sur la classe restante, 25% des étudiants sont des membres du club de robotique ou des membres de la chorale.Ces 3 groupes d'étudiants devront partir tôt aujourd'hui pour se rendre à une compétition à l'extérieur.La moitié des joueurs de volleyball sont absents pour être malades.En outre, 3 pom-pom girls accompagneront chacun de ces groupes.Combien d'étudiants partent tôt au concours?",48
"Dans la classe de 80 étudiants de M. Smith, 20% de la classe sont des joueurs de basket-ball.Sur la classe restante, 50% des étudiants sont des danseurs ou faisant partie des membres de l'équipe de débat.Ces 3 groupes d'étudiants devront partir tôt aujourd'hui pour se rendre à un tournoi à l'extérieur.La moitié des basketteurs sont absents pour être malades.En outre, 3 pom-pom girls accompagneront chacun de ces groupes.Combien d'étudiants partent tôt au tournoi?",49
"Dans la classe de 84 élèves de Mme Garcia, 50% de la classe sont des nageurs.Sur la classe restante, 50% des étudiants sont en débat des membres de l'équipe ou des membres de la chorale.Ces 3 groupes d'étudiants devront partir tôt aujourd'hui pour se rendre à un tournoi à l'extérieur.La moitié des nageurs sont absents pour être malades.En outre, 3 pom-pom girls accompagneront chacun de ces groupes.Combien d'étudiants partent tôt au tournoi?",51
"Dans la classe de 50 élèves de Mme Johnson, 52% de la classe sont des joueurs de football.Sur la classe restante, 50% des étudiants sont en débat des membres de l'équipe ou faisant partie des membres du club de robotique.Ces 3 groupes d'étudiants devront partir tôt aujourd'hui pour se rendre à une compétition à l'extérieur.La moitié des joueurs de football sont absents pour être malades.En outre, 3 pom-pom girls accompagneront chacun de ces groupes.Combien d'étudiants partent tôt au concours?",34
"Dans la classe de 120 étudiants du Dr Lee, 25% de la classe sont des joueurs de volleyball.Sur la classe restante, 30% des étudiants sont en débat des membres de l'équipe ou dans une partie des danseurs.Ces 3 groupes d'étudiants devront partir tôt aujourd'hui pour se rendre à une compétition à l'extérieur.La moitié des joueurs de volleyball sont absents pour être malades.En outre, 3 pom-pom girls accompagneront chacun de ces groupes.Combien d'étudiants partent tôt au concours?",51
"Dans la classe de M. Smith de 125 étudiants, 40% de la classe sont des basketteurs.Sur la classe restante, 24% des étudiants sont des membres du club de robotique ou des membres de la chorale.Ces 3 groupes d'étudiants devront partir tôt aujourd'hui pour se rendre à un tournoi à l'extérieur.La moitié des basketteurs sont absents pour être malades.En outre, 3 pom-pom girls accompagneront chacun de ces groupes.Combien d'étudiants partent tôt au tournoi?",52
