question,answer_number
"ซากุระไปที่ทางเดินริมทะเลเพื่อไปพักผ่อนพ่อแม่ของเธอให้€ 1300 เพื่อซื้อสิ่งที่เธอต้องการที่ร้านขายของที่ระลึก Taffy มีการขายสำหรับ ""ซื้อ 16 กิโลกรัมที่€ 22 ต่อกิโลกรัมรับ 4 กิโลกรัม 1/4""เธอตักขึ้น 22 กิโลกรัมเธอยังซื้อถุงปลาดาวผสมราคา€ 11.0 และ 12 พวงกุญแจที่มี€ 20.0 ต่อคนซากุระบริจาค€ 5 ที่ยืนการกุศลตลอดทางซากุระเหลือเงินเท่าไหร่?",582
"Kayla ไปที่ท่าเรือสำหรับวันหยุดพ่อแม่ของเธอให้₺1400เพื่อซื้อสิ่งที่เธอต้องการที่ร้านค้าชายหาด Rock Candy วางขายสำหรับ ""ซื้อ 16 กิโลกรัมที่₺22ต่อกิโลกรัมรับ 6 กิโลกรัม 2/3""เธอตักขึ้น 23 กิโลกรัมเธอยังซื้อถุงแก้วทะเลผสมสำหรับ₺11.0และ 14 สติกเกอร์ที่มี₺20.5ต่อชิ้นจากนั้นเคย์ล่าก็บริจาค₺5ที่ยืนการกุศลตลอดทางKayla เหลือเงินเท่าไหร่?",679
"เฉินไปที่ทางเดินริมทะเลเพื่อไปพักผ่อนพ่อแม่ของเธอให้เงิน $ 1300 เพื่อซื้อสิ่งที่เธอต้องการที่ร้านขายของที่ระลึก Taffy มีการขายสำหรับ ""ซื้อ 16 กิโลกรัมที่ $ 22 ต่อกิโลกรัมรับ 6 กิโลกรัม 1/4""เธอตักขึ้น 23 กิโลกรัมเธอยังซื้อถุงปลาดาวผสมราคา $ 11.0 และ 11 พวงกุญแจที่มีราคา $ 21.0เฉินจากนั้นบริจาค $ 5 ที่ยืนการกุศลตลอดทางเฉินเหลือเงินเท่าไหร่?",580
"ฟาติมาไปที่ท่าเรือเพื่อพักผ่อนพ่อแม่ของเธอให้เธอ₣ 1200 เพื่อซื้อสิ่งที่เธอต้องการที่ร้านค้าชายหาด Rock Candy วางขายสำหรับ ""ซื้อ 16 กิโลกรัมที่₣ 20 ต่อกิโลกรัมรับ 6 กิโลกรัม 1/3""เธอตักขึ้น 23 กิโลกรัมเธอยังซื้อถุงแก้วทะเลผสมสำหรับ₣ 11.0 และ 13 สติกเกอร์ที่มี₣ 20.0 แต่ละอันฟาติมาบริจาค₣ 5 ที่ยืนการกุศลตลอดทางฟาติมาเหลือเงินเท่าไหร่?",504
"เอวาไปที่ชายฝั่งเพื่อไปพักผ่อนพ่อแม่ของเธอให้เงิน $ 1,400 เพื่อซื้อสิ่งที่เธอต้องการที่ร้านค้าริมทะเล Cotton Candy วางขายสำหรับ ""ซื้อ 17 ปอนด์ที่ $ 22 ต่อปอนด์รับ 4 ปอนด์ 1/2""เธอตัก 23 ปอนด์เธอยังซื้อถุงปะการังผสมราคา $ 11.0 และ 18 พินที่มีราคา $ 20.5จากนั้นเอวาบริจาค $ 5 ที่ยืนการกุศลระหว่างทางAva เหลือเงินเท่าไหร่?",553
"วาเลอเรียไปที่ชายฝั่งเพื่อไปพักผ่อนพ่อแม่ของเธอให้€ 1300 เพื่อซื้อสิ่งที่เธอต้องการที่ร้านค้าริมทะเล Cotton Candy วางขายสำหรับ ""ซื้อ 15 ปอนด์ที่€ 21 ต่อปอนด์รับ 5 ปอนด์ 1/3 ปิด""เธอตัก 23 ปอนด์นอกจากนี้เธอยังซื้อถุงปะการังผสมราคา€ 11.0 และ 11 พินที่มี€ 21.0 ต่อชิ้นจากนั้นวาเลอเรียก็บริจาค€ 5 ที่ยืนการกุศลตลอดทางValeria เหลือเงินเท่าไหร่?",605
"โซเฟียไปที่ท่าเรือสำหรับวันหยุดพ่อแม่ของเธอให้₺1400เพื่อซื้อสิ่งที่เธอต้องการที่ร้านค้าชายหาด Rock Candy วางขายสำหรับ ""ซื้อ 17 กิโลกรัมที่₺20ต่อกิโลกรัมรับ 5 กิโลกรัม 1/2""เธอตักขึ้น 23 กิโลกรัมเธอยังซื้อถุงแก้วทะเลผสมสำหรับ₺11.0และ 13 สติกเกอร์ที่มี₺20.0แต่ละอันโซเฟียจากนั้นบริจาค₺5ที่ยืนการกุศลตลอดทางโซเฟียเหลือเงินเท่าไหร่?",714
"เหม่ยไปเที่ยวชายหาดเพื่อไปเที่ยวพักผ่อนพ่อแม่ของเธอให้เธอ¥ 1300 เพื่อซื้อสิ่งที่เธอต้องการที่ร้านขายของที่ระลึกฟัดจ์ขายสำหรับ ""ซื้อ 15 กิโลกรัมที่¥ 23 ต่อกิโลกรัมรับ 4 กิโลกรัม 1/4""เธอตักขึ้น 20 กิโลกรัมนอกจากนี้เธอยังซื้อถุงทรายผสมสำหรับโปสการ์ด¥ 11.0 และ 14 โปสการ์ดที่มีราคา 21.0 เยนเหม่ยบริจาค 5 เยนที่ยืนการกุศลไปตามทางเหม่ยเหลือเงินเท่าไหร่?",553
"โซเฟียไปที่ท่าเรือสำหรับวันหยุดพ่อแม่ของเธอให้₺1400เพื่อซื้อสิ่งที่เธอต้องการที่ร้านค้าชายหาด Rock Candy วางขายสำหรับ ""ซื้อ 15 กิโลกรัมที่₺23ต่อกิโลกรัมรับ 6 กิโลกรัม 1/3 ปิด""เธอตักขึ้น 23 กิโลกรัมเธอยังซื้อถุงแก้วทะเลผสมสำหรับ₺11.0และ 18 สติกเกอร์ที่มี₺20.5ต่อชิ้นโซเฟียจากนั้นบริจาค₺5ที่ยืนการกุศลตลอดทางโซเฟียเหลือเงินเท่าไหร่?",532
"ทาราไปที่ทางเดินริมทะเลเพื่อไปเที่ยวพักผ่อนพ่อแม่ของเธอให้เธอ₣ 1200 เพื่อซื้อสิ่งที่เธอต้องการที่ร้านขายของที่ระลึก Taffy น้ำเค็มวางขายสำหรับ ""ซื้อ 17 กิโลกรัมที่₣ 22 ต่อกิโลกรัมรับ 4 กิโลกรัม 1/4""เธอตักขึ้น 23 กิโลกรัมนอกจากนี้เธอยังซื้อถุงปลาดาวผสมสำหรับ₣ 11.0 และ 12 พวงกุญแจที่มี₣ 20.0 ต่อคนทาราจากนั้นบริจาค₣ 5 ที่ยืนการกุศลไปตามทางTara เหลือเงินเท่าไหร่?",460
เกษตรกรกำลังซื้อฟีดสำหรับวัวของเขาเขาซื้อแอปเปิ้ลหลากหลายชนิดหญ้าแห้งแตงกวาและข้าวโพดเนื่องจากข้าวโพดเป็นสิ่งที่หายากเขาจึงซื้อกล่อง 6 ปอนด์สี่กล่องเพื่อความมั่นคงทั้งหมดเขาต้องการแตงกวาเพียงพอที่จะเลี้ยงวัวในขณะที่ผักสดดังนั้นเขาจึงซื้อถุง 8 ปอนด์สิบสี่ถุงแอปเปิ้ลเป็นอาหารหลักของวัวของเขาดังนั้นเขาจึงซื้อแพ็ค 42 ปอนด์สามสิบห้าปอนด์หญ้าแห้งเป็นวัตถุดิบหลักในการเสริมแอปเปิ้ลดังนั้นเขาจึงซื้อกระสอบ 18 ปอนด์สิบแปดในที่สุดเขาซื้อของชำ 43 ปอนด์และเครื่องมือ 27 ปอนด์และไม้ 100 ปอนด์รถบรรทุกฟาร์มสามารถพกพาได้ 140 ปอนด์ต่อครั้งหากเกษตรกรมีรถบรรทุกสามคันผู้เกษตรกรจำเป็นต้องเดินทางไปยังรายการที่ซื้อทั้งหมดกี่ครั้ง?,5
เกษตรกรกำลังซื้อฟีดสำหรับแกะของเขาเขาซื้อข้าวสาลีข้าวโพดหัวผักกาดและข้าวโอ๊ตเนื่องจากข้าวโอ๊ตเป็นของที่หายากเขาจึงซื้อกล่อง 3 กิโลกรัมเพียงห้ากล่องเพื่อความมั่นคงทั้งหมดเขาต้องการหัวผักกาดเพียงพอที่จะเลี้ยงแกะในขณะที่ผักสดดังนั้นเขาจึงซื้อถุง 7 กก. สิบเอ็ดข้าวสาลีเป็นอาหารหลักของแกะของเขาดังนั้นเขาจึงซื้อแพ็ค 44 กิโลกรัมสามสิบสี่กิโลกรัมข้าวโพดเป็นวัตถุดิบหลักในการเสริมข้าวสาลีดังนั้นเขาจึงซื้อกระสอบสิบแปดกิโลกรัมในที่สุดเขาซื้อของชำ 43 กิโลกรัมและเครื่องมือ 27 กิโลกรัมและไม้ 100 กิโลกรัมรถบรรทุกฟาร์มสามารถพกพาได้ 140 กิโลกรัมต่อครั้งหากเกษตรกรมีรถบรรทุกสามคันผู้เกษตรกรจำเป็นต้องเดินทางไปยังรายการที่ซื้อทั้งหมดกี่ครั้ง?,5
เกษตรกรกำลังซื้อฟีดสำหรับวัวของเขาเขาซื้อข้าวสาลีข้าวโอ๊ตแครอทและข้าวโพดหลากหลายชนิดเนื่องจากข้าวโพดเป็นสิ่งที่หายากเขาจึงซื้อกล่อง 5 กิโลกรัมเจ็ดกล่องเพื่อความมั่นคงทั้งหมดเขาต้องการแครอทเพียงพอที่จะเลี้ยงวัวในขณะที่ผักสดดังนั้นเขาจึงซื้อถุง 7 กก. สิบเอ็ดข้าวสาลีเป็นอาหารหลักของวัวของเขาดังนั้นเขาจึงซื้อแพ็ค 39 กิโลกรัมสามสิบสี่กิโลกรัมข้าวโอ๊ตเป็นวัตถุดิบหลักในการเสริมข้าวสาลีดังนั้นเขาจึงซื้อกระสอบ 18 กิโลกรัมสิบเก้าในที่สุดเขาซื้อของชำ 43 กิโลกรัมและเครื่องมือ 27 กิโลกรัมและไม้ 100 กิโลกรัมรถบรรทุกฟาร์มสามารถพกพาได้ 130 กิโลกรัมต่อครั้งหากเกษตรกรมีรถบรรทุกสามคันผู้เกษตรกรจำเป็นต้องเดินทางไปยังรายการที่ซื้อทั้งหมดกี่ครั้ง?,5
เกษตรกรกำลังซื้อฟีดสำหรับวัวของเขาเขาซื้อหญ้าแห้งข้าวสาลีแครอทและแอปเปิ้ลหลากหลายชนิดเนื่องจากแอปเปิ้ลเป็นสิ่งที่หายากเขาจึงซื้อกล่อง 7 ปอนด์เพียงห้ากล่องเพื่อความมั่นคงทั้งหมดเขาต้องการแครอทเพียงพอที่จะเลี้ยงวัวในขณะที่ผักสดดังนั้นเขาจึงซื้อถุง 5 ปอนด์สิบสี่ถุงหญ้าแห้งเป็นอาหารหลักของวัวของเขาดังนั้นเขาจึงซื้อแพ็ค 44 ปอนด์สามสิบห้าปอนด์ข้าวสาลีเป็นวัตถุดิบหลักในการเสริมหญ้าแห้งดังนั้นเขาจึงซื้อกระสอบ 15 ปอนด์สิบเก้าในที่สุดเขาซื้อของชำ 43 ปอนด์และเครื่องมือ 27 ปอนด์และไม้ 100 ปอนด์รถบรรทุกฟาร์มสามารถพกพาได้ 100 ปอนด์ต่อครั้งหากเกษตรกรมีรถบรรทุกสามคันผู้เกษตรกรจำเป็นต้องเดินทางไปยังรายการที่ซื้อทั้งหมดกี่ครั้ง?,7
เกษตรกรกำลังซื้อฟีดสำหรับแกะของเขาเขาซื้อแอปเปิ้ลหลากหลายชนิดข้าวสาลีแครอทและข้าวโอ๊ตเนื่องจากข้าวโอ๊ตเป็นของที่หายากเขาจึงซื้อกล่อง 7 ปอนด์แปดกล่องเพื่อความมั่นคงทั้งหมดเขาต้องการแครอทเพียงพอที่จะเลี้ยงแกะในขณะที่ผักสดดังนั้นเขาจึงซื้อถุง 6 ปอนด์สิบสองถุงแอปเปิ้ลเป็นอาหารหลักของแกะของเขาดังนั้นเขาจึงซื้อแพ็ค 43 ปอนด์สามสิบสองแพ็คข้าวสาลีเป็นวัตถุดิบหลักในการเสริมแอปเปิ้ลดังนั้นเขาจึงซื้อกระสอบสิบแปดปอนด์ในที่สุดเขาซื้อของชำ 43 ปอนด์และเครื่องมือ 27 ปอนด์และไม้ 100 ปอนด์รถบรรทุกฟาร์มสามารถพกพาได้ 110 ปอนด์ต่อครั้งหากเกษตรกรมีรถบรรทุกสามคันผู้เกษตรกรจำเป็นต้องเดินทางไปยังรายการที่ซื้อทั้งหมดกี่ครั้ง?,6
ชาวนากำลังซื้อฟีดสำหรับอัลปากาของเขาเขาซื้อแอปเปิ้ลหลากหลายชนิดข้าวสาลีแตงกวาและหญ้าแห้งเนื่องจากหญ้าแห้งเป็นสิ่งที่หายากเขาจึงซื้อกล่อง 3 ปอนด์หกกล่องเพื่อความมั่นคงทั้งหมดเขาต้องการแตงกวาเพียงพอที่จะเลี้ยงอัลปากาในขณะที่ผักสดดังนั้นเขาจึงซื้อถุง 8 ปอนด์สิบห้าถุงแอปเปิ้ลเป็นอาหารหลักของอัลปากาของเขาดังนั้นเขาจึงซื้อแพ็ค 43 ปอนด์สามสิบสี่ปอนด์ข้าวสาลีเป็นวัตถุดิบหลักในการเสริมแอปเปิ้ลดังนั้นเขาจึงซื้อกระสอบ 15 ปอนด์สิบแปดในที่สุดเขาซื้อของชำ 43 ปอนด์และเครื่องมือ 27 ปอนด์และไม้ 100 ปอนด์รถบรรทุกฟาร์มสามารถพกพาได้ 170 ปอนด์ต่อครั้งหากเกษตรกรมีรถบรรทุกสามคันผู้เกษตรกรจำเป็นต้องเดินทางไปยังรายการที่ซื้อทั้งหมดกี่ครั้ง?,4
ชาวนากำลังซื้อฟีดสำหรับอัลปากาของเขาเขาซื้อแอปเปิ้ลหลากหลายชนิดข้าวสาลีหัวผักกาดและหญ้าแห้งเนื่องจากหญ้าแห้งเป็นสิ่งที่หายากเขาจึงซื้อกล่อง 7 ปอนด์หกกล่องเพื่อความมั่นคงทั้งหมดเขาต้องการหัวผักกาดเพียงพอที่จะเลี้ยงอัลปากาในขณะที่ผักสดดังนั้นเขาจึงซื้อถุงสิบเอ็ดปอนด์สิบเอ็ดแอปเปิ้ลเป็นอาหารหลักของอัลปากาของเขาดังนั้นเขาจึงซื้อแพ็ค 43 ปอนด์สามสิบสี่ปอนด์ข้าวสาลีเป็นวัตถุดิบหลักในการเสริมแอปเปิ้ลดังนั้นเขาจึงซื้อกระสอบยี่สิบ 18 ปอนด์ในที่สุดเขาซื้อของชำ 43 ปอนด์และเครื่องมือ 27 ปอนด์และไม้ 100 ปอนด์รถบรรทุกฟาร์มสามารถพกพาได้ 100 ปอนด์ต่อครั้งหากเกษตรกรมีรถบรรทุกสามคันผู้เกษตรกรจำเป็นต้องเดินทางไปยังรายการที่ซื้อทั้งหมดกี่ครั้ง?,7
เกษตรกรกำลังซื้อฟีดสำหรับแกะของเขาเขาซื้อข้าวสาลีข้าวโอ๊ตแครอทและแอปเปิ้ลหลากหลายชนิดเนื่องจากแอปเปิ้ลเป็นสิ่งที่หายากเขาจึงซื้อกล่อง 4 ปอนด์แปดกล่องเพื่อความมั่นคงทั้งหมดเขาต้องการแครอทเพียงพอที่จะเลี้ยงแกะในขณะที่ผักสดดังนั้นเขาจึงซื้อถุง 6 ปอนด์สิบสองถุงข้าวสาลีเป็นอาหารหลักของแกะของเขาดังนั้นเขาจึงซื้อแพ็ค 42 ปอนด์สามสิบสามแพ็คข้าวโอ๊ตเป็นวัตถุดิบหลักในการเสริมข้าวสาลีดังนั้นเขาจึงซื้อกระสอบยี่สิบ 16 ปอนด์ในที่สุดเขาซื้อของชำ 43 ปอนด์และเครื่องมือ 27 ปอนด์และไม้ 100 ปอนด์รถบรรทุกฟาร์มสามารถพกพาได้ 110 ปอนด์ต่อครั้งหากเกษตรกรมีรถบรรทุกสามคันผู้เกษตรกรจำเป็นต้องเดินทางไปยังรายการที่ซื้อทั้งหมดกี่ครั้ง?,6
"เกษตรกรกำลังซื้อฟีดสำหรับแกะของเขาเขาซื้อแอปเปิ้ล, ข้าวโอ๊ต, แครอทและหญ้าแห้งหลากหลายชนิดเนื่องจากหญ้าแห้งเป็นสิ่งที่หายากเขาจึงซื้อกล่อง 6 ปอนด์ห้ากล่องเพื่อความมั่นคงทั้งหมดเขาต้องการแครอทเพียงพอที่จะเลี้ยงแกะในขณะที่ผักสดดังนั้นเขาจึงซื้อถุง 6 ปอนด์สิบสี่ถุงแอปเปิ้ลเป็นอาหารหลักของแกะของเขาดังนั้นเขาจึงซื้อแพ็ค 38 ปอนด์สามสิบสองแพ็คข้าวโอ๊ตเป็นวัตถุดิบหลักในการเสริมแอปเปิ้ลดังนั้นเขาจึงซื้อกระสอบยี่สิบ 15 ปอนด์ในที่สุดเขาซื้อของชำ 43 ปอนด์และเครื่องมือ 27 ปอนด์และไม้ 100 ปอนด์รถบรรทุกฟาร์มสามารถพกพาได้ 150 ปอนด์ต่อครั้งหากเกษตรกรมีรถบรรทุกสามคันผู้เกษตรกรจำเป็นต้องเดินทางไปยังรายการที่ซื้อทั้งหมดกี่ครั้ง?",4
เกษตรกรกำลังซื้อฟีดสำหรับวัวของเขาเขาซื้อหญ้าแห้งข้าวสาลีแตงกวาและข้าวโพดหลากหลายชนิดเนื่องจากข้าวโพดเป็นสิ่งที่หายากเขาจึงซื้อกล่อง 5 กิโลกรัมเพียงหกกล่องเพื่อความมั่นคงทั้งหมดเขาต้องการแตงกวาเพียงพอที่จะเลี้ยงวัวในขณะที่ผักสดดังนั้นเขาจึงซื้อถุง 8 กิโลกรัมสิบห้าใบหญ้าแห้งเป็นอาหารหลักของวัวของเขาดังนั้นเขาจึงซื้อแพ็ค 35 กิโลกรัมสามสิบห้ากิโลกรัมข้าวสาลีเป็นวัตถุดิบหลักในการเสริมหญ้าแห้งดังนั้นเขาจึงซื้อกระสอบสิบเจ็ดกิโลกรัมในที่สุดเขาซื้อของชำ 43 กิโลกรัมและเครื่องมือ 27 กิโลกรัมและไม้ 100 กิโลกรัมรถบรรทุกฟาร์มสามารถพกพาได้ 120 กิโลกรัมต่อครั้งหากเกษตรกรมีรถบรรทุกสามคันผู้เกษตรกรจำเป็นต้องเดินทางไปยังรายการที่ซื้อทั้งหมดกี่ครั้ง?,5
ธนาคารหมอกหมอกเข้ามาจากมหาสมุทรเพื่อปกปิดเมืองใช้เวลา 30 นาทีในการครอบคลุมทุก ๆ 3 ไมล์ของเมืองอย่างไรก็ตามเรารู้ว่าความเร็วลมจะลดลงครึ่งหนึ่งในหนึ่งชั่วโมงหากเมืองนี้อยู่ห่างจากริมทะเลไปยังริมทะเลไปยังขอบฝั่งตรงข้าม 72 ไมล์จะต้องใช้เวลากี่นาทีสำหรับธนาคารหมอกที่จะครอบคลุมหนึ่งในสี่ของเมือง?,300
ธนาคารหมอกหมอกเข้ามาจากมหาสมุทรเพื่อปกปิดเมืองใช้เวลา 75 นาทีในการครอบคลุมทุก ๆ 10 ไมล์ของเมืองอย่างไรก็ตามเรารู้ว่าความเร็วลมจะลดลงครึ่งหนึ่งในหนึ่งชั่วโมงหากเมืองนี้อยู่ห่างจากริมทะเลไปยังริมทะเลไปยังขอบฝั่งตรงข้าม 72 ไมล์จะต้องใช้เวลากี่นาทีสำหรับธนาคารหมอกที่จะครอบคลุม 1/4 ของเมือง?,210
ธนาคารหมอกหมอกเข้ามาจากมหาสมุทรเพื่อปกปิดเมืองใช้เวลา 60 นาทีในการครอบคลุมทุก ๆ 3 ไมล์ของเมืองอย่างไรก็ตามเรารู้ว่าความเร็วลมจะลดลงครึ่งหนึ่งในหนึ่งชั่วโมงหากเมืองอยู่ตรงข้ามกับริมทะเลไปยังขอบฝั่งตรงข้าม 54 ไมล์จะต้องใช้เวลากี่นาทีสำหรับธนาคารหมอกที่จะครอบคลุม 1/3 ของเมือง?,660
ธนาคารหมอกหมอกเข้ามาจากมหาสมุทรเพื่อปกปิดเมืองใช้เวลา 60 นาทีในการครอบคลุมทุก ๆ 6 ไมล์ของเมืองอย่างไรก็ตามเรารู้ว่าความเร็วลมจะลดลงครึ่งหนึ่งในหนึ่งชั่วโมงหากเมืองนี้อยู่ห่างจากริมทะเลไปยังริมทะเลไปยังขอบฝั่งตรงข้าม 72 ไมล์จะต้องใช้เวลากี่นาทีสำหรับธนาคารหมอกที่จะครอบคลุม 1/3 ของเมือง?,420
ธนาคารหมอกหมอกเข้ามาจากมหาสมุทรเพื่อปกปิดเมืองใช้เวลา 25 นาทีในการครอบคลุมทุก ๆ 5 ไมล์ของเมืองอย่างไรก็ตามเรารู้ว่าความเร็วลมจะลดลงครึ่งหนึ่งในหนึ่งชั่วโมงหากเมืองอยู่ตรงข้ามกับริมทะเลไปยังขอบฝั่งตรงข้าม 54 ไมล์จะต้องใช้เวลากี่นาทีสำหรับธนาคารหมอกที่ครอบคลุม 1/2 ของเมือง?,210
ธนาคารหมอกหมอกเข้ามาจากมหาสมุทรเพื่อปกปิดเมืองใช้เวลา 90 นาทีในการครอบคลุมทุก 3 ไมล์ของเมืองอย่างไรก็ตามเรารู้ว่าความเร็วลมจะลดลงครึ่งหนึ่งในหนึ่งชั่วโมงหากเมืองนี้อยู่ห่างจากริมทะเลไปยังริมทะเลไปยังขอบฝั่งตรงข้าม 78 ไมล์จะต้องใช้เวลากี่นาทีสำหรับธนาคารหมอกที่จะครอบคลุมหนึ่งในสามของเมือง?,1500
ธนาคารหมอกหมอกเข้ามาจากมหาสมุทรเพื่อปกปิดเมืองใช้เวลา 30 นาทีในการครอบคลุมทุก ๆ 13 ไมล์ของเมืองอย่างไรก็ตามเรารู้ว่าความเร็วลมจะลดลงครึ่งหนึ่งในหนึ่งชั่วโมงหากเมืองนี้อยู่ห่างจากริมทะเลไปยังริมทะเลไปยังขอบฝั่งตรงข้าม 78 ไมล์จะต้องใช้เวลากี่นาทีสำหรับธนาคารหมอกที่จะครอบคลุม 1/2 ของเมือง?,120
ธนาคารหมอกหมอกเข้ามาจากมหาสมุทรเพื่อปกปิดเมืองใช้เวลา 15 นาทีในการครอบคลุมทุก ๆ 3 ไมล์ของเมืองอย่างไรก็ตามเรารู้ว่าความเร็วลมจะลดลงครึ่งหนึ่งในหนึ่งชั่วโมงหากเมืองอยู่ตรงข้ามกับริมทะเลไปยังขอบฝั่งตรงข้าม 96 ไมล์จะต้องใช้เวลากี่นาทีสำหรับธนาคารหมอกที่จะครอบคลุมหนึ่งในสี่ของเมือง?,180
ธนาคารหมอกหมอกเข้ามาจากมหาสมุทรเพื่อปกปิดเมืองใช้เวลา 20 นาทีในการครอบคลุมทุก ๆ 3 ไมล์ของเมืองอย่างไรก็ตามเรารู้ว่าความเร็วลมจะลดลงครึ่งหนึ่งในหนึ่งชั่วโมงหากเมืองนี้อยู่ห่างจากริมทะเลไปยังริมทะเลไปยังขอบฝั่งตรงข้าม 72 ไมล์จะต้องใช้เวลากี่นาทีสำหรับธนาคารหมอกที่จะครอบคลุมหนึ่งในสามของเมือง?,260
ธนาคารหมอกหมอกเข้ามาจากมหาสมุทรเพื่อปกปิดเมืองใช้เวลา 15 นาทีในการครอบคลุมทุก ๆ 3 ไมล์ของเมืองอย่างไรก็ตามเรารู้ว่าความเร็วลมจะลดลงครึ่งหนึ่งในหนึ่งชั่วโมงหากเมืองนี้อยู่ตรงข้ามกับริมทะเลไปยังขอบฝั่งตรงข้าม 96 ไมล์จะต้องใช้เวลากี่นาทีสำหรับธนาคารหมอกที่จะครอบคลุม 1/2 ของเมือง?,420
เอ็มม่าเดิน 32 กิโลเมตรทุกวันบนเส้นทางเดินที่เธอโปรดปรานซึ่งรวมถึงการเดินบนชายหาด 14 กิโลเมตรและเดินบนทางเท้า 18 กิโลเมตรบนทางเท้าเอ็มม่าเดินด้วยอัตราความเร็วที่เธอทำบนชายหาดสามเท่าอย่างไรก็ตามเนื่องจากการบาดเจ็บเมื่อเร็ว ๆ นี้ความเร็วของเอ็มม่าลดลงครึ่งหนึ่งทั้งบนชายหาดและทางเท้าหากใช้เวลาเดิน 56 นาทีบนชายหาดใช้เวลาเดินไป 32 กิโลเมตรในไม่กี่นาที?,80
โอลิเวียเดิน 29 ไมล์ทุกวันบนเส้นทางเดินที่เธอโปรดปรานซึ่งรวมถึงการเดินบนชายหาด 13 ไมล์และเดินบนทางเท้า 16 ไมล์บนทางเท้าโอลิเวียเดินด้วยอัตราความเร็วที่เธอทำบนชายหาดสี่เท่าอย่างไรก็ตามเนื่องจากการบาดเจ็บเมื่อเร็ว ๆ นี้ความเร็วของโอลิเวียลดลงครึ่งหนึ่งทั้งบนชายหาดและทางเท้าถ้าใช้เวลาเดิน 65 นาทีบนชายหาดใช้เวลาเดินไปอีก 29 ไมล์ในไม่กี่นาที?,85
ฟาติมาเดิน 26 ไมล์ทุกวันบนเส้นทางเดินที่เธอโปรดปรานซึ่งรวมถึงการเดินบนชายหาด 11 ไมล์และเดินบนทางเท้า 15 ไมล์บนทางเท้าฟาติมาเดินด้วยอัตราความเร็วที่เธอทำบนชายหาดสามเท่าอย่างไรก็ตามเนื่องจากการบาดเจ็บเมื่อเร็ว ๆ นี้ความเร็วของฟาติมาลดลงครึ่งหนึ่งทั้งบนชายหาดและทางเท้าหากใช้เวลาเดิน 44 นาทีบนชายหาดใช้เวลาเดินไปอีก 26 ไมล์ในไม่กี่นาที?,64
Rania เดิน 28 กิโลเมตรทุกวันบนเส้นทางเดินที่เธอโปรดปรานซึ่งรวมถึงการเดินบนชายหาด 14 กิโลเมตรและเดินบนทางเท้า 14 กิโลเมตรบนทางเท้า Rania เดินด้วยอัตราความเร็วสองเท่าที่เธอทำบนชายหาดอย่างไรก็ตามเนื่องจากการบาดเจ็บเมื่อเร็ว ๆ นี้ความเร็วของ Rania ลดลงครึ่งหนึ่งทั้งบนชายหาดและทางเท้าหากใช้เวลาเดิน 42 นาทีบนชายหาดใช้เวลาเดินไปอีก 28 กิโลเมตรในไม่กี่นาที?,63
Ananya เดิน 20 ไมล์ทุกวันบนเส้นทางเดินที่เธอโปรดปรานซึ่งรวมถึงการเดินบนชายหาด 10 ไมล์และเดินบนทางเท้า 10 ไมล์บนทางเท้า Ananya เดินด้วยอัตราความเร็วสองเท่าที่เธอทำบนชายหาดอย่างไรก็ตามเนื่องจากการบาดเจ็บเมื่อเร็ว ๆ นี้ความเร็วของ Ananya ลดลงครึ่งหนึ่งทั้งบนชายหาดและทางเท้าหากใช้เวลาเดินเล่น 40 นาทีบนชายหาดใช้เวลาเดินไป 20 ไมล์ในไม่กี่นาที?,60
Keisha เดิน 33 ไมล์ทุกวันบนเส้นทางเดินที่เธอโปรดปรานซึ่งรวมถึงการเดินบนชายหาด 17 ไมล์และเดิน 16 ไมล์บนทางเท้าบนทางเท้า Keisha เดินด้วยอัตราความเร็วสองเท่าที่เธอทำบนชายหาดอย่างไรก็ตามเนื่องจากการบาดเจ็บเมื่อเร็ว ๆ นี้ความเร็วของ Keisha ลดลงครึ่งหนึ่งทั้งบนชายหาดและทางเท้าหากใช้เวลาเดิน 51 นาทีบนชายหาดใช้เวลาเดินไปอีก 33 ไมล์ในไม่กี่นาที?,75
Xena เดิน 24 กิโลเมตรทุกวันบนเส้นทางเดินที่เธอโปรดปรานซึ่งรวมถึงการเดินบนชายหาด 11 กิโลเมตรและเดินบนทางเท้า 13 กิโลเมตรบนทางเท้า Xena เดินด้วยอัตราความเร็วที่เธอทำบนชายหาดสามเท่าอย่างไรก็ตามเนื่องจากการบาดเจ็บเมื่อเร็ว ๆ นี้ความเร็วของ Xena ลดลงครึ่งหนึ่งทั้งบนชายหาดและทางเท้าหากใช้เวลาเดิน 66 นาทีบนชายหาดใช้เวลาเดินไปตลอด 24 กิโลเมตรในเวลาไม่กี่นาที?,92
กาเบรียลเดิน 29 กิโลเมตรทุกวันบนเส้นทางเดินที่เธอโปรดปรานซึ่งรวมถึงการเดินบนชายหาด 15 กิโลเมตรและเดินบนทางเท้า 14 กิโลเมตรบนทางเท้ากาเบรียลเดินด้วยอัตราความเร็วที่เธอทำบนชายหาดสองเท่าอย่างไรก็ตามเนื่องจากการบาดเจ็บเมื่อเร็ว ๆ นี้ความเร็วของกาเบรียลลดลงครึ่งหนึ่งทั้งบนชายหาดและทางเท้าหากใช้เวลาเดิน 45 นาทีบนชายหาดใช้เวลาเดินไปอีก 29 กิโลเมตรในไม่กี่นาที?,66
Roya เดิน 21 กิโลเมตรทุกวันบนเส้นทางเดินที่เธอโปรดปรานซึ่งรวมถึงการเดินบนชายหาด 11 กิโลเมตรและเดินบนทางเท้า 10 กิโลเมตรบนทางเท้า Roya เดินด้วยอัตราความเร็วสองเท่าที่เธอทำบนชายหาดอย่างไรก็ตามเนื่องจากการบาดเจ็บเมื่อเร็ว ๆ นี้ความเร็วของ Roya ลดลงครึ่งหนึ่งทั้งบนชายหาดและทางเท้าหากใช้เวลาเดิน 44 นาทีบนชายหาดใช้เวลาเดินไปอีก 21 กิโลเมตรในเวลาไม่กี่นาที?,64
Yara เดิน 28 กิโลเมตรทุกวันบนเส้นทางเดินที่เธอโปรดปรานซึ่งรวมถึงการเดินบนชายหาด 14 กิโลเมตรและเดินบนทางเท้า 14 กิโลเมตรบนทางเท้า Yara เดินด้วยอัตราความเร็วสองเท่าที่เธอทำบนชายหาดอย่างไรก็ตามเนื่องจากการบาดเจ็บเมื่อเร็ว ๆ นี้ความเร็วของ Yara ลดลงครึ่งหนึ่งทั้งบนชายหาดและทางเท้าหากใช้เวลาเดิน 56 นาทีบนชายหาดใช้เวลาเดินไปอีก 28 กิโลเมตรในเวลาไม่กี่นาที?,84
สุนัขของ Mateo มีลูกสุนัข 149 ตัวซึ่งมีจุด 25 แห่งสุนัขของโมฮัมเหม็ดมีลูกสุนัข 49 ตัวซึ่ง 12 ตัวมีจุดอิบราฮิมมีสุนัข 54 ตัวแต่ละตัวมีลูกสุนัข 13 ตัวพร้อมจุดหลังจากไปเยี่ยมสัตวแพทย์ Mateo ค้นพบว่าครึ่งหนึ่งของลูกสุนัขที่ไม่ได้รับการตกแต่งของเขามีจุดที่ไม่สามารถมองเห็นได้มาก่อนร้อยละของลูกสุนัขทั้งหมดมีจุด?,89
สุนัขของออสการ์มีลูกสุนัข 130 ตัวซึ่งมีจุดที่ 28 ตัวสุนัขของอังเดรมีลูกสุนัข 44 ตัวซึ่งมี 14 ตัวจินมีสุนัข 66 ตัวแต่ละตัวมีลูกสุนัข 11 ตัวที่มีจุดหลังจากไปเยี่ยมสัตวแพทย์ออสการ์ค้นพบว่าลูกสุนัขที่ไม่ได้รับการตกแต่งครึ่งหนึ่งมีจุดที่ไม่สามารถมองเห็นได้มาก่อนร้อยละของลูกสุนัขทั้งหมดมีจุด?,91
สุนัขของลีออนมีลูกสุนัข 99 ตัวซึ่ง 23 ตัวมีจุดสุนัขของเจมส์มีลูกสุนัข 53 ตัว 12 ตัวมีจุดฮิโรชิมีสุนัข 58 ตัวแต่ละตัวมีลูกสุนัข 11 ตัวพร้อมจุดหลังจากไปเยี่ยมสัตวแพทย์ลีออนค้นพบว่าครึ่งหนึ่งของลูกสุนัขที่ไม่ได้รับการตกแต่งของเขามีจุดที่ไม่สามารถมองเห็นได้มาก่อนร้อยละของลูกสุนัขทั้งหมดมีจุด?,90
สุนัขของ Pavel มีลูกสุนัข 100 ตัวซึ่ง 22 ตัวมีจุดสุนัขของฮิโรชิมีลูกสุนัข 40 ตัวซึ่ง 15 ตัวมีจุดซันติอาโกมีสุนัข 55 ตัวแต่ละตัวมีลูกสุนัข 12 ตัวพร้อมจุดหลังจากไปเยี่ยมสัตวแพทย์ Pavel ค้นพบว่าครึ่งหนึ่งของลูกสุนัขที่ไม่ได้รับการตกแต่งของเขามีจุดที่ไม่สามารถมองเห็นได้มาก่อนร้อยละของลูกสุนัขทั้งหมดมีจุด?,92
สุนัขของไก่มีลูกสุนัข 135 ตัวซึ่ง 17 ตัวมีจุดสุนัขของ Arash มีลูกสุนัข 43 ตัวซึ่ง 14 ตัวมีจุดคาร์ลอสมีสุนัข 54 ตัวแต่ละตัวมีลูกสุนัข 13 ตัวพร้อมจุดหลังจากไปเยี่ยมสัตวแพทย์ไคค้นพบว่าลูกสุนัขที่ไม่ได้รับการตกแต่งครึ่งหนึ่งของเขามีจุดที่ไม่สามารถมองเห็นได้มาก่อนร้อยละของลูกสุนัขทั้งหมดมีจุด?,90
สุนัขของ Deshawn มีลูกสุนัข 146 ตัวซึ่ง 28 ตัวมีจุดสุนัขของโมฮัมเหม็ดมีลูกสุนัข 43 ตัวซึ่ง 12 ตัวมีจุดฮิโรชิมีสุนัข 51 ตัวแต่ละตัวมีลูกสุนัข 11 ตัวพร้อมจุดหลังจากไปเยี่ยมสัตวแพทย์ Deshawn ค้นพบว่าลูกสุนัขที่ไม่ได้รับการถ่ายทำครึ่งหนึ่งของเขามีจุดที่ไม่สามารถมองเห็นได้มาก่อนร้อยละของลูกสุนัขทั้งหมดมีจุด?,88
สุนัขของ Luca มีลูกสุนัข 103 ตัว 25 ตัวมีจุดสุนัขของดิเอโกมีลูกสุนัข 42 ตัวซึ่ง 12 ตัวมีจุดโนอาห์มีสุนัข 67 ตัวแต่ละตัวมีลูกสุนัข 15 ตัวพร้อมจุดหลังจากไปเยี่ยมสัตวแพทย์ลูก้าค้นพบว่าลูกสุนัขที่ไม่ได้รับการตกแต่งครึ่งหนึ่งของเขามีจุดที่ไม่สามารถมองเห็นได้มาก่อนร้อยละของลูกสุนัขทั้งหมดมีจุด?,94
สุนัขของโนอาห์มีลูกสุนัข 113 ตัวซึ่ง 23 ตัวมีจุดสุนัขของ Qasim มีลูกสุนัข 47 ตัวซึ่ง 15 ตัวมีจุดTariq มีสุนัข 60 ตัวแต่ละตัวมีลูกสุนัข 9 ตัวที่มีจุดหลังจากไปเยี่ยมสัตวแพทย์โนอาห์ค้นพบว่าครึ่งหนึ่งของลูกสุนัขที่ยังไม่ได้ทำของเขามีจุดที่ไม่สามารถมองเห็นได้มาก่อนร้อยละของลูกสุนัขทั้งหมดมีจุด?,89
สุนัขของยูกิมีลูกสุนัข 95 ตัวซึ่ง 23 ตัวมีจุดสุนัขของไก่มีลูกสุนัข 53 ตัวซึ่ง 12 ตัวมีจุดFaisal มีสุนัข 68 ตัวแต่ละตัวมีลูกสุนัข 14 ตัวพร้อมจุดหลังจากไปเยี่ยมสัตวแพทย์ยูกิค้นพบว่าครึ่งหนึ่งของลูกสุนัขที่ไม่ได้รับรางวัลของเขามีจุดที่ไม่สามารถมองเห็นได้มาก่อนร้อยละของลูกสุนัขทั้งหมดมีจุด?,93
สุนัขของจินมีลูกสุนัข 100 ตัวซึ่ง 28 ตัวมีจุดสุนัขของธีโอมีลูกสุนัข 50 ตัวซึ่ง 13 ตัวมีจุดโนอาห์มีสุนัข 58 ตัวแต่ละตัวมีลูกสุนัข 10 ตัวพร้อมจุดหลังจากไปเยี่ยมสัตวแพทย์จินค้นพบว่าครึ่งหนึ่งของลูกสุนัขที่ไม่ได้รับการตกแต่งของเขามีจุดที่ไม่สามารถมองเห็นได้มาก่อนร้อยละของลูกสุนัขทั้งหมดมีจุด?,90
ฟาติมาและเหม่ยมีเวลา 247 นาทีในการเดินไปที่โรงยิมด้วยกันเริ่มต้นจากบ้านใช้เวลา 26 นาทีในการไปที่มุมห้องสมุดใช้เวลาอีก 18 นาทีในการไปที่ร้านขายของชำเมื่อพวกเขาไปถึงร้านขายของชำพวกเขาจำได้ว่าพวกเขาลืมกระเป๋าเงินของพวกเขาที่บ้านดังนั้นพวกเขาจึงต้องกลับไปรับกระเป๋าเงินของพวกเขาแล้วเดินกลับไปที่ร้านขายของชำอีกครั้งเมื่อพวกเขาไปถึงร้านขายของชำเป็นครั้งที่สองพวกเขาต้องไปยิมอีกต่อไปนานแค่ไหนโดยไม่สาย?,115
กาเบรียลและพาเวลใช้เวลา 212 นาทีในการเดินไปที่โรงยิมด้วยกันเริ่มต้นจากบ้านของพวกเขาใช้เวลา 29 นาทีในการไปที่มุมห้องสมุดใช้เวลาอีก 19 นาทีในการไปดูหนังเมื่อพวกเขาไปถึงโรงภาพยนตร์พวกเขาจำได้ว่าพวกเขาลืมกระเป๋าเงินที่บ้านดังนั้นพวกเขาจึงต้องกลับไปหยิบกระเป๋าเงินของพวกเขาแล้วเดินกลับไปที่โรงภาพยนตร์อีกครั้งเมื่อพวกเขาไปถึงโรงภาพยนตร์เป็นครั้งที่สองพวกเขาต้องไปยิมอีกต่อไปนานแค่ไหนโดยไม่สาย?,68
นาเดียและแซนเจย์ใช้เวลา 261 นาทีในการเดินไปที่ร้านขายของชำด้วยกันเริ่มต้นจากบ้านของพวกเขาใช้เวลา 24 นาทีในการไปที่มุมที่โรงยิมใช้เวลาอีก 27 นาทีในการไปที่ห้างสรรพสินค้าเมื่อพวกเขาไปถึงห้างสรรพสินค้าพวกเขาจำได้ว่าพวกเขาลืมกระเป๋าเงินที่บ้านดังนั้นพวกเขาจึงต้องกลับไปหยิบกระเป๋าเงินแล้วเดินกลับไปที่ห้างอีกครั้งเมื่อพวกเขาไปถึงห้างสรรพสินค้าเป็นครั้งที่สองพวกเขาจะต้องไปที่ร้านขายของชำนานเท่าไหร่โดยไม่มาสาย?,108
Thiago และ Ali มีเวลา 163 นาทีในการเดินไปที่โรงยิมด้วยกันเริ่มต้นจากบ้านของพวกเขาใช้เวลา 21 นาทีในการไปที่มุมที่ธนาคารอยู่ใช้เวลาอีก 28 นาทีในการไปดูหนังเมื่อพวกเขาไปถึงโรงภาพยนตร์พวกเขาจำได้ว่าพวกเขาลืมกระเป๋าเงินที่บ้านดังนั้นพวกเขาจึงต้องกลับไปหยิบกระเป๋าเงินของพวกเขาแล้วเดินกลับไปที่โรงภาพยนตร์อีกครั้งเมื่อพวกเขาไปถึงโรงภาพยนตร์เป็นครั้งที่สองพวกเขาต้องไปยิมอีกต่อไปนานแค่ไหนโดยไม่สาย?,16
กาเบรียลและไคใช้เวลา 137 นาทีในการเดินไปที่โรงยิมด้วยกันเริ่มต้นจากบ้านของพวกเขาใช้เวลา 16 นาทีในการไปที่มุมที่สวนสาธารณะพวกเขาใช้เวลาอีก 22 นาทีในการไปที่ห้างสรรพสินค้าเมื่อพวกเขาไปถึงห้างสรรพสินค้าพวกเขาจำได้ว่าพวกเขาลืมกระเป๋าเงินที่บ้านดังนั้นพวกเขาจึงต้องกลับไปหยิบกระเป๋าเงินแล้วเดินกลับไปที่ห้างอีกครั้งเมื่อพวกเขาไปถึงห้างสรรพสินค้าเป็นครั้งที่สองพวกเขาต้องไปที่โรงยิมอีกนานแค่ไหนโดยไม่สาย?,23
Tara และ Ananya ใช้เวลา 163 นาทีในการเดินไปที่ร้านขายของชำด้วยกันเริ่มต้นจากบ้านของพวกเขาใช้เวลา 16 นาทีในการไปที่มุมห้องสมุดใช้เวลาอีก 29 นาทีในการไปที่ห้างสรรพสินค้าเมื่อพวกเขาไปถึงห้างสรรพสินค้าพวกเขาจำได้ว่าพวกเขาลืมกระเป๋าเงินที่บ้านดังนั้นพวกเขาจึงต้องกลับไปหยิบกระเป๋าเงินแล้วเดินกลับไปที่ห้างอีกครั้งเมื่อพวกเขาไปถึงห้างสรรพสินค้าเป็นครั้งที่สองพวกเขาจะต้องไปที่ร้านขายของชำนานเท่าไหร่โดยไม่มาสาย?,28
Bodhi และ Kai ใช้เวลา 267 นาทีในการเดินไปที่ห้องสมุดด้วยกันโดยเริ่มจากบ้านของพวกเขาใช้เวลา 17 นาทีในการไปที่มุมที่โรงยิมใช้เวลาอีก 19 นาทีในการไปดูหนังเมื่อพวกเขาไปถึงโรงภาพยนตร์พวกเขาจำได้ว่าพวกเขาลืมกระเป๋าเงินที่บ้านดังนั้นพวกเขาจึงต้องกลับไปหยิบกระเป๋าเงินของพวกเขาแล้วเดินกลับไปที่โรงภาพยนตร์อีกครั้งเมื่อพวกเขาไปถึงโรงภาพยนตร์เป็นครั้งที่สองพวกเขาจะต้องไปที่ห้องสมุดอีกต่อไปโดยไม่ต้องมาสาย?,159
Beatriz และ Sakura ใช้เวลา 253 นาทีในการเดินไปที่โรงยิมด้วยกันเริ่มต้นจากบ้านของพวกเขาใช้เวลา 16 นาทีในการไปที่มุมที่ห้างสรรพสินค้าอยู่ใช้เวลาอีก 58 นาทีในการไปดูหนังเมื่อพวกเขาไปถึงโรงภาพยนตร์พวกเขาจำได้ว่าพวกเขาลืมกระเป๋าเงินที่บ้านดังนั้นพวกเขาจึงต้องกลับไปหยิบกระเป๋าเงินของพวกเขาแล้วเดินกลับไปที่โรงภาพยนตร์อีกครั้งเมื่อพวกเขาไปถึงโรงภาพยนตร์เป็นครั้งที่สองพวกเขาต้องไปยิมอีกต่อไปนานแค่ไหนโดยไม่สาย?,31
Ravi และ Isabella ใช้เวลา 266 นาทีในการเดินไปที่โรงภาพยนตร์ด้วยกันเริ่มต้นจากบ้านของพวกเขาใช้เวลา 14 นาทีในการไปที่มุมที่ธนาคารอยู่ใช้เวลาอีก 38 นาทีในการไปที่ห้องสมุดเมื่อพวกเขาไปถึงห้องสมุดพวกเขาจำได้ว่าพวกเขาลืมกระเป๋าเงินที่บ้านดังนั้นพวกเขาจึงต้องกลับไปหยิบกระเป๋าเงินของพวกเขาแล้วเดินกลับไปที่ห้องสมุดอีกครั้งเมื่อพวกเขาไปถึงห้องสมุดเป็นครั้งที่สองพวกเขาจะต้องไปดูหนังนานเท่าไหร่โดยไม่มาสาย?,110
เฉินและดิเอโกใช้เวลา 221 นาทีในการเดินไปที่สวนสาธารณะด้วยกันเริ่มจากบ้านของพวกเขาใช้เวลา 28 นาทีในการไปที่มุมที่ห้างสรรพสินค้าอยู่ใช้เวลาอีก 22 นาทีในการไปดูหนังเมื่อพวกเขาไปถึงโรงภาพยนตร์พวกเขาจำได้ว่าพวกเขาลืมกระเป๋าเงินที่บ้านดังนั้นพวกเขาจึงต้องกลับไปหยิบกระเป๋าเงินของพวกเขาแล้วเดินกลับไปที่โรงภาพยนตร์อีกครั้งเมื่อพวกเขาไปถึงโรงภาพยนตร์เป็นครั้งที่สองพวกเขาต้องไปที่สวนสาธารณะอีกต่อไปโดยไม่สาย?,71
นักเล่นปาหี่สามารถเล่นปาหี่ลูกบอล 480 ลูกหนึ่งในสิบของลูกบอลคือลูกกอล์ฟและส่วนที่เหลือเป็นลูกเทนนิส1/2 ของลูกกอล์ฟเป็นสีม่วงซึ่งมีการทำเครื่องหมาย 1/61/9 ของลูกเทนนิสเป็นสีครามและทั้งหมดยกเว้นหนึ่งในสามของลูกบอลสีครามเหล่านั้นถูกทำเครื่องหมายมีลูกทำเครื่องหมายกี่ลูก?,36
นักเล่นกลสามารถเล่นปาหี่ลูกบอล 360 ลูกครึ่งหนึ่งของลูกบอลเป็นลูกเทนนิสและส่วนที่เหลือเป็นลูกกอล์ฟหนึ่งในสามของลูกเทนนิสเป็นนกเป็ดน้ำซึ่งมีการทำเครื่องหมาย 1/41/3 ของลูกกอล์ฟเป็นสีชมพูและทั้งหมดยกเว้นหนึ่งในห้าของลูกบอลสีชมพูเหล่านั้นถูกทำเครื่องหมายมีลูกทำเครื่องหมายกี่ลูก?,63
นักเล่นกลสามารถเล่นปาหี่ลูกบอล 360 ลูกหนึ่งในสิบของลูกบอลคือลูกกอล์ฟและส่วนที่เหลือเป็นลูกเทนนิส1/3 ของลูกกอล์ฟเป็นสีขาวซึ่งมีการทำเครื่องหมาย 1/4ครึ่งหนึ่งของลูกเทนนิสเป็นสีม่วงแดงและทั้งหมดยกเว้น 1/2 ของลูกบอลสีม่วงแดงเหล่านั้นถูกทำเครื่องหมายไว้มีลูกทำเครื่องหมายกี่ลูก?,84
นักเล่นปาหี่สามารถเล่นปาหี่ 240 ลูกลูกบอล 1/4 ลูกเป็นลูกเทนนิสและส่วนที่เหลือเป็นลูกกอล์ฟ1/3 ของลูกเทนนิสเป็นสีดำซึ่งมีการทำเครื่องหมาย 1/5หนึ่งในสามของลูกกอล์ฟเป็นสีฟ้าและทั้งหมดยกเว้นครึ่งหนึ่งของลูกสีฟ้าเหล่านั้นถูกทำเครื่องหมายไว้มีลูกทำเครื่องหมายกี่ลูก?,34
นักเล่นปาหี่สามารถเล่นปาหี่ลูกบอลได้ 300 ลูกหนึ่งในสิบของลูกบอลคือลูกเทนนิสและส่วนที่เหลือเป็นลูกกอล์ฟหนึ่งในห้าของลูกเทนนิสเป็นสีม่วงแดงซึ่งหนึ่งในสามถูกทำเครื่องหมาย1/3 ของลูกกอล์ฟเป็นสีม่วงและทั้งหมดยกเว้นครึ่งหนึ่งของลูกบอลสีม่วงเหล่านั้นถูกทำเครื่องหมายมีลูกทำเครื่องหมายกี่ลูก?,47
นักเล่นปาหี่สามารถเล่นปาหี่ 160 ลูกหนึ่งในสี่ของลูกบอลคือลูกเทนนิสและส่วนที่เหลือเป็นลูกกอล์ฟ1/5 ของลูกเทนนิสเป็นสีม่วงซึ่งมีการทำเครื่องหมาย 1/41/8 ของลูกกอล์ฟเป็นสีครามและทั้งหมดยกเว้น 1/5 ของลูกบอลสีครามเหล่านั้นถูกทำเครื่องหมายมีลูกทำเครื่องหมายกี่ลูก?,14
นักเล่นปาหี่สามารถเล่นปาหี่ 160 ลูกหนึ่งในสี่ของลูกบอลคือลูกเทนนิสและส่วนที่เหลือเป็นลูกกอล์ฟหนึ่งในสี่ของลูกเทนนิสเป็นนกเป็ดน้ำซึ่งมีการทำเครื่องหมาย 1/5หนึ่งในสี่ของลูกกอล์ฟเป็นสีชมพูและทั้งหมดยกเว้นครึ่งหนึ่งของลูกบอลสีชมพูเหล่านั้นถูกทำเครื่องหมายมีลูกทำเครื่องหมายกี่ลูก?,17
นักเล่นกลสามารถเล่นปาหี่ 120 ลูกหนึ่งในสี่ของลูกบอลคือลูกกอล์ฟและส่วนที่เหลือเป็นลูกเทนนิส1/5 ของลูกกอล์ฟเป็นสีเหลืองซึ่งมีการทำเครื่องหมาย 1/61/3 ของลูกเทนนิสเป็นสีชมพูและทั้งหมดยกเว้น 1/6 ของลูกบอลสีชมพูเหล่านั้นถูกทำเครื่องหมายมีลูกทำเครื่องหมายกี่ลูก?,26
นักเล่นปาหี่สามารถเล่นปาหี่ 540 ลูกลูกบอล 1/9 ลูกเป็นลูกกอล์ฟและส่วนที่เหลือเป็นลูกเทนนิส1/2 ของลูกกอล์ฟเป็นสีม่วงซึ่งมีการทำเครื่องหมายหนึ่งในสิบลูกเทนนิสแปดของลูกเทนนิสเป็นสีน้ำตาลและทั้งหมดยกเว้น 1/10 ของลูกบอลสีน้ำตาลเหล่านั้นถูกทำเครื่องหมายมีลูกทำเครื่องหมายกี่ลูก?,57
นักเล่นปาหี่สามารถเล่นปาหี่ 400 ลูกลูกบอล 1/5 ลูกเป็นลูกกอล์ฟและส่วนที่เหลือเป็นลูกเทนนิส1/4 ของลูกกอล์ฟเป็นนกเป็ดน้ำซึ่งมีการทำเครื่องหมายหนึ่งในห้าลูกเทนนิสแปดของลูกเทนนิสเป็นสีน้ำเงินและทั้งหมดยกเว้นหนึ่งในสิบของลูกบอลสีน้ำเงินเหล่านั้นถูกทำเครื่องหมายมีลูกทำเครื่องหมายกี่ลูก?,40
ฮิโรชิมีสนามแอปริคอท 20 เฮกตาร์มี 28 แอปริคอตต่อสองในสี่ของเฮกตาร์ฮิโรชิสามารถเก็บเกี่ยวแอปริคอตของเขาทุก 6 เดือนนอกจากนี้ฮิโรชิยังเป็นเจ้าของสนามองุ่น 12 เฮกตาร์ที่ผลิตองุ่น 14 องศาต่อเฮกตาร์องุ่นสามารถเก็บเกี่ยวได้ทุก 4 เดือนในช่วงสองปีที่ผ่านมาฮิโรชิเก็บเกี่ยวแอปริคอตได้มากกว่าองุ่น?,3472
โอลิเวอร์มีสนามองุ่น 15 เฮกตาร์มีองุ่น 15 องศาต่อ 1/3 ของเฮกตาร์โอลิเวอร์สามารถเก็บเกี่ยวองุ่นของเขาได้ทุก 4 เดือนนอกจากนี้โอลิเวอร์ยังเป็นเจ้าของสนามแอปเปิ้ลขนาด 9 เฮกตาร์ที่ผลิตแอปเปิ้ล 16 ตัวต่อเฮกตาร์แอปเปิ้ลสามารถเก็บเกี่ยวได้ทุก 4 เดือนในช่วงสองปีที่ผ่านมาโอลิเวอร์เก็บเกี่ยวองุ่นกว่าแอปเปิ้ลอีกกี่องศา?,3186
โมฮัมเหม็ดมีสนามองุ่น 35 ตารางเมตรมีองุ่น 12 องศาต่อ 2/3 ของตารางเมตรโมฮัมเหม็ดสามารถเก็บเกี่ยวองุ่นของเขาได้ทุก 6 เดือนนอกจากนี้โมฮัมเหม็ดเป็นเจ้าของสนามแอปริคอทขนาด 11 ตารางเมตรที่ผลิตแอปริคอต 18 ต่อตารางเมตรแอปริคอตสามารถเก็บเกี่ยวได้ทุก 4 เดือนในช่วงสองปีที่ผ่านมาโมฮัมเหม็ดเก็บเกี่ยวองุ่นกว่าแอปริคอตอีกกี่องศา?,1332
ยูซุฟมีทุ่งแตงโม 10 ตารางหลามีแตงโม 19 ครั้งต่อสองหกของสนามสี่เหลี่ยมยูซุฟสามารถเก็บเกี่ยวแตงโมของเขาได้ทุก 2 เดือนนอกจากนี้ยูซุฟเป็นเจ้าของสนามองุ่น 9 ตารางหลาที่ผลิตองุ่น 14 องศาต่อตารางหลาองุ่นสามารถเก็บเกี่ยวได้ทุก 4 เดือนในช่วงสองปีที่ผ่านมา Yusuf เก็บเกี่ยวแตงโมอีกกี่ครั้ง?,6084
Ravi มีสนามกล้วย 10 ตารางหลามีกล้วย 36 ตัวต่อสี่ในห้าของลานสี่เหลี่ยมRavi สามารถเก็บเกี่ยวกล้วยของเขาได้ทุก 4 เดือนนอกจากนี้ Ravi ยังเป็นเจ้าของสนามแอปริคอท 13 ตารางหลาที่ผลิตแอปริคอต 12 แห่งต่อตารางหลาแอปริคอตสามารถเก็บเกี่ยวได้ทุก 4 เดือนในช่วงสองปีที่ผ่านมา Ravi เก็บเกี่ยวกล้วยมากกว่าแอปริคอตอีกกี่กล้วย?,1764
Thiago มีสนามสีส้ม 25 ตารางหลามี 23 ส้มต่อหนึ่งในสี่ของหลาสี่เหลี่ยมThiago สามารถเก็บเกี่ยวส้มของเขาได้ทุก 12 เดือนนอกจากนี้ Thiago ยังเป็นเจ้าของสนามองุ่นขนาด 9 ตารางหลาที่ผลิตองุ่น 13 องศาต่อตารางหลาองุ่นสามารถเก็บเกี่ยวได้ทุก 4 เดือนในช่วงสองปีที่ผ่านมา Thiago เก็บเกี่ยวส้มมากกว่าองุ่นอีกกี่ส้ม?,3898
คาร์ลอสมีสนามกีวี 80 ตารางเมตรมี 29 กีวีต่อสี่หกของตารางเมตรคาร์ลอสสามารถเก็บเกี่ยวกีวีของเขาได้ทุก ๆ 12 เดือนนอกจากนี้คาร์ลอสยังเป็นเจ้าของสนามแอปริคอทขนาด 10 ตารางเมตรที่ผลิตแอปริคอต 17 ต่อตารางเมตรแอปริคอตสามารถเก็บเกี่ยวได้ทุก 4 เดือนในช่วงสองปีที่ผ่านมาคาร์ลอสเก็บเกี่ยวกีวีมากกว่าแอปริคอตอีกกี่ตัว?,5940
Deshawn มีทุ่งกล้วย 10 เฮกตาร์มีกล้วย 20 กล้วยต่อ 2/4 ของเฮกตาร์Deshawn สามารถเก็บเกี่ยวกล้วยของเขาได้ทุก 3 เดือนนอกจากนี้ Deshawn เป็นเจ้าของสนามสีส้ม 11 เฮกตาร์ที่ผลิตส้ม 14 ส้มต่อเฮกตาร์ส้มสามารถเก็บเกี่ยวได้ทุก 4 เดือนในช่วงสองปีที่ผ่านมามีกล้วยอีกกี่ตัวที่เก็บเก็บเกี่ยวได้มากกว่าส้ม?,2276
Deshawn มีทุ่งองุ่น 10 เฮกตาร์มี 33 องุ่นต่อหนึ่งในแปดของเฮกตาร์Deshawn สามารถเก็บเกี่ยวองุ่นของเขาได้ทุก 12 เดือนนอกจากนี้ Deshawn เป็นเจ้าของเขตสับปะรด 10 เฮกตาร์ที่ผลิตสับปะรด 18 ต่อเฮกตาร์สับปะรดสามารถเก็บเกี่ยวได้ทุก 4 เดือนในช่วงสองปีที่ผ่านมามีการเก็บเกี่ยวองุ่นอีกกี่องศามากกว่าสับปะรด?,4200
โนอาห์มีสนามลูกแพร์ 85 เฮกตาร์มีลูกแพร์ 13 ลูกต่อสองหกเฮกตาร์โนอาห์สามารถเก็บเกี่ยวลูกแพร์ได้ทุก ๆ 12 เดือนนอกจากนี้โนอาห์เป็นเจ้าของสนามแอปริคอท 11 เฮกตาร์ที่ผลิตแอปริคอต 12 ต่อเฮกตาร์แอปริคอตสามารถเก็บเกี่ยวได้ทุก 4 เดือนในช่วงสองปีที่ผ่านมาโนอาห์เก็บเกี่ยวลูกแพร์ได้มากกว่าแอปริคอตอีกกี่ลูก?,5838
"ดร. มิลเลอร์ขายอพาร์ตเมนต์ของเขาในราคา $ 490000เขาจ่ายค่าธรรมเนียมทางกฎหมายที่มีจำนวน 1% ของราคาขายและจ่ายค่าธรรมเนียม Realtor ซึ่งเป็น 5% ของราคาขายนอกจากนี้เขายังจ่าย $ 390000 สำหรับจำนวนเงินกู้ที่เหลืออยู่ในอพาร์ทเมนต์และ $ 10,000 สำหรับค่าใช้จ่ายในการปิดดร. มิลเลอร์ใช้รายได้สุทธิจากการขายอพาร์ทเมนต์เพื่อลงทุนในหุ้นหุ้นได้รับ 10% ในแต่ละปีเป็นเวลาสองปีรายได้สุทธิของดร. มิลเลอร์มีรายได้เท่าไหร่หลังจากสองปี?",73326
"Mr. Martinez ขายกระท่อมของเขาในราคา $ 690000เขาจ่ายค่าธรรมเนียมการโอนที่มีจำนวน 3% ของราคาขายและจ่ายค่าธรรมเนียมนายหน้าซึ่งเป็น 6% ของราคาขายนอกจากนี้เขายังจ่ายเงิน $ 590000 สำหรับจำนวนเงินกู้ที่เหลืออยู่ในกระท่อมและ $ 5,000 สำหรับค่าใช้จ่ายในการปิดนายมาร์ติเนซใช้เงินสุทธิจากการขายกระท่อมเพื่อลงทุนในหุ้นหุ้นได้รับ 10% ในแต่ละปีเป็นเวลาสองปีรายได้สุทธิของนายมาร์ติเนซมีค่าเท่าไหร่หลังจากสองปี?",39809
ศ. มิลเลอร์ขายอพาร์ตเมนต์ของเขาในราคา $ 810000เขาจ่ายค่าธรรมเนียมการลงทะเบียนที่มีจำนวน 3% ของราคาขายและจ่ายค่าธรรมเนียมตัวแทนที่ 3% ของราคาขายนอกจากนี้เขายังจ่าย $ 670000 สำหรับจำนวนเงินกู้ที่เหลืออยู่ในอพาร์ทเมนต์และ $ 20000 สำหรับค่าใช้จ่ายปิดศ. มิลเลอร์ใช้เงินสุทธิจากการขายอพาร์ทเมนต์เพื่อลงทุนในหุ้นหุ้นได้รับ 10% ในแต่ละปีเป็นเวลาสองปีรายได้สุทธิของศาสตราจารย์มิลเลอร์มีค่าเท่าไหร่หลังจากสองปี?,86394
"ศ. มิลเลอร์ขายอพาร์ตเมนต์ของเขาในราคา $ 760000เขาจ่ายค่าธรรมเนียมการลงทะเบียนที่มีจำนวน 3% ของราคาขายและจ่ายค่าธรรมเนียมตัวแทนที่ 4% ของราคาขายนอกจากนี้เขายังจ่ายเงิน $ 570000 สำหรับจำนวนเงินกู้ที่เหลืออยู่ในอพาร์ทเมนต์และ $ 15,000 สำหรับค่าใช้จ่ายในการปิดศ. มิลเลอร์ใช้เงินสุทธิจากการขายอพาร์ทเมนต์เพื่อลงทุนในหุ้นหุ้นได้รับ 10% ในแต่ละปีเป็นเวลาสองปีรายได้สุทธิของศาสตราจารย์มิลเลอร์มีค่าเท่าไหร่หลังจากสองปี?",147378
ดร. สมิ ธ ขายบ้านของเขาในราคา $ 590000เขาจ่ายค่าธรรมเนียมทางกฎหมายที่มีจำนวน 3% ของราคาขายและจ่ายค่าธรรมเนียม Realtor ซึ่งเป็น 4% ของราคาขายนอกจากนี้เขายังจ่าย $ 380000 สำหรับจำนวนเงินกู้ที่เหลืออยู่ในบ้านและ $ 25000 สำหรับค่าใช้จ่ายปิดดร. สมิ ธ ใช้รายได้สุทธิจากการขายบ้านเพื่อลงทุนในหุ้นหุ้นได้รับ 10% ในแต่ละปีเป็นเวลาสองปีรายได้สุทธิของดร. สมิ ธ มีรายได้เท่าไหร่หลังจากสองปี?,173877
"ศ. สมิ ธ ขายบ้านของเขาในราคา $ 560000เขาจ่ายค่าธรรมเนียมการลงทะเบียนที่มีจำนวน 3% ของราคาขายและจ่ายค่าธรรมเนียมตัวแทนที่ 4% ของราคาขายนอกจากนี้เขายังจ่าย $ 440000 สำหรับจำนวนเงินกู้ที่เหลืออยู่ในบ้านและ $ 15,000 สำหรับค่าใช้จ่ายปิดศ. สมิ ธ ใช้เงินสุทธิจากการขายบ้านเพื่อลงทุนในหุ้นหุ้นได้รับ 10% ในแต่ละปีเป็นเวลาสองปีรายได้สุทธิของศาสตราจารย์สมิ ธ มีค่าเท่าไหร่หลังจากสองปี?",79618
ดร. มิลเลอร์ขายอพาร์ทเมนต์ของเขาในราคา $ 550000เขาจ่ายค่าธรรมเนียมทางกฎหมายที่มีจำนวน 2% ของราคาขายและจ่ายค่าธรรมเนียม Realtor ซึ่งเป็น 3% ของราคาขายนอกจากนี้เขายังจ่าย $ 370000 สำหรับจำนวนเงินกู้ที่เหลืออยู่ในอพาร์ทเมนต์และ $ 25000 สำหรับค่าใช้จ่ายในการปิดดร. มิลเลอร์ใช้รายได้สุทธิจากการขายอพาร์ทเมนต์เพื่อลงทุนในหุ้นหุ้นได้รับ 10% ในแต่ละปีเป็นเวลาสองปีรายได้สุทธิของดร. มิลเลอร์มีรายได้เท่าไหร่หลังจากสองปี?,154275
"ศ. บราวน์ขายวิลล่าของเขาในราคา $ 460000เขาจ่ายค่าธรรมเนียมการลงทะเบียนที่มีจำนวน 3% ของราคาขายและจ่ายค่าธรรมเนียมตัวแทนที่ 2% ของราคาขายนอกจากนี้เขายังจ่าย $ 300000 สำหรับจำนวนเงินกู้ที่เหลืออยู่ในวิลล่าและ $ 15,000 สำหรับค่าใช้จ่ายปิดศ. บราวน์ใช้เงินสุทธิจากการขายวิลล่าเพื่อลงทุนในหุ้นหุ้นได้รับ 10% ในแต่ละปีเป็นเวลาสองปีรายได้สุทธิของศาสตราจารย์บราวน์มีรายได้เท่าไหร่หลังจากสองปี?",147620
"ศ. มาร์ติเนซขายกระท่อมของเขาในราคา $ 470000เขาจ่ายค่าธรรมเนียมการลงทะเบียนที่มีจำนวน 2% ของราคาขายและจ่ายค่าธรรมเนียมตัวแทนที่ 3% ของราคาขายนอกจากนี้เขายังจ่าย $ 400000 สำหรับจำนวนเงินกู้ที่เหลืออยู่ในกระท่อมและ $ 15,000 สำหรับค่าใช้จ่ายปิดศาสตราจารย์มาร์ติเนซใช้รายได้สุทธิจากการขายกระท่อมเพื่อลงทุนในหุ้นหุ้นได้รับ 10% ในแต่ละปีเป็นเวลาสองปีรายได้สุทธิของศาสตราจารย์มาร์ติเนซมีค่าเท่าไหร่หลังจากสองปี?",38115
"ดร. บราวน์ขายวิลล่าของเขาในราคา $ 300000เขาจ่ายค่าธรรมเนียมทางกฎหมายที่มีจำนวน 3% ของราคาขายและจ่ายค่าธรรมเนียม realtor ซึ่งเป็น 3% ของราคาขายนอกจากนี้เขายังจ่ายเงิน $ 200,000 สำหรับจำนวนเงินกู้ที่เหลืออยู่ในวิลล่าและ $ 20000 สำหรับค่าใช้จ่ายปิดดร. บราวน์ใช้รายได้สุทธิจากการขายวิลล่าเพื่อลงทุนในหุ้นหุ้นได้รับ 10% ในแต่ละปีเป็นเวลาสองปีรายได้สุทธิของดร. บราวน์มีรายได้เท่าไหร่หลังจากสองปี?",75020
โอลิเวียทำชาโดยใช้น้ำตาลและถ้วยน้ำในอัตราส่วน 51: 5นอกจากนี้เธอยังใช้นม 7 ช้อนโต๊ะต่อน้ำทุก ๆ 5 ถ้วยและใช้ครีมหนัก 2 ช้อนโต๊ะสำหรับน้ำตาลทุก ๆ ช้อนชาเธอใช้น้ำตาลทั้งหมด 220 ช้อนชาถ้วยน้ำช้อนโต๊ะครีมและนมช้อนโต๊ะเธอใช้น้ำตาลกี่ช้อนชา?,68
Olga ทำกาแฟโดยใช้น้ำตาลและถ้วยน้ำในอัตราส่วน 48:10เธอยังใช้นม 6 ช้อนโต๊ะต่อน้ำทุก ๆ 10 ถ้วยและใช้ครีมหนัก 2 ช้อนโต๊ะสำหรับน้ำตาลทุก ๆ ช้อนชาเธอใช้น้ำตาลทั้งหมด 210 ช้อนชาถ้วยน้ำช้อนโต๊ะครีมและนมช้อนโต๊ะเธอใช้น้ำตาลกี่ช้อนชา?,63
กาเบรียลทำชาโดยใช้น้ำตาลและถ้วยน้ำในอัตราส่วน 54:12นอกจากนี้เธอยังใช้นม 7 ช้อนโต๊ะต่อน้ำทุก ๆ 2 ถ้วยและใช้ครีมหนัก 2 ช้อนโต๊ะสำหรับน้ำตาลทุก ๆ ช้อนชาเธอใช้น้ำตาลทั้งหมด 240 ช้อนชาถ้วยน้ำช้อนโต๊ะครีมและนมช้อนโต๊ะเธอใช้น้ำตาลกี่ช้อนชา?,60
MIA ทำกาแฟโดยใช้น้ำตาลและถ้วยน้ำในอัตราส่วน 48: 7นอกจากนี้เธอยังใช้นม 9 ช้อนโต๊ะต่อน้ำทุก ๆ 7 ถ้วยและใช้ครีมหนัก 2 ช้อนโต๊ะสำหรับน้ำตาลทุก ๆ ช้อนชาเธอใช้น้ำตาลทั้งหมด 170 ช้อนชาถ้วยน้ำช้อนโต๊ะครีมและนมช้อนโต๊ะเธอใช้น้ำตาลกี่ช้อนชา?,51
Kimia ทำกาแฟโดยใช้น้ำตาลและถ้วยน้ำในอัตราส่วน 55:44เธอยังใช้นม 6 ช้อนโต๊ะต่อน้ำทุก ๆ 24 ถ้วยและใช้ครีมหนัก 2 ช้อนโต๊ะสำหรับน้ำตาลทุก ๆ ช้อนชาเธอใช้น้ำตาลทั้งหมด 240 ช้อนชาถ้วยน้ำช้อนโต๊ะครีมและนมช้อนโต๊ะเธอใช้น้ำตาลกี่ช้อนชา?,60
อูมาทำชาโดยใช้น้ำตาลและถ้วยน้ำในอัตราส่วน 45: 5นอกจากนี้เธอยังใช้นม 8 ช้อนโต๊ะต่อน้ำทุก ๆ 4 ถ้วยและใช้ครีมหนัก 2 ช้อนโต๊ะสำหรับน้ำตาลทุก ๆ ช้อนชาเธอใช้น้ำตาลทั้งหมด 210 ช้อนชาถ้วยน้ำช้อนโต๊ะครีมและนมช้อนโต๊ะเธอใช้น้ำตาลกี่ช้อนชา?,63
ฟาติมาทำชาโดยใช้น้ำตาลและถ้วยน้ำในอัตราส่วน 52:30เธอยังใช้นม 6 ช้อนโต๊ะต่อน้ำทุก ๆ 20 ถ้วยและใช้ครีมหนัก 2 ช้อนโต๊ะสำหรับน้ำตาลทุก ๆ ช้อนชาเธอใช้น้ำตาลทั้งหมด 210 ช้อนชาถ้วยน้ำช้อนโต๊ะครีมและนมช้อนโต๊ะเธอใช้น้ำตาลกี่ช้อนชา?,56
Beatriz ทำกาแฟโดยใช้น้ำตาลและถ้วยน้ำในอัตราส่วน 48:12เธอยังใช้นม 7 ช้อนโต๊ะต่อน้ำทุก ๆ 7 ถ้วยและใช้ครีมหนัก 2 ช้อนโต๊ะสำหรับน้ำตาลทุก ๆ ช้อนชาเธอใช้น้ำตาลทั้งหมด 210 ช้อนชาถ้วยน้ำช้อนโต๊ะครีมและนมช้อนโต๊ะเธอใช้น้ำตาลกี่ช้อนชา?,60
ควินน์ทำกาแฟโดยใช้น้ำตาลและถ้วยน้ำในอัตราส่วน 63: 9เธอยังใช้นม 7 ช้อนโต๊ะต่อน้ำทุก ๆ 7 ถ้วยและใช้ครีมหนัก 2 ช้อนโต๊ะสำหรับน้ำตาลทุก ๆ ช้อนชาเธอใช้น้ำตาลทั้งหมด 230 ช้อนชาถ้วยน้ำช้อนโต๊ะครีมและนมช้อนโต๊ะเธอใช้น้ำตาลกี่ช้อนชา?,70
Zahra ทำชาโดยใช้น้ำตาลและถ้วยน้ำในอัตราส่วน 60: 5เธอยังใช้นม 6 ช้อนโต๊ะต่อน้ำทุก ๆ 2 ถ้วยและใช้ครีมหนัก 2 ช้อนโต๊ะสำหรับน้ำตาลทุก ๆ ช้อนชาเธอใช้น้ำตาลทั้งหมด 210 ช้อนชาถ้วยน้ำช้อนโต๊ะครีมและนมช้อนโต๊ะเธอใช้น้ำตาลกี่ช้อนชา?,63
พิซซ่ายักษ์มี 87 เสิร์ฟไอชาสามารถกิน 3 เสิร์ฟต่อวันในขณะที่อมีเลียสามารถกินได้มากสองครั้งและเอวาสามารถกินได้มากถึงสี่เท่าของอมีเลียหลังจาก 2 วัน Ava ตัดสินใจที่จะทานอาหารและลดการบริโภคลงครึ่งหนึ่งพิซซ่าต้องใช้เวลากี่วันในการกินอย่างเต็มที่?,3
ลาซานญ่ายักษ์มี 102 ชิ้นลีออนกินได้ 3 ชิ้นต่อวันในขณะที่โมฮัมเหม็ดสามารถกินได้สามครั้งมากและซากุระสามารถกินได้มากถึงสองครั้งที่โมฮัมเหม็ดหลังจาก 2 วันซากุระตัดสินใจที่จะทานอาหารและลดการบริโภคครึ่งหนึ่งลาซานญ่าต้องใช้เวลากี่วันในการกินอย่างเต็มที่?,4
พายยักษ์มี 122 ชิ้นAnanya สามารถกิน 2 ชิ้นต่อวันในขณะที่ Kimia สามารถกินได้สามครั้งมากและ Fatima สามารถกินได้มากถึง Kimia ห้าเท่าหลังจาก 2 วันฟาติมาตัดสินใจที่จะทานอาหารและลดการบริโภคครึ่งหนึ่งต้องใช้เวลากี่วันกว่าที่พายจะกินเต็มที่?,4
เค้กยักษ์มี 126 ส่วนคิมาสามารถกิน 3 ส่วนต่อวันในขณะที่ฟาติมาสามารถกินได้มากสามเท่าและดาฟเน่สามารถกินได้มากถึงสี่เท่าของฟาติมาหลังจาก 2 วัน Daphne ตัดสินใจที่จะทานอาหารและลดการบริโภคครึ่งหนึ่งต้องใช้เวลากี่วันในการกินเค้กอย่างเต็มที่?,3
พายยักษ์มี 99 ชิ้นหลุยส์กินได้ 2 ชิ้นต่อวันในขณะที่อมีเลียสามารถกินได้มากถึงสามครั้งและไอชาสามารถกินได้มากถึงห้าเท่าของอมีเลียหลังจาก 2 วันไอชาตัดสินใจที่จะทานอาหารและลดการบริโภคลงครึ่งหนึ่งต้องใช้เวลากี่วันกว่าที่พายจะกินเต็มที่?,3
พิซซ่ายักษ์มี 110 เสิร์ฟทาราสามารถกิน 2 เสิร์ฟต่อวันในขณะที่โพธิสามารถกินได้มากสามครั้งและโอลิเวียสามารถกินได้มากถึงสองเท่าของโพธิหลังจาก 2 วันโอลิเวียตัดสินใจที่จะทานอาหารและลดการบริโภคครึ่งหนึ่งพิซซ่าต้องใช้เวลากี่วันในการกินอย่างเต็มที่?,7
พายยักษ์มี 126 เสิร์ฟEsteban สามารถกิน 3 เสิร์ฟต่อวันในขณะที่ Theo สามารถกินได้สามครั้งมากและ Gabriel สามารถกินได้มากถึงสี่เท่าหลังจาก 2 วันกาเบรียลตัดสินใจที่จะทานอาหารและลดการบริโภคครึ่งหนึ่งต้องใช้เวลากี่วันกว่าที่พายจะกินเต็มที่?,3
พิซซ่ายักษ์มี 105 เสิร์ฟHaruka สามารถกิน 3 เสิร์ฟต่อวันในขณะที่ Daphne สามารถกินได้มากถึงสี่เท่าและ Arash สามารถกินได้สองเท่าของ Daphneหลังจาก 2 วัน Arash ตัดสินใจที่จะทานอาหารและลดการบริโภคครึ่งหนึ่งพิซซ่าต้องใช้เวลากี่วันในการกินอย่างเต็มที่?,3
เค้กยักษ์มี 87 ส่วนโอลิเวอร์สามารถกิน 3 ส่วนต่อวันในขณะที่ Pavel สามารถกินได้มากสองครั้งและเหม่ยสามารถกินได้มากถึงสองเท่าของ Pavelหลังจาก 2 วันเหม่ยตัดสินใจที่จะทานอาหารและลดการบริโภคครึ่งหนึ่งต้องใช้เวลากี่วันในการกินเค้กอย่างเต็มที่?,5
เค้กยักษ์มี 120 ส่วนจัสมินสามารถกิน 5 ส่วนต่อวันในขณะที่ Roya สามารถกินได้มากสองครั้งและโซเฟียสามารถกินได้มากถึงสองเท่าของ Royaหลังจาก 2 วันโซเฟียตัดสินใจที่จะทานอาหารและลดการบริโภคครึ่งหนึ่งต้องใช้เวลากี่วันในการกินเค้กอย่างเต็มที่?,4
Sanjay ได้รับอีเมล 32 ฉบับต่อวัน25% ของอีเมลเหล่านั้นไม่ต้องการการตอบกลับใด ๆจากส่วนที่เหลือแซนเจย์สามารถตอบสนองต่อ 2 น้อยกว่า 1/2 ของพวกเขาเท่านั้นSanjay ตอบกลับอีเมลกี่ฉบับในสัปดาห์ทำงาน 4 วัน?Sanjay ทำงานล่วงเวลาในวันสุดท้ายเพื่อให้เขาสามารถตอบกลับอีเมลได้มากกว่าปกติ 20%,42
Leon ได้รับอีเมล 30 ฉบับต่อวัน20% ของอีเมลเหล่านั้นไม่ต้องการการตอบกลับใด ๆจากส่วนที่เหลือลีออนสามารถตอบสนองต่อ 2 น้อยกว่าครึ่งเท่านั้นลีออนตอบกลับอีเมลกี่ฉบับในสัปดาห์ทำงาน 6 วัน?ลีออนทำงานล่วงเวลาในวันสุดท้ายเพื่อให้เขาสามารถตอบอีเมลได้มากกว่าปกติ 50%,65
โอลิเวอร์ได้รับอีเมล 32 ฉบับต่อวัน25% ของอีเมลเหล่านั้นไม่ต้องการการตอบกลับใด ๆจากส่วนที่เหลือโอลิเวอร์สามารถตอบสนองต่อ 2 น้อยกว่า 1/2 ของพวกเขาเท่านั้นOliver ตอบกลับอีเมลกี่ฉบับในสัปดาห์ทำงาน 4 วัน?โอลิเวอร์ทำงานล่วงเวลาในวันสุดท้ายเพื่อให้เขาสามารถตอบกลับอีเมลได้มากกว่าปกติ 10%,41
Luis ได้รับอีเมล 30 ฉบับต่อวัน20% ของอีเมลเหล่านั้นไม่ต้องการการตอบกลับใด ๆจากส่วนที่เหลือหลุยส์สามารถตอบสนองต่อ 4 น้อยกว่า 1/2 ของพวกเขาเท่านั้นLuis ตอบกลับอีเมลกี่ฉบับในสัปดาห์ที่ทำงาน 5 วัน?หลุยส์ทำงานล่วงเวลาในวันสุดท้ายเพื่อให้เขาสามารถตอบกลับอีเมลได้มากกว่าปกติ 25%,42
ฮิโรชิได้รับอีเมล 32 ฉบับต่อวัน25% ของอีเมลเหล่านั้นไม่ต้องการการตอบกลับใด ๆจากส่วนที่เหลือฮิโรชิสามารถตอบสนองต่อ 2 น้อยกว่า 1/2 ของพวกเขาเท่านั้นฮิโรชิตอบกลับอีเมลกี่ฉบับในสัปดาห์ทำงาน 5 วัน?ฮิโรชิทำงานล่วงเวลาในวันสุดท้ายเพื่อให้เขาสามารถตอบกลับอีเมลได้มากกว่าปกติ 30%,53
Carlos ได้รับอีเมล 32 ฉบับต่อวัน25% ของอีเมลเหล่านั้นไม่ต้องการการตอบกลับใด ๆจากที่เหลือคาร์ลอสสามารถตอบสนองต่อ 4 น้อยกว่าครึ่งเท่านั้นคาร์ลอสตอบกลับอีเมลกี่ฉบับในสัปดาห์ทำงาน 4 วัน?คาร์ลอสทำงานล่วงเวลาในวันสุดท้ายเพื่อให้เขาสามารถตอบกลับอีเมลได้มากกว่าปกติ 75%,38
Ravi ได้รับอีเมล 25 ฉบับต่อวัน12% ของอีเมลเหล่านั้นไม่ต้องการการตอบกลับใด ๆจากที่เหลือ Ravi สามารถตอบสนองต่อ 3 น้อยกว่าครึ่งหนึ่งเท่านั้นRavi ตอบกลับอีเมลกี่ฉบับในสัปดาห์ทำงาน 4 วัน?Ravi ทำงานล่วงเวลาในวันสุดท้ายเพื่อให้เขาสามารถตอบกลับอีเมลได้มากกว่าปกติ 75%,38
ยูกิได้รับอีเมล 32 ฉบับต่อวัน25% ของอีเมลเหล่านั้นไม่ต้องการการตอบกลับใด ๆจากส่วนที่เหลือยูกิสามารถตอบสนองต่อ 2 น้อยกว่า 1/2 ของพวกเขาเท่านั้นยูกิส่งอีเมลกี่ฉบับในสัปดาห์ทำงาน 6 วัน?ยูกิทำงานล่วงเวลาในวันสุดท้ายเพื่อให้เขาสามารถตอบอีเมลได้มากกว่า 10%,61
โมฮัมเหม็ดได้รับอีเมล 25 ฉบับต่อวัน12% ของอีเมลเหล่านั้นไม่ต้องการการตอบกลับใด ๆจากส่วนที่เหลือโมฮัมเหม็ดสามารถตอบสนองต่อ 3 น้อยกว่าครึ่งเท่านั้นโมฮัมเหม็ดตอบอีเมลกี่ฉบับในสัปดาห์ที่ทำงาน 5 วัน?โมฮัมเหม็ดทำงานล่วงเวลาในวันสุดท้ายเพื่อให้เขาสามารถตอบกลับอีเมลได้มากกว่าปกติ 25%,42
อิบราฮิมได้รับอีเมล 32 ฉบับต่อวัน25% ของอีเมลเหล่านั้นไม่ต้องการการตอบกลับใด ๆจากส่วนที่เหลืออิบราฮิมสามารถตอบสนองต่อ 2 น้อยกว่าครึ่งเท่านั้นอิบราฮิมตอบอีเมลกี่ฉบับในสัปดาห์ทำงาน 4 วัน?อิบราฮิมทำงานล่วงเวลาในวันสุดท้ายเพื่อให้เขาสามารถตอบอีเมลได้มากกว่า 60% มากกว่าปกติ,46
กาเบรียลกำลังกลิ้ง D4 ตายมันมีโอกาสมากแค่ไหน (แสดงเป็นความแตกต่างของคะแนนเปอร์เซ็นต์) ที่เขาม้วนตัวเลขมากกว่า 1 สองครั้งติดต่อกันมากกว่าที่เขาม้วนตัวเลขคี่สี่ตัวติดต่อกัน?,50
Tariq กำลังม้วนตายสี่ด้านมันมีโอกาสมากแค่ไหน (แสดงเป็นความแตกต่างของคะแนนเปอร์เซ็นต์) ที่เขาม้วนตัวเลขมากกว่า 2 สองครั้งติดต่อกันมากกว่าที่เขาม้วนตัวเลขสี่ตัวติดต่อกัน?,18
โมฮัมเหม็ดกำลังม้วนตาย 20 ด้านมันมีโอกาสมากแค่ไหน (แสดงเป็นความแตกต่างของคะแนนเปอร์เซ็นต์) ที่เขาม้วนตัวเลขมากกว่า 10 สองครั้งติดต่อกันมากกว่าที่เขาม้วนตัวเลขสี่ตัวติดต่อกัน?,18
Viktor กำลังม้วนตาย 20 ด้านมันมีโอกาสมากแค่ไหน (แสดงเป็นความแตกต่างของคะแนนเปอร์เซ็นต์) ที่เขาม้วนตัวเลขมากกว่า 2 สองครั้งติดต่อกันมากกว่าที่เขาม้วนตัวเลขสี่ตัวติดต่อกัน?,74
Deshawn กำลังกลิ้ง D10 ตายมันมีโอกาสมากแค่ไหน (แสดงเป็นความแตกต่างของคะแนนเปอร์เซ็นต์) ที่เขาม้วนตัวเลขมากกว่า 5 สองครั้งติดต่อกันมากกว่าที่เขาม้วนตัวเลขสี่ตัวติดต่อกัน?,18
Mateo กำลังกลิ้ง D6 ตายมันมีโอกาสมากแค่ไหน (แสดงเป็นความแตกต่างในคะแนนร้อยละ) ที่เขาม้วนตัวเลขมากกว่า 3 สองครั้งติดต่อกันมากกว่าที่เขาม้วนตัวเลขคี่สี่ตัวติดต่อกัน?,18
ยูซุฟกำลังม้วนตาย 10 ด้านมันมีโอกาสมากแค่ไหน (แสดงเป็นความแตกต่างของคะแนนเปอร์เซ็นต์) ที่เขาม้วนตัวเลขมากกว่า 5 สองครั้งติดต่อกันมากกว่าที่เขาม้วนตัวเลขสี่ตัวติดต่อกัน?,18
โอลิเวอร์กำลังกลิ้ง D8 ตายมันมีโอกาสมากแค่ไหน (แสดงเป็นความแตกต่างของคะแนนเปอร์เซ็นต์) ที่เขาม้วนตัวเลขมากกว่า 2 สองครั้งติดต่อกันมากกว่าที่เขาม้วนตัวเลขคี่สี่ตัวติดต่อกัน?,50
Arjun กำลังกลิ้ง D6 ตายมันมีโอกาสมากแค่ไหน (แสดงเป็นความแตกต่างในคะแนนร้อยละ) ที่เขาม้วนตัวเลขมากกว่า 3 สองครั้งติดต่อกันมากกว่าที่เขาม้วนตัวเลขคี่สี่ตัวติดต่อกัน?,18
เลียมกำลังม้วน D20 ตายมันมีโอกาสมากแค่ไหน (แสดงให้เห็นถึงความแตกต่างของคะแนนเปอร์เซ็นต์) ที่เขาม้วนตัวเลขมากกว่า 1 สองครั้งติดต่อกันมากกว่าที่เขาม้วนตัวเลขสี่ตัวติดต่อกัน?,84
ตอนแรก Viktor มีแพนเค้ก 9 โหลแล้วกินแพนเค้ก 3 ตัวเป็นอาหารเช้าแล้วซ่อนส่วนที่เหลือไว้ในสนามเพื่อล่าไข่อีสเตอร์เลียมพบแพนเค้ก 5 ตัวยูซุฟพบเลียมสองเท่าPavel พบ 4 น้อยกว่า YusufDaphne พบว่าครึ่งหนึ่งของ Pavel และ James พบแพนเค้กสี่โหลมากกว่า Yusuf และ Liam รวมกันยังมีแพนเค้กกี่ตัวที่ซ่อนอยู่ในสนาม?,18
อาลีเริ่มแรกมีคุกกี้ 11 โหลจากนั้นกินคุกกี้ 3 คุกกี้เป็นอาหารเช้าแล้วซ่อนส่วนที่เหลือไว้ในสนามเพื่อล่าไข่อีสเตอร์Faisal พบคุกกี้ 5 คุกกี้ฮิโรชิพบว่ามีไฟไหม้มากถึงสามครั้งเบนจามินพบว่ามีน้อยกว่าฮิโรชิ 3 คนเหว่ยพบเบนจามินได้มากถึงหนึ่งในสี่และควินน์พบคุกกี้สามโหลมากกว่าฮิโรชิและไฟซาลรวมกันยังมีคุกกี้กี่ตัวที่ซ่อนอยู่ในสนาม?,38
เบียทริซในขั้นต้นมีแพนเค้ก 10 โหลจากนั้นก็กินแพนเค้ก 3 ตัวเป็นอาหารเช้าแล้วซ่อนส่วนที่เหลือไว้ในสนามเพื่อล่าไข่อีสเตอร์Kimia พบแพนเค้ก 6 ตัวโซเฟียพบว่าคิมามีสามเท่าMateo พบ 2 น้อยกว่าโซเฟียอูมาพบว่า Mateo มีมากถึงครึ่งหนึ่งและเหม่ยพบแพนเค้กสองโหลมากกว่าโซเฟียและคิมารวมกันยังมีแพนเค้กกี่ตัวที่ซ่อนอยู่ในสนาม?,21
ตอนแรก Zahra มีวาฟเฟิล 9 โหลจากนั้นก็กินวาฟเฟิล 5 วาฟเฟิลเป็นอาหารเช้าแล้วซ่อนส่วนที่เหลือไว้ในสนามเพื่อล่าไข่อีสเตอร์Viktor พบ 5 วาฟเฟิลAndre พบ Viktor มากถึงสามเท่าRania พบว่า Andre น้อยกว่า 3 ตัวUma พบ 1/4 มากถึง Rania และ Arash พบวาฟเฟิลสามโหลมากกว่า Andre และ Viktor รวมกันมีวาฟเฟิลกี่ตัวที่ซ่อนอยู่ในสนาม?,12
ในตอนแรกไก่มีแพนเค้ก 7 โหลจากนั้นก็กินแพนเค้ก 2 ตัวเป็นอาหารเช้าแล้วซ่อนส่วนที่เหลือไว้ในสนามเพื่อล่าไข่อีสเตอร์Nia พบแพนเค้ก 6 ตัวIsabella พบว่ามากที่สุดเท่าที่ NiaRoya พบว่า 4 น้อยกว่า Isabellaดิเอโกพบว่าหนึ่งในสี่เท่า Roya และ Yara พบแพนเค้กสองโหลมากกว่า Isabella และ Nia รวมกันยังมีแพนเค้กกี่ตัวที่ซ่อนอยู่ในสนาม?,12
ในตอนแรก Olga มีแพนเค้ก 8 โหลแล้วกินแพนเค้ก 5 ตัวเป็นอาหารเช้าแล้วซ่อนส่วนที่เหลือไว้ในสนามเพื่อล่าไข่อีสเตอร์กาเบรียลพบแพนเค้ก 3 ตัวจัสมินพบกาเบรียลสี่เท่าTariq พบว่ามีจัสมินน้อยกว่า 2 คนRavi พบ 1/5 มากถึง Tariq และ Alejandro พบแพนเค้กสองโหลมากกว่า Jasmine และ Gabrielle รวมกันยังมีแพนเค้กกี่ตัวที่ซ่อนอยู่ในสนาม?,25
ตอนแรกอิซาเบลล่ามีแพนเค้ก 11 โหลจากนั้นก็กินแพนเค้ก 5 ตัวเป็นอาหารเช้าแล้วซ่อนส่วนที่เหลือไว้ในสนามเพื่อล่าไข่อีสเตอร์Elena พบแพนเค้ก 5 ตัวQasim พบเอเลน่ามากถึงสองเท่าSanjay พบ 1 น้อยกว่า Qasimวินนี่พบ 1/9 มากถึง Sanjay และ Faisal พบแพนเค้กสี่โหลมากกว่า Qasim และ Elena รวมกันยังมีแพนเค้กกี่ตัวที่ซ่อนอยู่ในสนาม?,39
ในตอนแรกวาเลเรียมีแพนเค้ก 11 โหลจากนั้นก็กินแพนเค้ก 2 ตัวเป็นอาหารเช้าแล้วซ่อนส่วนที่เหลือไว้ในสนามเพื่อล่าไข่อีสเตอร์เจมส์พบแพนเค้ก 5 ตัวจามาลพบเจมส์มากถึงสามเท่าDaphne พบ 3 น้อยกว่า Jamalนาเดียพบ 1/2 มากที่สุดเท่าที่ Daphne และ Leon พบแพนเค้กสามโหลมากกว่า Jamal และ James รวมกันยังมีแพนเค้กกี่ตัวที่ซ่อนอยู่ในสนาม?,36
เบียทริซในขั้นต้นมีไข่ 8 โหลจากนั้นกินไข่ 3 ฟองเป็นอาหารเช้าแล้วซ่อนส่วนที่เหลือไว้ในสนามเพื่อล่าไข่อีสเตอร์Mateo พบไข่ 3 ฟองหลุยส์พบว่ามีมากถึง Mateo หกเท่าTariq พบ 2 น้อยกว่า LuisQasim พบว่า Tariq ครึ่งหนึ่งและโนอาห์พบไข่สองโหลมากกว่า Luis และ Mateo รวมกันยังมีไข่กี่ฟองที่ซ่อนอยู่ในสนาม?,3
ตอนแรกดิเอโกมีวาฟเฟิล 8 โหลจากนั้นก็กินวาฟเฟิล 2 วาฟเฟิลเป็นอาหารเช้าจากนั้นซ่อนส่วนที่เหลือไว้ในสนามเพื่อล่าไข่อีสเตอร์Roya พบ 7 วาฟเฟิลยูซุฟพบว่ามีสองเท่าของรอยอาPriya พบ 2 น้อยกว่า YusufKeisha พบ 1/3 มากถึง Priya และ Ava พบวาฟเฟิลสองโหลมากกว่า Yusuf และ Roya รวมกันมีวาฟเฟิลกี่ตัวที่ซ่อนอยู่ในสนาม?,12
Qasim รวบรวมขยะจาก 5 อพาร์ทเมนต์คอมเพล็กซ์ที่แตกต่างกัน4 ครั้งแรกมีอพาร์ทเมนท์ 100 อพาร์ทเมนท์แต่ละอันและที่สุดท้ายนั้นใหญ่กว่าอีก 30% รวมกันเป็น 30%อย่างไรก็ตามในสัปดาห์นี้อพาร์ทเมนท์ 5 แห่งจากคอมเพล็กซ์ 4 แห่งแรกนั้นว่างเปล่าและไม่ต้องการบริการเก็บรวบรวมQasim รวบรวมขยะ 2 ครั้งต่อสัปดาห์จากแต่ละสถานที่และเขาได้รับเงิน₣ 0.3 ต่อคอลเลกชันสำหรับแต่ละอพาร์ทเมนต์นอกจากนี้เขายังได้รับเคล็ดลับเพิ่มอีก 10%เขาทำเงินได้เท่าไหร่ในหนึ่งสัปดาห์?,594
ฮิโรชิเก็บขยะจากคอมเพล็กซ์อพาร์ทเมนต์ 6 แห่งที่แตกต่างกัน5 ครั้งแรกมีอพาร์ทเมนท์ 100 อพาร์ทเมนท์แต่ละอันและอันสุดท้ายนั้นใหญ่กว่าอีก 40%อย่างไรก็ตามในสัปดาห์นี้อพาร์ทเมนท์ 8 แห่งจากคอมเพล็กซ์ 5 แห่งแรกนั้นว่างเปล่าและไม่ต้องการบริการรวบรวมฮิโรชิเก็บขยะ 2 ครั้งต่อสัปดาห์จากแต่ละสถานที่และเขาได้รับเงิน₣ 0.25 ต่อคอลเลกชันสำหรับแต่ละอพาร์ทเมนต์นอกจากนี้เขายังได้รับเคล็ดลับเพิ่มอีก 10%เขาทำเงินได้เท่าไหร่ในหนึ่งสัปดาห์?,638
Tariq เก็บขยะจาก 4 อพาร์ทเมนต์คอมเพล็กซ์ที่แตกต่างกัน3 ครั้งแรกมีอพาร์ทเมนท์ 100 อพาร์ทเมนท์แต่ละอันและที่สุดท้ายนั้นใหญ่กว่าอีก 30% รวมกันอีก 3 แห่งอย่างไรก็ตามในสัปดาห์นี้อพาร์ทเมนท์ 10 อพาร์ทเมนท์จากคอมเพล็กซ์ 3 แห่งแรกนั้นว่างเปล่าและไม่ต้องการบริการรวบรวมTariq เก็บขยะ 3 ครั้งต่อสัปดาห์จากแต่ละสถานที่และเขาได้รับเงิน₺0.5ต่อคอลเลกชันสำหรับแต่ละอพาร์ทเมนต์นอกจากนี้เขายังได้รับเคล็ดลับเพิ่มอีก 10%เขาทำเงินได้เท่าไหร่ในหนึ่งสัปดาห์?,1089
Pavel รวบรวมขยะจากอพาร์ทเมนต์คอมเพล็กซ์ 6 แห่ง5 ครั้งแรกมีอพาร์ทเมนท์ 100 อพาร์ทเมนท์แต่ละอันและที่สุดท้ายนั้นใหญ่กว่าอีก 5 อพาร์ทเมนท์รวมกัน 70%อย่างไรก็ตามในสัปดาห์นี้อพาร์ทเมนท์ 10 แห่งจากคอมเพล็กซ์ 5 แห่งแรกนั้นว่างเปล่าและไม่ต้องการบริการรวบรวมPavel รวบรวมขยะ 2 ครั้งต่อสัปดาห์จากแต่ละสถานที่และเขาได้รับเงิน₺0.45ต่อคอลเลกชันสำหรับแต่ละอพาร์ทเมนต์นอกจากนี้เขายังได้รับเคล็ดลับเพิ่มอีก 10%เขาทำเงินได้เท่าไหร่ในหนึ่งสัปดาห์?,1287
โอลิเวอร์เก็บขยะจาก 5 อพาร์ทเมนต์คอมเพล็กซ์ที่แตกต่างกัน4 ครั้งแรกมีอพาร์ทเมนท์ 100 อพาร์ทเมนท์แต่ละอันและที่สุดท้ายนั้นใหญ่กว่าอีก 50% รวมกันอีก 4 แห่งอย่างไรก็ตามในสัปดาห์นี้อพาร์ทเมนท์ 6 แห่งจากคอมเพล็กซ์ 4 แห่งแรกนั้นว่างเปล่าและไม่ต้องการบริการเก็บรวบรวมโอลิเวอร์รวบรวมขยะ 5 ครั้งต่อสัปดาห์จากแต่ละสถานที่และเขาได้รับเงิน₣ 0.25 ต่อคอลเลกชันสำหรับแต่ละอพาร์ทเมนต์นอกจากนี้เขายังได้รับเคล็ดลับเพิ่มอีก 10%เขาทำเงินได้เท่าไหร่ในหนึ่งสัปดาห์?,1342
โนอาห์เก็บขยะจาก 5 อพาร์ทเมนต์คอมเพล็กซ์ที่แตกต่างกัน4 ครั้งแรกมีอพาร์ทเมนท์ 100 อพาร์ทเมนท์แต่ละอันและที่สุดท้ายนั้นใหญ่กว่าอีก 4 อพาร์ทเมนท์รวมกัน 75%อย่างไรก็ตามในสัปดาห์นี้อพาร์ทเมนท์ 5 แห่งจากคอมเพล็กซ์ 4 แห่งแรกนั้นว่างเปล่าและไม่ต้องการบริการเก็บรวบรวมโนอาห์เก็บขยะ 2 ครั้งต่อสัปดาห์จากแต่ละสถานที่และเขาได้รับเงิน₣ 0.25 ต่อคอลเลกชันสำหรับแต่ละอพาร์ทเมนต์นอกจากนี้เขายังได้รับเคล็ดลับเพิ่มอีก 10%เขาทำเงินได้เท่าไหร่ในหนึ่งสัปดาห์?,594
Esteban รวบรวมขยะจากอพาร์ทเมนต์คอมเพล็กซ์ที่แตกต่างกัน 3 แห่ง2 ครั้งแรกมี 150 อพาร์ทเมนท์แต่ละอันและที่สุดท้ายนั้นใหญ่กว่าอีก 2 อพาร์ทเมนท์รวมกัน 70%อย่างไรก็ตามในสัปดาห์นี้มีอพาร์ทเมนท์ 5 แห่งจากคอมเพล็กซ์ 2 แห่งแรกที่ว่างและไม่ต้องการบริการรวบรวมEsteban รวบรวมขยะ 3 ครั้งต่อสัปดาห์จากแต่ละสถานที่และเขาได้รับเงิน€ 0.45 ต่อการรวบรวมสำหรับแต่ละอพาร์ทเมนต์นอกจากนี้เขายังได้รับเคล็ดลับเพิ่มอีก 10%เขาทำเงินได้เท่าไหร่ในหนึ่งสัปดาห์?,1188
Yusuf รวบรวมขยะจาก 7 อพาร์ทเมนต์คอมเพล็กซ์ที่แตกต่างกัน6 ครั้งแรกมีอพาร์ทเมนท์ 100 อพาร์ทเมนท์แต่ละอันและที่สุดท้ายนั้นใหญ่กว่าอีก 35% รวมกันอีก 6 แห่งอย่างไรก็ตามในสัปดาห์นี้อพาร์ทเมนท์ 10 แห่งจากคอมเพล็กซ์ 6 แห่งแรกนั้นว่างและไม่ต้องการบริการเก็บรวบรวมYusuf รวบรวมขยะ 2 ครั้งต่อสัปดาห์จากแต่ละสถานที่และเขาได้รับเงิน¥ 0.4 ต่อคอลเลกชันสำหรับแต่ละอพาร์ทเมนต์นอกจากนี้เขายังได้รับเคล็ดลับเพิ่มอีก 10%เขาทำเงินได้เท่าไหร่ในหนึ่งสัปดาห์?,1188
Wei รวบรวมขยะจากอพาร์ทเมนต์คอมเพล็กซ์ที่แตกต่างกัน 3 แห่ง2 ครั้งแรกมีอพาร์ทเมนท์ 100 อพาร์ทเมนท์แต่ละอันและที่สุดท้ายนั้นใหญ่กว่าอีก 2 อพาร์ทเมนท์รวมกัน 70%อย่างไรก็ตามในสัปดาห์นี้มีอพาร์ทเมนท์ 5 แห่งจากคอมเพล็กซ์ 2 แห่งแรกที่ว่างและไม่ต้องการบริการรวบรวมWei รวบรวมขยะ 4 ครั้งต่อสัปดาห์จากแต่ละสถานที่และเขาได้รับเงิน₺0.25ต่อคอลเลกชันสำหรับแต่ละอพาร์ทเมนต์นอกจากนี้เขายังได้รับเคล็ดลับเพิ่มอีก 10%เขาทำเงินได้เท่าไหร่ในหนึ่งสัปดาห์?,583
คาร์ลอสเก็บขยะจากอพาร์ทเมนต์คอมเพล็กซ์ที่แตกต่างกัน 3 แห่ง2 ครั้งแรกมีอพาร์ทเมนท์ 200 อพาร์ทเมนท์แต่ละแห่งและที่สุดท้ายนั้นใหญ่กว่าอีก 40% รวมกันอีก 2 แห่งอย่างไรก็ตามในสัปดาห์นี้อพาร์ทเมนท์ 10 แห่งจากคอมเพล็กซ์ 2 แห่งแรกนั้นว่างเปล่าและไม่ต้องการบริการรวบรวมคาร์ลอสเก็บขยะ 4 ครั้งต่อสัปดาห์จากแต่ละสถานที่และเขาได้รับเงิน₣ 0.25 ต่อคอลเลกชันสำหรับแต่ละอพาร์ทเมนต์นอกจากนี้เขายังได้รับเคล็ดลับเพิ่มอีก 10%เขาทำเงินได้เท่าไหร่ในหนึ่งสัปดาห์?,1034
ซากุระเป็นคนสวนตัวยงสองวันที่ผ่านมาเธอได้รับพืชกระถางใหม่ 49 ต้นจากสถานรับเลี้ยงเด็กที่เธอโปรดปรานเธอมีพืชกระถาง 7 ต้นในแต่ละหลังหน้าต่าง 60 แห่งของบ้านในชนบทขนาดใหญ่ของเธอเธอยังซื้อโรงงานใหม่ 100 แห่งเมื่อวานนี้ด้วยส่วนลด 50%เธอรู้สึกใจดีเธอได้ตัดสินใจว่าเธอจะให้พืชกระถาง 3 ต้นจากหิ้งแต่ละหิ้งกับเพื่อนและครอบครัวในวันพรุ่งนี้ซากุระจะยังคงอยู่กับพืชกระถางกี่ต้น?,389
Daphne เป็นคนสวนตัวยงสองวันที่ผ่านมาเธอได้รับพืชกระถางใหม่ 23 ต้นจากสถานรับเลี้ยงเด็กที่เธอโปรดปรานเธอมีไม้กระถาง 8 ต้นในแต่ละหน้าต่าง 56 แห่งของบ้านในชนบทขนาดใหญ่ของเธอเธอยังซื้อโรงงานใหม่ 200 แห่งเมื่อวานนี้ด้วยส่วนลด 50%เธอรู้สึกใจดีเธอได้ตัดสินใจว่าเธอจะให้พืชกระถาง 6 ต้นจากหิ้งแต่ละแห่งให้กับเพื่อนและครอบครัวในวันพรุ่งนี้Daphne จะอยู่กับพืชกระถางกี่ต้น?,335
อมีเลียเป็นคนสวนตัวยงเมื่อสัปดาห์ที่แล้วเธอได้รับพืชกระถางใหม่ 25 ต้นจากสถานรับเลี้ยงเด็กที่เธอโปรดปรานเธอมีพืชกระถาง 12 ต้นในแต่ละหน้าต่าง 54 แห่งของบ้านในชนบทขนาดใหญ่ของเธอเธอยังซื้อโรงงานใหม่ 110 แห่งเมื่อวานนี้ด้วยส่วนลด 50%เธอรู้สึกใจดีเธอได้ตัดสินใจว่าเธอจะให้พืชกระถาง 4 ต้นจากหิ้งแต่ละหิ้งกับเพื่อนและครอบครัวในวันพรุ่งนี้อมีเลียจะอยู่กับพืชกี่ชนิด?,567
Elena เป็นคนสวนตัวยงสองวันที่ผ่านมาเธอได้รับพืชกระถางใหม่ 38 ต้นจากสถานรับเลี้ยงเด็กที่เธอโปรดปรานเธอมีพืชกระถาง 12 ต้นในหิ้งหน้าต่าง 55 แห่งของบ้านในชนบทขนาดใหญ่ของเธอเธอยังซื้อโรงงานใหม่ 70 แห่งเมื่อวานนี้ด้วยส่วนลด 50%เธอรู้สึกใจดีเธอได้ตัดสินใจว่าเธอจะให้พืชกระถาง 3 ต้นจากหิ้งแต่ละหิ้งกับเพื่อนและครอบครัวในวันพรุ่งนี้Elena จะอยู่กับพืชกระถางกี่ต้น?,603
Yara เป็นคนสวนตัวยงสองวันที่ผ่านมาเธอได้รับพืชกระถางใหม่ 49 ต้นจากสถานรับเลี้ยงเด็กที่เธอโปรดปรานเธอมีพืชกระถาง 12 ต้นในแต่ละหน้าต่าง 54 แห่งของบ้านในชนบทขนาดใหญ่ของเธอเธอยังซื้อโรงงานใหม่ 130 แห่งเมื่อวานนี้ด้วยส่วนลด 50%เธอรู้สึกใจดีเธอได้ตัดสินใจว่าเธอจะให้พืชกระถาง 4 ต้นจากหิ้งแต่ละหิ้งกับเพื่อนและครอบครัวในวันพรุ่งนี้Yara จะยังคงอยู่กับพืชกระถางกี่ต้น?,611
เหม่ยเป็นคนสวนตัวยงสองวันที่ผ่านมาเธอได้รับพืชกระถางใหม่ 38 ต้นจากสถานรับเลี้ยงเด็กที่เธอโปรดปรานเธอมีพืชกระถาง 9 แห่งในแต่ละหลังหน้าต่าง 60 แห่งของบ้านในชนบทขนาดใหญ่ของเธอเธอยังซื้อโรงงานใหม่ 170 แห่งเมื่อวานนี้ด้วยส่วนลด 50%เธอรู้สึกใจดีเธอได้ตัดสินใจว่าเธอจะให้พืชกระถาง 6 ต้นจากหิ้งแต่ละแห่งให้กับเพื่อนและครอบครัวในวันพรุ่งนี้เหม่ยยังคงมีพืชกระถางอยู่กี่ต้น?,388
Valentina เป็นคนสวนตัวยงเมื่อคืนเธอได้รับพืชกระถางใหม่ 48 ต้นจากสถานรับเลี้ยงเด็กที่เธอโปรดปรานเธอมีพืชกระถาง 11 ต้นในแต่ละพื้นที่หน้าต่าง 63 แห่งของบ้านในชนบทขนาดใหญ่ของเธอเธอยังซื้อโรงงานใหม่ 100 แห่งเมื่อวานนี้ด้วยส่วนลด 50%เธอรู้สึกใจดีเธอได้ตัดสินใจว่าเธอจะให้พืชกระถาง 6 ต้นจากหิ้งแต่ละแห่งให้กับเพื่อนและครอบครัวในวันพรุ่งนี้Valentina จะอยู่กับพืชกระถางกี่ต้น?,463
Quinn เป็นคนสวนตัวยงเมื่อคืนที่ผ่านมาเธอได้รับพืชกระถางใหม่ 23 ต้นจากสถานรับเลี้ยงเด็กที่เธอโปรดปรานเธอมีไม้กระถาง 8 ต้นในแต่ละหน้าต่าง 57 หน้าต่างของบ้านขนาดใหญ่ของเธอเธอยังซื้อโรงงานใหม่ 20 แห่งเมื่อวานนี้ด้วยส่วนลด 50%เธอรู้สึกใจดีเธอได้ตัดสินใจว่าเธอจะให้พืชกระถาง 4 ต้นจากหิ้งแต่ละหิ้งกับเพื่อนและครอบครัวในวันพรุ่งนี้ควินน์จะอยู่กับพืชได้กี่ต้น?,271
อมีเลียเป็นคนสวนตัวยงเมื่อคืนเธอได้รับพืชกระถางใหม่ 42 ต้นจากสถานรับเลี้ยงเด็กที่เธอโปรดปรานเธอมีพืชกระถาง 7 ต้นในแต่ละพื้นที่ 56 หน้าต่างของบ้านในชนบทขนาดใหญ่ของเธอเธอยังซื้อพืชใหม่ 180 แห่งเมื่อวานนี้ด้วยส่วนลด 50%เธอรู้สึกใจดีเธอได้ตัดสินใจว่าเธอจะให้พืชกระถาง 4 ต้นจากหิ้งแต่ละหิ้งกับเพื่อนและครอบครัวในวันพรุ่งนี้อมีเลียจะอยู่กับพืชกี่ชนิด?,390
โซเฟียเป็นคนสวนตัวยงเมื่อสัปดาห์ที่แล้วเธอได้รับพืชกระถางใหม่ 26 ต้นจากสถานรับเลี้ยงเด็กที่เธอโปรดปรานเธอมีพืชกระถาง 11 ต้นในแต่ละ 55 หน้าต่างที่บ้านขนาดใหญ่ของเธอเธอยังซื้อโรงงานใหม่ 130 แห่งเมื่อวานนี้ด้วยส่วนลด 50%เธอรู้สึกใจดีเธอได้ตัดสินใจว่าเธอจะให้พืชกระถาง 3 ต้นจากหิ้งแต่ละหิ้งกับเพื่อนและครอบครัวในวันพรุ่งนี้โซเฟียจะยังคงอยู่กับพืชกี่ชนิด?,596
มีเด็กผู้หญิง 24 คนในสวนสาธารณะหากมีหนึ่งในสามของจำนวนเด็กผู้ชายในสวนสาธารณะเปอร์เซ็นต์ของเด็ก ๆ ในสวนสาธารณะเป็นผู้หญิง?,75
มีผู้หญิง 39 คนในสนามหากมีสองหกคนจำนวนเด็กผู้ชายในสนามเด็ก ๆ ในบ้านเป็นเปอร์เซ็นต์ของเด็กผู้หญิง?,75
มีผู้หญิง 22 คนในสวนหากมีเด็กผู้ชายในสวนสามเท่าเปอร์เซ็นต์ของเด็ก ๆ ในสวนคือผู้หญิง?,25
มีเด็กผู้หญิง 20 คนในสวนหากมี 1/4 จำนวนเด็กผู้ชายในสวนเปอร์เซ็นต์ของเด็ก ๆ ในสวนคือผู้หญิง?,80
มีเด็กผู้หญิง 24 คนในสนามหากมีเด็กผู้ชายอยู่ในสนามสี่เท่าเปอร์เซ็นต์ของเด็ก ๆ ในสนามคืออะไร?,20
มีเด็กหญิง 16 คนในสวนหากมีเด็กผู้ชายในสวนเก้าเท่าเปอร์เซ็นต์ของเด็ก ๆ ในสวนคือผู้หญิง?,10
มีเด็กผู้หญิง 21 คนในสนามเด็กเล่นหากมีเด็กผู้ชายสี่เท่าในสนามเด็กเล่นเปอร์เซ็นต์ของเด็ก ๆ ในสนามเด็กเล่นคืออะไร?,20
มีผู้หญิง 18 คนในสนามหากมีเด็กผู้ชายอยู่ในสนามสี่เท่าเปอร์เซ็นต์ของเด็ก ๆ ในสนามคืออะไร?,20
มีเด็กหญิง 31 คนในสวนสาธารณะหากมีเด็กผู้ชายในสวนสี่เท่าเปอร์เซ็นต์ของเด็ก ๆ ในสวนสาธารณะเป็นผู้หญิง?,20
มีผู้หญิง 19 คนในสนามหากมีเด็กผู้ชายในสนามเก้าเท่าเปอร์เซ็นต์ของเด็ก ๆ ในสนามคืออะไร?,10
นางสมิ ธ กำลังมองหาบ้านหลังใหม่ที่จะไม่เกินกว่างบประมาณ $ 410000 ของเธอเธอเห็นอสังหาริมทรัพย์ที่มีราคาขาย $ 500000ยิ่งไปกว่านั้นผู้ซื้อจะต้องจ่ายค่าธรรมเนียมนายหน้าซึ่งเป็น 7% ของราคาขายและค่าธรรมเนียมการโอนที่ 12% ของราคาขายหากนางสมิ ธ สามารถรับส่วนลด 20% จากราคาขายจะมีค่าใช้จ่ายทั้งหมดมากกว่างบประมาณของนางสมิ ธ มากแค่ไหน?,66000
Dr. Patel กำลังมองหาคอนโดใหม่ที่จะไม่เกินกว่างบประมาณ $ 390000 ของเธอเธอเห็นอสังหาริมทรัพย์ที่มีราคาขาย $ 560000ยิ่งไปกว่านั้นผู้ซื้อจะต้องจ่ายค่าธรรมเนียมนายหน้าซึ่งเป็น 7% ของราคาขายและค่าธรรมเนียมการโอนที่ 14% ของราคาขายหากดร. Patel ได้รับส่วนลด 25% จากราคาขายจะมีค่าใช้จ่ายทั้งหมดมากกว่างบประมาณของดร. Patel,118200
Ms. Johnson กำลังมองหาอพาร์ทเมนต์ใหม่ที่จะไม่เกินกว่างบประมาณ $ 430000 ของเธอเธอเห็นอสังหาริมทรัพย์ที่มีราคาขาย $ 400000ยิ่งไปกว่านั้นผู้ซื้อจะต้องจ่ายค่าธรรมเนียมนายหน้าซึ่งเป็น 7% ของราคาขายและค่าธรรมเนียมการโอนที่ 14% ของราคาขายหากคุณจอห์นสันสามารถรับส่วนลด 5% จากราคาขายจะมีค่าใช้จ่ายทั้งหมดมากกว่างบประมาณของนางสาวจอห์นสัน,29800
นางสมิ ธ กำลังมองหาบ้านหลังใหม่ที่จะไม่เกินกว่างบประมาณ $ 410000 ของเธอเธอเห็นอสังหาริมทรัพย์ที่มีราคาขาย $ 480000ยิ่งไปกว่านั้นผู้ซื้อจะต้องจ่ายค่าธรรมเนียมนายหน้าซึ่งเป็น 3% ของราคาขายและค่าธรรมเนียมการโอนที่ 12% ของราคาขายหากนางสมิ ธ สามารถรับส่วนลด 5% จากราคาขายจะมีค่าใช้จ่ายทั้งหมดมากกว่างบประมาณของนางสมิ ธ มากแค่ไหน?,114400
นางลีกำลังมองหาทาวน์เฮาส์ใหม่ที่จะไม่เกินกว่างบประมาณ $ 330000 ของเธอเธอเห็นอสังหาริมทรัพย์ที่มีราคาขาย $ 440000ยิ่งไปกว่านั้นผู้ซื้อจะต้องจ่ายค่าธรรมเนียมนายหน้าซึ่งเป็น 5% ของราคาขายและค่าธรรมเนียมการโอนที่ 12% ของราคาขายหากนางลีสามารถรับส่วนลด 25% จากราคาขายจะมีค่าใช้จ่ายทั้งหมดมากกว่างบประมาณของนางลีเท่าไหร่?,56100
นางสมิ ธ กำลังมองหาบ้านหลังใหม่ที่จะไม่เกินกว่างบประมาณ $ 310000 ของเธอเธอเห็นอสังหาริมทรัพย์ที่มีราคาขาย $ 400000ยิ่งไปกว่านั้นผู้ซื้อจะต้องจ่ายค่าธรรมเนียมนายหน้าซึ่งเป็น 5% ของราคาขายและค่าธรรมเนียมการโอนที่ 12% ของราคาขายหากนางสมิ ธ สามารถรับส่วนลด 10% จากราคาขายจะมีค่าใช้จ่ายทั้งหมดมากกว่างบประมาณของนางสมิ ธ มากแค่ไหน?,111200
คุณจอห์นสันกำลังมองหาอพาร์ทเมนต์ใหม่ที่จะไม่เกินกว่างบประมาณ $ 490000 ของเธอเธอเห็นอสังหาริมทรัพย์ที่มีราคาขาย $ 640000ยิ่งไปกว่านั้นผู้ซื้อจะต้องจ่ายค่าธรรมเนียมนายหน้าซึ่งเป็น 3% ของราคาขายและค่าธรรมเนียมการโอนที่ 14% ของราคาขายหากนางสาวจอห์นสันสามารถรับส่วนลด 25% จากราคาขายจะมีค่าใช้จ่ายทั้งหมดมากกว่างบประมาณของนางสาวจอห์นสัน,71600
Ms. Johnson กำลังมองหาอพาร์ทเมนต์ใหม่ที่จะไม่เกินงบประมาณ $ 400000 ของเธอเธอเห็นอสังหาริมทรัพย์ที่มีราคาขาย $ 480000ยิ่งไปกว่านั้นผู้ซื้อจะต้องจ่ายค่าธรรมเนียมนายหน้าซึ่งเป็น 7% ของราคาขายและค่าธรรมเนียมการโอนที่ 12% ของราคาขายหากนางสาวจอห์นสันสามารถรับส่วนลด 25% จากราคาขายจะมีค่าใช้จ่ายทั้งหมดมากกว่างบประมาณของนางสาวจอห์นสัน,28400
นางลีกำลังมองหาทาวน์เฮาส์ใหม่ที่จะไม่เกินกว่างบประมาณ $ 440000 ของเธอเธอเห็นอสังหาริมทรัพย์ที่มีราคาขาย $ 400000ยิ่งไปกว่านั้นผู้ซื้อจะต้องจ่ายค่าธรรมเนียมนายหน้าซึ่งเป็น 7% ของราคาขายและค่าธรรมเนียมการโอนที่ 12% ของราคาขายหากนางลีสามารถรับส่วนลด 5% จากราคาขายจะมีค่าใช้จ่ายทั้งหมดมากกว่างบประมาณของนางลีเท่าไหร่?,12200
Ms. Johnson กำลังมองหาอพาร์ทเมนต์ใหม่ที่จะไม่เกินกว่างบประมาณ $ 470000 ของเธอเธอเห็นอสังหาริมทรัพย์ที่มีราคาขาย $ 650000ยิ่งไปกว่านั้นผู้ซื้อจะต้องจ่ายค่าธรรมเนียมนายหน้าซึ่งเป็น 4% ของราคาขายและค่าธรรมเนียมการโอนที่ 13% ของราคาขายหากนางสาวจอห์นสันสามารถรับส่วนลด 20% จากราคาขายจะมีค่าใช้จ่ายทั้งหมดมากกว่างบประมาณของนางสาวจอห์นสัน,138400
"นาเดียไปที่ร้านเบเกอรี่และซื้อขนมอบหลายประเภทเธอซื้อ 60 โดนัทที่ $ 14 ต่อโหล, 60 มินิคัพเค้กที่ $ 25 ต่อโหลและชีสเค้กขนาดเล็ก 24 ตัวหลังจากส่วนลด 20% เธอจ่ายเงินทั้งหมด $ 1540มีค่าใช้จ่ายของชีสเค้กขนาดเล็กต่อโหลเท่าไหร่?",865
"Nia ไปที่ Patisserie และซื้อขนมอบประเภทต่าง ๆเธอซื้อครัวซองต์ 60 แห่งที่ $ 19 ต่อโหล, 72 macarons ที่ $ 20 ต่อโหลและ 36 บราวนี่หลังจากได้รับส่วนลด 5% เธอจ่ายเงินทั้งหมด $ 1,330บราวนี่มีค่าใช้จ่ายเท่าไหร่ต่อโหล?",395
"Ava ไปที่ขนมและซื้อของหวานหลากหลายประเภทเธอซื้อ 36 eclairs ที่ $ 13 ต่อโหล, 60 คุกกี้ที่ $ 26 ต่อโหลและ 24 มัฟฟินหลังจากส่วนลด 20% เธอจ่ายเงินทั้งหมด $ 980มัฟฟินราคาเท่าไหร่ต่อโหล?",528
"Roya ไปที่ Patisserie และซื้อขนมอบหลากหลายประเภทเธอซื้อครัวซองต์ 48 แห่งที่ $ 19 ต่อโหล, 48 macarons ที่ $ 31 ต่อโหลและ 24 บราวนี่หลังจากส่วนลด 25% เธอจ่ายเงินทั้งหมด $ 1530บราวนี่มีค่าใช้จ่ายเท่าไหร่ต่อโหล?",920
"Aisha ไปที่ Patisserie และซื้อขนมอบประเภทต่าง ๆเธอซื้อครัวซองต์ 24 แห่งที่ $ 12 ต่อโหล, 48 macarons ที่ $ 20 ต่อโหลและบราวนี่ 24หลังจากส่วนลด 20% เธอจ่ายเงินทั้งหมด $ 1520บราวนี่มีค่าใช้จ่ายเท่าไหร่ต่อโหล?",898
"โซเฟียไปที่ร้านเบเกอรี่และซื้อขนมอบหลายประเภทเธอซื้อ 48 โดนัทที่ $ 19 ต่อโหล, 48 Mini Cupcakes ที่ $ 24 ต่อโหลและ Mini Cheesecakes 48หลังจากส่วนลด 25% เธอจ่ายเงินทั้งหมด $ 1440มีค่าใช้จ่ายของชีสเค้กขนาดเล็กต่อโหลเท่าไหร่?",437
"อูมาไปที่ร้านกาแฟและซื้อขนมประเภทต่าง ๆเธอซื้อ 48 เดนมาร์กที่ $ 16 ต่อโหล 48 ทาร์ตที่ $ 25 ต่อโหลและ 48 สโคนหลังจากส่วนลด 25% เธอจ่ายเงินทั้งหมด $ 1,050ค่าใช้จ่ายของสโคนต่อโหลมีค่าใช้จ่ายเท่าไหร่?",309
"Mia ไปที่ร้านกาแฟและซื้อขนมประเภทต่าง ๆเธอซื้อ 48 เดนมาร์กที่ $ 20 ต่อโหล, 60 ทาร์ตที่ $ 24 ต่อโหลและ 24 สโคนหลังจากส่วนลด 25% เธอจ่ายเงินทั้งหมด $ 1140ค่าใช้จ่ายของสโคนต่อโหลมีค่าใช้จ่ายเท่าไหร่?",660
"Daphne ไปที่ร้านเบเกอรี่และซื้อขนมอบหลายประเภทเธอซื้อ 48 โดนัทที่ $ 18 ต่อโหล, คัพเค้กมินิ 72 ที่ $ 29 ต่อโหลและชีสเค้กขนาดเล็ก 72หลังจากได้รับส่วนลด 20% เธอจ่ายเงินทั้งหมด $ 1,200มีค่าใช้จ่ายของชีสเค้กขนาดเล็กต่อโหลเท่าไหร่?",209
"เอ็มม่าไปที่ Patisserie และซื้อขนมอบหลากหลายประเภทเธอซื้อครัวซองต์ 60 แห่งที่ $ 16 ต่อโหล 48 macarons ที่ $ 30 ต่อโหลและ 60 บราวนี่หลังจากส่วนลด 20% เธอจ่ายเงินทั้งหมด $ 1,400บราวนี่มีค่าใช้จ่ายเท่าไหร่ต่อโหล?",310
"Sunnyside High กำลังสำเร็จการศึกษาในสนามกีฬาในปีนี้ซึ่งมีพื้นที่สำหรับ 7500 คนหลังจากบัญชีสำหรับ 600 ที่นั่งสำหรับบัณฑิต, 250 ที่นั่งสำหรับคณะที่เข้าร่วมและจองที่นั่ง 50 ที่นั่งสำหรับพนักงานของกิจกรรมแต่ละคนจะได้รับตั๋วกี่ใบเพื่อให้เพื่อนและครอบครัวของพวกเขาหากตั๋วถูกแบ่งเท่า ๆ กัน?",11
"Greenville High School กำลังสำเร็จการศึกษาในศูนย์การประชุมในปีนี้ซึ่งมีพื้นที่สำหรับ 7700 คนหลังจากบัญชีสำหรับ 550 ที่นั่งสำหรับบัณฑิต, 450 ที่นั่งสำหรับคณะที่เข้าร่วมและจอง 100 ที่นั่งสำหรับพนักงานของกิจกรรมแต่ละคนจะได้รับตั๋วกี่ใบที่จะมอบให้กับเพื่อนและครอบครัวของพวกเขาหากตั๋วถูกแบ่งเท่า ๆ กัน?",12
"Riverside Academy กำลังสำเร็จการศึกษาในโรงยิมในปีนี้ซึ่งมีพื้นที่สำหรับ 7800 คนหลังจากการบัญชีสำหรับ 1,050 ที่นั่งสำหรับบัณฑิต, 350 ที่นั่งสำหรับคณะที่เข้าร่วมและจอง 100 ที่นั่งสำหรับพนักงานของเหตุการณ์แต่ละคนจะได้รับตั๋วแต่ละคนจะได้รับเพื่อให้เพื่อนและครอบครัวของพวกเขาหากตั๋วถูกแบ่งเท่า ๆ กัน?",6
"Greenville High School กำลังสำเร็จการศึกษาในศูนย์การประชุมในปีนี้ซึ่งมีพื้นที่สำหรับ 3900 คนหลังจากบัญชีสำหรับ 1,150 ที่นั่งสำหรับบัณฑิต, 400 ที่นั่งสำหรับคณะที่เข้าร่วมและจอง 50 ที่นั่งสำหรับพนักงานของกิจกรรมแต่ละคนจะได้รับตั๋วกี่ใบที่จะมอบให้กับเพื่อนและครอบครัวของพวกเขาหากตั๋วถูกแบ่งเท่า ๆ กัน?",2
"Riverside Academy กำลังสำเร็จการศึกษาในโรงยิมในปีนี้ซึ่งมีพื้นที่สำหรับ 8900 คนหลังจากบัญชีสำหรับ 1,050 ที่นั่งสำหรับบัณฑิต, 400 ที่นั่งสำหรับคณะที่เข้าร่วมและจอง 100 ที่นั่งสำหรับพนักงานของกิจกรรมแต่ละคนจะได้รับตั๋วแต่ละคนจะได้รับเพื่อให้เพื่อนและครอบครัวของพวกเขาหากตั๋วถูกแบ่งเท่า ๆ กัน?",7
"Riverside Academy กำลังสำเร็จการศึกษาในโรงยิมในปีนี้ซึ่งมีพื้นที่สำหรับ 7300 คนหลังจากการบัญชีสำหรับ 700 ที่นั่งสำหรับบัณฑิต, 200 ที่นั่งสำหรับคณะที่เข้าร่วมและจอง 100 ที่นั่งสำหรับพนักงานของเหตุการณ์แต่ละคนจะได้รับตั๋วกี่ใบที่จะมอบให้กับเพื่อนและครอบครัวของพวกเขาหากตั๋วถูกแบ่งเท่า ๆ กัน?",9
"Sunnyside High กำลังสำเร็จการศึกษาในเวทีกีฬาในปีนี้ซึ่งมีพื้นที่สำหรับ 6700 คนหลังจากบัญชีสำหรับ 1250 ที่นั่งสำหรับบัณฑิต, 350 ที่นั่งสำหรับคณะที่เข้าร่วมและจอง 100 ที่นั่งสำหรับพนักงานของเหตุการณ์แต่ละคนจะได้รับตั๋วกี่ใบที่จะมอบให้กับเพื่อนและครอบครัวของพวกเขาหากตั๋วถูกแบ่งเท่า ๆ กัน?",4
"Sunnyside High กำลังสำเร็จการศึกษาในสนามกีฬาในปีนี้ซึ่งมีพื้นที่สำหรับ 4100 คนหลังจากบัญชีสำหรับ 750 ที่นั่งสำหรับบัณฑิต, 250 ที่นั่งสำหรับคณะที่เข้าร่วมและจอง 100 ที่นั่งสำหรับพนักงานของกิจกรรมแต่ละคนจะได้รับตั๋วกี่ใบที่จะมอบให้กับเพื่อนและครอบครัวของพวกเขาหากตั๋วถูกแบ่งเท่า ๆ กัน?",4
"Greenville High School กำลังสำเร็จการศึกษาในศูนย์การประชุมในปีนี้ซึ่งมีพื้นที่สำหรับ 7200 คนหลังจากบัญชีสำหรับ 750 ที่นั่งสำหรับบัณฑิต, 400 ที่นั่งสำหรับคณะที่เข้าร่วมและจอง 50 ที่นั่งสำหรับพนักงานของกิจกรรมแต่ละคนจะได้รับตั๋วกี่ใบที่จะมอบให้กับเพื่อนและครอบครัวของพวกเขาหากตั๋วถูกแบ่งเท่า ๆ กัน?",8
"Oakwood High School กำลังสำเร็จการศึกษาในหอประชุมในปีนี้ซึ่งมีพื้นที่สำหรับ 3500 คนหลังจากบัญชีสำหรับ 750 ที่นั่งสำหรับบัณฑิต, 400 ที่นั่งสำหรับคณะที่เข้าร่วมและจอง 100 ที่นั่งสำหรับพนักงานของกิจกรรมแต่ละคนจะได้รับตั๋วกี่ใบที่จะมอบให้กับเพื่อนและครอบครัวของพวกเขาหากตั๋วถูกแบ่งเท่า ๆ กัน?",3
Bodhi ไปที่ร้านเพื่อซื้อข้าวแบรนด์ข้าวปกติที่เขาซื้อมีค่าใช้จ่าย $ 15 ต่อปอนด์เขาต้องซื้อแบรนด์ราคาแพงกว่าซึ่งมีราคาเพิ่มขึ้น 20% เนื่องจากแบรนด์โปรดของเขาถูกขายหมดเขาตัดสินใจซื้อข้าวมูลค่าหนึ่งสัปดาห์และเขาใช้ข้าว 2 ปอนด์ต่อวันร้านค้ามีส่วนลด 20% สำหรับข้าวซึ่งใช้เพียง 10 ปอนด์เท่านั้นข้าวเพิ่มเติมใด ๆ จะขายในราคาปกติBodhi ยังตัดสินใจซื้อคุกกี้ตัวเองในราคา $ 1Bodhi ต้องจ่ายเท่าไหร่?,217
โอลิเวอร์ไปที่ร้านเพื่อซื้อแป้งแบรนด์แป้งปกติที่เขาซื้อค่าใช้จ่าย₣ 16 ต่อกิโลกรัมเขาต้องซื้อแบรนด์ราคาแพงกว่าซึ่งมีราคาเพิ่มขึ้น 25% เนื่องจากแบรนด์โปรดของเขาถูกขายหมดเขาตัดสินใจซื้อแป้งมูลค่าหนึ่งสัปดาห์และเขาใช้แป้ง 2 กิโลกรัมต่อวันร้านค้ามีส่วนลด 5% สำหรับแป้งซึ่งใช้เพียง 10 กิโลกรัมแป้งเพิ่มเติมใด ๆ จะขายในราคาปกติโอลิเวอร์ยังตัดสินใจซื้อมัฟฟินสำหรับ₣ 4โอลิเวอร์ต้องจ่ายเท่าไหร่?,274
อาร์จันไปที่ร้านเพื่อซื้อชาแบรนด์ชาปกติที่เขาซื้อมีค่าใช้จ่าย¥ 10 ต่อกิโลกรัมเขาต้องซื้อแบรนด์ราคาแพงกว่าซึ่งมีราคาเพิ่มขึ้น 40% เนื่องจากแบรนด์โปรดของเขาถูกขายหมดเขาตัดสินใจซื้อชามูลค่าหนึ่งสัปดาห์และเขาใช้ชา 2 กิโลกรัมต่อวันร้านค้ามีส่วนลด 10% สำหรับชาซึ่งใช้เพียง 10 กิโลกรัมชาเพิ่มเติมใด ๆ จะขายในราคาปกติArjun ยังตัดสินใจซื้อมัฟฟินในราคา¥ 4Arjun ต้องจ่ายเท่าไหร่?,186
เบนจามินไปที่ร้านเพื่อซื้อน้ำตาลแบรนด์น้ำตาลปกติที่เขาซื้อค่าใช้จ่าย₺10ต่อกิโลกรัมเขาต้องซื้อแบรนด์ราคาแพงกว่าซึ่งมีราคาเพิ่มขึ้น 20% เนื่องจากแบรนด์โปรดของเขาถูกขายหมดเขาตัดสินใจซื้อน้ำตาลมูลค่าหนึ่งสัปดาห์และเขาใช้น้ำตาล 3 กิโลกรัมต่อวันร้านค้ามีส่วนลด 30% สำหรับน้ำตาลซึ่งใช้เพียง 10 กิโลกรัมน้ำตาลเพิ่มเติมใด ๆ จะขายในราคาปกติเบนจามินยังตัดสินใจซื้อเบเกิลตัวเองสำหรับ₺1เบนจามินต้องจ่ายเท่าไหร่?,217
โมฮัมเหม็ดไปที่ร้านเพื่อซื้อน้ำตาลแบรนด์น้ำตาลปกติที่เขาซื้อมีค่าใช้จ่าย $ 15 ต่อกิโลกรัมเขาต้องซื้อแบรนด์ราคาแพงกว่าซึ่งมีราคาเพิ่มขึ้น 40% เนื่องจากแบรนด์โปรดของเขาถูกขายหมดเขาตัดสินใจซื้อน้ำตาลมูลค่าหนึ่งสัปดาห์และเขาใช้น้ำตาล 3 กิโลกรัมต่อวันร้านค้ามีส่วนลด 10% สำหรับน้ำตาลซึ่งใช้เพียง 20 กิโลกรัมน้ำตาลเพิ่มเติมใด ๆ จะขายในราคาปกติโมฮัมเหม็ดยังตัดสินใจซื้อเบเกิลในราคา $ 1โมฮัมเหม็ดต้องจ่ายเท่าไหร่?,400
ธีโอไปที่ร้านเพื่อซื้อข้าวข้าวแบรนด์ปกติที่เขาซื้อค่าใช้จ่าย¥ 5 ต่อกิโลกรัมเขาต้องซื้อแบรนด์ราคาแพงกว่าซึ่งมีราคาเพิ่มขึ้น 20% เนื่องจากแบรนด์โปรดของเขาถูกขายหมดเขาตัดสินใจซื้อข้าวมูลค่าหนึ่งสัปดาห์และเขาใช้ข้าว 2 กิโลกรัมต่อวันร้านค้ามีส่วนลด 40% สำหรับข้าวซึ่งใช้เพียง 10 กิโลกรัมข้าวเพิ่มเติมใด ๆ จะขายในราคาปกติTheo ยังตัดสินใจซื้อเบเกิลตัวเองในราคา¥ 4ธีโอต้องจ่ายเท่าไหร่?,64
Faisal ไปที่ร้านเพื่อซื้อน้ำตาลแบรนด์น้ำตาลปกติที่เขาซื้อมีค่าใช้จ่าย $ 10 ต่อปอนด์เขาต้องซื้อแบรนด์ราคาแพงกว่าซึ่งมีราคาเพิ่มขึ้น 20% เนื่องจากแบรนด์โปรดของเขาถูกขายหมดเขาตัดสินใจซื้อน้ำตาลมูลค่าหนึ่งสัปดาห์และเขาใช้น้ำตาล 2 ปอนด์ต่อวันร้านค้ามีส่วนลด 10% สำหรับน้ำตาลซึ่งใช้เพียง 10 ปอนด์เท่านั้นน้ำตาลเพิ่มเติมใด ๆ จะขายในราคาปกติFaisal ยังตัดสินใจซื้อคุกกี้ตัวเองในราคา $ 3Faisal ต้องจ่ายเท่าไหร่?,159
Mateo ไปที่ร้านเพื่อซื้อน้ำตาลแบรนด์น้ำตาลปกติที่เขาซื้อค่าใช้จ่าย₺5ต่อกิโลกรัมเขาต้องซื้อแบรนด์ราคาแพงกว่าซึ่งมีราคาเพิ่มขึ้น 40% เนื่องจากแบรนด์โปรดของเขาถูกขายหมดเขาตัดสินใจซื้อน้ำตาลมูลค่าหนึ่งสัปดาห์และเขาใช้น้ำตาล 3 กิโลกรัมต่อวันร้านค้ามีส่วนลด 20% สำหรับน้ำตาลซึ่งใช้เพียง 20 กิโลกรัมน้ำตาลเพิ่มเติมใด ๆ จะขายในราคาปกติMateo ยังตัดสินใจซื้อมัฟฟินสำหรับ₺4Mateo ต้องจ่ายเท่าไหร่?,123
คาร์ลอสไปที่ร้านเพื่อซื้อแป้งแป้งแบรนด์ปกติที่เขาซื้อค่าใช้จ่าย₣ 10 ต่อกิโลกรัมเขาต้องซื้อแบรนด์ราคาแพงกว่าซึ่งมีราคาเพิ่มขึ้น 40% เนื่องจากแบรนด์โปรดของเขาถูกขายหมดเขาตัดสินใจซื้อแป้งมูลค่าหนึ่งสัปดาห์และเขาใช้แป้ง 2 กิโลกรัมต่อวันร้านค้ามีส่วนลด 45% สำหรับแป้งซึ่งใช้เพียง 10 กิโลกรัมแป้งเพิ่มเติมใด ๆ จะขายในราคาปกติคาร์ลอสยังตัดสินใจซื้อเบเกิลตัวเองสำหรับ₣ 2คาร์ลอสต้องจ่ายเท่าไหร่?,135
เหว่ยไปที่ร้านเพื่อซื้อข้าวแบรนด์ข้าวปกติที่เขาซื้อมีค่าใช้จ่าย $ 15 ต่อกิโลกรัมเขาต้องซื้อแบรนด์ราคาแพงกว่าซึ่งมีราคาเพิ่มขึ้น 20% เนื่องจากแบรนด์โปรดของเขาถูกขายหมดเขาตัดสินใจซื้อข้าวมูลค่าหนึ่งสัปดาห์และเขาใช้ข้าว 3 กิโลกรัมต่อวันร้านค้ามีส่วนลด 5% สำหรับข้าวซึ่งใช้เพียง 20 กิโลกรัมข้าวเพิ่มเติมใด ๆ จะขายในราคาปกติเหว่ยยังตัดสินใจซื้อเบเกิลในราคา $ 4Wei ต้องจ่ายเท่าไหร่?,364
Valentina กำลังเตรียมตัวสำหรับคืนเกมที่บ้านของเธอซึ่งเธอตั้งใจจะเสิร์ฟผักลาซานญ่าเธอสังเกตเห็นว่าเธอเป็นส้อมพลาสติกดังนั้นเธอจึงซื้อแพ็คเกจใหม่ของส้อมต่อมาสามีของเธอก็ซื้อแพคเกจของ 19 ส้อมใหม่และมอบให้กับวาเลนติน่าในขณะที่วาเลนติน่ากำลังทำผักลาซานญ่าเธอใช้ส้อมหกตัวเพื่อลองชิมผักลาซานญ่าของเธอจากนั้นก็โยนส้อมที่ชำรุด 8 ตัวออกไปแขกยังนำส้อม 2 แพ็คแต่ละคนมี 8 อยู่ข้างในต่อมาเมื่อเธอไปวางโต๊ะเธอมีส้อมทั้งหมด 49 ส้อมมีกี่ส้อมในแพ็คเกจที่ Valentina ซื้อ?,28
อูมากำลังเตรียมตัวสำหรับงานปาร์ตี้ที่บ้านของเธอซึ่งเธอตั้งใจจะรับใช้ Scampi กุ้งเธอสังเกตเห็นว่าเธอออกจากช้อนพลาสติกดังนั้นเธอจึงซื้อแพ็คเกจใหม่ของช้อนต่อมาสามีของเธอก็ซื้อแพ็คเกจใหม่ 11 ช้อนใหม่และมอบให้กับอูมาในขณะที่อูมากำลังทำกุ้ง scampi เธอใช้ช้อนเจ็ดช้อนเพื่อลองชิมกุ้ง scampi ของเธอจากนั้นก็โยนช้อนที่ชำรุด 5 ช้อนแขกผู้เข้าพักยังนำช้อน 2 แพ็คแต่ละอันมี 5 ตัวอยู่ข้างในต่อมาเมื่อเธอไปวางโต๊ะเธอมี 36 ช้อนมีกี่ช้อนในแพ็คเกจที่ UMA ซื้อ?,27
Xena กำลังเตรียมงานเลี้ยงวันเกิดที่บ้านของเธอซึ่งเธอตั้งใจจะรับใช้ Creme Bruleeเธอสังเกตเห็นว่าเธอเป็นส้อมพลาสติกดังนั้นเธอจึงซื้อแพ็คเกจใหม่ของส้อมต่อมาสามีของเธอก็ซื้อแพ็คเกจใหม่ 16 ส้อมและมอบให้กับ Xenaในขณะที่ Xena กำลังสร้าง Creme Brulee เธอใช้ส้อมเจ็ดตัวเพื่อลองชิม Creme Brulee ของเธอจากนั้นก็โยนส้อมที่ชำรุด 8แขกยังนำส้อม 2 แพ็คแต่ละคนมี 8 อยู่ข้างในต่อมาเมื่อเธอไปวางโต๊ะเธอมีส้อมทั้งหมด 39 ส้อมมีกี่ส้อมในแพ็คเกจที่ Xena ซื้อ?,22
เฉินกำลังเตรียมตัวสำหรับงานเลี้ยงวันเกิดที่บ้านของเธอซึ่งเธอตั้งใจจะเสิร์ฟสตูว์เนื้อเธอสังเกตเห็นว่าเธอเป็นส้อมพลาสติกดังนั้นเธอจึงซื้อแพ็คเกจใหม่ของส้อมต่อมาสามีของเธอก็ซื้อแพ็คเกจ 9 ส้อมใหม่และมอบให้กับเฉินในขณะที่เฉินกำลังทำสตูว์เนื้อเธอใช้ส้อมสิบหกของส้อมเพื่อลองชิมสตูว์เนื้อของเธอจากนั้นก็โยนส้อมที่มีข้อบกพร่อง 12 ใบแขกผู้เข้าพักยังนำส้อม 2 แพ็คแต่ละตัวมี 12 ข้างในพวกเขาต่อมาเมื่อเธอไปวางโต๊ะเธอมีส้อมทั้งหมด 32 ส้อมมีกี่ส้อมในแพ็คเกจที่เฉินซื้อ?,27
ซากุระกำลังเตรียมงานเลี้ยงวันเกิดที่บ้านของเธอซึ่งเธอตั้งใจจะเสิร์ฟปลาแซลมอนย่างเธอสังเกตเห็นว่าเธอออกจากแผ่นพลาสติกดังนั้นเธอจึงซื้อแพ็คเกจใหม่ต่อมาสามีของเธอก็ซื้อแพ็คเกจใหม่ 7 แผ่นใหม่และมอบให้กับซากุระในขณะที่ซากุระกำลังทำปลาแซลมอนย่างเธอใช้จานแปดแผ่นเพื่อลองชิมแซลมอนย่างของเธอจากนั้นก็โยนแผ่นที่มีข้อบกพร่อง 15 แผ่นออกไปแขกผู้เข้าพักยังนำแผ่นแผ่น 2 แพ็คแต่ละอันมี 15 แผ่นอยู่ในนั้นต่อมาเมื่อเธอไปวางโต๊ะเธอมีแผ่นทั้งหมด 56 แผ่นมีกี่แผ่นในแพ็คเกจที่ซากุระซื้อ?,42
อิซาเบลล่ากำลังเตรียมงานเลี้ยงอาหารกลางวันที่บ้านของเธอซึ่งเธอตั้งใจจะให้บริการผักลาซานญ่าเธอสังเกตเห็นว่าเธอเป็นส้อมพลาสติกดังนั้นเธอจึงซื้อแพ็คเกจใหม่ของส้อมต่อมาสามีของเธอก็ซื้อแพ็คเกจใหม่ 14 ส้อมและมอบให้กับอิซาเบลล่าในขณะที่อิซาเบลล่ากำลังทำผักลาซานญ่าเธอใช้ส้อมเจ็ดตัวเพื่อลองชิมผักลาซานญ่าของเธอจากนั้นก็โยนส้อมที่ชำรุด 7 ตัวออกไปแขกผู้เข้าพักยังนำส้อม 4 แพ็คแต่ละตัวมี 7 ข้างในต่อมาเมื่อเธอไปวางโต๊ะเธอมีส้อมทั้งหมด 66 ส้อมมีกี่ส้อมในแพ็คเกจที่ Isabella ซื้อ?,38
โอลิเวียกำลังเตรียมงานเลี้ยงอาหารกลางวันที่บ้านของเธอซึ่งเธอตั้งใจจะเสิร์ฟไก่ย่างเธอสังเกตเห็นว่าเธอออกจากแผ่นพลาสติกดังนั้นเธอจึงซื้อแพ็คเกจใหม่ต่อมาสามีของเธอก็ซื้อแพ็คเกจใหม่ 8 แผ่นใหม่และมอบให้กับโอลิเวียในขณะที่โอลิเวียกำลังทำไก่ย่างเธอใช้จานสิบสามแผ่นเพื่อลองชิมไก่ย่างของเธอจากนั้นก็โยนจานที่มีข้อบกพร่อง 14 แผ่นแขกยังนำแผ่นแผ่น 3 แพ็คแต่ละตัวมี 14 ตัวอยู่ในนั้นต่อมาเมื่อเธอไปวางโต๊ะเธอมีทั้งหมด 60 แผ่นมีกี่แผ่นในแพ็คเกจที่ Olivia ซื้อ?,37
โซเฟียกำลังเตรียมพร้อมสำหรับการเล่นเกมคืนที่บ้านของเธอซึ่งเธอตั้งใจจะเสิร์ฟพริกยัดไส้เธอสังเกตเห็นว่าเธอออกจากช้อนพลาสติกดังนั้นเธอจึงซื้อแพ็คเกจใหม่ของช้อนต่อมาสามีของเธอก็ซื้อแพ็คเกจใหม่ 6 ช้อนใหม่และมอบให้กับโซเฟียในขณะที่โซเฟียกำลังทำพริกไทยยัดเธอใช้ช้อนสิบเจ็ดอันเพื่อลองชิมพริกยัดไส้ของเธอแขกยังนำช้อน 2 แพ็คแต่ละคนมี 9 คนอยู่ข้างในต่อมาเมื่อเธอไปวางโต๊ะเธอมีทั้งหมด 25 ช้อนมีกี่ช้อนในแพ็คเกจที่โซเฟียซื้อ?,27
ไอชากำลังเตรียมงานเลี้ยงอาหารกลางวันที่บ้านของเธอซึ่งเธอตั้งใจจะเสิร์ฟพริกยัดไส้เธอสังเกตเห็นว่าเธอเป็นส้อมพลาสติกดังนั้นเธอจึงซื้อแพ็คเกจใหม่ของส้อมต่อมาสามีของเธอก็ซื้อแพคเกจ 8 ส้อมใหม่และมอบให้กับไอชาในขณะที่ไอชากำลังทำพริกไทยยัดเธอใช้ส้อมสิบหกของส้อมเพื่อลองชิมพริกยัดของเธอจากนั้นก็โยนส้อมที่ชำรุด 6 ครั้งแขกยังนำส้อม 2 แพ็คแต่ละคนมี 6 ข้างในต่อมาเมื่อเธอไปวางโต๊ะเธอมีส้อมทั้งหมด 32 ส้อมมีกี่ส้อมในแพ็คเกจที่ Aisha ซื้อ?,34
เอ็มม่ากำลังเตรียมพร้อมสำหรับงานปาร์ตี้ที่บ้านของเธอซึ่งเธอตั้งใจจะรับใช้ Creme Bruleeเธอสังเกตเห็นว่าเธอออกจากแผ่นพลาสติกดังนั้นเธอจึงซื้อแพ็คเกจใหม่ต่อมาสามีของเธอก็ซื้อแพ็คเกจแผ่นใหม่ 19 แผ่นและมอบให้เอ็มม่าในขณะที่เอ็มม่ากำลังทำครีมบรูเล่เธอใช้แผ่นสิบแผ่นเพื่อลองชิมครีมของเธอจากนั้นก็โยนแผ่นที่มีข้อบกพร่อง 10 แผ่นออกไปแขกผู้เข้าพักยังนำแผ่นแผ่น 4 แพ็คแต่ละตัวมี 10 ตัวอยู่ในนั้นต่อมาเมื่อเธอไปวางโต๊ะเธอมีแผ่นทั้งหมด 59 แผ่นมีกี่แผ่นในแพ็คเกจที่ Emma ซื้อ?,20
Diego เลือก 67 Pineapples ในวันพุธจากนั้นเขาก็เลือกสับปะรด 176 ในวันพฤหัสบดีเมื่อวันศุกร์ที่ผ่านมาเขาเลือกจำนวนสับปะรดที่เขาทำในวันพุธในวันเสาร์เขาเลือกครึ่งหนึ่งของจำนวนสิ่งที่เขาเลือกใน 3 วันที่ผ่านมารวมกันในวันอาทิตย์ดิเอโกจะขายสับปะรดในกล่องสับปะรด 17 ชิ้นเขาจะขายแต่ละกล่องในราคา $ 12ดิเอโกจะทำเท่าไหร่?,612
Deshawn เลือก 142 ลูกแพร์ในวันเสาร์จากนั้นเขาก็เลือกลูกแพร์ 172 คนในวันอาทิตย์เมื่อวันจันทร์ที่ผ่านมาเขาเลือกจำนวนลูกแพร์สามเท่าที่เขาทำในวันเสาร์ในวันอังคารเขาเลือกครึ่งหนึ่งของจำนวนสิ่งที่เขาเลือกใน 3 วันที่ผ่านมารวมกันในวันพุธ Deshawn จะขายลูกแพร์ในกล่อง 15 ลูกแพร์เขาจะขายแต่ละกล่องในราคา $ 14Deshawn จะทำเท่าไหร่?,1036
ลีออนเลือก 80 แอปเปิ้ลในวันพฤหัสบดีจากนั้นเขาก็เลือกแอปเปิ้ล 50 ตัวในวันศุกร์ในวันเสาร์เขาเลือกแอปเปิ้ลจำนวนสามเท่าที่เขาทำในวันพฤหัสบดีในวันอาทิตย์เขาเลือกครึ่งหนึ่งของจำนวนสิ่งที่เขาเลือกใน 3 วันที่ผ่านมารวมกันในวันจันทร์ลีออนกำลังจะขายแอปเปิ้ลในกล่องแอปเปิ้ล 15 ตัวเขาจะขายแต่ละกล่องในราคา $ 12ลีออนจะทำเท่าไหร่?,444
หลุยส์เลือกองุ่น 55 องศาในวันศุกร์จากนั้นเขาก็เลือกองุ่น 170 องศาในวันเสาร์เมื่อวันอาทิตย์ที่ผ่านมาเขาเลือกจำนวนองุ่นที่เขาทำในวันศุกร์ในวันจันทร์เขาเลือกครึ่งหนึ่งของจำนวนสิ่งที่เขาเลือกใน 3 วันที่ผ่านมารวมกันในวันอังคารหลุยส์กำลังจะขายองุ่นในกล่ององุ่น 15 ตัวเขาจะขายแต่ละกล่องในราคา $ 10หลุยส์จะทำเท่าไหร่?,500
โอลิเวอร์เลือก 111 ส้มในวันอังคารจากนั้นเขาก็เลือก 170 ส้มในวันพุธในวันพฤหัสบดีเขาเลือกจำนวนส้มที่เขาทำในวันอังคารเมื่อวันศุกร์ที่ผ่านมาเขาเลือกครึ่งหนึ่งของจำนวนสิ่งที่เขาเลือกใน 3 วันที่ผ่านมารวมกันในวันเสาร์โอลิเวอร์จะขายส้มในกล่องส้ม 19 ตัวเขากำลังจะขายแต่ละกล่องในราคา $ 9โอลิเวอร์จะทำเท่าไหร่?,594
อูมาเลือกแอปเปิ้ล 147 แอปเปิ้ลในวันอาทิตย์จากนั้นเขาก็เลือกแอปเปิ้ล 99 แอปเปิ้ลในวันจันทร์ในวันอังคารเขาเลือกจำนวนแอปเปิ้ลที่เขาทำในวันอาทิตย์เป็นสองเท่าในวันพุธเขาเลือกครึ่งหนึ่งของจำนวนสิ่งที่เขาเลือกใน 3 วันที่ผ่านมารวมกันในวันพฤหัสบดีอูมาจะขายแอปเปิ้ลในกล่องแอปเปิ้ล 27 ตัวเขาจะขายแต่ละกล่องในราคา $ 11อูมาจะทำเท่าไหร่?,330
Mateo เลือกแอปเปิ้ล 45 ตัวในวันอังคารจากนั้นเขาก็เลือกแอปเปิ้ล 105 ตัวในวันพุธในวันพฤหัสบดีเขาเลือกจำนวนแอปเปิ้ลที่เขาทำในวันอังคารเป็นสองเท่าเมื่อวันศุกร์ที่ผ่านมาเขาเลือกครึ่งหนึ่งของจำนวนสิ่งที่เขาเลือกใน 3 วันที่ผ่านมารวมกันในวันเสาร์ Mateo กำลังจะขายแอปเปิ้ลในกล่องแอปเปิ้ล 24 ชิ้นเขาจะขายแต่ละกล่องในราคา $ 13Mateo จะทำเท่าไหร่?,195
Sanjay เลือก 179 ลูกพลัมในวันศุกร์จากนั้นเขาก็เลือก 185 ลูกพลัมในวันเสาร์เมื่อวันอาทิตย์ที่ผ่านมาเขาเลือกจำนวนลูกพลัมเป็นสี่เท่าในวันศุกร์ในวันจันทร์เขาเลือกครึ่งหนึ่งของจำนวนสิ่งที่เขาเลือกใน 3 วันที่ผ่านมารวมกันในวันอังคารที่แซนเจย์กำลังจะขายลูกพลัมในกล่อง 20 ลูกพลัมเขาจะขายแต่ละกล่องในราคา $ 11แซนเจย์จะทำเท่าไหร่?,891
คาร์ลอสหยิบแอปเปิ้ล 129 ตัวในวันอังคารจากนั้นเขาก็เลือกแอปเปิ้ล 129 ตัวในวันพุธในวันพฤหัสบดีเขาเลือกจำนวนแอปเปิ้ลที่เขาทำในวันอังคารเป็นสองเท่าเมื่อวันศุกร์ที่ผ่านมาเขาเลือกครึ่งหนึ่งของจำนวนสิ่งที่เขาเลือกใน 3 วันที่ผ่านมารวมกันในวันเสาร์คาร์ลอสกำลังจะขายแอปเปิ้ลในกล่องแอปเปิ้ล 18 แอปเปิ้ลแต่ละกล่องเขาจะขายแต่ละกล่องในราคา $ 12คาร์ลอสจะทำเท่าไหร่?,516
Viktor เลือก 142 กล้วยในวันพฤหัสบดีจากนั้นเขาก็หยิบกล้วย 92 ตัวในวันศุกร์เมื่อวันเสาร์ที่ผ่านมาเขาเลือกกล้วยสามเท่าที่เขาทำในวันพฤหัสบดีในวันอาทิตย์เขาเลือกครึ่งหนึ่งของจำนวนสิ่งที่เขาเลือกใน 3 วันที่ผ่านมารวมกันในวันจันทร์ Viktor กำลังจะขายกล้วยในกล่อง 22 Bananas แต่ละกล่องเขาจะขายแต่ละกล่องในราคา $ 10Viktor จะทำเท่าไหร่?,450
"ศูนย์ดูแลมีความจุ 1,700 ห้องที่มี 1/5 ครอบครองและหนึ่งในห้าของห้องพักทั้งหมดที่ไม่ได้ให้บริการเนื่องจากการระบาดใหญ่ผู้ป่วย 20 คนจะเข้ารับการรักษาในสถานที่ดูแลในแต่ละวันคำนวณจำนวนห้องพักทั้งหมดที่ว่างในศูนย์ดูแลหลังจาก 2 สัปดาห์",740
สถานที่ดูแลมีความจุ 1800 ห้องที่มี 1/6 ครอบครองและหนึ่งเก้าของห้องพักทุกห้องที่ไม่ได้ให้บริการเนื่องจากการระบาดใหญ่ผู้ป่วย 25 คนจะเข้ารับการรักษาในสถานที่ดูแลในแต่ละวันคำนวณจำนวนห้องพักทั้งหมดที่ว่างในศูนย์ดูแลหลังจาก 2 สัปดาห์,950
"คลินิกมีความจุ 1,600 ห้องที่มี 1/10 ครอบครองและสองในห้าของห้องพักทั้งหมดที่ไม่ได้ให้บริการเนื่องจากภัยพิบัติทางธรรมชาติผู้ป่วย 30 คนเข้ารับการรักษาในคลินิกในแต่ละวันคำนวณจำนวนห้องพักทั้งหมดในคลินิกหลังจาก 3 สัปดาห์",170
ศูนย์การแพทย์มีความจุ 1300 เตียงพร้อม 1/5 ที่ถูกครอบครองและหนึ่งในสี่ของเตียงทั้งหมดที่ไม่ได้รับใช้เนื่องจากอุบัติเหตุครั้งใหญ่ผู้ป่วย 30 คนจะเข้ารับการรักษาในศูนย์การแพทย์ในแต่ละวันคำนวณจำนวนเตียงที่ว่างทั้งหมดในศูนย์การแพทย์หลังจาก 2 สัปดาห์,295
โรงพยาบาลมีความจุ 1300 เตียงพร้อม 1/6 ที่ถูกครอบครองและสองหกของเตียงทั้งหมดที่ออกนอกบ้านเนื่องจากฤดูไข้หวัดใหญ่ผู้ป่วย 30 คนเข้ารับการรักษาในโรงพยาบาลในแต่ละวันคำนวณจำนวนเตียงที่ว่างทั้งหมดในโรงพยาบาลหลังจาก 2 สัปดาห์,230
ศูนย์การแพทย์มีความจุ 1200 เตียงพร้อม 2/4 ที่ถูกครอบครองและหนึ่งในแปดของเตียงทั้งหมดที่ไม่ได้รับการบริการเนื่องจากอุบัติเหตุครั้งใหญ่ผู้ป่วย 20 คนจะเข้ารับการรักษาในศูนย์การแพทย์ในแต่ละวันคำนวณจำนวนเตียงที่ว่างทั้งหมดในศูนย์การแพทย์หลังจาก 2 สัปดาห์,170
"คลินิกมีความจุ 1,700 ห้องที่มี 1/10 ครอบครองและหนึ่งในสี่ของห้องพักทุกห้องที่ไม่ได้ให้บริการเนื่องจากภัยพิบัติทางธรรมชาติผู้ป่วย 20 คนเข้ารับการรักษาในคลินิกในแต่ละวันคำนวณจำนวนห้องพักทั้งหมดในคลินิกหลังจาก 2 สัปดาห์",825
"สถานที่ดูแลมีความจุ 1,400 ห้องที่มี 1/7 ครอบครองและหนึ่งในสิบของห้องพักทุกห้องที่ไม่ได้ให้บริการเนื่องจากการระบาดใหญ่ผู้ป่วย 35 คนจะเข้ารับการรักษาในสถานที่ดูแลในแต่ละวันคำนวณจำนวนห้องพักทั้งหมดที่ว่างในศูนย์ดูแลหลังจาก 2 สัปดาห์",570
"โรงพยาบาลมีความจุ 1,800 เตียงพร้อม 1/9 ที่ถูกครอบครองและหนึ่งในเก้าของเตียงทั้งหมดที่ไม่ได้รับใช้เนื่องจากฤดูไข้หวัดใหญ่ผู้ป่วย 20 คนเข้ารับการรักษาในโรงพยาบาลในแต่ละวันคำนวณจำนวนเตียงที่ว่างทั้งหมดในโรงพยาบาลหลังจาก 2 สัปดาห์",1120
"โรงพยาบาลมีความจุ 1,400 เตียงพร้อม 1/3 ที่ถูกครอบครองและหนึ่งในหกของเตียงทั้งหมดที่ออกนอกบ้านเนื่องจากฤดูไข้หวัดใหญ่ผู้ป่วย 25 คนเข้ารับการรักษาในโรงพยาบาลในแต่ละวันคำนวณจำนวนเตียงที่ว่างทั้งหมดในโรงพยาบาลหลังจาก 3 สัปดาห์",175
Valeria และ Viktor ไปที่ร้านขายของก่อสร้างViktor เป็นสมาชิก แต่ Valeria ไม่ใช่Valeria มี₣ 97.37 และต้องการซื้อจุดยึด 15 อันจากถังขยะที่ร้านนอกจากนี้เธอยังต้องการเล็บ 8 ตัวแต่ละค่าใช้จ่าย₣ 0.64ค่าสมอแต่ละค่า₣ 0.35นอกจากนี้ Valeria ยังหยิบสี 8 แกลลอนViktor เริ่มต้นด้วย₣ 90 และต้องการสี 10 แกลลอนแต่ละราคาที่₣ 7.0 และดินสอช่างไม้ 4 ตัวแต่ละต้นคิดต้นทุน₣ 2ร้านค้ามอบส่วนลด 10% สำหรับการทาสีสำหรับสมาชิกวาเลอเรียมีเงินเหลืออยู่เท่าไหร่มากกว่า Viktor หลังจากที่พวกเขาออกจากร้านค้า?,12
กาเบรียลและอารัลไปที่ร้านขายสิ่งก่อสร้างArash เป็นสมาชิก แต่ Gabrielle ไม่ได้Gabrielle มี€ 92.27 และต้องการซื้อเล็บ 15 ตัวจากถังขยะที่ร้านเธอยังต้องการเครื่องซักผ้า 8 เครื่องแต่ละครั้งมีค่าใช้จ่าย€ 0.64แต่ละเล็บมีค่าใช้จ่าย€ 0.21นอกจากนี้กาเบรียลยังหยิบสี 8 แกลลอนArash เริ่มต้นด้วย€ 100 และต้องการสี 12 แกลลอนแต่ละราคาอยู่ที่€ 7.5 และดินสอช่างไม้ 3 ตัวแต่ละอันมีราคา€ 3ร้านค้ามอบส่วนลด 10% สำหรับการทาสีสำหรับสมาชิกกาเบรียลมีเงินเหลืออยู่มากกว่าอารัทหลังจากออกจากร้านค้า?,14
Kimia และ Yusuf ไปที่ร้านขายของก่อสร้างYusuf เป็นสมาชิก แต่ Kimia ไม่ได้Kimia มี¥ 91.25 และต้องการซื้อตะปู 16 ตัวจากถังขยะที่ร้านเธอยังต้องการเครื่องซักผ้า 9 เครื่องแต่ละครั้งราคา¥ 0.65แต่ละเล็บราคา¥ 0.4นอกจากนี้ Kimia ยังเลือกสี 8 แกลลอนยูซุฟเริ่มต้นด้วย¥ 80 และต้องการสี 10 แกลลอนแต่ละราคาที่¥ 7.0 และดินสอช่างไม้ 4 ตัวแต่ละต้นคิดต้นทุน¥ 2ร้านค้ามอบส่วนลด 10% สำหรับการทาสีสำหรับสมาชิกKimia มีเงินเหลืออยู่เท่าไหร่กว่ายูซุฟหลังจากออกจากร้านค้า?,14
Valentina และ Liam ไปที่ร้านขายสิ่งก่อสร้างเลียมเป็นสมาชิก แต่วาเลนติน่าไม่ใช่Valentina มี¥ 99.41 และต้องการซื้อสกรู 17 ตัวจากถังขยะที่ร้านเธอยังต้องการเครื่องซักผ้า 9 เครื่องแต่ละครั้งราคา¥ 0.59แต่ละสกรูมีค่าใช้จ่าย¥ 0.3นอกจากนี้ Valentina ยังได้รับสี 8 แกลลอนเลียมเริ่มต้นด้วย¥ 90 และต้องการสี 10 แกลลอนแต่ละราคาอยู่ที่¥ 8.0 และดินสอช่างไม้ 3 ตัวแต่ละต้นคิดต้นทุน¥ 2ร้านค้ามอบส่วนลด 10% สำหรับการทาสีสำหรับสมาชิกValentina เหลือเงินจำนวนเท่าใดหลังจากเลียมหลังจากออกจากร้านค้า?,13
Quinn และ Faisal ไปที่ร้านขายของก่อสร้างFaisal เป็นสมาชิก แต่ควินน์ไม่ได้Quinn มี₣ 98.39 และต้องการซื้อถั่ว 17 ตัวจากถังขยะที่ร้านเธอยังต้องการจุดยึด 9 ตัวแต่ละค่าใช้จ่าย₣ 0.68แต่ละถั่วมีค่าใช้จ่าย₣ 0.31นอกจากนี้ควินน์ยังหยิบสี 8 แกลลอนFaisal เริ่มต้นด้วย₣ 80 และต้องการสี 10 แกลลอนแต่ละราคาที่₣ 7.0 และดินสอช่างไม้ 3 ตัวแต่ละต้นคิดต้นทุน₣ 2ร้านค้ามอบส่วนลด 10% สำหรับการทาสีสำหรับสมาชิกQuinn มีเงินเหลือเท่าไหร่มากกว่า Faisal หลังจากออกจากร้านค้า?,20
Kayla และ Luca ไปที่ร้านขายสิ่งก่อสร้างLuca เป็นสมาชิก แต่ Kayla ไม่ใช่Kayla มี₣ 90.23 และต้องการซื้อเล็บ 17 ตัวจากถังขยะที่ร้านเธอยังต้องการเครื่องซักผ้า 8 เครื่องแต่ละต้นทุน₣ 0.62ค่าใช้จ่ายเล็บแต่ละอัน₣ 0.31นอกจากนี้ Kayla ยังหยิบสี 8 แกลลอนLuca เริ่มต้นด้วย₣ 80 และต้องการสี 10 แกลลอนแต่ละราคาที่₣ 7.0 และดินสอช่างไม้ 4 ตัวแต่ละต้นคิดต้นทุน₣ 2ร้านค้ามอบส่วนลด 10% สำหรับการทาสีสำหรับสมาชิกKayla มีเงินเหลืออยู่มากกว่า Luca หลังจากออกจากร้านค้า?,15
Gabrielle และ Santiago ไปที่ร้านขายสิ่งก่อสร้างซันติอาโกเป็นสมาชิก แต่กาเบรียลไม่ได้Gabrielle มี€ 86.15 และต้องการซื้อสกรู 16 ตัวจากถังขยะที่ร้านเธอยังต้องการตะปู 9 ตัวแต่ละค่าใช้จ่าย€ 0.59แต่ละสกรูมีค่าใช้จ่าย€ 0.24นอกจากนี้กาเบรียลยังหยิบสี 8 แกลลอนซันติอาโกเริ่มต้นด้วย€ 100 และต้องการสี 12 แกลลอนแต่ละราคาอยู่ที่ 7.5 ยูโรและดินสอช่างไม้ 4 ตัวแต่ละค่าใช้จ่าย€ 2ร้านค้ามอบส่วนลด 10% สำหรับการทาสีสำหรับสมาชิกกาเบรียลมีเงินเหลืออยู่มากกว่าซันติอาโกหลังจากออกจากร้านค้า?,6
Beatriz และ Jin ไปที่ร้านขายสิ่งก่อสร้างจินเป็นสมาชิก แต่เบียทริซไม่ใช่Beatriz มี₺82.07และต้องการซื้อถั่ว 15 ถั่วจากถังขยะที่ร้านเธอยังต้องการสกรู 8 ตัวแต่ละค่าใช้จ่าย₺0.64น็อตแต่ละอันมีค่าใช้จ่าย₺0.33นอกจากนี้เบียทริซยังหยิบสี 8 แกลลอนจินเริ่มต้นด้วย₺100และต้องการสี 12 แกลลอนแต่ละราคาอยู่ที่₺7.5และดินสอช่างไม้ 4 ตัวแต่ละต้นคิดต้นทุน₺2ร้านค้ามอบส่วนลด 10% สำหรับการทาสีสำหรับสมาชิกเบียทริซเหลือเงินเท่าไหร่หลังจากพวกเขาออกจากร้านค้า?,1
Yara และ Umar ไปที่ร้านขายสิ่งก่อสร้างอูมาเป็นสมาชิก แต่ Yara ไม่ใช่Yara มี₣ 90.23 และต้องการซื้อสกรู 17 ตัวจากถังขยะที่ร้านเธอยังต้องการจุดยึด 9 ตัวแต่ละค่าใช้จ่าย₣ 0.61แต่ละสกรูมีค่าใช้จ่าย₣ 0.22นอกจากนี้ Yara ยังเลือกสี 8 แกลลอนอูมาเริ่มต้นด้วย₣ 100 และต้องการสี 10 แกลลอนแต่ละราคาที่₣ 8.0 และดินสอช่างไม้ 3 ตัวแต่ละต้นคิดต้นทุน₣ 4ร้านค้ามอบส่วนลด 10% สำหรับการทาสีสำหรับสมาชิกYara มีเงินเหลืออยู่มากกว่าอูมาหลังจากออกจากร้านค้า?,1
Kimia และ Arjun ไปที่ร้านขายสิ่งก่อสร้างArjun เป็นสมาชิก แต่ Kimia ไม่ได้Kimia มี¥ 100.43 และต้องการซื้อถั่ว 17 ตัวจากถังขยะที่ร้านเธอยังต้องการสกรู 8 ตัวแต่ละค่าใช้จ่าย¥ 0.69น็อตแต่ละอันมีค่าใช้จ่าย¥ 0.23นอกจากนี้ Kimia ยังได้รับสี 10 แกลลอนArjun เริ่มต้นด้วย¥ 90 และต้องการสี 10 แกลลอนแต่ละราคาที่¥ 7.0 และดินสอช่างไม้ 3 ตัวแต่ละต้นมีราคา¥ 3ร้านค้ามอบส่วนลด 10% สำหรับการทาสีสำหรับสมาชิกKimia เหลือเงินอีกเท่าไหร่มากกว่า Arjun หลังจากออกจากร้านค้า?,3
พีระมิดทำจากก้อนสีเขียว 9 ก้อนก้อนสีขาวสองเท่าและก้อนสีชมพูจำนวนหนึ่งที่ไม่รู้จักหากมี 45 ลูกบาศก์ในปิรามิดทั้งหมดเปอร์เซ็นต์ของลูกบาศก์สีชมพูคืออะไร?,40
สแต็คทำจากกระเบื้องสีส้ม 5 กระเบื้องสองเท่าของกระเบื้องสีชมพูจำนวนมากและจำนวนกระเบื้องสีเขียวที่ไม่รู้จักหากมีกระเบื้องทั้งหมด 20 ใบในสแต็กทั้งหมดเปอร์เซ็นต์ของกระเบื้องเป็นสีเขียวเท่าไหร่?,25
สแต็คทำจากกระเบื้องสีชมพู 8 ใบมีกระเบื้องสีเขียวสองเท่าและมีกระเบื้องสีส้มจำนวนมากหากมี 48 กระเบื้องทั้งหมดในสแต็คทั้งหมดเปอร์เซ็นต์ของกระเบื้องเป็นสีส้ม?,50
อาคารทำจากอิฐสีขาว 4 ก้อนอิฐสีส้มเป็นสองเท่าและมีอิฐสีม่วงจำนวนหนึ่งที่ไม่รู้จักหากมีอิฐ 40 ก้อนในอาคารทั้งหมดเปอร์เซ็นต์ของอิฐเป็นสีม่วง?,70
ปิรามิดทำจากก้อนสีม่วง 4 ก้อนเจ็ดเท่าของก้อนสีขาวจำนวนเจ็ดเท่าและจำนวนก้อนสีดำที่ไม่รู้จักหากมี 40 ลูกบาศก์ในปิรามิดรวมเปอร์เซ็นต์ของก้อนสีดำเท่าไหร่?,20
สแต็คทำจากกระเบื้องสีดำ 4 กระเบื้องสองครั้งกระเบื้องสีขาวจำนวนมากและกระเบื้องสีชมพูจำนวนสองเท่าหากมี 24 กระเบื้องในสแต็คทั้งหมดเปอร์เซ็นต์ของกระเบื้องเป็นสีชมพู?,50
สแต็คทำจากกระเบื้องสีส้ม 9 กระเบื้องสามเท่าของกระเบื้องสีชมพูมากสามเท่าและมีกระเบื้องสีเขียวจำนวนสามเท่าหากมี 40 กระเบื้องทั้งหมดในสแต็กเปอร์เซ็นต์ของกระเบื้องเป็นสีเขียวเท่าไหร่?,10
อาคารทำจากอิฐสีม่วง 2 ก้อนอิฐสีดำจำนวนแปดเท่าและมีอิฐสีส้มจำนวนมากหากมีอิฐ 45 ตัวในอาคารทั้งหมดเปอร์เซ็นต์ของอิฐเป็นสีส้ม?,60
อาคารทำจากอิฐสีม่วง 7 ก้อนอิฐสีชมพูสองครั้งและอิฐสีขาวจำนวนหนึ่งที่ไม่รู้จักหากมีอิฐ 25 ก้อนในอาคารทั้งหมดเปอร์เซ็นต์ของอิฐเป็นสีขาวเท่าไหร่?,16
อาคารทำจากอิฐสีม่วง 4 ก้อนอิฐสีดำจำนวนสี่เท่าและอิฐสีชมพูจำนวนสี่เท่าหากมีอิฐ 25 ก้อนในอาคารทั้งหมดเปอร์เซ็นต์ของอิฐเป็นสีชมพู?,20
Olga สามารถลอก 12 Clams ต่อนาทีและ Saute 30 Clams ใน 9 นาทีจะพาเธอไปปอกเปลือกและหอย 180 หอยได้กี่นาทีถ้าใช้เวลา 19 วินาทีในการล้างหอยแต่ละครั้งก่อนที่จะลอกออก?โปรดทราบว่า Olga ไม่สามารถทำงานร่วมกันได้และต้องหยุดพัก 11 นาทีหลังจากลอกหอยก่อนที่เธอจะเริ่มผัดพวกเขา,137
ไอชาสามารถลอก 10 หอยต่อนาทีและหอย 30 saute ใน 6 นาทีจะพาเธอไปปอกเปลือกและหอย saute 120 กี่นาทีถ้าใช้เวลา 14 วินาทีในการล้างแต่ละหอยก่อนที่จะลอกออก?โปรดทราบว่า Aisha ไม่สามารถทำงานร่วมกันได้และต้องหยุดพัก 7 นาทีหลังจากลอกหอยก่อนที่เธอจะเริ่มผัดพวกเขา,71
เฉินสามารถลอก 5 หอยต่อนาทีและ saute 20 หอยใน 16 นาทีจะใช้เวลากี่นาทีในการปอกเปลือกและหอย saute 120 ถ้าใช้เวลา 15 วินาทีในการล้างแต่ละหอยก่อนที่จะลอกมัน?โปรดทราบว่าเฉินไม่สามารถทำงานร่วมกันได้และต้องหยุดพัก 6 นาทีหลังจากลอกหอยก่อนที่เธอจะเริ่มผัดพวกเขา,156
Ava สามารถปอกเปลือกบวบ 5 นาทีและ saute 20 บวบใน 6 นาทีจะใช้เวลากี่นาทีในการปอกเปลือกและบวบ saute 140 ถ้าใช้เวลา 24 วินาทีในการล้างบวบแต่ละตัวก่อนที่จะลอกออก?โปรดทราบว่า Ava ไม่สามารถทำงานได้แบบขนานและต้องหยุดพัก 15 นาทีหลังจากลอกบวบก่อนที่เธอจะเริ่มผัดพวกเขา,141
Roya สามารถปอกเปลือกได้ 6 หอยต่อนาทีและหอย 30 Saute ใน 11 นาทีจะพาเธอไปปอกเปลือกและหอย Saute 90 ถ้าใช้เวลา 14 วินาทีในการล้างหอยแต่ละครั้งก่อนที่จะลอกออก?โปรดทราบว่า Roya ไม่สามารถทำงานร่วมกันได้และต้องหยุดพัก 7 นาทีหลังจากลอกหอยก่อนที่เธอจะเริ่มผัดพวกเขา,76
Kimia สามารถลอกกุ้ง 6 ตัวต่อนาทีและ saute 20 กุ้งใน 17 นาทีจะใช้เวลากี่นาทีในการลอกและกุ้ง 60 saute ถ้าใช้เวลา 15 วินาทีในการล้างกุ้งแต่ละตัวก่อนที่จะลอกมัน?โปรดทราบว่า Kimia ไม่สามารถทำงานร่วมกันได้และต้องหยุดพัก 8 นาทีหลังจากลอกกุ้งก่อนที่เธอจะสามารถเริ่มผัดได้,84
นาเดียสามารถลอกแครอท 4 นาทีต่อนาทีและแครอท Saute 20 ลำใน 11 นาทีจะพาเธอไปปอกเปลือกและ Saute 160 แครอทได้กี่นาทีถ้าใช้เวลา 18 วินาทีในการล้างแครอทแต่ละตัวก่อนที่จะลอกออก?โปรดทราบว่านาเดียไม่สามารถทำงานร่วมกันได้และต้องหยุดพัก 6 นาทีหลังจากลอกแครอทก่อนที่เธอจะเริ่มผัดพวกเขา,182
Beatriz สามารถลอกแครอท 8 นาทีและ Saute 20 แครอทใน 12 นาทีจะพาเธอไปปอกเปลือกและ Saute 160 แครอทได้กี่นาทีถ้าใช้เวลา 12 วินาทีในการล้างแครอทแต่ละครั้งก่อนที่จะลอกออก?โปรดทราบว่าเบียทริซไม่สามารถทำงานร่วมกันได้และต้องหยุดพัก 5 นาทีหลังจากลอกแครอทก่อนที่เธอจะเริ่มผัดพวกเขา,153
Nia สามารถลอก 12 แครอทต่อนาทีและ saute 30 แครอทใน 10 นาทีจะใช้เวลากี่นาทีในการลอกและ saute 180 แครอทถ้าใช้เวลา 25 วินาทีในการล้างแครอทแต่ละตัวก่อนที่จะลอกออก?โปรดทราบว่า NIA ไม่สามารถทำงานได้แบบขนานและต้องหยุดพัก 13 นาทีหลังจากลอกแครอทก่อนที่เธอจะเริ่มผัดพวกเขา,163
ฟาติมาสามารถปอกเปลือกบวบ 12 นาทีและ saute 30 บวบใน 14 นาทีจะใช้เวลากี่นาทีในการปอกเปลือกและบวบ 60 saute ถ้าใช้เวลา 11 วินาทีในการล้างบวบแต่ละตัวก่อนที่จะลอกออก?โปรดทราบว่าฟาติมาไม่สามารถทำงานร่วมกันได้และต้องหยุดพัก 12 นาทีหลังจากลอกบวบก่อนที่เธอจะเริ่มผัดพวกเขา,56
Uma และ Zahra เป็นน้องสาวจาก Marrakech ที่รักการรวบรวมลายเซ็นจากนักการเมืองในช่วงพักฤดูใบไม้ผลิจากโรงเรียนน้องสาวจะใช้เวลาช่วงบ่ายทุกบ่ายเก็บลายเซ็นหลังจาก 6 สัปดาห์ UMA และ Zahra เปรียบเทียบหนังสือลายเซ็นของพวกเขานับจำนวนลายเซ็นที่น้องสาวแต่ละคนรวบรวมอูมามีลายเซ็น 29 เล่มในหนังสือของเธอและ Zahra มี 37 คนพี่สาวมีเวลาพัก 4 สัปดาห์ในฤดูใบไม้ผลิอีก 4 สัปดาห์และพวกเขาตัดสินใจว่าพวกเขาต้องการถึง 130 ลายเซ็นระหว่างพวกเขาในตอนท้ายของการหยุดพักอย่างไรก็ตามในช่วง 4 สัปดาห์ที่เหลืออยู่ UMA สามารถรวบรวมลายเซ็นในวันหยุดสุดสัปดาห์ลดคอลเล็กชั่นรายสัปดาห์ของเธอได้ 5 ต่อสัปดาห์ในขณะที่ Zahra ตัดสินใจเพิ่มคอลเล็กชั่นรายสัปดาห์ของเธอZahra จำเป็นต้องรวบรวมลายเซ็นกี่ครั้งต่อสัปดาห์เพื่อให้แน่ใจว่าพวกเขาบรรลุเป้าหมาย?,11
Daphne และ Olivia เป็นน้องสาวจากกรุงไคโรที่รักการรวบรวมลายเซ็นจากดาราภาพยนตร์ในช่วงพักฤดูใบไม้ผลิจากโรงเรียนน้องสาวจะใช้เวลาช่วงบ่ายทุกบ่ายเก็บลายเซ็นหลังจาก 3 สัปดาห์ Daphne และ Olivia เปรียบเทียบหนังสือลายเซ็นของพวกเขานับจำนวนลายเซ็นที่น้องสาวแต่ละคนรวบรวมDaphne มี 17 ลายเซ็นในหนังสือของเธอและ Olivia มี 31 น้องสาวมีอีก 3 สัปดาห์ในช่วงพักฤดูใบไม้ผลิและพวกเขาตัดสินใจว่าพวกเขาต้องการถึง 120 ลายเซ็นระหว่างพวกเขาในตอนท้ายของการหยุดพักอย่างไรก็ตามในช่วง 3 สัปดาห์ที่เหลือ Daphne สามารถรวบรวมลายเซ็นในวันหยุดสุดสัปดาห์ได้ลดคอลเล็กชั่นรายสัปดาห์ของเธอลง 5 ต่อสัปดาห์ในขณะที่โอลิเวียตัดสินใจเพิ่มคอลเล็กชั่นรายสัปดาห์ของเธอโอลิเวียจะต้องรวบรวมลายเซ็นกี่ครั้งต่อสัปดาห์เพื่อให้แน่ใจว่าพวกเขาบรรลุเป้าหมาย?,19
Ava และ Quinn เป็นน้องสาวจากเฮลซิงกิที่รักการรวบรวมลายเซ็นจากผู้เขียนในช่วงพักฤดูใบไม้ผลิจากโรงเรียนน้องสาวจะใช้เวลาช่วงบ่ายทุกบ่ายเก็บลายเซ็นหลังจาก 3 สัปดาห์ Ava และ Quinn เปรียบเทียบหนังสือลายเซ็นของพวกเขานับจำนวนลายเซ็นที่น้องสาวแต่ละคนรวบรวมAva มีลายเซ็น 30 รายการในหนังสือของเธอและ Quinn มี 37 คนพี่สาวมีเวลาพักฤดูใบไม้ผลิอีก 2 สัปดาห์และพวกเขาตัดสินใจว่าพวกเขาต้องการถึง 135 ลายเซ็นระหว่างพวกเขาในตอนท้ายของการหยุดพักอย่างไรก็ตามในช่วงที่เหลืออีก 2 สัปดาห์ AVA สามารถรวบรวมลายเซ็นในวันหยุดสุดสัปดาห์ลดคอลเล็กชั่นรายสัปดาห์ของเธอได้ 5 ต่อสัปดาห์ในขณะที่ควินน์ตัดสินใจเพิ่มคอลเล็กชั่นรายสัปดาห์ของเธอQuinn ต้องมีลายเซ็นกี่ครั้งต่อสัปดาห์เพื่อให้แน่ใจว่าพวกเขาบรรลุเป้าหมาย?,29
เหม่ยและฮารุกะเป็นน้องสาวจากสิงคโปร์ที่รักการรวบรวมลายเซ็นจากนักการเมืองในช่วงพักร้อนจากโรงเรียนพี่สาวน้องสาวจะใช้เวลาช่วงบ่ายในการรวบรวมลายเซ็นหลังจาก 5 สัปดาห์เมี่ยและฮารุกะเปรียบเทียบหนังสือลายเซ็นของพวกเขานับจำนวนลายเซ็นที่น้องสาวแต่ละคนรวบรวมเหม่ยมี 24 ลายเซ็นในหนังสือของเธอและ Haruka มี 51 น้องสาวมีเวลาพักฤดูร้อนอีก 3 สัปดาห์และพวกเขาตัดสินใจว่าพวกเขาต้องการถึง 135 ลายเซ็นระหว่างพวกเขาในตอนท้ายของการหยุดพักอย่างไรก็ตามในช่วง 3 สัปดาห์ที่เหลือ Mei สามารถรวบรวมลายเซ็นได้ในวันหยุดสุดสัปดาห์ลดคอลเล็กชั่นรายสัปดาห์ของเธอลง 5 ต่อสัปดาห์ในขณะที่ Haruka ตัดสินใจเพิ่มคอลเล็กชั่นรายสัปดาห์ของเธอHaruka จำเป็นต้องรวบรวมลายเซ็นกี่ครั้งต่อสัปดาห์เพื่อให้แน่ใจว่าพวกเขาบรรลุเป้าหมาย?,15
Uma และ Olga เป็นน้องสาวจากลิสบอนที่รักการรวบรวมลายเซ็นจากนักการเมืองในช่วงพักร้อนจากโรงเรียนพี่สาวน้องสาวจะใช้เวลาช่วงบ่ายในการรวบรวมลายเซ็นหลังจาก 3 สัปดาห์ UMA และ Olga เปรียบเทียบหนังสือลายเซ็นของพวกเขานับจำนวนลายเซ็นที่น้องสาวแต่ละคนรวบรวมอูมามีลายเซ็น 25 ในหนังสือของเธอและ Olga มี 59 คนน้องสาวมีเวลาพักฤดูร้อนอีก 2 สัปดาห์และพวกเขาตัดสินใจว่าพวกเขาต้องการถึง 140 ลายเซ็นระหว่างพวกเขาในตอนท้ายของการหยุดพักอย่างไรก็ตามในช่วงที่เหลืออีก 2 สัปดาห์ UMA สามารถรวบรวมลายเซ็นในวันหยุดสุดสัปดาห์ลดคอลเล็กชั่นรายสัปดาห์ของเธอได้ 5 ต่อสัปดาห์ในขณะที่ Olga ตัดสินใจเพิ่มคอลเล็กชั่นรายสัปดาห์ของเธอOlga จำเป็นต้องรวบรวมลายเซ็นกี่ครั้งต่อสัปดาห์เพื่อให้แน่ใจว่าพวกเขาบรรลุเป้าหมาย?,23
เฉินและทาราเป็นน้องสาวจากลิสบอนที่รักการรวบรวมลายเซ็นจากนักการเมืองในช่วงฤดูหนาวของพวกเขาจากโรงเรียนน้องสาวจะใช้เวลาช่วงบ่ายทุกบ่ายเก็บลายเซ็นหลังจาก 5 สัปดาห์เฉินและทาราเปรียบเทียบหนังสือลายเซ็นของพวกเขานับจำนวนลายเซ็นที่น้องสาวแต่ละคนรวบรวมเฉินมีลายเซ็น 36 เล่มในหนังสือของเธอและทารามี 32 คนน้องสาวมีช่วงพักฤดูหนาวอีก 4 สัปดาห์และพวกเขาตัดสินใจว่าพวกเขาต้องการถึง 140 ลายเซ็นระหว่างพวกเขาในตอนท้ายของการหยุดพักอย่างไรก็ตามในช่วง 4 สัปดาห์ที่เหลือเฉินสามารถรวบรวมลายเซ็นในวันหยุดสุดสัปดาห์ได้ลดคอลเล็กชั่นรายสัปดาห์ของเธอลง 5 ต่อสัปดาห์ในขณะที่ Tara ตัดสินใจเพิ่มคอลเล็กชั่นรายสัปดาห์ของเธอTara จะต้องรวบรวมลายเซ็นกี่ครั้งต่อสัปดาห์เพื่อให้แน่ใจว่าพวกเขาบรรลุเป้าหมาย?,13
Zahra และ Yara เป็นน้องสาวจากเคปทาวน์ที่รักการรวบรวมลายเซ็นจากผู้เขียนในช่วงพักฤดูใบไม้ผลิจากโรงเรียนน้องสาวจะใช้เวลาช่วงบ่ายทุกบ่ายเก็บลายเซ็นหลังจาก 7 สัปดาห์ Zahra และ Yara เปรียบเทียบหนังสือลายเซ็นของพวกเขานับจำนวนลายเซ็นที่น้องสาวแต่ละคนรวบรวมZahra มีลายเซ็น 20 ลายเซ็นในหนังสือของเธอและ Yara มี 30 คนน้องสาวมีช่วงพักฤดูใบไม้ผลิอีก 3 สัปดาห์และพวกเขาตัดสินใจว่าพวกเขาต้องการถึง 140 ลายเซ็นระหว่างพวกเขาในตอนท้ายของการหยุดพักอย่างไรก็ตามในช่วง 3 สัปดาห์ที่เหลืออยู่ Zahra สามารถรวบรวมลายเซ็นในวันหยุดสุดสัปดาห์ลดคอลเล็กชั่นรายสัปดาห์ของเธอได้ 5 ต่อสัปดาห์ในขณะที่ Yara ตัดสินใจเพิ่มคอลเล็กชั่นรายสัปดาห์ของเธอYara ต้องมีลายเซ็นกี่ครั้งต่อสัปดาห์เพื่อให้แน่ใจว่าพวกเขาบรรลุเป้าหมาย?,25
Ava และ Kayla เป็นน้องสาวจากกรุงเทพฯที่รักการรวบรวมลายเซ็นจากนักกีฬาในช่วงฤดูหนาวของพวกเขาจากโรงเรียนน้องสาวจะใช้เวลาช่วงบ่ายทุกบ่ายเก็บลายเซ็นหลังจาก 3 สัปดาห์ Ava และ Kayla เปรียบเทียบหนังสือลายเซ็นของพวกเขานับจำนวนลายเซ็นที่น้องสาวแต่ละคนรวบรวมAva มีลายเซ็น 38 เล่มในหนังสือของเธอและ Kayla มี 41 คนน้องสาวมีช่วงพักฤดูหนาวอีก 4 สัปดาห์และพวกเขาตัดสินใจว่าพวกเขาต้องการถึง 135 ลายเซ็นระหว่างพวกเขาในตอนท้ายของการหยุดพักอย่างไรก็ตามในช่วง 4 สัปดาห์ที่เหลืออยู่ AVA สามารถรวบรวมลายเซ็นในวันหยุดสุดสัปดาห์ลดคอลเล็กชั่นรายสัปดาห์ของเธอได้ 5 ต่อสัปดาห์ในขณะที่ Kayla ตัดสินใจเพิ่มคอลเล็กชั่นรายสัปดาห์ของเธอKayla จำเป็นต้องรวบรวมลายเซ็นกี่ครั้งต่อสัปดาห์เพื่อให้แน่ใจว่าพวกเขาบรรลุเป้าหมาย?,9
โซเฟียและเอเลน่าเป็นน้องสาวจากโอ๊คแลนด์ที่รักการรวบรวมลายเซ็นจากนักดนตรีในช่วงพักฤดูใบไม้ผลิจากโรงเรียนน้องสาวจะใช้เวลาช่วงบ่ายทุกบ่ายเก็บลายเซ็นหลังจาก 4 สัปดาห์โซเฟียและเอเลน่าเปรียบเทียบหนังสือลายเซ็นของพวกเขานับจำนวนลายเซ็นที่น้องสาวแต่ละคนรวบรวมโซเฟียมีลายเซ็น 32 ตัวในหนังสือของเธอและเอเลน่ามี 56 คนน้องสาวมีช่วงพักฤดูใบไม้ผลิอีก 3 สัปดาห์และพวกเขาตัดสินใจว่าพวกเขาต้องการถึง 130 ลายเซ็นระหว่างพวกเขาในตอนท้ายของการหยุดพักอย่างไรก็ตามในช่วง 3 สัปดาห์ที่เหลือโซเฟียสามารถรวบรวมลายเซ็นในวันหยุดสุดสัปดาห์ได้ลดคอลเล็กชั่นรายสัปดาห์ของเธอลง 5 ต่อสัปดาห์ในขณะที่ Elena ตัดสินใจเพิ่มคอลเล็กชั่นรายสัปดาห์ของเธอElena ต้องมีลายเซ็นกี่ครั้งต่อสัปดาห์เพื่อให้แน่ใจว่าพวกเขาบรรลุเป้าหมาย?,9
Zahra และ Nia เป็นน้องสาวจากฮานอยที่รักการรวบรวมลายเซ็นจากดาราภาพยนตร์ในระหว่างการหยุดพักจากโรงเรียนพี่สาวน้องสาวจะใช้เวลาช่วงบ่ายในการรวบรวมลายเซ็นหลังจาก 3 สัปดาห์ Zahra และ Nia เปรียบเทียบหนังสือลายเซ็นของพวกเขานับจำนวนลายเซ็นที่น้องสาวแต่ละคนรวบรวมZahra มี 28 ลายเซ็นในหนังสือของเธอและ Nia มี 46 พี่สาวมีอีก 2 สัปดาห์แห่งการหยุดพักและพวกเขาตัดสินใจว่าพวกเขาต้องการถึง 120 ลายเซ็นระหว่างพวกเขาในตอนท้ายของการหยุดพักอย่างไรก็ตามในช่วง 2 สัปดาห์ที่เหลืออยู่ Zahra สามารถรวบรวมลายเซ็นในวันหยุดสุดสัปดาห์ได้ลดคอลเล็กชั่นรายสัปดาห์ของเธอลง 5 ต่อสัปดาห์ในขณะที่ NIA ตัดสินใจเพิ่มคอลเล็กชั่นรายสัปดาห์ของเธอNIA จำเป็นต้องรวบรวมลายเซ็นกี่ครั้งต่อสัปดาห์เพื่อให้แน่ใจว่าพวกเขาบรรลุเป้าหมาย?,18
ลีออนไปซื้ออุปกรณ์การเรียนเขาซื้อดินสอสี 8 สีซึ่งมีราคา¥ 7.0 แต่ละเล่ม 8 โน้ตบุ๊กที่มีราคา¥ 13.75 ต่อคนและกระดาษรีมซึ่งมีราคา¥ 10นอกจากนี้เขายังซื้อ 4 โฟลเดอร์ซึ่งมีราคา¥ 11 ต่อครั้งลีออนสามารถจ่ายค่าธรรมเนียมเพียงครั้งเดียว¥ 20 เพื่อเป็นสมาชิกและรับส่วนลด 20% สำหรับการซื้อทั้งหมดหรือไม่กลายเป็นสมาชิกและรับส่วนลดเพียง 5% เท่านั้นจำนวนเงินน้อยที่สุดที่ลีออนสามารถใช้จ่ายกับทุกสิ่งได้?,196
Bodhi ไปซื้ออุปกรณ์การเรียนเขาซื้อ 24 โฟลเดอร์ซึ่งมีราคา 2.75 ยูโรแต่ละ 12 ดินสอซึ่งมีราคา€ 19.25 ต่อชิ้นและกระดาษบอนด์รีมซึ่งมีราคา 23 ยูโรนอกจากนี้เขายังซื้อเครื่องหมาย 5 ตัวซึ่งมีราคา€ 8Bodhi สามารถจ่ายค่าธรรมเนียมเพียงครั้งเดียว€ 20 เพื่อเป็นสมาชิกและรับส่วนลด 20% สำหรับการซื้อทั้งหมดหรือไม่กลายเป็นสมาชิกและรับส่วนลดเพียง 5% เท่านั้นBodhi จำนวนน้อยที่สุดสามารถใช้จ่ายกับทุกสิ่งได้?,308
Deshawn ไปซื้ออุปกรณ์การเรียนเขาซื้อ Erasers 14 ตัวซึ่งมีราคา₺7.5ต่อคน 4 คนซึ่งมีค่าใช้จ่าย₺18.5ต่อคนและกระดาษรีมซึ่งมีราคา₺21นอกจากนี้เขายังซื้อ 8 โฟลเดอร์ซึ่งมีราคา₺10Deshawn สามารถจ่ายค่าธรรมเนียม₺20ครั้งเดียวเพื่อเป็นสมาชิกและรับส่วนลด 20% สำหรับการซื้อทั้งหมดหรือไม่กลายเป็นสมาชิกและรับส่วนลดเพียง 5% เท่านั้นจำนวนเงินน้อยที่สุดที่ Deshawn สามารถใช้จ่ายกับทุกสิ่งได้?,244
Andre ไปซื้ออุปกรณ์การเรียนเขาซื้อเครื่องหมาย 20 ตัวซึ่งมีราคา₣ 8.0 แต่ละดินสอ 10 ดินสอซึ่งมีราคา₣ 18.0 ต่อคนและกระดาษรีมซึ่งมีราคา₣ 15นอกจากนี้เขายังซื้อผู้ปกครอง 5 คนซึ่งมีราคา₣ 9 ต่อคนAndre สามารถจ่ายค่าธรรมเนียมเพียงครั้งเดียว₣ 20 เพื่อเป็นสมาชิกและรับส่วนลด 20% สำหรับการซื้อทั้งหมดหรือไม่เป็นสมาชิกและรับส่วนลดเพียง 5% เท่านั้นจำนวนเงินที่ Andre น้อยที่สุดสามารถใช้จ่ายกับทุกสิ่งได้อย่างไร?,340
Faisal ไปซื้ออุปกรณ์การเรียนเขาซื้อดินสอ 18 ดินสอซึ่งมีราคา₣ 6.0 ต่อคน 14 คนซึ่งมีราคา₣ 14.5 ต่อคนและกระดาษรีมซึ่งมีราคา₣ 24นอกจากนี้เขายังซื้อดินสอสี 5 สีซึ่งมีราคา₣ 9 ต่อคนFaisal สามารถจ่ายค่าธรรมเนียมเพียงครั้งเดียว₣ 20 เพื่อเป็นสมาชิกและรับส่วนลด 20% สำหรับการซื้อทั้งหมดหรือไม่กลายเป็นสมาชิกและรับส่วนลดเพียง 5% เท่านั้นFaisal จำนวนน้อยที่สุดสามารถใช้จ่ายกับทุกสิ่งได้?,324
ออสการ์ไปซื้ออุปกรณ์การเรียนเขาซื้อสมุดบันทึก 24 ใบซึ่งมีราคา₺3.5ต่อคน 6 คนซึ่งมีค่าใช้จ่าย₺13.0แต่ละอันและกระดาษรีมซึ่งมีราคา₺15นอกจากนี้เขายังซื้อดินสอ 7 ดินสอซึ่งมีราคา₺9ออสการ์สามารถจ่ายค่าธรรมเนียม₺20ครั้งเดียวเพื่อเป็นสมาชิกและรับส่วนลด 20% สำหรับการซื้อทั้งหมดหรือไม่กลายเป็นสมาชิกและรับส่วนลดเพียง 5% เท่านั้นOscar จำนวนน้อยที่สุดสามารถใช้จ่ายกับทุกสิ่งได้?,212
Qasim ไปซื้ออุปกรณ์การเรียนเขาซื้อสมุดบันทึก 18 ใบซึ่งมีราคา¥ 9.0 แต่ละอันสีเทา 12 สีซึ่งมีราคา 18.75 เยนและกระดาษรีมซึ่งมีราคา¥ 21นอกจากนี้เขายังซื้อดินสอ 8 เม็ดซึ่งมีราคา¥ 9 ต่อคนQasim สามารถจ่ายค่าธรรมเนียมเพียงครั้งเดียว¥ 20 เพื่อเป็นสมาชิกและรับส่วนลด 20% สำหรับการซื้อทั้งหมดหรือไม่กลายเป็นสมาชิกและรับส่วนลดเพียง 5% เท่านั้นQasim จำนวนน้อยที่สุดสามารถใช้จ่ายกับทุกสิ่งได้?,404
ยูกิไปซื้ออุปกรณ์การเรียนเขาซื้อดินสอสี 22 สีซึ่งมีราคา¥ 8.0 แต่ละตัวยางลบ 14 ตัวซึ่งมีราคา¥ 17.0 แต่ละอันและกระดาษรีมซึ่งมีราคา¥ 13นอกจากนี้เขายังซื้อเครื่องหมาย 3 ตัวซึ่งมีราคา¥ 11 ต่อคนยูกิสามารถจ่ายค่าธรรมเนียมเพียงครั้งเดียว¥ 20 เพื่อเป็นสมาชิกและรับส่วนลด 20% สำหรับการซื้อทั้งหมดหรือไม่กลายเป็นสมาชิกและรับส่วนลดเพียง 5% เท่านั้นเท่าไหร่ที่ยูกิสามารถใช้จ่ายกับทุกสิ่งได้อย่างไร?,388
เจมส์ไปซื้ออุปกรณ์การเรียนเขาซื้อเครื่องหมาย 12 ตัวซึ่งมีราคา $ 3.0 ต่อชิ้นดินสอสี 14 สีซึ่งมีราคา $ 8.5 ต่อคนและกระดาษบอนที่มีราคา 17 ดอลลาร์นอกจากนี้เขายังซื้อดินสอสี 6 สีซึ่งมีราคา $ 8เจมส์สามารถจ่ายค่าธรรมเนียมเพียง $ 20 เพียงครั้งเดียวเพื่อเป็นสมาชิกและรับส่วนลด 20% สำหรับการซื้อทั้งหมดหรือไม่เป็นสมาชิกและรับส่วนลดเพียง 5% เท่านั้นจำนวนน้อยที่สุดที่เจมส์สามารถใช้จ่ายกับทุกสิ่งได้?,196
เจมส์ไปซื้ออุปกรณ์การเรียนเขาซื้อโน้ตบุ๊ก 6 ใบซึ่งมีราคา¥ 7.0 แต่ละดินสอ 14 ดินสอซึ่งมีราคา¥ 10.0 ต่อชิ้นและกระดาษรีมซึ่งมีราคา¥ 24นอกจากนี้เขายังซื้อเครื่องหมาย 6 ตัวซึ่งมีราคา¥ 9 ต่อคนเจมส์สามารถจ่ายค่าธรรมเนียมเพียงครั้งเดียว¥ 20 เพื่อเป็นสมาชิกและรับส่วนลด 20% สำหรับการซื้อทั้งหมดหรือไม่เป็นสมาชิกและรับส่วนลดเพียง 5% เท่านั้นจำนวนน้อยที่สุดที่เจมส์สามารถใช้จ่ายกับทุกสิ่งได้?,228
Yara ไปที่สวนผลไม้ของเธอเพื่อเลือกสตรอเบอร์รี่และพบแมลงที่มีหนอนผีเสื้อในสวนเก้าครั้งจากนั้น Yara ก็พบสัตว์สีขาว 66 ตัวซึ่งครึ่งหนึ่งเป็นกระต่ายนอกจากนี้เธอยังเห็นผึ้ง 24 ผึ้งและหนอนผีเสื้อ 13 ตัวสัตว์ในสวนเป็นเปอร์เซ็นต์ที่เป็นกระต่าย?,15
เอวาไปที่การจัดสรรของเธอเพื่อเลือกราสเบอร์รี่และพบว่าหนึ่งในสามของผึ้งมากเท่ากับตัวต่อในแพทช์จากนั้นเอวาก็พบสัตว์สีขาว 60 ตัวครึ่งหนึ่งเป็นกระต่ายนอกจากนี้เธอยังเห็นตัวหนอน 24 ตัวและตัวต่อ 12 ตัวกระต่ายเป็นเปอร์เซ็นต์ร้อยละใดที่เป็นกระต่าย?,30
จัสมินไปที่สวนหลังบ้านของเธอเพื่อเลือกเชอร์รี่และพบตัวต่อครึ่งตัวเป็นมดในสนามจัสมินก็พบสัตว์ผิวขาว 46 ตัวครึ่งหนึ่งเป็นกระต่ายนอกจากนี้เธอเห็นผึ้ง 39 ตัวและมด 10 มดกระต่ายเป็นเปอร์เซ็นต์ร้อยละในสนาม?,23
Leilani ไปที่การจัดสรรของเธอเพื่อเลือกราสเบอร์รี่และพบมดสองในสี่เท่าที่มีตัวต่อในแพทช์จากนั้น Leilani ก็พบสัตว์สีขาว 40 ตัวซึ่งครึ่งหนึ่งเป็นกระต่ายนอกจากนี้เธอยังเห็นตั๊กแตน 36 ตัวและตัวต่อ 16 ตัวกระต่ายเป็นเปอร์เซ็นต์ร้อยละใดที่เป็นกระต่าย?,20
กาเบรียลไปที่การจัดสรรของเธอเพื่อเลือกราสเบอร์รี่และพบสองในห้าของตัวต่อเป็นผึ้งในแพทช์จากนั้นกาเบรียลพบสัตว์สีขาว 38 ตัวครึ่งหนึ่งเป็นกระต่ายนอกจากนี้เธอเห็นหนอนผีเสื้อ 41 ตัวและผึ้ง 15 ตัวกระต่ายเป็นเปอร์เซ็นต์ร้อยละใดที่เป็นกระต่าย?,19
วาเลอเรียไปที่การจัดสรรของเธอเพื่อเลือกราสเบอร์รี่และพบมด 4/5 เป็นแมลงในแพทช์วาเลอเรียพบสัตว์ผิวขาว 18 ตัวครึ่งหนึ่งเป็นกระต่ายนอกจากนี้เธอยังเห็นหนอนผีเสื้อ 30 ตัวและด้วง 15 ตัวกระต่ายเป็นเปอร์เซ็นต์ร้อยละใดที่เป็นกระต่าย?,12
Kimia ไปที่เรือนกระจกของเธอเพื่อเลือกบลูเบอร์รี่และพบว่ามีหนอนผีเสื้อมากถึงหกเท่าของตัวต่อในพล็อตจากนั้นคิมาก็พบสัตว์สีขาว 40 ตัวครึ่งหนึ่งเป็นกระต่ายนอกจากนี้เธอยังเห็น Ladybugs 25 ตัวและ 5 ตัวต่อสัตว์ในพล็อตเป็นเปอร์เซ็นต์กระต่าย?,20
เอเลน่าไปที่การจัดสรรของเธอเพื่อเลือกราสเบอร์รี่และพบว่าเต่าทองจำนวนมากถึงตัวต่อในแพทช์เอเลน่าก็พบสัตว์สีขาว 74 ตัวครึ่งหนึ่งเป็นกระต่ายนอกจากนี้เธอยังเห็นมด 32 มดและตัวต่อ 6 ตัวกระต่ายเป็นเปอร์เซ็นต์ร้อยละใดที่เป็นกระต่าย?,25
วาเลอเรียไปที่การจัดสรรของเธอเพื่อเลือกราสเบอร์รี่และพบหนอนผีเสื้อ 2/5 ตัวเท่าผึ้งในแพทช์วาเลอเรียก็พบสัตว์ผิวขาว 42 ตัวครึ่งหนึ่งเป็นกระต่ายนอกจากนี้เธอยังเห็น Ladybugs 21 ตัวและ 15 ผึ้งกระต่ายเป็นเปอร์เซ็นต์ร้อยละใดที่เป็นกระต่าย?,25
นาเดียไปที่สวนผลไม้ของเธอเพื่อเลือกสตรอเบอร์รี่และพบตัวต่อสามหกตัวเป็นผึ้งในสวนนาเดียพบสัตว์ผิวขาว 26 ตัวครึ่งหนึ่งเป็นกระต่ายนอกจากนี้เธอยังเห็นหนอนผีเสื้อ 17 ตัวและผึ้ง 6 ตัวสัตว์ในสวนเป็นเปอร์เซ็นต์ที่เป็นกระต่าย?,25
Yara เห็นปลาวาฬ 32 ฟุตที่มี 16 remoras แต่ละอันยาว 12 นิ้วติดอยู่กับมันจากนั้น 1/2 ของ remoras ว่ายไปต่อมา Yara เห็นปลาวาฬ 10 ฟุตอีก 6 ฟุตพร้อม remoras 6 ตัวแต่ละอันยาว 8 นิ้วติดอยู่กับมันโดยเฉลี่ยแล้วเปอร์เซ็นต์ของความยาวร่างกายของวาฬแต่ละตัวถูกปกคลุมด้วย remoras?,32
อาลีเห็นปลาวาฬ 30 ฟุตพร้อม remoras 18 ตัวแต่ละอันยาว 15 นิ้วติดอยู่กับมันจากนั้น 1/3 ของ remoras ว่ายไปต่อมาอาลีเห็นปลาวาฬ 10 ฟุตอีก 6 ฟุตพร้อม remoras 6 ตัวแต่ละอันยาว 8 นิ้วติดอยู่กับมันโดยเฉลี่ยแล้วเปอร์เซ็นต์ของความยาวร่างกายของวาฬแต่ละตัวถูกปกคลุมด้วย remoras?,45
จัสมินเห็นปลาโลมาขนาด 32 ฟุตพร้อม remoras 24 ตัวแต่ละอันยาว 12 นิ้วติดอยู่กับมันจากนั้น 1/3 ของ remoras ว่ายไปต่อมาจัสมินเห็นปลาโลมา 8 ฟุตอีกตัวที่มี remoras 4 ตัวแต่ละอันยาว 6 นิ้วติดอยู่กับมันโดยเฉลี่ยแล้วเปอร์เซ็นต์ของความยาวร่างกายของปลาโลมาแต่ละตัวจะถูกปกคลุมด้วย remoras?,37
หลุยส์เห็นปลาโลมาขนาด 48 ฟุตพร้อม 24 remoras แต่ละยาว 18 นิ้วติดอยู่กับมันจากนั้นหนึ่งในสามของ remoras ว่ายไปต่อมาหลุยส์เห็นปลาโลมา 10 ฟุตอีก 6 ฟุตพร้อม remoras 6 ตัวแต่ละอันยาว 8 นิ้วติดอยู่กับมันโดยเฉลี่ยแล้วเปอร์เซ็นต์ของความยาวร่างกายของปลาโลมาแต่ละตัวจะถูกปกคลุมด้วย remoras?,45
Pavel เห็นวาฬ 45 ฟุตพร้อม remoras 18 ตัวแต่ละอันยาว 12 นิ้วติดอยู่กับมันจากนั้น 1/2 ของ remoras ว่ายไปต่อมา Pavel เห็นปลาวาฬ 10 ฟุตอีก 4 ตัวที่มี remoras 4 ตัวยาว 3 นิ้วแต่ละอันติดอยู่กับมันโดยเฉลี่ยแล้วเปอร์เซ็นต์ของความยาวร่างกายของวาฬแต่ละตัวถูกปกคลุมด้วย remoras?,15
กาเบรียลเห็นฉลามขนาด 33 ฟุตพร้อม remoras 12 ตัวแต่ละตัวยาว 22 นิ้วจากนั้นหนึ่งในสี่ของ remoras ว่ายไปต่อมากาเบรียลเห็นฉลามขนาด 8 ฟุตอีก 6 ตัวที่มี remoras 6 ตัวยาว 4 นิ้วแต่ละอันติดอยู่กับมันโดยเฉลี่ยแล้วเปอร์เซ็นต์ของความยาวร่างกายของฉลามแต่ละตัวถูกปกคลุมด้วย remoras?,37
ออสการ์เห็นฉลามขนาด 38 ฟุตที่มี 16 remoras แต่ละอันยาว 19 นิ้วติดอยู่กับมันจากนั้นหนึ่งในสี่ของ remoras ว่ายไปต่อมาออสการ์เห็นฉลาม 10 ฟุตอีก 6 ตัวที่มี remoras 6 ตัวแต่ละอันยาว 3 นิ้วติดอยู่กับมันโดยเฉลี่ยแล้วเปอร์เซ็นต์ของความยาวร่างกายของฉลามแต่ละตัวถูกปกคลุมด้วย remoras?,32
โอลิเวอร์เห็นวาฬ 48 ฟุตพร้อม remoras 12 ตัวแต่ละอันยาว 24 นิ้วติดอยู่กับมันจากนั้น 1/2 ของ remoras ว่ายไปต่อมาโอลิเวอร์เห็นปลาวาฬ 10 ฟุตอีก 6 ตัวพร้อมกับ remoras 6 ตัวแต่ละอันยาว 6 นิ้วติดอยู่กับมันโดยเฉลี่ยแล้วเปอร์เซ็นต์ของความยาวร่างกายของวาฬแต่ละตัวถูกปกคลุมด้วย remoras?,27
คาร์ลอสเห็นฉลามขนาด 34 ฟุตพร้อม remoras 18 ตัวแต่ละอันยาว 17 นิ้วติดอยู่กับมันจากนั้นหนึ่งในสามของ remoras ว่ายไปต่อมาคาร์ลอสเห็นฉลามขนาด 10 ฟุตอีก 4 ตัวที่มี 4 remoras ยาว 3 นิ้วแต่ละอันติดอยู่กับมันโดยเฉลี่ยแล้วเปอร์เซ็นต์ของความยาวร่างกายของฉลามแต่ละตัวถูกปกคลุมด้วย remoras?,30
Andre เห็นปลาวาฬ 30 ฟุตพร้อม remoras 18 ตัวแต่ละอันยาว 15 นิ้วติดอยู่กับมันจากนั้นหนึ่งในสามของ remoras ว่ายไปต่อมา Andre เห็นปลาวาฬ 10 ฟุตอีก 6 ตัวพร้อมกับ remoras 6 ตัวแต่ละอันยาว 7 นิ้วติดอยู่กับมันโดยเฉลี่ยแล้วเปอร์เซ็นต์ของความยาวร่างกายของวาฬแต่ละตัวถูกปกคลุมด้วย remoras?,42
Thiago กำลังหาเงินสำหรับงานวิทยาศาสตร์ 3 วันในแต่ละวันมีค่าใช้จ่าย $ 250 สำหรับโรงแรม $ 30 สำหรับอาหารและ $ 30 สำหรับการขนส่งThiago มีเพียง $ 35เพื่อนของเขาบิ่นและจะครอบคลุมค่าใช้จ่ายของอาหารทั้งหมดสำหรับงาน Science FairThiago ยังได้ขอความช่วยเหลือจากโรงเรียนซึ่งได้ตัดสินใจที่จะครอบคลุม 1/4 ของค่าใช้จ่ายที่เหลืออยู่ของงาน Science FairThiago ยังคงหายไปเท่าไหร่?,595
อาลีกำลังหาเงินสำหรับการแข่งขันกีฬา 3 วันในแต่ละวันมีค่าใช้จ่าย₣ 200 สำหรับโรงแรม₣ 20 สำหรับอาหารและ₣ 10 สำหรับการขนส่งอาลีมี₣ 40 เท่านั้นเพื่อนของเขาบิ่นและจะครอบคลุมค่าใช้จ่ายของอาหารทั้งหมดสำหรับการแข่งขันกีฬาอาลียังได้ขอความช่วยเหลือจากองค์กรการกุศลในท้องถิ่นซึ่งได้ตัดสินใจที่จะครอบคลุม 1/5 ของค่าใช้จ่ายที่เหลืออยู่ของการแข่งขันกีฬาอาลียังหายไปเท่าไหร่?,464
เบนจามินกำลังหาเงินบริจาคให้กับงานวิทยาศาสตร์ 3 วันในแต่ละวันมีค่าใช้จ่าย₺250สำหรับโรงแรม₺30สำหรับอาหารและ₺20สำหรับการขนส่งเบนจามินมีเพียง₺165เท่านั้นเพื่อนของเขาบิ่นและจะครอบคลุมค่าใช้จ่ายของอาหารทั้งหมดสำหรับงาน Science Fairเบนจามินยังได้ขอความช่วยเหลือจากสมาคมผู้ปกครองซึ่งได้ตัดสินใจที่จะครอบคลุมหนึ่งในสิบของค่าใช้จ่ายที่เหลืออยู่ของงานวิทยาศาสตร์เบนจามินยังคงหายไปเท่าไหร่?,564
"ลีออนกำลังหาเงินสำหรับการประชุมเชิงปฏิบัติการ 2 วันในแต่ละวันมีค่าใช้จ่าย¥ 150 สำหรับโรงแรม, ¥ 30 สำหรับอาหารและ¥ 10 สำหรับการขนส่งลีออนมีเพียง¥ 155เพื่อนของเขาบิ่นและจะครอบคลุมค่าใช้จ่ายของอาหารทั้งหมดสำหรับการประชุมเชิงปฏิบัติการลีออนยังได้ขอความช่วยเหลือจากสโมสรเยาวชนซึ่งได้ตัดสินใจที่จะครอบคลุมค่าใช้จ่ายที่เหลืออยู่ของการประชุมเชิงปฏิบัติการลีออนยังหายไปเท่าไหร่?",101
ยูกิกำลังหาเงินบริจาคให้กับเทศกาลดนตรี 2 วันในแต่ละวันมีค่าใช้จ่าย₺100สำหรับโรงแรม₺40สำหรับอาหารและ₺30สำหรับการขนส่งยูกิมีเพียง₺10เท่านั้นเพื่อนของเขาบิ่นและจะครอบคลุมค่าใช้จ่ายของอาหารทั้งหมดสำหรับเทศกาลดนตรียูกิได้ยื่นขอความช่วยเหลือจากสมาคมผู้ปกครองซึ่งได้ตัดสินใจที่จะครอบคลุม 1/2 ของค่าใช้จ่ายที่เหลืออยู่ของเทศกาลดนตรียูกิยังคงหายไปเท่าไหร่?,120
อิบราฮิมกำลังหาเงินสำหรับการประชุม 2 วันในแต่ละวันมีค่าใช้จ่าย $ 200 สำหรับโรงแรม $ 30 สำหรับอาหารและ $ 30 สำหรับการขนส่งอิบราฮิมมีเพียง $ 95เพื่อนของเขาบิ่นและจะครอบคลุมค่าใช้จ่ายของอาหารทั้งหมดสำหรับการประชุมอิบราฮิมยังได้ขอความช่วยเหลือจากโรงเรียนซึ่งได้ตัดสินใจที่จะครอบคลุมหนึ่งในสี่ของค่าใช้จ่ายที่เหลืออยู่ของการประชุมอิบราฮิมยังหายไปเท่าไหร่?,250
ออสการ์กำลังหาเงินบริจาคให้กับเทศกาลดนตรี 3 วันในแต่ละวันมีค่าใช้จ่าย₣ 250 สำหรับโรงแรม₣ 40 สำหรับอาหารและ₣ 10 สำหรับการขนส่งออสการ์มีเพียง₣ 125เพื่อนของเขาบิ่นและจะครอบคลุมค่าใช้จ่ายของอาหารทั้งหมดสำหรับเทศกาลดนตรีออสการ์ยังได้ขอความช่วยเหลือจากองค์กรการกุศลในท้องถิ่นซึ่งได้ตัดสินใจที่จะครอบคลุม 1/6 ของค่าใช้จ่ายที่เหลืออยู่ของเทศกาลดนตรีออสการ์ยังคงหายไปเท่าไหร่?,525
Pavel กำลังหาเงินสำหรับงานวิทยาศาสตร์ 2 วันในแต่ละวันมีค่าใช้จ่าย₺150สำหรับโรงแรม₺20สำหรับอาหารและ₺10สำหรับการขนส่งPavel มีเพียง₺25เพื่อนของเขาบิ่นและจะครอบคลุมค่าใช้จ่ายของอาหารทั้งหมดสำหรับงาน Science Fairพาเวลยังได้ขอความช่วยเหลือจากสมาคมผู้ปกครองซึ่งได้ตัดสินใจที่จะครอบคลุมครึ่งหนึ่งของค่าใช้จ่ายที่เหลืออยู่ของงาน Science FairPavel ยังคงหายไปเท่าไหร่?,135
อาลีกำลังหาเงินสำหรับการแข่งขันกีฬา 2 วันในแต่ละวันมีค่าใช้จ่าย₺150สำหรับโรงแรม₺40สำหรับอาหารและ₺10สำหรับการขนส่งอาลีมี₺160เท่านั้นเพื่อนของเขาบิ่นและจะครอบคลุมค่าใช้จ่ายของอาหารทั้งหมดสำหรับการแข่งขันกีฬาอาลียังได้ขอความช่วยเหลือจากสมาคมผู้ปกครองซึ่งได้ตัดสินใจที่จะครอบคลุม 1/8 ของค่าใช้จ่ายที่เหลืออยู่ของการแข่งขันกีฬาอาลียังหายไปเท่าไหร่?,120
Faisal กำลังหาเงินสำหรับการประชุม 3 วันในแต่ละวันมีค่าใช้จ่าย¥ 200 สำหรับโรงแรม¥ 30 สำหรับอาหารและ¥ 30 สำหรับการขนส่งFaisal มีเพียง¥ 115เพื่อนของเขาบิ่นและจะครอบคลุมค่าใช้จ่ายของอาหารทั้งหมดสำหรับการประชุมFaisal ยังได้ขอความช่วยเหลือจาก The Youth Club ซึ่งได้ตัดสินใจที่จะครอบคลุม 1/2 ของค่าใช้จ่ายที่เหลืออยู่ของการประชุมFaisal ยังคงหายไปเท่าไหร่?,230
จากข้อมูลทางโภชนาการถุงขนมปังมี 225 แคลอรี่ต่อการให้บริการถุง 300 ออนซ์มี 5 เสิร์ฟเป้าหมายแคลอรี่รายวันที่ดีต่อสุขภาพคือ 15 แคลอรี่ต่อน้ำหนักตัวคาร์ลอสมีน้ำหนัก 200 ปอนด์และเขากิน 900 แคลอรี่และเผาผลาญ 150 แคลอรี่ผ่านการออกกำลังกายZahra มีน้ำหนัก 150 ปอนด์และเธอบริโภคอาหาร 900 รายการและ 225 แคลอรี่ในไอศกรีมคาร์ลอสจำเป็นต้องกินขนมปังอีกกี่ออนซ์มากกว่า Zahra?,300
จากข้อมูลทางโภชนาการถุงข้าวโพดคั่วมี 300 แคลอรี่ต่อการให้บริการถุง 325 กรัมมี 5 เสิร์ฟเป้าหมายแคลอรี่รายวันที่ดีต่อสุขภาพคือ 15 แคลอรี่ต่อน้ำหนักตัวอิบราฮิมมีน้ำหนัก 190 ปอนด์และเขากินแคลอรี่ 950 แคลอรี่แล้วเผาผลาญแคลอรี่ 200 แคลอรี่ผ่านการออกกำลังกายPriya มีน้ำหนัก 170 ปอนด์และเธอกินอาหาร 1100 รายการและ 250 แคลอรี่ในไอศกรีมอิบราฮิมต้องใช้ข้าวโพดคั่วอีกกี่กรัมจำเป็นต้องกินมากกว่า Priya?,195
"จากข้อมูลทางโภชนาการถุงขนมปังมี 250 แคลอรี่ต่อการให้บริการถุง 350 ออนซ์มี 5 เสิร์ฟเป้าหมายแคลอรี่รายวันที่ดีต่อสุขภาพคือ 15 แคลอรี่ต่อน้ำหนักตัวยูกิมีน้ำหนัก 210 ปอนด์และเขาได้บริโภค 1,050 แคลอรี่และเผาผลาญ 150 แคลอรี่ผ่านการออกกำลังกายจัสมินมีน้ำหนัก 140 ปอนด์และเธอกินอาหาร 900 รายการและ 200 แคลอรี่ในไอศกรีมยูกิต้องใช้ขนมปังอีกกี่ออนซ์ที่ต้องกินมากกว่าดอกมะลิ?",350
จากข้อมูลทางโภชนาการถุงคุกกี้มี 175 แคลอรี่ต่อการให้บริการกระเป๋า 125 ออนซ์มี 5 เสิร์ฟเป้าหมายแคลอรี่รายวันที่ดีต่อสุขภาพคือ 15 แคลอรี่ต่อน้ำหนักตัวธีโอมีน้ำหนัก 250 ปอนด์และเขาบริโภค 1100 แคลอรี่แล้วเผาผลาญ 150 แคลอรี่ผ่านการออกกำลังกายซากุระมีน้ำหนัก 130 ปอนด์และเธอกินอาหาร 900 รายการและ 175 แคลอรี่ในไอศกรีมTheo จำเป็นต้องกินคุกกี้มากกว่าซากุระอีกกี่ออนซ์,275
จากข้อมูลทางโภชนาการถุงข้าวโพดคั่วมี 325 แคลอรี่ต่อการให้บริการถุง 100 กรัมมี 4 เสิร์ฟเป้าหมายแคลอรี่รายวันที่ดีต่อสุขภาพคือ 15 แคลอรี่ต่อน้ำหนักตัวArash มีน้ำหนัก 200 ปอนด์และเขาบริโภค 1200 แคลอรี่และเผาผลาญ 150 แคลอรี่ผ่านการออกกำลังกายเหม่ยมีน้ำหนัก 180 ปอนด์และเธอกินอาหาร 900 รายการและ 175 แคลอรี่ในไอศกรีมArash ต้องกินข้าวโพดคั่วอีกกี่กรัมที่จะกินมากกว่า Mei?,25
"จากข้อมูลทางโภชนาการถุงข้าวโพดคั่วมี 150 แคลอรี่ต่อการให้บริการถุง 300 กรัมมี 5 เสิร์ฟเป้าหมายแคลอรี่รายวันที่ดีต่อสุขภาพคือ 15 แคลอรี่ต่อน้ำหนักตัวอาร์จันมีน้ำหนัก 210 ปอนด์และเขาได้บริโภค 1,000 แคลอรี่และเผาผลาญแคลอรี่ 100 ผ่านการออกกำลังกายElena มีน้ำหนัก 180 ปอนด์และเธอกินอาหาร 900 รายการและ 150 แคลอรี่ในไอศกรีมArjun จำเป็นต้องกินข้าวโพดคั่วอีกกี่กรัมที่ต้องบริโภคมากกว่า Elena?",240
จากข้อมูลทางโภชนาการถุงคุกกี้มี 150 แคลอรี่ต่อการให้บริการกระเป๋า 100 ออนซ์มี 4 เสิร์ฟเป้าหมายแคลอรี่รายวันที่ดีต่อสุขภาพคือ 15 แคลอรี่ต่อน้ำหนักตัวกาเบรียลมีน้ำหนัก 200 ปอนด์และเขากิน 900 แคลอรี่และเผาผลาญ 150 แคลอรี่ผ่านการออกกำลังกายValentina มีน้ำหนัก 130 ปอนด์และเธอบริโภคอาหาร 1100 รายการและ 250 แคลอรี่ในไอศกรีมกาเบรียลต้องใช้คุกกี้อีกกี่ออนซ์มากกว่าวาเลนติน่า?,275
จากข้อมูลทางโภชนาการถุงข้าวโพดคั่วมี 450 แคลอรี่ต่อการให้บริการกระเป๋า 275 กรัมมี 5 เสิร์ฟเป้าหมายแคลอรี่รายวันที่ดีต่อสุขภาพคือ 15 แคลอรี่ต่อน้ำหนักตัวฮิโรชิมีน้ำหนัก 230 ปอนด์และเขาบริโภค 900 แคลอรี่และเผาผลาญ 150 แคลอรี่ผ่านการออกกำลังกายValentina มีน้ำหนัก 180 ปอนด์และเธอบริโภคอาหาร 1100 รายการและ 250 แคลอรี่ในไอศกรีมฮิโรชิจำเป็นต้องกินข้าวโพดคั่วอีกกี่กรัมที่จะกินมากกว่าวาเลนติน่า?,165
"จากข้อมูลทางโภชนาการถุงคุกกี้มี 200 แคลอรี่ต่อการให้บริการกระเป๋า 400 ออนซ์มี 5 เสิร์ฟเป้าหมายแคลอรี่รายวันที่ดีต่อสุขภาพคือ 15 แคลอรี่ต่อน้ำหนักตัวBodhi มีน้ำหนัก 230 ปอนด์และเขาได้บริโภค 100 แคลอรี่และเผาผลาญแคลอรี่ 50 ผ่านการออกกำลังกายNIA มีน้ำหนัก 130 ปอนด์และเธอบริโภคอาหาร 1,000 รายการและ 150 แคลอรี่ในไอศกรีมBodhi ต้องใช้คุกกี้อีกกี่ออนซ์มากกว่า Nia?",640
"จากข้อมูลทางโภชนาการถุงขนมปังมี 175 แคลอรี่ต่อการให้บริการกระเป๋า 125 ออนซ์มี 5 เสิร์ฟเป้าหมายแคลอรี่รายวันที่ดีต่อสุขภาพคือ 15 แคลอรี่ต่อน้ำหนักตัวSanjay มีน้ำหนัก 210 ปอนด์และเขาได้บริโภค 1,150 แคลอรี่และเผาผลาญแคลอรี่ 100 ผ่านการออกกำลังกายโซเฟียมีน้ำหนัก 150 ปอนด์และเธอบริโภคอาหาร 800 รายการและ 225 แคลอรี่ในไอศกรีมSanjay จำเป็นต้องกินขนมปังอีกกี่ออนซ์มากกว่าโซเฟีย?",125
ในการโทรออกจากตู้โทรศัพท์คุณต้องจ่าย $ 0.7 สำหรับแต่ละนาทีของการโทรหลังจาก 10 นาทีราคาจะลดลงเป็น $ 0.5 ต่อนาทีหลังจาก 30 นาทีจากจุดเริ่มต้นของการโทรราคาจะลดลงมากขึ้นเป็น $ 0.1 ต่อสองนาทีหากการเรียกเก็บเงินทั้งหมดของคุณมากกว่า $ 15 คุณจะได้รับส่วนลด 15% จากการเรียกเก็บเงินทั้งหมดของคุณค่าใช้จ่ายในการโทร 90 นาทีเท่าไหร่?,17
ในการโทรออกจากตู้โทรศัพท์คุณต้องจ่าย₺0.9สำหรับแต่ละนาทีของการโทรหลังจาก 10 นาทีราคาจะลดลงถึง₺0.6ต่อนาทีหลังจาก 35 นาทีจากจุดเริ่มต้นของการโทรราคาจะลดลงมากขึ้นเป็น₺0.4ต่อสองนาทีหากการเรียกเก็บเงินทั้งหมดของคุณมากกว่า₺25คุณจะได้รับส่วนลด 20% จากการเรียกเก็บเงินทั้งหมดของคุณค่าใช้จ่ายในการโทร 115 นาทีเท่าไหร่?,32
ในการโทรออกจากโทรศัพท์ห้องพักในโรงแรมคุณต้องจ่าย€ 0.4 สำหรับแต่ละนาทีของการโทรหลังจาก 15 นาทีราคาจะลดลงเป็น€ 0.3 ต่อนาทีหลังจาก 35 นาทีจากจุดเริ่มต้นของการโทรราคาจะลดลงมากขึ้นเป็น€ 0.2 ต่อสองนาทีหากการเรียกเก็บเงินทั้งหมดของคุณมากกว่า€ 15 คุณจะได้รับส่วนลด 10% จากการเรียกเก็บเงินทั้งหมดของคุณค่าใช้จ่ายในการโทร 115 นาทีเท่าไหร่?,18
ในการโทรออกจากตู้โทรศัพท์คุณต้องจ่าย₺0.8สำหรับแต่ละนาทีของการโทรหลังจาก 10 นาทีราคาจะลดลงถึง₺0.7ต่อนาทีหลังจาก 30 นาทีจากจุดเริ่มต้นของการโทรราคาจะลดลงถึง₺0.4ต่อสองนาทีหากการเรียกเก็บเงินทั้งหมดของคุณมากกว่า₺15คุณจะได้รับส่วนลด 15% จากการเรียกเก็บเงินทั้งหมดของคุณค่าใช้จ่ายในการโทร 120 นาทีเท่าไหร่?,34
ในการโทรออกจากโทรศัพท์ห้องพักในโรงแรมคุณต้องจ่าย₺0.6สำหรับแต่ละนาทีของการโทรหลังจาก 10 นาทีราคาจะลดลงถึง₺0.4ต่อนาทีหลังจาก 35 นาทีจากจุดเริ่มต้นของการโทรราคาจะลดลงถึง₺0.1ต่อสองนาทีหากการเรียกเก็บเงินทั้งหมดของคุณมากกว่า₺15คุณจะได้รับส่วนลด 15% จากการเรียกเก็บเงินทั้งหมดของคุณค่าใช้จ่ายในการโทร 115 นาทีเท่าไหร่?,17
ในการโทรออกจากโทรศัพท์ห้องพักในโรงแรมคุณต้องจ่ายเงิน¥ 0.9 สำหรับแต่ละนาทีของการโทรหลังจาก 10 นาทีราคาจะลดลงเป็น¥ 0.6 ต่อนาทีหลังจาก 35 นาทีจากจุดเริ่มต้นของการโทรราคาจะลดลงมากขึ้นเป็น¥ 0.4 ต่อสองนาทีหากการเรียกเก็บเงินทั้งหมดของคุณมากกว่า¥ 15 คุณจะได้รับส่วนลด 20% จากการเรียกเก็บเงินทั้งหมดของคุณค่าโทร 65 นาทีจะมีค่าใช้จ่ายเท่าไหร่?,24
ในการโทรออกจากโทรศัพท์ห้องพักในโรงแรมคุณต้องจ่าย₣ 0.8 สำหรับแต่ละนาทีของการโทรหลังจาก 10 นาทีราคาจะลดลงถึง₣ 0.4 ต่อนาทีหลังจาก 30 นาทีจากจุดเริ่มต้นของการโทรราคาจะลดลงมากขึ้นเป็น₣ 0.1 ต่อสองนาทีหากการเรียกเก็บเงินทั้งหมดของคุณมากกว่า₣ 15 คุณจะได้รับส่วนลด 20% จากการเรียกเก็บเงินทั้งหมดของคุณค่าใช้จ่ายในการโทร 110 นาทีเท่าไหร่?,16
ในการโทรออกจากตู้โทรศัพท์คุณต้องจ่าย¥ 0.9 สำหรับแต่ละนาทีของการโทรหลังจาก 10 นาทีราคาจะลดลงเป็น¥ 0.4 ต่อนาทีหลังจาก 35 นาทีจากจุดเริ่มต้นของการโทรราคาจะลดลงมากขึ้นเป็น¥ 0.1 ต่อสองนาทีหากการเรียกเก็บเงินทั้งหมดของคุณมากกว่า¥ 15 คุณจะได้รับส่วนลด 10% จากการเรียกเก็บเงินทั้งหมดของคุณค่าใช้จ่ายในการโทร 55 นาทีเท่าไหร่?,18
ในการโทรออกจากโทรศัพท์ห้องพักในโรงแรมคุณต้องจ่าย $ 0.9 สำหรับแต่ละนาทีของการโทรหลังจาก 10 นาทีราคาจะลดลงเป็น $ 0.4 ต่อนาทีหลังจาก 30 นาทีจากจุดเริ่มต้นของการโทรราคาจะลดลงมากขึ้นเป็น $ 0.1 ต่อสองนาทีหากการเรียกเก็บเงินทั้งหมดของคุณมากกว่า $ 15 คุณจะได้รับส่วนลด 15% จากการเรียกเก็บเงินทั้งหมดของคุณค่าใช้จ่ายในการโทร 90 นาทีเท่าไหร่?,17
ในการโทรออกจากตู้โทรศัพท์คุณต้องจ่าย $ 0.7 สำหรับแต่ละนาทีของการโทรหลังจาก 10 นาทีราคาจะลดลงเป็น $ 0.3 ต่อนาทีหลังจาก 40 นาทีจากจุดเริ่มต้นของการโทรราคาจะลดลงมากขึ้นเป็น $ 0.1 ต่อสองนาทีหากการเรียกเก็บเงินทั้งหมดของคุณมากกว่า $ 15 คุณจะได้รับส่วนลด 10% จากการเรียกเก็บเงินทั้งหมดของคุณค่าใช้จ่ายในการโทร 120 นาทีเท่าไหร่?,18
ก้อนของ sourdough ที่ร้านกาแฟมีค่าใช้จ่าย $ 10ค่าใช้จ่ายของมัฟฟินคือหนึ่งในแปดของก้อนเปรี้ยวคาเฟ่มีโปรโมชั่นว่าถ้ามีคนซื้อมัฟฟิน 6 ตัวขึ้นไปพวกเขาจะได้รับส่วนลด 10% สำหรับมัฟฟินมีค่า sourdough 2 ก้อนมากกว่า 8 มัฟฟิน?,11
ก้อนขนมปังที่ร้านค้ามีราคา¥ 5ค่าใช้จ่ายของครัวซองต์คือ 3/4 ของขนมปังก้อนร้านค้ามีโปรโมชั่นว่าหากมีคนซื้อครัวซองต์ 6 ตัวขึ้นไปพวกเขาจะได้รับส่วนลด 10% สำหรับครัวซองต์มีค่าใช้จ่ายขนมปัง 10 ก้อนมากกว่า 8 ครัวซองต์?,23
ก้อนของ sourdough ที่ร้านกาแฟราคา¥ 15ค่าใช้จ่ายของมัฟฟินคือ 1/4 ของก้อน sourdoughคาเฟ่มีโปรโมชั่นว่าถ้ามีคนซื้อมัฟฟิน 6 ตัวขึ้นไปพวกเขาจะได้รับส่วนลด 20% สำหรับมัฟฟินมีค่าใช้จ่ายสูงกว่ามัฟฟิน 8 ชนิดมากแค่ไหน?,51
ก้อนขนมปังที่ร้านเบเกอรี่มีค่าใช้จ่าย€ 10ค่าใช้จ่ายของเบเกิลคือ 1/8 ของขนมปังก้อนร้านเบเกอรี่มีโปรโมชั่นว่าถ้ามีคนซื้อ 7 เบเกิลขึ้นไปพวกเขาจะได้รับส่วนลด 10% สำหรับเบเกิลมีราคาขนมปัง 5 ก้อนมากกว่า 8 เบเกิล?,41
ก้อนของ sourdough ที่ร้านกาแฟราคา¥ 15ค่าใช้จ่ายของมัฟฟินเป็นหนึ่งในสี่ของก้อนเปรี้ยวคาเฟ่มีโปรโมชั่นว่าหากมีหนึ่งซื้อมัฟฟิน 3 ตัวขึ้นไปพวกเขาจะได้รับส่วนลด 20% สำหรับมัฟฟินมีค่า sourdough 10 ก้อนมากกว่า 8 มัฟฟิน?,126
ก้อนของ sourdough ที่คาเฟ่มีค่าใช้จ่าย₣ 10ค่าใช้จ่ายของมัฟฟินคือหนึ่งในแปดของก้อนเปรี้ยวคาเฟ่มีโปรโมชั่นว่าถ้ามีหนึ่งซื้อมัฟฟิน 4 ตัวขึ้นไปพวกเขาจะได้รับส่วนลด 20% สำหรับมัฟฟินมีค่าใช้จ่าย sourdough 3 ก้อนมากกว่า 12 มัฟฟินมากแค่ไหน?,18
ก้อนของ sourdough ที่ต้นทุนตลาด₣ 5ค่าใช้จ่ายของบิสกิตคือหนึ่งในสี่ของก้อนเปรี้ยวตลาดมีโปรโมชั่นว่าหากมีใครซื้อบิสกิต 4 ชิ้นขึ้นไปพวกเขาจะได้รับส่วนลด 20% สำหรับบิสกิตมีค่าใช้จ่ายสูงกว่าบิสกิต 8 ก้อนมากแค่ไหน?,37
ก้อนของ sourdough ที่ตลาดมีค่าใช้จ่าย $ 5ค่าใช้จ่ายของบิสกิตคือ 3/4 ของก้อน sourdoughตลาดมีโปรโมชั่นว่าหากมีใครซื้อบิสกิต 5 บิสกิตขึ้นไปพวกเขาจะได้รับส่วนลด 10% สำหรับบิสกิตมีค่า sourdough 7 ก้อนมากกว่า 8 บิสกิต?,8
ก้อนขนมปังที่ร้านค้ามีราคา¥ 5ค่าใช้จ่ายของครัวซองต์เป็นหนึ่งในสี่ของขนมปังก้อนหนึ่งร้านค้ามีโปรโมชั่นว่าหากมีคนซื้อครัวซองต์ 5 ตัวขึ้นไปพวกเขาจะได้รับส่วนลด 20% สำหรับครัวซองต์มีค่าใช้จ่ายขนมปัง 4 ก้อนมากกว่า 8 ครัวซองต์?,12
ก้อนขนมปังที่ร้านค้ามีค่าใช้จ่าย₣ 5ค่าใช้จ่ายของครัวซองต์คือ 3/4 ของขนมปังก้อนร้านค้ามีโปรโมชั่นว่าหากมีคนซื้อครัวซองต์ 4 ตัวขึ้นไปพวกเขาจะได้รับส่วนลด 20% สำหรับครัวซองต์มีค่าใช้จ่ายในการทำขนมปัง 9 ก้อนมากกว่า 8 ครัวซองต์?,21
ภารโรงต้องทำความสะอาดอาคารด้วย 80 ห้องพวกเขามีเวลา 4 วันในการทำมันใช้เวลา 6 นาทีต่อห้องอย่างไรก็ตามเนื่องจากการบาดเจ็บเมื่อเร็ว ๆ นี้ภารโรงช้าลงและจะต้องใช้เวลานานสองเท่าในการทำความสะอาดห้องในวันนี้หากพวกเขาทำงานเป็นเวลา 10 ชั่วโมงต่อวันเปอร์เซ็นต์ของวันของพวกเขาโดยเฉลี่ยแล้วใช้เวลาทำความสะอาดห้องพัก?,40
พนักงานซ่อมบำรุงต้องทำความสะอาดมหาวิทยาลัยด้วย 150 ชั้นพวกเขามีเวลา 6 วันในการทำมันใช้เวลา 6 นาทีต่อชั้นอย่างไรก็ตามเนื่องจากการบาดเจ็บเมื่อเร็ว ๆ นี้พนักงานซ่อมบำรุงได้ช้าลงและจะใช้เวลานานสองเท่าในการทำความสะอาดพื้นในวันนี้หากพวกเขาทำงานเป็นเวลา 10 ชั่วโมงต่อวันเปอร์เซ็นต์ของวันของพวกเขาโดยเฉลี่ยแล้วใช้เวลาทำความสะอาดพื้น?,50
ภารโรงต้องทำความสะอาดอาคารด้วย 135 ชั้นพวกเขามีเวลา 3 วันในการทำมันใช้เวลา 5 นาทีต่อชั้นอย่างไรก็ตามเนื่องจากการบาดเจ็บเมื่อเร็ว ๆ นี้ภารโรงช้าลงและจะต้องใช้เวลานานสองเท่าในการทำความสะอาดพื้นในวันนี้หากพวกเขาทำงานเป็นเวลา 15 ชั่วโมงต่อวันเปอร์เซ็นต์ของวันของพวกเขาโดยเฉลี่ยแล้วใช้เวลาทำความสะอาดพื้น?,50
เครื่องทำความสะอาดต้องทำความสะอาดโรงพยาบาลด้วย 60 ชั้นพวกเขามีเวลา 3 วันในการทำมันใช้เวลา 6 นาทีต่อชั้นอย่างไรก็ตามเนื่องจากการบาดเจ็บเมื่อเร็ว ๆ นี้น้ำยาทำความสะอาดช้าลงและจะใช้เวลานานสองเท่าในการทำความสะอาดพื้นในวันนี้หากพวกเขาทำงานเป็นเวลา 8 ชั่วโมงต่อวันเปอร์เซ็นต์ของวันของพวกเขาโดยเฉลี่ยแล้วใช้เวลาทำความสะอาดพื้น?,50
เครื่องทำความสะอาดต้องทำความสะอาดโรงพยาบาลด้วย 90 ชั้นพวกเขามีเวลา 10 วันในการทำมันใช้เวลา 10 นาทีต่อชั้นอย่างไรก็ตามเนื่องจากการบาดเจ็บเมื่อเร็ว ๆ นี้น้ำยาทำความสะอาดช้าลงและจะใช้เวลานานสองเท่าในการทำความสะอาดพื้นในวันนี้หากพวกเขาทำงานเป็นเวลา 15 ชั่วโมงต่อวันเปอร์เซ็นต์ของวันของพวกเขาโดยเฉลี่ยแล้วใช้เวลาทำความสะอาดพื้น?,20
เครื่องทำความสะอาดต้องทำความสะอาดโรงพยาบาลด้วย 135 ชั้นพวกเขามีเวลา 5 วันในการทำมันใช้เวลา 5 นาทีต่อชั้นอย่างไรก็ตามเนื่องจากการบาดเจ็บเมื่อเร็ว ๆ นี้น้ำยาทำความสะอาดช้าลงและจะใช้เวลานานสองเท่าในการทำความสะอาดพื้นในวันนี้หากพวกเขาทำงานเป็นเวลา 9 ชั่วโมงต่อวันเปอร์เซ็นต์ของวันของพวกเขาโดยเฉลี่ยแล้วใช้เวลาทำความสะอาดพื้น?,50
พนักงานซ่อมบำรุงต้องทำความสะอาดมหาวิทยาลัยด้วย 160 ชั้นพวกเขามีเวลา 10 วันในการทำมันใช้เวลา 15 นาทีต่อชั้นอย่างไรก็ตามเนื่องจากการบาดเจ็บเมื่อเร็ว ๆ นี้พนักงานซ่อมบำรุงได้ช้าลงและจะใช้เวลานานสองเท่าในการทำความสะอาดพื้นในวันนี้หากพวกเขาทำงานเป็นเวลา 10 ชั่วโมงต่อวันเปอร์เซ็นต์ของวันของพวกเขาโดยเฉลี่ยแล้วใช้เวลาทำความสะอาดพื้น?,80
พนักงานซ่อมบำรุงต้องทำความสะอาดมหาวิทยาลัยด้วย 120 ชั้นพวกเขามีเวลา 5 วันในการทำมันใช้เวลา 5 นาทีต่อชั้นอย่างไรก็ตามเนื่องจากการบาดเจ็บเมื่อเร็ว ๆ นี้พนักงานซ่อมบำรุงได้ช้าลงและจะใช้เวลานานสองเท่าในการทำความสะอาดพื้นในวันนี้หากพวกเขาทำงานเป็นเวลา 10 ชั่วโมงต่อวันเปอร์เซ็นต์ของวันของพวกเขาโดยเฉลี่ยแล้วใช้เวลาทำความสะอาดพื้น?,40
เครื่องทำความสะอาดต้องทำความสะอาดโรงพยาบาลด้วยห้องพัก 70 ห้องพวกเขามีเวลา 10 วันในการทำมันใช้เวลา 15 นาทีต่อห้องอย่างไรก็ตามเนื่องจากการบาดเจ็บเมื่อเร็ว ๆ นี้น้ำยาทำความสะอาดช้าลงและจะใช้เวลานานสองเท่าในการทำความสะอาดห้องในวันนี้หากพวกเขาทำงานเป็นเวลา 7 ชั่วโมงต่อวันร้อยละของวันของพวกเขาโดยเฉลี่ยแล้วใช้เวลาทำความสะอาดห้องพัก?,50
เครื่องทำความสะอาดต้องทำความสะอาดโรงพยาบาลด้วยห้องพัก 165 ห้องพวกเขามีเวลา 11 วันในการทำมันใช้เวลา 6 นาทีต่อห้องอย่างไรก็ตามเนื่องจากการบาดเจ็บเมื่อเร็ว ๆ นี้น้ำยาทำความสะอาดช้าลงและจะใช้เวลานานสองเท่าในการทำความสะอาดห้องในวันนี้หากพวกเขาทำงานเป็นเวลา 10 ชั่วโมงต่อวันเปอร์เซ็นต์ของวันของพวกเขาโดยเฉลี่ยแล้วใช้เวลาทำความสะอาดห้องพัก?,30
กลุ่มนักเรียน 290 คนมีงานอดิเรกที่หลากหลาย12 ชอบวาดภาพ 8 ชอบเล่นหมากรุกอายุ 13 ปีชอบว่ายน้ำ 39 ชอบเล่นคริกเก็ตและส่วนที่เหลือชอบเล่นวิดีโอเกมหรือปีนเขาเปอร์เซ็นต์ของนักเรียนที่ชอบเล่นวิดีโอเกมหากจำนวนนักเรียนที่ต้องการขึ้นเขาคือ 5 น้อยกว่าสองเท่าของจำนวนที่ชอบเล่นคริกเก็ต?,50
ชั้นเรียนของนักเรียน 230 คนมีงานอดิเรกที่หลากหลาย5 ชอบเต้น 8 ชอบเล่นหมากรุกอายุ 13 ปีชอบว่ายน้ำ 32 ชอบเล่นวอลเลย์บอลและส่วนที่เหลือชอบเล่นวิดีโอเกมหรือเล่นดนตรีเปอร์เซ็นต์ของนักเรียนชอบเล่นวิดีโอเกมหากจำนวนนักเรียนที่ชอบเล่นดนตรีคือ 7 น้อยกว่าสองเท่าของจำนวนที่ชอบเล่นวอลเลย์บอล?,50
ชั้นเรียนของนักเรียน 150 คนมีงานอดิเรกที่หลากหลาย20 ชอบทาสี 8 ชอบเล่นหมากรุกอายุ 13 ปีชอบว่ายน้ำ 17 ชอบเล่นฟุตบอลและส่วนที่เหลือชอบเต้นหรืออ่านเปอร์เซ็นต์ของนักเรียนชอบเต้นหากจำนวนนักเรียนที่ชอบอ่านคือ 2 น้อยกว่าสองเท่าของจำนวนที่ชอบเล่นฟุตบอล?,40
กลุ่มนักเรียน 150 คนมีงานอดิเรกที่หลากหลาย27 ชอบเล่นดนตรี 8 ชอบเล่นหมากรุก 13 ชอบว่ายน้ำ 9 ชอบเล่นฟุตบอลและส่วนที่เหลือชอบวาดภาพหรือเล่นวิดีโอเกมเปอร์เซ็นต์ของนักเรียนที่ชอบวาดภาพหากจำนวนนักเรียนที่ชอบเล่นวิดีโอเกมคือ 3 น้อยกว่าสองเท่าของจำนวนที่ชอบเล่นฟุตบอล?,52
ชั้นเรียนของนักเรียน 100 คนมีงานอดิเรกที่หลากหลาย14 ชอบไต่เขา 8 ชอบเล่นหมากรุก 13 ชอบว่ายน้ำ 2 ชอบเล่นคริกเก็ตและส่วนที่เหลือชอบเต้นหรือเล่นดนตรีเปอร์เซ็นต์ของนักเรียนชอบเต้นหากจำนวนนักเรียนที่ชอบเล่นดนตรีคือ 5 น้อยกว่าสิบเท่าของจำนวนที่ชอบเล่นคริกเก็ต?,48
ชั้นเรียนของนักเรียน 150 คนมีงานอดิเรกที่หลากหลาย17 ชอบอบ 8 ชอบเล่นหมากรุกอายุ 13 ปีชอบว่ายน้ำ 23 ชอบเล่นฟุตบอลและส่วนที่เหลือชอบอ่านหรือทาสีเปอร์เซ็นต์ของนักเรียนชอบอ่านว่าจำนวนนักเรียนที่ชอบทาสีคือ 4 น้อยกว่าสามเท่าของจำนวนที่ชอบเล่นฟุตบอล?,16
กลุ่มนักเรียน 100 คนมีงานอดิเรกที่หลากหลาย29 ชอบเต้น 8 ชอบเล่นหมากรุกอายุ 13 ปีชอบว่ายน้ำ 4 ชอบเล่นขว้างและส่วนที่เหลือชอบอ่านหรือทาสีเปอร์เซ็นต์ของนักเรียนชอบอ่านว่าจำนวนนักเรียนที่ชอบวาดภาพน้อยกว่า 5 เท่าของจำนวนที่ชอบเล่นขว้าง?,35
ชั้นเรียนของนักเรียน 90 คนมีงานอดิเรกที่หลากหลาย11 ชอบอ่าน 8 ชอบเล่นหมากรุก 13 ชอบว่ายน้ำ 6 ชอบเล่นขว้างและส่วนที่เหลือชอบเต้นหรืออบเปอร์เซ็นต์ของนักเรียนชอบเต้นหากจำนวนนักเรียนที่ชอบอบน้อยกว่า 2 เท่าของจำนวนที่ชอบเล่นขว้าง?,20
กลุ่มนักเรียน 150 คนมีงานอดิเรกที่หลากหลาย59 ชอบเต้น 8 ชอบเล่นหมากรุกอายุ 13 ปีชอบว่ายน้ำ 3 ชอบเล่นขว้างและส่วนที่เหลือชอบเล่นเพลงหรือเล่นวิดีโอเกมเปอร์เซ็นต์ของนักเรียนชอบเล่นดนตรีถ้าจำนวนนักเรียนที่ชอบเล่นวิดีโอเกมคือ 2 น้อยกว่าสิบเท่าของจำนวนที่ชอบเล่นขว้าง?,26
กลุ่มนักเรียน 200 คนมีงานอดิเรกที่หลากหลาย30 ชอบอบ 8 ชอบเล่นหมากรุก 13 ชอบว่ายน้ำ 6 ชอบเล่นขว้างและส่วนที่เหลือชอบเต้นหรือทาสีเปอร์เซ็นต์ของนักเรียนชอบเต้นหากจำนวนนักเรียนที่ชอบวาดภาพคือ 5 น้อยกว่าเก้าครั้งที่ชอบเล่นขว้าง?,47
กาเบรียลวางอัลมอนด์บนจานและชามแต่ละจานสามารถเก็บอัลมอนด์ 20 ตัวในขณะที่แต่ละชามสามารถถือได้สี่ครั้งกาเบรียลมีอัลมอนด์ 675 แผ่น 9 แผ่นและ 3 ชามน่าเสียดายที่ 2 ชามแตกกาเบรียลกินหนึ่งในห้าของอัลมอนด์ทั้งหมดกาเบรียลต้องการแผ่นเปลือกโลกอีกกี่แผ่นเพื่อให้เขาสามารถวางอัลมอนด์ที่เหลือทั้งหมดได้?,14
อาลีวางแครกเกอร์บนชามและจานแต่ละชามสามารถถือแครกเกอร์ 40 ตัวในขณะที่แต่ละจานสามารถถือได้สองครั้งอาลีมีแครกเกอร์ 675 ตัว 8 ชามและ 5 แผ่นน่าเสียดายที่ 2 แผ่นแตกอาลีก็กินหนึ่งเก้าของแครกเกอร์ทั้งหมดอาลีต้องการชามอีกกี่ใบเพื่อให้เขาสามารถวางแครกเกอร์ที่เหลือทั้งหมดได้?,1
"Sanjay วางอัลมอนด์บนชามและจานแต่ละชามสามารถถืออัลมอนด์ 30 ตัวในขณะที่แต่ละจานสามารถถือได้สามครั้งSanjay มีอัลมอนด์ 675, 12 ชามและ 3 แผ่นน่าเสียดายที่ 2 แผ่นแตกจากนั้นแซนเจย์ก็กินอัลมอนด์ทั้งหมดที่เก้าSanjay ต้องการชามอีกกี่ใบเพื่อให้เขาสามารถวางอัลมอนด์ที่เหลือทั้งหมดได้?",5
คาร์ลอสวางแครกเกอร์บนชามและโต๊ะแต่ละชามสามารถถือแครกเกอร์ 20 ตัวในขณะที่แต่ละโต๊ะสามารถถือได้สามครั้งคาร์ลอสมีแครกเกอร์ 525 ตัว 13 ชามและ 4 โต๊ะน่าเสียดายที่ 2 ตารางแตกคาร์ลอสกินหนึ่งในห้าของแครกเกอร์ทั้งหมดคาร์ลอสต้องการชามอีกกี่ใบเพื่อให้เขาสามารถวางแครกเกอร์ที่เหลือทั้งหมดได้?,2
เบนจามินวางแครกเกอร์บนชามและจานแต่ละชามสามารถถือแครกเกอร์ 21 ตัวในขณะที่แต่ละจานสามารถถือได้สองครั้งเบนจามินมีแครกเกอร์ 720 ตัว 9 ชามและ 3 แผ่นน่าเสียดายที่ 2 แผ่นแตกเบนจามินกินหนึ่งในแปดของแครกเกอร์ทั้งหมดเบนจามินต้องการชามอีกกี่ใบเพื่อให้เขาสามารถวางแครกเกอร์ที่เหลือทั้งหมดได้?,19
Wei วางแครกเกอร์บนชามและจานแต่ละชามสามารถถือแครกเกอร์ 25 ตัวในขณะที่แต่ละจานสามารถถือได้สี่ครั้งWei มีแครกเกอร์ 630 ตัว 12 ชามและ 3 แผ่นน่าเสียดายที่ 2 แผ่นแตกWei กินหนึ่งในหกของแครกเกอร์ทั้งหมดWei ต้องการชามอีกกี่ใบเพื่อให้เขาสามารถวางแครกเกอร์ที่เหลือทั้งหมดได้?,5
คาร์ลอสวางอัลมอนด์บนชามและโต๊ะแต่ละชามสามารถถือ 24 อัลมอนด์ในขณะที่แต่ละโต๊ะสามารถถือได้สามครั้งคาร์ลอสมี 720 อัลมอนด์ 7 ชามและ 3 โต๊ะน่าเสียดายที่ 2 ตารางแตกคาร์ลอสกินหนึ่งในห้าของอัลมอนด์ทั้งหมดคาร์ลอสต้องการชามอีกกี่ใบเพื่อให้เขาสามารถวางอัลมอนด์ที่เหลือทั้งหมดได้?,14
Arash วางแครกเกอร์บนโต๊ะและจานแต่ละตารางสามารถเก็บแครกเกอร์ 25 ตัวในขณะที่แต่ละจานสามารถถือได้หกครั้งArash มีแคร็กเกอร์ 600 ตัว 11 โต๊ะและ 3 แผ่นน่าเสียดายที่ 2 แผ่นแตกArash กินหนึ่งในสี่ของแครกเกอร์ทั้งหมดArash ต้องการตารางอีกกี่ตารางเพื่อให้เขาสามารถวางแครกเกอร์ที่เหลือทั้งหมดได้?,1
Thiago วางคุกกี้บนชามและโต๊ะแต่ละชามสามารถถือ 20 คุกกี้ได้ในขณะที่แต่ละโต๊ะสามารถถือได้สองครั้งThiago มี 600 คุกกี้ 17 ชามและ 5 โต๊ะน่าเสียดายที่ 2 ตารางแตกThiago กินหนึ่งในห้าของคุกกี้ทั้งหมดThiago ต้องการชามอีกกี่ใบเพื่อให้เขาสามารถวางคุกกี้ที่เหลือทั้งหมดได้?,1
ยูกิวางมะกอกบนจานและชามแต่ละจานสามารถถือ 24 มะกอกได้ในขณะที่ชามแต่ละใบสามารถถือได้สองครั้งยูกิมี 720 มะกอก 11 แผ่นและ 3 ชามน่าเสียดายที่ 2 ชามแตกยูกิกินสองในห้าของมะกอกทั้งหมดยูกิต้องการแผ่นอื่น ๆ อีกกี่แผ่นเพื่อให้เขาสามารถวางมะกอกที่เหลือทั้งหมดได้?,5
Faisal ดูทีวีหลังจากทำการบ้านเสร็จทุกคืนในวันพุธและวันพฤหัสบดีเขาดูการแสดงที่เขาโปรดปราน 4 ชั่วโมงทุกคืนเมื่อวันศุกร์ที่ผ่านมาเขาดูการแสดง 30 นาทีในวันเสาร์เขาทำการบ้านเสร็จเร็วและดูตอน 5 ชั่วโมงและการแสดง 15 นาทีในวันอาทิตย์เขาต้องนอนดึกดังนั้นเขาจึงดูสี่ตอน 3 ชั่วโมงในวันจันทร์เขาดูสามตอนแต่ละ 45 นาทีถ้าเขาดูทีวี 28 ชั่วโมงในทุก ๆ ตอนเขาดูตอนวันศุกร์ 30 นาที?,1
เลียมดูทีวีหลังจากทำการบ้านเสร็จทุกคืนในวันเสาร์และวันอาทิตย์เขาดูการแสดงที่เขาโปรดปราน 5 ชั่วโมงทุกคืนในวันจันทร์เขาดูการแสดง 30 นาทีในวันอังคารเขาทำการบ้านเสร็จเร็วและดูตอน 4 ชั่วโมงและการแสดง 60 นาทีในวันพุธเขาต้องนอนดึกดังนั้นเขาจึงดูสามตอน 3 ชั่วโมงในวันพฤหัสบดีเขาดูห้าตอนแต่ละ 30 นาทีถ้าเขาดูทีวี 28 ชั่วโมงในทุก ๆ ตอนเขาดูตอน 30 นาทีในวันจันทร์?,3
Thiago ดูทีวีหลังจากทำการบ้านเสร็จทุกคืนในวันอังคารและวันพุธเขาดูการแสดงที่เขาโปรดปราน 5 ชั่วโมงทุกคืนในวันพฤหัสบดีเขาดูการแสดง 30 นาทีเมื่อวันศุกร์ที่ผ่านมาเขาทำการบ้านเสร็จเร็วและดูตอน 5 ชั่วโมงและการแสดง 30 นาทีในวันเสาร์เขาต้องนอนดึกดังนั้นเขาจึงดูสามตอน 4 ชั่วโมงในวันอาทิตย์เขาดูสองตอนแต่ละ 15 นาทีถ้าเขาดูทีวี 31 ชั่วโมงในทุก ๆ ตอนเขาดูตอนวันพฤหัสบดี 30 นาที?,6
Arash ดูทีวีหลังจากทำการบ้านเสร็จทุกคืนในวันอาทิตย์และวันจันทร์เขาดูการแสดงที่เขาโปรดปราน 4 ชั่วโมงทุกคืนเมื่อวันอังคารที่ผ่านมาเขาดูการแสดง 45 นาทีสองสามตอนในวันพุธเขาทำการบ้านเสร็จเร็วและดูตอน 2 ชั่วโมงและการแสดง 15 นาทีในวันพฤหัสบดีเขาต้องอยู่สายดังนั้นเขาจึงดูห้าตอน 2 ชั่วโมงเมื่อวันศุกร์ที่ผ่านมาเขาดูสี่ตอนทุก ๆ 30 นาทีถ้าเขาดูทีวี 26 ชั่วโมงในทุก ๆ 45 นาทีเขาดูตอนอังคารกี่ตอน?,5
ลีออนดูทีวีหลังจากทำการบ้านเสร็จทุกคืนในวันอาทิตย์และวันจันทร์เขาดูการแสดงที่เขาโปรดปราน 4 ชั่วโมงทุกคืนเมื่อวันอังคารที่ผ่านมาเขาดูการแสดง 30 นาทีในวันพุธเขาทำการบ้านเสร็จเร็วและดูตอน 2 ชั่วโมงและการแสดง 60 นาทีในวันพฤหัสบดีเขาต้องอยู่สายดังนั้นเขาจึงดูสามตอน 3 ชั่วโมงเมื่อวันศุกร์ที่ผ่านมาเขาดูสามตอนทุก ๆ 30 นาทีถ้าเขาดูทีวีตลอด 24 ชั่วโมงเขาจะดูตอน 30 นาทีในวันอังคาร?,5
Bodhi ดูทีวีหลังจากทำการบ้านเสร็จทุกคืนในวันพุธและวันพฤหัสบดีเขาดูการแสดงที่เขาโปรดปราน 3 ชั่วโมงทุกคืนเมื่อวันศุกร์ที่ผ่านมาเขาดูการแสดง 60 นาทีในวันเสาร์เขาทำการบ้านเสร็จเร็วและดูตอน 5 ชั่วโมงและการแสดง 60 นาทีในวันอาทิตย์เขาต้องนอนดึกดังนั้นเขาจึงดูสี่ตอน 4 ชั่วโมงในวันจันทร์เขาดูสี่ตอนทุก ๆ 30 นาทีถ้าเขาดูทีวี 31 ชั่วโมงในทุก ๆ ตอนเขาดูตอนศุกร์ 60 นาที?,1
เจมส์ดูทีวีหลังจากทำการบ้านเสร็จทุกคืนในวันอังคารและวันพุธเขาดูการแสดงที่เขาโปรดปราน 4 ชั่วโมงทุกคืนในวันพฤหัสบดีเขาดูการแสดง 15 นาทีในวันศุกร์เขาทำการบ้านเสร็จเร็วและดูตอน 4 ชั่วโมงและการแสดง 15 นาทีในวันเสาร์เขาต้องนอนดึกดังนั้นเขาจึงดูสี่ตอน 4 ชั่วโมงในวันอาทิตย์เขาดูสามตอนแต่ละ 45 นาทีถ้าเขาดูทีวี 31 ชั่วโมงในทุกครั้งเขาดูตอน 15 นาทีในวันพฤหัสบดี?,2
Alejandro ดูทีวีหลังจากที่เขาทำการบ้านเสร็จทุกคืนในวันจันทร์และวันอังคารเขาดูการแสดงที่เขาโปรดปราน 4 ชั่วโมงทุกคืนเมื่อวันพุธที่ผ่านมาเขาดูการแสดง 45 นาทีสองสามตอนในวันพฤหัสบดีเขาทำการบ้านเสร็จเร็วและดูตอน 4 ชั่วโมงและการแสดง 15 นาทีเมื่อวันศุกร์ที่ผ่านมาเขาต้องนอนดึกดังนั้นเขาจึงดูสี่ตอน 3 ชั่วโมงในวันเสาร์เขาดูสามตอนแต่ละ 45 นาทีถ้าเขาดูทีวี 31 ชั่วโมงในทุกครั้งเขาดูตอน 45 นาทีในวันพุธ?,6
Mateo ดูทีวีหลังจากทำการบ้านเสร็จทุกคืนในวันอาทิตย์และวันจันทร์เขาดูการแสดงที่เขาโปรดปราน 3 ชั่วโมงทุกคืนเมื่อวันอังคารที่ผ่านมาเขาดูการแสดง 60 นาทีในวันพุธเขาทำการบ้านเสร็จเร็วและดูตอน 5 ชั่วโมงและการแสดง 30 นาทีในวันพฤหัสบดีเขาต้องอยู่สายดังนั้นเขาจึงดูสองตอน 5 ชั่วโมงเมื่อวันศุกร์ที่ผ่านมาเขาดูสองตอนในแต่ละ 15 นาทีถ้าเขาดูทีวี 29 ชั่วโมงในทุก ๆ 60 นาทีเขาดูในวันอังคาร?,7
Qasim ดูทีวีหลังจากทำการบ้านเสร็จทุกคืนในวันพุธและวันพฤหัสบดีเขาดูการแสดงที่เขาโปรดปราน 3 ชั่วโมงทุกคืนเมื่อวันศุกร์ที่ผ่านมาเขาดูการแสดง 60 นาทีในวันเสาร์เขาทำการบ้านเสร็จเร็วและดูตอน 2 ชั่วโมงและการแสดง 15 นาทีในวันอาทิตย์เขาต้องนอนดึกดังนั้นเขาจึงดูสี่ตอน 3 ชั่วโมงในวันจันทร์เขาดูสามตอนในแต่ละ 15 นาทีถ้าเขาดูทีวี 28 ชั่วโมงในทุก ๆ ตอนเขาดูตอนศุกร์ 60 นาที?,7
Ravi ปัจจุบัน Pavel มีอายุ 22 ปีRavi และ Leilani อยู่ห่างกัน 10 ปีRavi ซึ่งอายุน้อยกว่า Pavel แต่แก่กว่า Leilani จะอายุ 47 ปีใน 8 ปีLeilani อายุน้อยกว่าอายุเฉลี่ยของทั้งสามคนอายุน้อยแค่ไหน?,14
"เฉิน, Theo ปัจจุบันอยู่ห่างกัน 10 ปีเฉินและทาราอยู่ห่างกัน 7 ปีเฉินที่อายุน้อยกว่า Theo แต่แก่กว่า Tara จะอายุ 60 ปีใน 7 ปีทาราอายุน้อยกว่าอายุเฉลี่ยทั้งสามเท่าไหร่?",8
"Benjamin, Luca ปัจจุบันอายุ 29 ปีเบนจามินและโซเฟียอยู่ห่างกัน 17 ปีเบนจามินซึ่งอายุน้อยกว่า Luca แต่แก่กว่าโซเฟียจะอายุ 27 ปีใน 4 ปีโซเฟียอายุน้อยกว่าอายุเฉลี่ยทั้งสามคน?",21
ซากุระตอนนี้อารัทอยู่ห่างกัน 29 ปีปัจจุบันซากุระและทาราอยู่ห่างกัน 11 ปีซากุระซึ่งอายุน้อยกว่าอารัล แต่มีอายุมากกว่าทาราจะอายุ 66 ปีใน 5 ปีทาราอายุน้อยกว่าอายุเฉลี่ยทั้งสามเท่าไหร่?,17
"Luca, Liam ปัจจุบันอายุ 19 ปีLuca และ Pavel อยู่ห่างกัน 10 ปีLuca ซึ่งอายุน้อยกว่าเลียม แต่แก่กว่า Pavel จะอายุ 59 ปีใน 6 ปีPavel อายุน้อยกว่าอายุเฉลี่ยของทั้งสามเท่า?",13
โซเฟียอิบราฮิมปัจจุบันอายุ 27 ปีปัจจุบันโซเฟียและธีโออยู่ห่างกัน 15 ปีโซเฟียซึ่งอายุน้อยกว่าอิบราฮิม แต่แก่กว่าธีโอจะอายุ 35 ปีใน 10 ปีTheo อายุน้อยกว่าอายุเฉลี่ยของทั้งสามเท่าไหร่?,19
"Olivia, Bodhi ปัจจุบันอายุ 24 ปีOlivia และ Keisha อยู่ห่างกัน 15 ปีโอลิเวียซึ่งอายุน้อยกว่าโพธิวิทยา แต่แก่กว่า Keisha จะอายุ 42 ปีใน 7 ปีKeisha อายุน้อยกว่าอายุเฉลี่ยของทั้งสามเท่า?",18
ดิเอโกออสการ์ปัจจุบันอายุ 19 ปีปัจจุบันดิเอโกและลีออนอยู่ห่างกัน 10 ปีดิเอโกซึ่งอายุน้อยกว่าออสการ์ แต่แก่กว่าลีออนจะอายุ 36 ปีใน 9 ปีลีออนอายุน้อยกว่าอายุเฉลี่ยของทั้งสามเท่าไหร่?,13
"Esteban, Oliver ปัจจุบันอายุ 16 ปีEsteban และ Yuki อยู่ห่างกัน 13 ปีEsteban ซึ่งอายุน้อยกว่าโอลิเวอร์ แต่แก่กว่ายูกิจะอายุ 70 ​​ปีใน 6 ปียูกิอายุน้อยกว่าอายุเฉลี่ยของทั้งสามเท่าไหร่?",14
"Yuki, Andre ปัจจุบันอายุ 17 ปีปัจจุบันยูกิและดิเอโกอยู่ห่างกัน 8 ปียูกิที่อายุน้อยกว่าอังเดร แต่แก่กว่าดิเอโกจะอายุ 43 ปีใน 6 ปีDiego อายุน้อยกว่าอายุเฉลี่ยของทั้งสามเท่า?",11
Wei กำลังขายคัพเค้กและพายพายสำหรับผู้ระดมทุนเมื่อวันจันทร์ที่ผ่านมาเขาขายคัพเค้ก 28 กล่องและพายพายน้อยกว่า 19 กล่องมากกว่าวันอังคารในวันอังคารเขาขายคัพเค้กอีก 14 กล่องมากกว่าในวันจันทร์และ 27 กล่องพายพายเมื่อวันพุธที่ผ่านมาเขาขายได้มากเท่าที่เขาทำในสองวันที่ผ่านมารวมกันหากคัพเค้กราคา $ 11 และพายพายราคา $ 23 ค่าเฉลี่ยรายวันเฉลี่ยของ Wei คืออะไร?,1050
เบนจามินขายคัพเค้กและพายสับปะรดสำหรับผู้ระดมทุนเมื่อวันพุธที่ผ่านมาเขาขายคัพเค้ก 27 กล่องและพายสับปะรดน้อยกว่า 18 กล่องมากกว่าในวันพฤหัสบดีในวันพฤหัสบดีเขาขายคัพเค้กอีก 12 กล่องมากกว่าในวันพุธและ 27 กล่องของพายสับปะรดเมื่อวันศุกร์ที่ผ่านมาเขาขายมากที่สุดเท่าที่เขาทำในสองวันที่ผ่านมารวมกันหากคัพเค้กราคา¥ 8 และ Pineapple Pie ราคา¥ 22 ค่าเฉลี่ยรายวันเฉลี่ยของเบนจามินคืออะไร?,880
อูมาขายมัฟฟินและพายแอปริคอทสำหรับผู้ระดมทุนในวันพฤหัสบดีเขาขายมัฟฟิน 28 กล่องและพายแอปริคอทน้อยกว่า 13 กล่องมากกว่าวันศุกร์เมื่อวันศุกร์ที่ผ่านมาเขาขายมัฟฟินอีก 13 กล่องมากกว่าในวันพฤหัสบดีและ 21 กล่องพายแอปริคอทในวันเสาร์เขาขายมากที่สุดเท่าที่เขาทำในสองวันที่ผ่านมารวมกันหากมัฟฟินมีราคา $ 11 และพายแอปริคอทราคา $ 30 ค่าเฉลี่ยรายวันของอูมาคืออะไร?,1086
Tariq กำลังขายบราวนี่และพายแอปริคอทสำหรับผู้ระดมทุนในวันพฤหัสบดีเขาขายบราวนี่ 25 กล่องและพายแอปริคอทน้อยกว่า 12 กล่องมากกว่าวันศุกร์เมื่อวันศุกร์ที่ผ่านมาเขาขายบราวนี่อีก 14 กล่องมากกว่าในวันพฤหัสบดีและ 24 กล่องพายแอปริคอทในวันเสาร์เขาขายมากที่สุดเท่าที่เขาทำในสองวันที่ผ่านมารวมกันถ้าบราวนี่มีค่าใช้จ่าย₣ 9 และพายแอปริคอท₣ 20 ค่าเฉลี่ยรายวันเฉลี่ยของ Tariq คืออะไร?,864
อาลีกำลังขายมัฟฟินและพายสีส้มสำหรับผู้ระดมทุนในวันอังคารเขาขายมัฟฟิน 22 กล่องและส้มพายน้อยกว่า 13 กล่องมากกว่าวันพุธในวันพุธเขาขายมัฟฟินอีก 13 กล่องมากกว่าในวันอังคารและ 23 กล่องพายสีส้มในวันพฤหัสบดีเขาขายมากที่สุดเท่าที่เขาทำในสองวันที่ผ่านมารวมกันหากมัฟฟินมีราคา 9 ยูโรและพายสีส้มราคา€ 32 ค่าเฉลี่ยรายวันของอาลีคืออะไร?,1046
Thiago กำลังขายคุกกี้และพายแอปริคอทสำหรับผู้ระดมทุนเมื่อวันอังคารที่ผ่านมาเขาขายคุกกี้ 26 กล่องและพายแอปริคอทน้อยกว่า 19 กล่องมากกว่าวันพุธในวันพุธเขาขายคุกกี้อีก 14 กล่องมากกว่าในวันอังคารและ 24 กล่องพายแอปริคอทในวันพฤหัสบดีเขาขายมากที่สุดเท่าที่เขาทำในสองวันที่ผ่านมารวมกันหากคุกกี้มีราคา₣ 11 และพายแอปริคอทราคา₣ 24 ค่าเฉลี่ยรายวันเฉลี่ยของ Thiago คืออะไร?,948
คาร์ลอสกำลังขายคัพเค้กและพายแอปริคอทสำหรับผู้ระดมทุนในวันพฤหัสบดีเขาขายคัพเค้ก 24 กล่องและพายแอปริคอทน้อยกว่า 19 กล่องมากกว่าวันศุกร์เมื่อวันศุกร์ที่ผ่านมาเขาขายคัพเค้กอีก 12 กล่องมากกว่าในวันพฤหัสบดีและ 29 กล่องพายแอปริคอทในวันเสาร์เขาขายมากที่สุดเท่าที่เขาทำในสองวันที่ผ่านมารวมกันหากคัพเค้กมีราคา 8 เยนและพายแอปริคอทราคา¥ 21 ค่าเฉลี่ยรายวันเฉลี่ยของคาร์ลอสคืออะไร?,866
Viktor กำลังขายคุกกี้และพายแตงโมสำหรับผู้ระดมทุนเมื่อวันอังคารที่ผ่านมาเขาขายคุกกี้ 22 กล่องและพายแตงโมน้อยกว่า 14 กล่องมากกว่าวันพุธเมื่อวันพุธที่ผ่านมาเขาขายคุกกี้อีก 14 กล่องมากกว่าในวันอังคารและ 23 กล่องพายแตงโมในวันพฤหัสบดีเขาขายมากที่สุดเท่าที่เขาทำในสองวันที่ผ่านมารวมกันถ้าคุกกี้ราคา₣ 10 และพายแตงโม₣ 22 ค่าเฉลี่ยรายวันของ Viktor คืออะไร?,856
กาเบรียลกำลังขายมัฟฟินและพายพายสำหรับผู้ระดมทุนเมื่อวันอาทิตย์ที่ผ่านมาเขาขายมัฟฟิน 28 กล่องและพายพายน้อยกว่า 11 กล่องมากกว่าวันจันทร์ในวันจันทร์เขาขายมัฟฟินอีก 14 กล่องมากกว่าในวันอาทิตย์และ 22 กล่องพายพายเมื่อวันอังคารที่ผ่านมาเขาขายได้มากเท่าที่เขาทำในสองวันที่ผ่านมารวมกันหากมัฟฟินราคา $ 12 และพายพายราคา $ 22 ค่าเฉลี่ยรายวันของกาเบรียลคืออะไร?,1044
Viktor กำลังขายมัฟฟินและพายสับปะรดสำหรับผู้ระดมทุนเมื่อวันอาทิตย์ที่ผ่านมาเขาขายมัฟฟิน 24 กล่องและพายสับปะรดน้อยกว่า 15 กล่องมากกว่าในวันจันทร์ในวันจันทร์เขาขายมัฟฟินอีก 12 กล่องมากกว่าวันอาทิตย์และ 27 กล่องของพายสับปะรดเมื่อวันอังคารที่ผ่านมาเขาขายได้มากเท่าที่เขาทำในสองวันที่ผ่านมารวมกันหากมัฟฟินมีราคา₺12และ Pineapple Pie ราคา₺23ค่าเฉลี่ยรายวันเฉลี่ยของ Viktor คืออะไร?,1078
ดิเอโกอายุ 21 ปีใน 5 ปีลูกพี่ลูกน้องของเขา Priya จะเก่าแก่ 2 เท่าของดิเอโกตอนนี้Qasim น้องชายของ Diego อายุน้อยกว่า Diego 9 ปีและ Mia Sister Priya มีอายุมากกว่า Qasim 10 ปีค่าเฉลี่ยของทั้งสี่ใน 4 ปีจะเป็นอย่างไร?,27
โอลิเวอร์อายุ 15 ปีใน 8 ปีลูกพี่ลูกน้องของเขาโอลิเวียจะแก่กว่า 3 เท่าของโอลิเวอร์ตอนนี้กาเบรียลน้องชายของโอลิเวอร์อายุน้อยกว่าโอลิเวอร์ 11 ปีและน้องสาวโอลิเวียฟาติมามีอายุมากกว่ากาเบรียล 8 ปีค่าเฉลี่ยของทั้งสี่ใน 5 ปีจะเป็นอย่างไร?,22
ไก่อายุ 22 ปีใน 5 ปีลูกพี่ลูกน้องของเขา Uma จะแก่ 4 เท่าของ Kai ตอนนี้Jamal น้องชายของ Kai อายุน้อยกว่า Kai 6 ปีและ Uma Sister Rania มีอายุมากกว่า Jamal 11 ปีค่าเฉลี่ยของทั้งสี่ใน 4 ปีจะเป็นอย่างไร?,41
คาร์ลอสอายุ 14 ปีใน 8 ปีลูกพี่ลูกน้องของเขา Yara จะแก่ 4 เท่าของคาร์ลอสตอนนี้จินน้องชายของคาร์ลอสอายุน้อยกว่าคาร์ลอส 11 ปีและ Yara Sister Mia มีอายุมากกว่า Jin 8 ปีค่าเฉลี่ยของทั้งสี่ใน 6 ปีจะเป็นอย่างไร?,25
ออสการ์อายุ 15 ปีใน 9 ปีลูกพี่ลูกน้องของเขา Zahra จะแก่ 3 เท่าของออสการ์ตอนนี้โอลิเวอร์น้องชายของออสการ์อายุน้อยกว่าออสการ์ 12 ปีและเอ็มม่าน้องสาว Zahra มีอายุมากกว่าโอลิเวอร์ 11 ปีค่าเฉลี่ยของทั้งสี่ใน 3 ปีจะเป็นอย่างไร?,20
ธีโออายุ 20 ปีใน 7 ปีลูกพี่ลูกน้องของเขา Yara จะแก่กว่า 2 เท่าของ Theo ตอนนี้ออสการ์น้องชายของธีโออายุน้อยกว่า Theo 7 ปีและ Yara Sister Tara มีอายุมากกว่าออสการ์ 9 ปีค่าเฉลี่ยของทั้งสี่ใน 6 ปีจะเป็นอย่างไร?,28
โอลิเวอร์อายุ 12 ปีใน 9 ปีลูกพี่ลูกน้องของเขา Ananya จะแก่ 3 เท่าของโอลิเวอร์ตอนนี้Kai น้องชายของ Oliver อายุน้อยกว่า Oliver 9 ปีและ Ananya Sister Kimia มีอายุมากกว่า 7 ปีค่าเฉลี่ยของทั้งสี่ใน 4 ปีจะเป็นอย่างไร?,17
Deshawn อายุ 23 ปีใน 8 ปีลูกพี่ลูกน้องของเขา Ananya จะแก่ 4 เท่าของ Deshawn ตอนนี้Diego น้องชายของ Deshawn อายุน้อยกว่า Deshawn 9 ปีและ Ananya Sister Sophia มีอายุมากกว่า 9 ปีมากกว่า Diegoค่าเฉลี่ยของทั้งสี่ใน 2 ปีจะเป็นอย่างไร?,38
Bodhi อายุ 21 ปีใน 8 ปีลูกพี่ลูกน้องของเขา Valentina จะแก่ 3 เท่าของ Bodhi ตอนนี้Qasim น้องชายของ Bodhi อายุน้อยกว่า Bodhi 9 ปีและ Beatriz น้องสาวของ Valentina มีอายุมากกว่า 8 ปีกว่า Qasimค่าเฉลี่ยของทั้งสี่ใน 2 ปีจะเป็นอย่างไร?,29
Qasim อายุ 15 ปีใน 2 ปีลูกพี่ลูกน้องของเขา Elena จะแก่กว่า 3 เท่าของ Qasim ตอนนี้เลียมน้องชายของ Qasim อายุน้อยกว่า Qasim 9 ปีและ Elena Sister Sophia มีอายุมากกว่าเลียม 10 ปีค่าเฉลี่ยของทั้งสี่ใน 5 ปีจะเป็นอย่างไร?,25
เมื่อโซเฟียเฝ้าดูพี่ชายของเธอเธอจะได้ของเล่นมากมายให้เขากระเป๋าของหน่วยการสร้างมี 33 ช่วงตึกถังขยะของสัตว์ตุ๊กตามีสัตว์ตุ๊กตา 5 ตัวอยู่ข้างในจำนวนตัวเลขการกระทำในชุดแอ็คชั่นเป็นสองเท่าของจำนวนบล็อกและตุ๊กตาสัตว์รวมกันกล่องดินสอสีมีสีเทียน 12 สีและสมุดสติกเกอร์มี 9 หน้าแต่ละหน้ามี 13 สติกเกอร์หอคอยของแหวนซ้อนมีวงแหวนหลากสี 28 วงโซเฟียเพิ่งซื้อท่อลูกเด้งนำของเธอจำนวนทั้งหมดให้กับพี่ชายของเธอถึง 320 ลูกบอลเด้งกี่ลูกเข้ามาในหลอด?,49
เมื่อนาเดียเฝ้าดูลูกพี่ลูกน้องของเธอเธอได้รับของเล่นมากมายให้เขากระเป๋าของหน่วยการสร้างมี 36 บล็อกอยู่ในนั้นถังขยะของสัตว์ตุ๊กตามีสัตว์ตุ๊กตา 8 ตัวอยู่ข้างในจำนวนตัวเลขการกระทำในชุดแอ็คชั่นเป็นสองเท่าของจำนวนบล็อกและตุ๊กตาสัตว์รวมกันกล่องดินสอสีมีสีเทียน 12 สีและสมุดสติกเกอร์มี 9 หน้าแต่ละหน้ามี 12 สติกเกอร์หอคอยของแหวนซ้อนมีแหวนหลายสี 30 วงเมื่อเร็ว ๆ นี้นาเดียได้ซื้อท่อลูกเด้งนำจำนวนสิ่งของทั้งหมดให้กับลูกพี่ลูกน้องของเธอถึง 330 ลูกบอลเด้งกี่ลูกเข้ามาในหลอด?,48
เมื่อเนียเฝ้าดูลูกพี่ลูกน้องของเธอเธอได้รับของเล่นมากมายให้เขากระเป๋าของหน่วยการสร้างมี 36 บล็อกอยู่ในนั้นถังขยะของสัตว์ตุ๊กตามีสัตว์ตุ๊กตา 8 ตัวอยู่ข้างในจำนวนตัวเลขการกระทำในชุดแอ็คชั่นเป็นสองเท่าของจำนวนบล็อกและตุ๊กตาสัตว์รวมกันกล่องดินสอสีมีสีเทียน 12 สีและสมุดสติกเกอร์มี 9 หน้าแต่ละหน้ามี 11 สติกเกอร์หอคอยของแหวนซ้อนมีวงแหวนหลากสี 26 วงเมื่อไม่นานมานี้เนียซื้อท่อลูกเด้งนำจำนวนของเธอจำนวนทั้งหมดให้กับลูกพี่ลูกน้องของเธอถึง 310 ลูกบอลเด้งกี่ลูกเข้ามาในหลอด?,41
เมื่อ Kayla เฝ้าดูพี่ชายของเธอเธอจะออกของเล่นมากมายให้เขาถุงของหน่วยการสร้างมี 32 บล็อกอยู่ในนั้นถังขยะของสัตว์ตุ๊กตามีสัตว์ตุ๊กตา 5 ตัวอยู่ข้างในจำนวนตัวเลขการกระทำในชุดแอ็คชั่นเป็นสองเท่าของจำนวนบล็อกและตุ๊กตาสัตว์รวมกันกล่องดินสอสีมีสีเทียน 12 สีและสมุดสติกเกอร์มี 6 หน้าแต่ละหน้ามี 11 สติกเกอร์หอคอยของแหวนซ้อนมีวงแหวนหลากสี 32 วงKayla เพิ่งซื้อท่อลูกบอลเด้งนำของเธอจำนวนทั้งหมดให้กับพี่ชายของเธอถึง 270 ลูกบอลเด้งกี่ลูกเข้ามาในหลอด?,49
เมื่อ Xena เฝ้าดูลูกพี่ลูกน้องของเธอเธอได้รับของเล่นมากมายให้เขากระเป๋าของหน่วยการสร้างมี 33 ช่วงตึกถังขยะของสัตว์ตุ๊กตามีสัตว์ตุ๊กตา 8 ตัวอยู่ข้างในจำนวนตัวเลขการกระทำในชุดแอ็คชั่นเป็นสองเท่าของจำนวนบล็อกและตุ๊กตาสัตว์รวมกันกล่องดินสอสีมีสีเทียน 12 สีและสมุดสติกเกอร์มี 7 หน้าแต่ละหน้ามี 12 สติกเกอร์หอคอยของแหวนซ้อนมีวงแหวนหลากสี 26 วงXena เพิ่งซื้อท่อลูกบอลเด้งนำจำนวนของเธอทั้งหมดให้กับลูกพี่ลูกน้องของเธอมากถึง 300 ลูกบอลเด้งกี่ลูกเข้ามาในหลอด?,55
เมื่อ Mia เฝ้าดูพี่ชายของเธอเธอจะออกของเล่นมากมายให้เขากระเป๋าของหน่วยการสร้างมี 42 บล็อกอยู่ในนั้นถังขยะของสัตว์ตุ๊กตามีสัตว์ตุ๊กตา 5 ตัวอยู่ข้างในจำนวนตัวเลขการกระทำในชุดแอ็คชั่นเป็นสองเท่าของจำนวนบล็อกและตุ๊กตาสัตว์รวมกันกล่องดินสอสีมีสีเทียน 12 สีและสมุดสติกเกอร์มี 6 หน้าแต่ละหน้ามี 9 สติกเกอร์หอคอยของแหวนซ้อนมีวงแหวนหลากสี 34 วงเมื่อเร็ว ๆ นี้ Mia ซื้อท่อลูกบอลเด้งนำสิ่งของทั้งหมดของเธอให้กับพี่ชายของเธอสูงถึง 290 ลูกบอลเด้งกี่ลูกเข้ามาในหลอด?,49
เมื่อเฉินเฝ้าดูหลานชายของเธอเธอได้รับของเล่นมากมายให้เขาถุงของหน่วยการสร้างมี 32 บล็อกอยู่ในนั้นถังขยะของสัตว์มีสัตว์ตุ๊กตา 6 ตัวอยู่ข้างในจำนวนตัวเลขการกระทำในชุดแอ็คชั่นเป็นสองเท่าของจำนวนบล็อกและตุ๊กตาสัตว์รวมกันกล่องดินสอสีมีสีเทียน 12 สีและสมุดสติกเกอร์มี 8 หน้าแต่ละหน้ามี 13 สติกเกอร์หอคอยของแหวนซ้อนมีวงแหวนหลากสี 28 วงเฉินเพิ่งซื้อท่อลูกเด้งนำจำนวนของเธอจำนวนทั้งหมดให้หลานชายของเธอสูงถึง 300 ลูกบอลเด้งกี่ลูกเข้ามาในหลอด?,42
เมื่อฮารุกะเฝ้าดูพี่ชายของเธอเธอจะได้ของเล่นมากมายให้เขาถุงของหน่วยการสร้างมี 34 บล็อกอยู่ในนั้นถังขยะของสัตว์ตุ๊กตามีสัตว์ตุ๊กตา 8 ตัวอยู่ข้างในจำนวนตัวเลขการกระทำในชุดแอ็คชั่นเป็นสองเท่าของจำนวนบล็อกและตุ๊กตาสัตว์รวมกันกล่องดินสอสีมีสีเทียน 12 สีและสมุดสติกเกอร์มี 9 หน้าแต่ละหน้ามี 9 สติกเกอร์หอคอยของแหวนซ้อนมีวงแหวนหลากสี 26 วงHaruka เพิ่งซื้อท่อลูกบอลเด้งนำของเธอจำนวนทั้งหมดให้กับพี่ชายของเธอมากถึง 300 ลูกบอลเด้งกี่ลูกเข้ามาในหลอด?,55
เมื่อ Yara เฝ้าดูหลานชายของเธอเธอได้รับของเล่นมากมายให้เขาถุงของหน่วยการสร้างมี 35 ช่วงตึกถังยัดสัตว์มีสัตว์ตุ๊กตา 9 ตัวอยู่ข้างในจำนวนตัวเลขการกระทำในชุดแอ็คชั่นเป็นสองเท่าของจำนวนบล็อกและตุ๊กตาสัตว์รวมกันกล่องดินสอสีมีสีเทียน 12 สีและสมุดสติกเกอร์มี 7 หน้าแต่ละหน้ามี 13 สติกเกอร์หอคอยของแหวนซ้อนมีวงแหวนหลากสี 31 วงเมื่อเร็ว ๆ นี้ Yara ซื้อท่อลูกบอลเด้งนำจำนวนทั้งหมดของเธอให้หลานชายของเธอสูงถึง 340 ลูกบอลเด้งกี่ลูกเข้ามาในหลอด?,74
เมื่อทาราเฝ้าดูหลานชายของเธอเธอจะได้ของเล่นมากมายให้เขากระเป๋าของหน่วยการสร้างมี 38 ช่วงตึกถังขยะของสัตว์ตุ๊กตามีสัตว์ตุ๊กตา 5 ตัวอยู่ข้างในจำนวนตัวเลขการกระทำในชุดแอ็คชั่นเป็นสองเท่าของจำนวนบล็อกและตุ๊กตาสัตว์รวมกันกล่องดินสอสีมีสีเทียน 12 สีและสมุดสติกเกอร์มี 7 หน้าแต่ละหน้ามีสติกเกอร์ 11 ตัวหอคอยของแหวนซ้อนมีแหวนหลายสี 30 วงTara เพิ่งซื้อท่อลูกบอลเด้งนำจำนวนของเธอจำนวนทั้งหมดให้หลานชายของเธอสูงถึง 290 ลูกบอลเด้งกี่ลูกเข้ามาในหลอด?,42
ลุงกินพิซซ่า 16 ครั้งต่อวันคู่สมรสของเขากินพิซซ่า 16 พิซซ่าต่อวันและหลานของพวกเขากินครึ่งหนึ่งของพิซซ่ารวมกันที่พวกเขากินต่อวันหลังจากหนึ่งเดือนครอบครัวตัดสินใจที่จะทานอาหารในเดือนหลังลดการบริโภคอาหาร 25% ในช่วงครึ่งแรกของเดือนและเพิ่มอีก 50% สำหรับครึ่งหลังครอบครัวนี้กินพิซซ่ากี่ครั้งในสองเดือน?,2250
ลุงกินแฮมเบอร์เกอร์ 24 คนต่อวันคู่สมรสของเขากินแฮมเบอร์เกอร์ 24 คนต่อวันและหลานของพวกเขากินครึ่งหนึ่งของแฮมเบอร์เกอร์รวมกันที่พวกเขากินต่อวันหลังจากหนึ่งเดือนครอบครัวตัดสินใจที่จะทานอาหารในเดือนหลังลดการบริโภคอาหารของพวกเขา 75% ในช่วงครึ่งแรกของเดือนและเพิ่มอีก 50% สำหรับครึ่งหลังครอบครัวนี้กินแฮมเบอร์เกอร์กี่ครั้งในสองเดือน?,2565
พ่อกินเบอร์ริโต 5 คนต่อวันภรรยาของเขากินเบอร์ริโต 25 คนต่อวันและลูกสาวของพวกเขากินหนึ่งในสามของจำนวนเบอร์ริโตที่พวกเขากินต่อวันหลังจากหนึ่งเดือนครอบครัวก็ตัดสินใจที่จะทานอาหารในเดือนหลังลดการบริโภคอาหาร 60% ในช่วงครึ่งแรกของเดือนและเพิ่มอีก 50% สำหรับครึ่งหลังครอบครัวนี้กินเบอร์ริโตกี่ครั้งในสองเดือน?,1560
ปู่กินซูชิ 10 ม้วนต่อวันหุ้นส่วนของเขากินซูชิ 15 ม้วนต่อวันและลูกชายของพวกเขากินสี่ในห้าของจำนวนม้วนซูชิรวมที่พวกเขากินต่อวันหลังจากหนึ่งเดือนครอบครัวตัดสินใจที่จะทานอาหารในเดือนหลังลดการบริโภคอาหาร 20% ในช่วงครึ่งแรกของเดือนและเพิ่มอีก 25% ในช่วงครึ่งหลังครอบครัวนี้กินซูชิกี่ม้วนในสองเดือน?,2295
พ่อกินพิซซ่า 20 ครั้งต่อวันภรรยาของเขากินพิซซ่า 5 พิซซ่าต่อวันและลูกสาวของพวกเขากินพิซซ่าจำนวนหนึ่งในห้าของจำนวนรวมที่พวกเขากินต่อวันหลังจากหนึ่งเดือนครอบครัวตัดสินใจที่จะทานอาหารในเดือนหลังลดการบริโภคอาหาร 20% ในช่วงครึ่งแรกของเดือนและเพิ่มอีก 75% สำหรับครึ่งหลังครอบครัวนี้กินพิซซ่ากี่ครั้งในสองเดือน?,1350
พ่อกินแฮมเบอร์เกอร์ 25 คนต่อวันภรรยาของเขากินแฮมเบอร์เกอร์ 20 แฮมเบอร์เกอร์ต่อวันและลูกสาวของพวกเขากินแฮมเบอร์เกอร์สองในสามของจำนวนแฮมเบอร์เกอร์ที่พวกเขากินต่อวันหลังจากหนึ่งเดือนครอบครัวตัดสินใจที่จะทานอาหารในเดือนหลังลดการบริโภคอาหาร 20% ในช่วงครึ่งแรกของเดือนและเพิ่มอีก 25% ในช่วงครึ่งหลังครอบครัวนี้กินแฮมเบอร์เกอร์กี่ครั้งในสองเดือน?,3825
ลุงกินซูชิ 20 ม้วนต่อวันคู่สมรสของเขากินซูชิ 10 ม้วนต่อวันและหลานของพวกเขากินม้วนซูชิสองหกหกม้วนที่พวกเขากินต่อวันหลังจากหนึ่งเดือนครอบครัวตัดสินใจที่จะทานอาหารในเดือนหลังลดการบริโภคอาหาร 60% ในช่วงครึ่งแรกของเดือนและเพิ่มอีก 75% ในช่วงครึ่งหลังครอบครัวนี้กินซูชิกี่ม้วนในสองเดือน?,1500
ลุงกิน 10 เบอร์ริโตต่อวันคู่สมรสของเขากินเบอร์ริโต 20 คนต่อวันและหลานของพวกเขากินเบอร์ริโตสามหกหกหกตัวที่พวกเขากินต่อวันหลังจากหนึ่งเดือนครอบครัวตัดสินใจที่จะทานอาหารในเดือนหลังลดการบริโภคอาหาร 20% ในช่วงครึ่งแรกของเดือนและเพิ่มอีก 75% สำหรับครึ่งหลังครอบครัวนี้กินเบอร์ริโตกี่ครั้งในสองเดือน?,2025
ปู่กินแฮมเบอร์เกอร์ 20 คนต่อวันหุ้นส่วนของเขากินแฮมเบอร์เกอร์ 20 แฮมเบอร์เกอร์ต่อวันและลูกชายของพวกเขากินแฮมเบอร์เกอร์จำนวนสามหกหกครั้งที่พวกเขากินต่อวันหลังจากหนึ่งเดือนครอบครัวตัดสินใจที่จะทานอาหารในเดือนหลังลดการบริโภคอาหาร 25% ในช่วงครึ่งแรกของเดือนและเพิ่มอีก 20% ในช่วงครึ่งหลังครอบครัวนี้กินแฮมเบอร์เกอร์กี่ครั้งในสองเดือน?,3015
ปู่กิน 10 ทาโก้ต่อวันคู่ของเขากินทาโก้ 20 ทาโก้ต่อวันและลูกชายของพวกเขากินครึ่งหนึ่งของจำนวนทาโก้รวมกันที่พวกเขากินต่อวันหลังจากหนึ่งเดือนครอบครัวก็ตัดสินใจที่จะทานอาหารในเดือนหลังลดการบริโภคอาหาร 60% ในช่วงครึ่งแรกของเดือนและเพิ่มอีก 50% สำหรับครึ่งหลังครอบครัวนี้กินทาโก้กี่ครั้งในสองเดือน?,1755
Kimia มีเตียงดอกไม้ที่มีความยาว 126 ฟุตKimia ต้องการเติมเตียงดอกไม้ของเธอด้วยพืชดอกไม้ของ Kimia เติบโตกว้าง 7 ฟุตดังนั้นเธอจึงต้องทิ้ง 14 ฟุตระหว่างพืชทุกชนิด (รวมถึงความกว้างของพืช)Kimia เป็นเจ้าของดอกไม้ 6 ดอกแล้วแต่ละโรงงานออกดอกมีค่าใช้จ่าย₣ 4 ที่ร้านอย่างไรก็ตามหากเธอซื้อพืชมากกว่า 2 ต้นเธอจะได้รับส่วนลด₣ 5 จากการซื้อทั้งหมดKimia จะใช้จ่ายเงินเท่าไหร่ที่ร้านเพื่อเติมเตียงดอกไม้ของเธอ?,7
กาเบรียลมีเตียงดอกไม้ที่มีความยาว 150 เมตรกาเบรียลต้องการเติมเต็มเตียงดอกไม้ของเธอด้วยพืชดอกไม้ของกาเบรียลเติบโตกว้าง 3 เมตรดังนั้นเธอจึงต้องทิ้ง 15 เมตรระหว่างพืชทุกชนิด (รวมถึงความกว้างของพืช)กาเบรียลเป็นเจ้าของดอกไม้ 7 ดอกแล้วโรงงานดอกแต่ละแห่งมีค่าใช้จ่าย $ 3 ที่ร้านอย่างไรก็ตามหากเธอซื้อพืชมากกว่า 2 ต้นเธอจะได้รับส่วนลด $ 8 จากการซื้อทั้งหมดกาเบรียลจะใช้จ่ายเงินเท่าไหร่ที่ร้านเพื่อเติมเตียงดอกไม้ของเธอ?,1
เหม่ยมีเตียงดอกไม้ที่ยาว 120 เมตรเหม่ยต้องการเติมเต็มเตียงดอกไม้ของเธอด้วยพืชดอกไม้ของเหม่ยเติบโตกว้าง 4 เมตรดังนั้นเธอจึงต้องทิ้งไว้ 12 เมตรระหว่างพืชทุกชนิด (รวมถึงความกว้างของพืช)เหม่ยเป็นเจ้าของดอกไม้ 6 ดอกแล้วโรงงานดอกแต่ละแห่งมีค่าใช้จ่าย $ 5 ที่ร้านอย่างไรก็ตามหากเธอซื้อพืชมากกว่า 2 ต้นเธอจะได้รับส่วนลด $ 5 จากการซื้อทั้งหมดเหม่ยจะใช้จ่ายเงินเท่าไหร่ที่ร้านเพื่อเติมเตียงดอกไม้ของเธอ?,15
Haruka มีเตียงดอกไม้ที่ยาว 117 เมตรHaruka ต้องการเติมเตียงดอกไม้ของเธอด้วยพืชดอกไม้ของ Haruka เติบโตกว้าง 3 เมตรดังนั้นเธอจึงต้องทิ้ง 13 เมตรระหว่างพืชทุกชนิด (รวมถึงความกว้างของพืช)Haruka เป็นเจ้าของดอกไม้ 6 ดอกแล้วโรงงานดอกแต่ละแห่งมีค่าใช้จ่าย€ 8 ที่ร้านอย่างไรก็ตามหากเธอซื้อพืชมากกว่า 2 ต้นเธอจะได้รับส่วนลด€ 9 จากการซื้อทั้งหมดHaruka จะใช้จ่ายเงินเท่าไหร่ที่ร้านเพื่อเติมเตียงดอกไม้ของเธอ?,15
Valentina มีเตียงดอกไม้ที่มีความยาว 144 ฟุตValentina ต้องการเติมเตียงดอกไม้ของเธอด้วยพืชดอกไม้ของ Valentina เติบโตกว้าง 7 ฟุตดังนั้นเธอจึงต้องทิ้ง 18 ฟุตระหว่างพืชทุกชนิด (รวมถึงความกว้างของพืช)Valentina เป็นเจ้าของดอกไม้ 5 ดอกแล้วโรงงานดอกแต่ละแห่งมีค่าใช้จ่าย $ 5 ที่ร้านอย่างไรก็ตามหากเธอซื้อพืชมากกว่า 2 ต้นเธอจะได้รับส่วนลด $ 8 จากการซื้อทั้งหมดวาเลนติน่าจะใช้จ่ายเงินเท่าไหร่ที่ร้านเพื่อเติมเตียงดอกไม้ของเธอ?,7
Zahra มีเตียงดอกไม้ที่มีความยาว 144 ฟุตZahra ต้องการเติมเตียงดอกไม้ของเธอด้วยพืชดอกไม้ของ Zahra เติบโตกว้าง 4 ฟุตดังนั้นเธอจึงต้องทิ้งไว้ 12 ฟุตระหว่างพืชทุกชนิด (รวมถึงความกว้างของพืช)Zahra เป็นเจ้าของดอกไม้ 5 ดอกแล้วแต่ละโรงงานออกดอกมีค่าใช้จ่าย₣ 13 ที่ร้านอย่างไรก็ตามหากเธอซื้อพืชมากกว่า 2 ต้นเธอจะได้รับส่วนลด₣ 5 จากการซื้อทั้งหมดZahra จะใช้จ่ายเงินเท่าไหร่ที่ร้านเพื่อเติมเตียงดอกไม้ของเธอ?,86
Isabella มีเตียงดอกไม้ที่มีความยาว 143 เมตรIsabella ต้องการเติมเตียงดอกไม้ของเธอด้วยพืชดอกไม้ของ Isabella เติบโตกว้าง 2 เมตรดังนั้นเธอจึงต้องทิ้ง 13 เมตรระหว่างพืชทุกชนิด (รวมถึงความกว้างของพืช)Isabella เป็นเจ้าของดอกไม้ 5 ดอกแล้วแต่ละโรงงานออกดอกมีค่าใช้จ่าย₣ 10 ที่ร้านอย่างไรก็ตามหากเธอซื้อพืชมากกว่า 2 ต้นเธอจะได้รับส่วนลด₣ 7 จากการซื้อทั้งหมดIsabella จะใช้จ่ายเงินเท่าไหร่ที่ร้านเพื่อเติมเตียงดอกไม้ของเธอ?,53
Daphne มีเตียงดอกไม้ที่มีความยาว 144 เมตรDaphne ต้องการเติมเตียงดอกไม้ของเธอด้วยพืชดอกไม้ของ Daphne เติบโตกว้าง 2 เมตรดังนั้นเธอจึงต้องทิ้งไว้ 12 เมตรระหว่างพืชทุกชนิด (รวมถึงความกว้างของพืช)Daphne เป็นเจ้าของดอกไม้ 7 ดอกแล้วแต่ละโรงงานออกดอกมีค่าใช้จ่าย¥ 3 ที่ร้านอย่างไรก็ตามหากเธอซื้อพืชมากกว่า 2 ต้นเธอจะได้รับส่วนลด¥ 9 จากการซื้อทั้งหมดDaphne จะใช้จ่ายเงินเท่าไหร่ที่ร้านเพื่อเติมเตียงดอกไม้ของเธอ?,6
ซากุระมีเตียงดอกไม้ที่มีความยาว 120 เมตรซากุระต้องการเติมเต็มเตียงดอกไม้ของเธอด้วยพืชดอกไม้ของซากุระเติบโตกว้าง 7 เมตรดังนั้นเธอจึงต้องทิ้งไว้ 12 เมตรระหว่างพืชทุกชนิด (รวมถึงความกว้างของพืช)ซากุระเป็นเจ้าของดอกไม้ 7 ดอกแล้วโรงงานดอกแต่ละแห่งมีค่าใช้จ่าย₺9ที่ร้านอย่างไรก็ตามหากเธอซื้อพืชมากกว่า 2 ต้นเธอจะได้รับส่วนลด₺6จากการซื้อทั้งหมดซากุระจะใช้จ่ายเงินเท่าไหร่ที่ร้านเพื่อเติมเตียงดอกไม้ของเธอ?,21
Mia มีเตียงดอกไม้ที่ยาว 128 ฟุตMia ต้องการเติมเตียงดอกไม้ของเธอด้วยพืชดอกไม้ของ Mia เติบโตกว้าง 2 ฟุตดังนั้นเธอจึงต้องทิ้ง 16 ฟุตระหว่างพืชทุกชนิด (รวมถึงความกว้างของพืช)Mia เป็นเจ้าของดอกไม้ 5 ดอกแล้วแต่ละโรงงานออกดอกมีค่าใช้จ่าย¥ 3 ที่ร้านอย่างไรก็ตามหากเธอซื้อพืชมากกว่า 2 ต้นเธอจะได้รับส่วนลด¥ 8 จากการซื้อทั้งหมดMia จะใช้จ่ายเงินเท่าไหร่ที่ร้านเพื่อเติมเตียงดอกไม้ของเธอ?,1
Andre กำลังโผล่ข้าวโพดคั่วเป็นของว่างเมื่อหม้อของเมล็ดร้อนขึ้นเมล็ดก็เริ่มโผล่เร็วขึ้น80 ป๊อปใน 10 วินาทีแรกของการปรุงอาหารจากนั้น 4 ครั้งจำนวนนั้นในอีก 10 วินาทีถัดไปเคอร์เนลเพิ่มขึ้นเป็น 6 เท่าของอัตราการป๊อปปิงเริ่มต้นในอีก 10 วินาทีใน 10 วินาทีสุดท้ายการโผล่จะช้าลงถึงครึ่งหนึ่งของอัตรา 10 วินาทีที่ผ่านมาหลังจากที่ Andre นำหม้อออกจากความร้อนหนึ่งในสี่ของจำนวนเมล็ดที่โผล่ขึ้นมาใน 10 วินาทีสุดท้ายของการปรุงอาหารก็ปรากฏขึ้นจากความร้อนที่เหลือAndre มอบข้าวโพดคั่วที่ทำให้แก่จินน้องชายของเขา 1/10Andre ต้องกินข้าวโพดคั่วอีกกี่ชิ้นกว่าพี่ชายของเขา?,944
เบนจามินกำลังป๊อปคอร์นเพื่อทานของว่างเมื่อกระทะของเมล็ดร้อนขึ้นเมล็ดก็เริ่มโผล่ขึ้นเร็วขึ้น80 ป๊อปใน 26 วินาทีแรกของการปรุงอาหารจากนั้น 2 เท่านั้นจำนวนนั้นใน 26 วินาทีถัดไปเคอร์เนลเพิ่มขึ้นเป็น 3 เท่าของอัตราการป๊อปปิงเริ่มต้นในอีก 26 วินาทีในช่วง 26 วินาทีสุดท้าย Popping จะช้าลงถึงครึ่งหนึ่งของอัตรา 26 วินาทีที่ผ่านมาหลังจากเบ็นจามินออกจากความร้อนหนึ่งในสี่ของจำนวนเมล็ดที่โผล่ขึ้นมาในช่วง 26 วินาทีสุดท้ายของการปรุงอาหารก็ปรากฏขึ้นจากความร้อนที่เหลือเบนจามินมอบข้าวโพดคั่วที่ทำขึ้นให้กับยูซุฟน้องชายของเขา 1/7เบนจามินต้องกินข้าวโพดคั่วอีกกี่ชิ้นกว่าพี่ชายของเขา?,450
โอลิเวอร์กำลังโผล่ข้าวโพดคั่วเป็นของว่างในขณะที่กระทะของเคอร์เนลร้อนขึ้นเมล็ดก็เริ่มโผล่เร็วขึ้น60 ป๊อปใน 22 วินาทีแรกของการปรุงอาหารจากนั้น 3 ครั้งจำนวนนั้นใน 22 วินาทีถัดไปเคอร์เนลเพิ่มขึ้นเป็น 4 เท่าของอัตราการป๊อปปิงเริ่มต้นในอีก 22 วินาทีใน 22 วินาทีสุดท้ายการโผล่จะช้าลงถึงครึ่งหนึ่งของอัตรา 22 วินาทีที่ผ่านมาหลังจากโอลิเวอร์นำความร้อนออกจากความร้อนหนึ่งในสี่ของจำนวนเมล็ดที่โผล่ขึ้นมาใน 22 วินาทีสุดท้ายของการปรุงอาหารก็ปรากฏขึ้นจากความร้อนที่เหลือโอลิเวอร์มอบข้าวโพดคั่วหนึ่งในสิบให้กับ Thiago น้องชายของเขาโอลิเวอร์ต้องกินข้าวโพดคั่วอีกกี่ชิ้นกว่าพี่ชายของเขา?,504
Thiago กำลังโผล่ข้าวโพดคั่วเป็นของว่างในขณะที่กระทะของเคอร์เนลร้อนขึ้นเมล็ดก็เริ่มโผล่เร็วขึ้น40 ป๊อปใน 26 วินาทีแรกของการปรุงอาหารจากนั้น 3 ครั้งจำนวนนั้นใน 26 วินาทีถัดไปเคอร์เนลเพิ่มขึ้นเป็น 4 เท่าของอัตราการป๊อปปิงเริ่มต้นในอีก 26 วินาทีในช่วง 26 วินาทีสุดท้าย Popping จะช้าลงถึงครึ่งหนึ่งของอัตรา 26 วินาทีที่ผ่านมาหลังจากที่ Thiago ถอด Skillet ออกจากความร้อนหนึ่งในสี่ของจำนวนเมล็ดที่โผล่ขึ้นมาใน 26 วินาทีสุดท้ายของการปรุงอาหารก็ปรากฏขึ้นจากความร้อนที่เหลือThiago มอบข้าวโพดคั่วที่ทำขึ้นให้กับซันเจย์น้องชายของเขา 1/10Thiago ต้องกินข้าวโพดคั่วอีกกี่ชิ้นกว่าพี่ชายของเขา?,336
Sanjay กำลังโผล่ข้าวโพดคั่วเป็นของว่างเมื่อกระทะของเมล็ดร้อนขึ้นเมล็ดก็เริ่มโผล่ขึ้นเร็วขึ้น80 ป๊อปใน 26 วินาทีแรกของการปรุงอาหารจากนั้น 4 ครั้งจำนวนนั้นใน 26 วินาทีถัดไปเคอร์เนลเพิ่มขึ้นเป็น 6 เท่าของอัตราการป๊อปปิงเริ่มต้นในอีก 26 วินาทีในช่วง 26 วินาทีสุดท้าย Popping จะช้าลงถึงครึ่งหนึ่งของอัตรา 26 วินาทีที่ผ่านมาหลังจากที่แซนเจย์ออกจากความร้อนหนึ่งในสี่ของจำนวนเมล็ดที่โผล่ขึ้นมาในการปรุงอาหาร 26 วินาทีสุดท้ายก็ปรากฏขึ้นจากความร้อนที่เหลือแซนเจย์มอบข้าวโพดคั่วที่ทำให้แก่โนอาห์ให้กับพี่ชายของเขา 1/5Sanjay ต้องกินข้าวโพดคั่วอีกกี่ชิ้นกว่าพี่ชายของเขา?,708
ออสการ์กำลังโผล่ข้าวโพดคั่วเป็นของว่างเมื่อกระทะของเมล็ดร้อนขึ้นเมล็ดก็เริ่มโผล่ขึ้นเร็วขึ้น80 ป๊อปใน 16 วินาทีแรกของการปรุงอาหารจากนั้น 3 ครั้งจำนวนนั้นในอีก 16 วินาทีถัดไปเคอร์เนลเพิ่มขึ้นเป็น 5 เท่าของอัตราการป๊อปปิงเริ่มต้นในอีก 16 วินาทีในช่วง 16 วินาทีสุดท้าย Popping จะช้าลงถึงครึ่งหนึ่งของอัตราเมื่อ 16 วินาทีที่ผ่านมาหลังจากออสการ์นำกระทะออกจากความร้อนหนึ่งในสี่ของจำนวนเมล็ดที่โผล่ขึ้นมาในช่วง 16 วินาทีสุดท้ายของการปรุงอาหารก็ปรากฏขึ้นจากความร้อนที่เหลือออสการ์มอบข้าวโพดคั่วสองในห้าให้กับเบนจามินน้องชายของเขาออสการ์ต้องกินข้าวโพดคั่วอีกกี่ชิ้นกว่าพี่ชายของเขา?,194
Pavel กำลังโผล่ข้าวโพดคั่วเป็นของว่างเมื่อกระทะของเมล็ดร้อนขึ้นเมล็ดก็เริ่มโผล่ขึ้นเร็วขึ้น80 ป๊อปใน 12 วินาทีแรกของการปรุงอาหารจากนั้น 2 เท่าของจำนวนนั้นใน 12 วินาทีถัดไปเคอร์เนลเพิ่มขึ้นเป็น 6 เท่าของอัตราการป๊อปปิงเริ่มต้นในอีก 12 วินาทีในช่วง 12 วินาทีสุดท้าย Popping จะช้าลงถึงครึ่งหนึ่งของอัตรา 12 วินาทีที่ผ่านมาหลังจาก Pavel นำกระทะออกจากความร้อนหนึ่งในสี่ของจำนวนเมล็ดที่โผล่ขึ้นมาใน 12 วินาทีสุดท้ายของการปรุงอาหารก็ปรากฏขึ้นจากความร้อนที่เหลือPavel ให้หนึ่งในหกของข้าวโพดคั่วที่ทำกับ Luca น้องชายของเขาPavel ต้องกินข้าวโพดคั่วอีกกี่ชิ้นกว่าพี่ชายของเขา?,680
ลีออนกำลังโผล่ข้าวโพดคั่วเป็นของว่างเมื่อหม้อของเมล็ดร้อนขึ้นเมล็ดก็เริ่มโผล่เร็วขึ้น40 ป๊อปใน 26 วินาทีแรกของการปรุงอาหารจากนั้น 4 ครั้งจำนวนนั้นใน 26 วินาทีถัดไปเคอร์เนลเพิ่มขึ้นเป็น 5 เท่าของอัตราการป๊อปปิงเริ่มต้นในอีก 26 วินาทีในช่วง 26 วินาทีสุดท้าย Popping จะช้าลงถึงครึ่งหนึ่งของอัตรา 26 วินาทีที่ผ่านมาหลังจากลีออนถอดหม้อออกจากความร้อนหนึ่งในสี่ของจำนวนเมล็ดที่โผล่ขึ้นมาใน 26 วินาทีสุดท้ายของการปรุงอาหารก็ปรากฏขึ้นจากความร้อนที่เหลือลีออนมอบป๊อปคอร์นสองในห้าให้กับโนอาห์น้องชายของเขาลีออนต้องกินข้าวโพดคั่วอีกกี่ชิ้นกว่าพี่ชายของเขา?,105
Deshawn กำลังโผล่ข้าวโพดคั่วเป็นของว่างเมื่อกระทะของเมล็ดร้อนขึ้นเมล็ดก็เริ่มโผล่ขึ้นเร็วขึ้น100 ป๊อปใน 30 วินาทีแรกของการปรุงอาหารจากนั้น 2 เท่านั้นจำนวนนั้นในอีก 30 วินาทีถัดไปเคอร์เนลเพิ่มขึ้นเป็น 4 เท่าของอัตราการป๊อปปิงเริ่มต้นในอีก 30 วินาทีในช่วง 30 วินาทีสุดท้าย Popping จะช้าลงถึงครึ่งหนึ่งของอัตรา 30 วินาทีที่ผ่านมาหลังจาก Deshawn นำกระทะออกจากความร้อนหนึ่งในสี่ของจำนวนเมล็ดที่โผล่ขึ้นมาใน 30 วินาทีสุดท้ายของการปรุงอาหารก็ปรากฏขึ้นจากความร้อนที่เหลือDeshawn มอบข้าวโพดคั่วที่ทำให้กับอิบราฮิมให้กับพี่ชายของเขา 2/5Deshawn ต้องกินข้าวโพดคั่วอีกกี่ชิ้นกว่าพี่ชายของเขา?,190
โมฮัมเหม็ดเป็นข้าวโพดคั่วเป็นของว่างเมื่อหม้อของเมล็ดร้อนขึ้นเมล็ดก็เริ่มโผล่เร็วขึ้น20 ป๊อปใน 16 วินาทีแรกของการปรุงอาหารจากนั้น 2 เท่านั้นจำนวนนั้นใน 16 วินาทีถัดไปเคอร์เนลเพิ่มขึ้นเป็น 4 เท่าของอัตราการป๊อปปิงเริ่มต้นในอีก 16 วินาทีในช่วง 16 วินาทีสุดท้าย Popping จะช้าลงถึงครึ่งหนึ่งของอัตราเมื่อ 16 วินาทีที่ผ่านมาหลังจากโมฮัมเหม็ดถอดหม้อออกจากความร้อนหนึ่งในสี่ของจำนวนเมล็ดที่โผล่ขึ้นมาในช่วง 16 วินาทีสุดท้ายของการปรุงอาหารก็ปรากฏขึ้นจากความร้อนที่เหลือโมฮัมเหม็ดมอบข้าวโพดคั่วที่ทำขึ้นให้กับอารัลน้องชายของเขา 2/5/5โมฮัมเหม็ดต้องกินข้าวโพดคั่วอีกกี่ชิ้นกว่าพี่ชายของเขา?,38
Luca ต้องการสร้างก้อนน้ำแข็งขนาดต่าง ๆ ด้วยน้ำ 337 ออนซ์เขาสามารถสร้างก้อนยักษ์ที่ใช้ 14 ออนซ์ต่อลูกบาศก์ก้อนกลางที่ใช้ 3 ออนซ์ก้อนเล็ก ๆ ที่ใช้ 1/2 ของออนซ์และลูกบาศก์เล็ก ๆ ที่มีขนาดครึ่งหนึ่งของลูกบาศก์ขนาดเล็กเขาทำก้อนน้ำแข็งทั้งหมด 47 ก้อนรวมถึงก้อนยักษ์ 9 ก้อนลูกก้อนเล็ก 14 ลูกก้อนขนาดกลาง 12 ก้อนและก้อนเล็ก ๆLuca มีน้ำเหลือกี่ออนซ์?,165
Deshawn ต้องการสร้างก้อนน้ำแข็งขนาดต่าง ๆ ด้วยน้ำ 312 ออนซ์เขาสามารถสร้างก้อนยักษ์ที่ใช้ 15 ออนซ์ต่อลูกบาศก์ก้อนกลางที่ใช้ 5 ออนซ์ก้อนเล็ก ๆ ที่ใช้ 1/2 ของออนซ์และลูกบาศก์เล็ก ๆ ที่มีขนาดครึ่งหนึ่งของลูกบาศก์ขนาดเล็กเขาทำก้อนน้ำแข็งทั้งหมด 46 ก้อนรวมถึงลูกบาศก์ยักษ์ 8 ก้อนลูกก้อนเล็ก ๆ 14 ลูกก้อนขนาดกลาง 12 ลูกและก้อนเล็ก ๆDeshawn มีน้ำเหลือกี่ออนซ์?,122
โนอาห์ต้องการสร้างก้อนน้ำแข็งขนาดต่าง ๆ ด้วยน้ำ 336 ออนซ์เขาสามารถสร้างก้อนยักษ์ที่ใช้ 15 ออนซ์ต่อลูกบาศก์ก้อนกลางที่ใช้ 4 ออนซ์ลูกบาศก์ขนาดเล็กที่ใช้ 1/2 ของออนซ์และลูกบาศก์เล็ก ๆ ที่มีขนาดครึ่งหนึ่งของลูกบาศก์ขนาดเล็กเขาทำก้อนน้ำแข็งทั้งหมด 49 ก้อนรวมถึงลูกบาศก์ยักษ์ 8 ลูกก้อนเล็ก 14 ลูกก้อนเล็ก ๆ 15 ลูกบาศก์และก้อนเล็ก ๆ บางก้อนโนอาห์มีน้ำเหลือกี่ออนซ์?,146
"Viktor ต้องการสร้างก้อนน้ำแข็งขนาดต่าง ๆ ด้วยน้ำ 313 ออนซ์เขาสามารถสร้างก้อนยักษ์ที่ใช้ 12 ออนซ์ต่อลูกบาศก์ก้อนกลางที่ใช้ 4 ออนซ์ลูกบาศก์ขนาดเล็กที่ใช้ 1/2 ของออนซ์และลูกบาศก์เล็ก ๆ ที่มีขนาดครึ่งหนึ่งของลูกบาศก์ขนาดเล็กเขาทำก้อนน้ำแข็งทั้งหมด 50 ก้อนรวมถึงก้อนยักษ์ 12 ก้อน, ลูกบาศก์เล็ก 14 ก้อน, ก้อนขนาดกลาง 12 ก้อนและก้อนเล็ก ๆViktor มีน้ำเหลือกี่ออนซ์?",111
Alejandro ต้องการสร้างก้อนน้ำแข็งขนาดต่าง ๆ ด้วยน้ำ 309 ออนซ์เขาสามารถสร้างก้อนยักษ์ที่ใช้ 14 ออนซ์ต่อลูกบาศก์ก้อนกลางที่ใช้ 6 ออนซ์ก้อนเล็ก ๆ ที่ใช้ 1/2 ของออนซ์และลูกบาศก์เล็ก ๆ ที่มีขนาดครึ่งหนึ่งของลูกบาศก์ขนาดเล็กเขาทำก้อนน้ำแข็งทั้งหมด 50 ก้อนรวมถึงก้อนยักษ์ 9 ก้อนลูกก้อนเล็ก ๆ 14 ลูกก้อนเล็ก ๆ 15 ก้อนและก้อนเล็ก ๆ บางก้อนAlejandro มีน้ำกี่ออนซ์?,83
โอลิเวอร์ต้องการสร้างก้อนน้ำแข็งขนาดต่างกันด้วยน้ำ 326 ออนซ์เขาสามารถสร้างก้อนยักษ์ที่ใช้ 14 ออนซ์ต่อลูกบาศก์ลูกบาศก์กลางที่ใช้ 4 ออนซ์ก้อนเล็ก ๆ ที่ใช้ 2/4 ของออนซ์และลูกบาศก์เล็ก ๆ ที่มีขนาดครึ่งหนึ่งของลูกบาศก์ขนาดเล็กเขาทำก้อนน้ำแข็งทั้งหมด 48 ก้อนรวมถึงก้อนยักษ์ 10 ก้อนลูกก้อนเล็ก ๆ 14 ลูกก้อนขนาดกลาง 12 ลูกและก้อนเล็ก ๆโอลิเวอร์มีน้ำเหลือกี่ออนซ์?,128
คาร์ลอสต้องการสร้างก้อนน้ำแข็งขนาดต่าง ๆ ด้วยน้ำ 318 ออนซ์เขาสามารถสร้างก้อนยักษ์ที่ใช้ 13 ออนซ์ต่อลูกบาศก์ก้อนกลางที่ใช้ 3 ออนซ์ก้อนเล็ก ๆ ที่ใช้ 2/4 ของออนซ์และลูกบาศก์เล็ก ๆ ที่มีขนาดครึ่งหนึ่งของลูกบาศก์ขนาดเล็กเขาทำก้อนน้ำแข็งทั้งหมด 47 ก้อนรวมถึงก้อนยักษ์ 9 ก้อนลูกก้อนเล็ก 14 ลูกก้อนขนาดกลาง 12 ก้อนและก้อนเล็ก ๆคาร์ลอสมีน้ำเหลือกี่ออนซ์?,155
Mateo ต้องการสร้างก้อนน้ำแข็งขนาดต่าง ๆ ด้วยน้ำ 322 ออนซ์เขาสามารถสร้างก้อนยักษ์ที่ใช้ 12 ออนซ์ต่อลูกบาศก์ก้อนกลางที่ใช้ 6 ออนซ์ก้อนเล็ก ๆ ที่ใช้ 2/4 ของออนซ์และลูกบาศก์เล็ก ๆ ที่มีขนาดครึ่งหนึ่งของลูกบาศก์ขนาดเล็กเขาทำก้อนน้ำแข็งทั้งหมด 48 ก้อนรวมถึงก้อนยักษ์ 10 ก้อนลูกก้อนเล็ก ๆ 14 ลูกก้อนขนาดกลาง 12 ลูกและก้อนเล็ก ๆMateo มีน้ำเหลือกี่ออนซ์?,120
Alejandro ต้องการสร้างก้อนน้ำแข็งขนาดต่าง ๆ ด้วยน้ำ 341 ออนซ์เขาสามารถสร้างก้อนยักษ์ที่ใช้ 13 ออนซ์ต่อลูกบาศก์ก้อนกลางที่ใช้ 3 ออนซ์ก้อนเล็ก ๆ ที่ใช้ 1/2 ของออนซ์และลูกบาศก์เล็ก ๆ ที่มีขนาดครึ่งหนึ่งของลูกบาศก์ขนาดเล็กเขาทำก้อนน้ำแข็งทั้งหมด 50 ก้อนรวมถึงก้อนยักษ์ 9 ก้อนลูกก้อนเล็ก ๆ 14 ลูกก้อนเล็ก ๆ 15 ก้อนและก้อนเล็ก ๆ บางก้อนAlejandro มีน้ำกี่ออนซ์?,169
อาลีต้องการสร้างก้อนน้ำแข็งขนาดต่าง ๆ ด้วยน้ำ 331 ออนซ์เขาสามารถสร้างก้อนยักษ์ที่ใช้ 16 ออนซ์ต่อลูกบาศก์ก้อนกลางที่ใช้ 4 ออนซ์ลูกบาศก์ขนาดเล็กที่ใช้ 1/2 ของออนซ์และลูกบาศก์เล็ก ๆ ที่มีขนาดครึ่งหนึ่งของลูกบาศก์ขนาดเล็กเขาทำก้อนน้ำแข็งทั้งหมด 48 ก้อนรวมถึงก้อนยักษ์ 10 ก้อนลูกก้อนเล็ก ๆ 14 ลูกก้อนขนาดกลาง 12 ลูกและก้อนเล็ก ๆอาลีมีน้ำเหลือกี่ออนซ์?,113
ในแบบทดสอบ 100 รายการ 40% ของคำถามคือเคมี 20% เป็นภูมิศาสตร์และส่วนที่เหลือจะถูกแบ่งออกเป็นประวัติศาสตร์และคำถามพีชคณิตอย่างเท่าเทียมกันหาก Aisha แน่ใจว่าจะได้รับคำถามทางภูมิศาสตร์ 25% คำถามทางเคมี 100% และหนึ่งในสิบของคำถามและคำถามพีชคณิตอย่างถูกต้องเธอจะได้รับคะแนนกี่คะแนน?,49
ในแบบทดสอบ 80 รายการ 50% ของคำถามคือเคมี 5% เป็นชีววิทยาและส่วนที่เหลือจะถูกแบ่งออกเป็นเรขาคณิตและคำถามวรรณกรรมอย่างเท่าเทียมกันหาก Keisha แน่ใจว่าได้รับคำถามทางชีววิทยา 25% 70% ของคำถามทางเคมีและคำถามเรขาคณิตและวรรณกรรมหนึ่งในสามอย่างถูกต้องเธอจะได้รับคะแนนกี่คะแนน?,41
ในแบบทดสอบ 80 รายการ 55% ของคำถามคือฟิสิกส์ 20% เป็นเรขาคณิตและส่วนที่เหลือจะถูกแบ่งออกเป็นวรรณกรรมและคำถามทางภูมิศาสตร์อย่างเท่าเทียมกันหาก Rania แน่ใจว่าจะได้รับคำถามเรขาคณิต 25% คำถามทางฟิสิกส์ 100% และคำถามวรรณกรรมและภูมิศาสตร์ 1/2 อย่างถูกต้องเธอจะได้รับคะแนนกี่คะแนน?,58
ในแบบทดสอบ 40 รายการ 50% ของคำถามคือเคมี 10% เป็นประวัติศาสตร์และส่วนที่เหลือจะถูกแบ่งออกเป็นคำถามทางภูมิศาสตร์และชีววิทยาอย่างเท่าเทียมกันหาก Olga แน่ใจว่าได้รับคำถามประวัติศาสตร์ 25% 85% ของคำถามทางเคมีและคำถามทางภูมิศาสตร์และชีววิทยา 1/8 อย่างถูกต้องเธอจะได้รับคะแนนกี่คะแนน?,20
ในแบบทดสอบ 120 รายการ 5% ของคำถามคือเศรษฐศาสตร์ 20% เป็นชีววิทยาและส่วนที่เหลือจะถูกแบ่งออกเป็นคำถามฟิสิกส์และประวัติศาสตร์อย่างเท่าเทียมกันหากอมีเลียได้รับคำถามทางชีววิทยา 25% คำถามทางเศรษฐศาสตร์ 100% และคำถามฟิสิกส์และประวัติศาสตร์ 1/3 อย่างถูกต้องเธอจะได้รับคะแนนกี่คะแนน?,42
ในแบบทดสอบ 80 รายการ 25% ของคำถามคือฟิสิกส์ 15% เป็นชีววิทยาและส่วนที่เหลือจะถูกแบ่งออกเป็นคำถามทางภูมิศาสตร์และวรรณกรรมอย่างเท่าเทียมกันหากฟาติมาแน่ใจว่าได้รับคำถามทางชีววิทยา 25% 40% ของคำถามฟิสิกส์และคำถามทางภูมิศาสตร์และวรรณกรรมที่แปดอย่างถูกต้องเธอจะได้รับคะแนนกี่คะแนน?,17
ในแบบทดสอบ 120 รายการ 30% ของคำถามคือภูมิศาสตร์ 20% เป็นพีชคณิตและส่วนที่เหลือแบ่งออกเป็นคำถามประวัติศาสตร์และเคมีอย่างเท่าเทียมกันหากกาเบรียลได้รับคำถามพีชคณิต 25% คำถามทางภูมิศาสตร์ 50% และคำถามที่สิบของประวัติศาสตร์และเคมีอย่างถูกต้องเธอจะได้รับคะแนนกี่คะแนน?,30
ในแบบทดสอบ 80 รายการ 35% ของคำถามคือประวัติศาสตร์ 15% เป็นชีววิทยาและส่วนที่เหลือจะถูกแบ่งออกเป็นพีชคณิตและคำถามทางภูมิศาสตร์อย่างเท่าเทียมกันหากนาเดียแน่ใจว่าจะได้รับคำถามทางชีววิทยา 25% 75% ของคำถามประวัติศาสตร์และคำถามพีชคณิตและภูมิศาสตร์ที่แปดอย่างถูกต้องเธอจะได้รับคะแนนกี่คะแนน?,29
"ในแบบทดสอบ 80 รายการ 25% ของคำถามคือฟิสิกส์ 15% เป็นเรขาคณิตและส่วนที่เหลือจะถูกแบ่งออกเป็นคำถามทางเคมีและวรรณกรรมอย่างเท่าเทียมกันหากเฉินแน่ใจว่าจะได้รับคำถามเรขาคณิต 25%, 75% ของคำถามฟิสิกส์และคำถามทางเคมีและวรรณกรรม 1/8 อย่างถูกต้องเธอจะได้รับคะแนนกี่คะแนน?",24
ในแบบทดสอบ 120 รายการ 30% ของคำถามคือเศรษฐศาสตร์ 20% เป็นฟิสิกส์และส่วนที่เหลือจะถูกแบ่งออกเป็นวรรณกรรมและคำถามทางชีววิทยาอย่างเท่าเทียมกันหาก Haruka แน่ใจว่าจะได้รับคำถามฟิสิกส์ 25% คำถามทางเศรษฐศาสตร์ 100% และคำถามวรรณกรรมและชีววิทยา 1/2 อย่างถูกต้องเธอจะได้รับคะแนนกี่คะแนน?,72
ซากุระกำลังถักชุดฤดูหนาวสำหรับลูกหลาน 4 คนของเธอพวกเขาเป็นสี่เท่าดังนั้นจึงมีขนาดเท่ากันทั้งหมดเธอต้องการทำเสื้อกั๊กคาร์ดิแกนผ้าคลุมไหล่ถุงมือและถุงมือสำหรับแต่ละคนใช้เวลา 5 skeins ของขนสัตว์ในการทำเสื้อกั๊ก 4 สำหรับคาร์ดิแกน 10 สำหรับผ้าคลุมไหล่ 12 สำหรับถุงมือหนึ่งคู่และ 9 สำหรับถุงมือหนึ่งคู่ซากุระต้องการทำแจ็คเก็ตอุ่นสองตัวให้ตัวเองแต่ละคนต้องการผ้าขนสัตว์ 4 ตัวแต่ละโหล skeins ของผ้าขนสัตว์ราคา $ 9ร้านค้ามีโปรโมชั่นที่ลูกค้าจะได้รับส่วนลด $ 20 สำหรับการซื้อมากกว่า $ 100ซากุระควรจ่ายเงินเท่าไหร่สำหรับผ้าขนสัตว์ที่เธอต้องการเท่าไหร่?,106
"ฟาติมากำลังถักนิตติ้งฤดูหนาวสำหรับหลาน 5 คนของเธอพวกเขาเป็น quintuplets ดังนั้นมันจึงมีขนาดเท่ากันทั้งหมดเธอต้องการทำถั่วเสื้อกั๊กคาร์ดิแกนถุงมือและถุงมือสำหรับแต่ละคนใช้เวลา 4 skeins ของขนแกะในการทำ beanie, 6 สำหรับเสื้อกั๊ก, 8 สำหรับคาร์ดิแกน, 12 สำหรับถุงมือหนึ่งคู่และ 10 สำหรับถุงมือหนึ่งคู่ฟาติมาต้องการทำแจ็คเก็ตอุ่นสองตัวให้ตัวเองแต่ละคนต้องการผ้าขนสัตว์ 8 ตัวแต่ละโหล skeins ของผ้าขนสัตว์มีค่าใช้จ่าย $ 8ร้านค้ามีโปรโมชั่นที่ลูกค้าจะได้รับส่วนลด $ 20 สำหรับการซื้อมากกว่า $ 100ฟาติมาควรจ่ายเงินเท่าไหร่สำหรับผ้าขนสัตว์ที่เธอต้องการเท่าไหร่?",124
"วาเลอเรียกำลังถักนิตติ้งฤดูหนาวสำหรับลูกหลาน 4 คนของเธอพวกเขาเป็นสี่เท่าดังนั้นจึงมีขนาดเท่ากันทั้งหมดเธอต้องการทำเสื้อคลุมหมวกผ้าคลุมไหล่รองเท้าบู๊ตและถุงมือสำหรับแต่ละคนใช้เวลา 6 skeins ของขนสัตว์ในการทำเสื้อ 6 สำหรับหมวก, 12 สำหรับผ้าคลุมไหล่, 12 สำหรับรองเท้าบูทคู่หนึ่งและ 13 สำหรับถุงมือคู่หนึ่งValeria ต้องการสร้างแจ็คเก็ตอุ่นสองตัวให้ตัวเองแต่ละคนต้องการผ้าขนสัตว์ 4 ตัวแต่ละโหล skeins ของผ้าขนสัตว์ราคา $ 9ร้านค้ามีโปรโมชั่นที่ลูกค้าจะได้รับส่วนลด $ 20 สำหรับการซื้อมากกว่า $ 100วาเลอเรียควรจ่ายเงินเท่าไหร่สำหรับผ้าขนสัตว์ทั้งหมดที่เธอต้องการ?",133
Valentina กำลังถักชุดฤดูหนาวสำหรับลูกหลาน 5 คนของเธอพวกเขาเป็น quintuplets ดังนั้นมันจึงมีขนาดเท่ากันทั้งหมดเธอต้องการทำผ้าคลุมไหล่เสื้อคาร์ดิแกนรองเท้าบูทและถุงมือสำหรับแต่ละคนต้องใช้ผ้าขนสัตว์ 5 skeins ในการทำผ้าคลุมไหล่ 3 สำหรับเสื้อคลุม 9 สำหรับคาร์ดิแกน 10 สำหรับรองเท้าบูทคู่หนึ่งและ 11 สำหรับถุงมือหนึ่งคู่Valentina ต้องการสร้างแจ็คเก็ตอุ่นสองตัวให้ตัวเองแต่ละคนต้องการผ้าขนสัตว์ 7 ตัวแต่ละโหล skeins ของขนสัตว์มีราคา $ 7ร้านค้ามีโปรโมชั่นที่ลูกค้าจะได้รับส่วนลด $ 20 สำหรับการซื้อมากกว่า $ 100วาเลนติน่าควรจ่ายเงินเท่าไหร่สำหรับผ้าขนสัตว์ทั้งหมดที่เธอต้องการ?,99
"อูมากำลังถักนิตติ้งฤดูหนาวสำหรับลูกหลาน 4 คนของเธอพวกเขาเป็นสี่เท่าดังนั้นจึงมีขนาดเท่ากันทั้งหมดเธอต้องการทำผ้าคลุมไหล่หมวกคาร์ดิแกนอุ่นขาและถุงเท้าสำหรับแต่ละคนใช้เวลา 5 skeins ของขนแกะเพื่อทำผ้าคลุมไหล่ 3 สำหรับหมวก, 12 สำหรับคาร์ดิแกน, 11 สำหรับเครื่องอุ่นขาคู่และ 15 สำหรับถุงเท้าหนึ่งคู่อูมาต้องการทำแจ็คเก็ตอุ่นสองตัวสำหรับตัวเองแต่ละคนต้องการผ้าขนสัตว์ 10 ตัวแต่ละโหล skeins ของผ้าขนสัตว์ราคา $ 9ร้านค้ามีโปรโมชั่นที่ลูกค้าจะได้รับส่วนลด $ 20 สำหรับการซื้อมากกว่า $ 100UMA ควรจ่ายเงินเท่าไหร่สำหรับผ้าขนสัตว์ทั้งหมดที่เธอต้องการ?",133
"Roya กำลังถักนิตติ้งฤดูหนาวสำหรับลูกหลาน 5 คนของเธอพวกเขาเป็น quintuplets ดังนั้นมันจึงมีขนาดเท่ากันทั้งหมดเธอต้องการทำคาร์ดิแกน, Poncho, เสื้อกันหนาว, ถุงเท้าและถุงมือสำหรับแต่ละคนใช้เวลา 5 skeins ของขนแกะในการทำคาร์ดิแกน, 3 สำหรับเสื้อปอนโช, 8 สำหรับเสื้อสเวตเตอร์, 10 สำหรับถุงเท้าและ 14 สำหรับถุงมือหนึ่งคู่Roya ต้องการสร้างแจ็คเก็ตอุ่นสองตัวให้ตัวเองแต่ละคนต้องการผ้าขนสัตว์ 8 ตัวแต่ละโหล skeins ของผ้าขนสัตว์มีค่าใช้จ่าย $ 8ร้านค้ามีโปรโมชั่นที่ลูกค้าจะได้รับส่วนลด $ 20 สำหรับการซื้อมากกว่า $ 100Roya ควรจ่ายเงินให้กับผ้าขนสัตว์ที่เธอต้องการเท่าไหร่?",124
"กาเบรียลกำลังถักชุดฤดูหนาวสำหรับหลาน 5 คนของเธอพวกเขาเป็น quintuplets ดังนั้นมันจึงมีขนาดเท่ากันทั้งหมดเธอต้องการทำเสื้อปอนโชเสื้อกันหนาวหมวกถุงมือและอุ่นขาสำหรับแต่ละคนใช้เวลา 6 skeins ของขนสัตว์ในการทำเสื้อปอนโช, 3 สำหรับเสื้อสเวตเตอร์, 12 สำหรับหมวก, 11 สำหรับ mittens คู่หนึ่งและ 12 สำหรับคู่อุ่นขากาเบรียลต้องการสร้างแจ็คเก็ตอุ่นสองตัวให้ตัวเองแต่ละคนต้องการผ้าขนสัตว์ 10 ตัวแต่ละโหล skeins ของขนสัตว์มีราคา $ 7ร้านค้ามีโปรโมชั่นที่ลูกค้าจะได้รับส่วนลด $ 20 สำหรับการซื้อมากกว่า $ 100กาเบรียลควรจ่ายเงินเท่าไหร่สำหรับผ้าขนสัตว์ทั้งหมดที่เธอต้องการ?",120
"จัสมินกำลังถักนิตติ้งฤดูหนาวสำหรับลูกหลาน 5 คนของเธอพวกเขาเป็น quintuplets ดังนั้นมันจึงมีขนาดเท่ากันทั้งหมดเธอต้องการทำเสื้อปอนโช, คาร์ดิแกน, เสื้อคลุม, รองเท้าบูทและถุงมือสำหรับแต่ละคนใช้เวลา 6 skeins ของขนสัตว์ในการทำ poncho, 4 สำหรับคาร์ดิแกน, 10 สำหรับเสื้อคลุม, 12 สำหรับรองเท้าบูทคู่หนึ่งและ 10 สำหรับถุงมือหนึ่งคู่จัสมินต้องการทำแจ็คเก็ตอุ่นสองตัวให้ตัวเองแต่ละคนต้องการขนแกะ 9 ลูกแต่ละโหล skeins ของขนสัตว์มีราคา $ 6ร้านค้ามีโปรโมชั่นที่ลูกค้าจะได้รับส่วนลด $ 20 สำหรับการซื้อมากกว่า $ 100จัสมินควรจ่ายเท่าไหร่สำหรับผ้าขนสัตว์ที่เธอต้องการเท่าไหร่?",94
Kayla กำลังถักชุดฤดูหนาวสำหรับลูกหลาน 5 คนของเธอพวกเขาเป็น quintuplets ดังนั้นมันจึงมีขนาดเท่ากันทั้งหมดเธอต้องการทำเสื้อปอนโชเสื้อกันหนาวเสื้อคลุมอุ่นขาและถุงมือสำหรับแต่ละคนต้องใช้ผ้าขนสัตว์ 3 ตัวในการทำเสื้อปอนโช 3 สำหรับเสื้อสเวตเตอร์ 10 ตัวสำหรับเสื้อคลุม 10 ตัวสำหรับอุ่นขาคู่หนึ่งและ 10 สำหรับถุงมือคู่หนึ่งKayla ต้องการสร้างแจ็คเก็ตอุ่นสองตัวให้ตัวเองแต่ละคนต้องการผ้าขนสัตว์ 6 ตัวแต่ละโหล skeins ของผ้าขนสัตว์มีค่าใช้จ่าย $ 8ร้านค้ามีโปรโมชั่นที่ลูกค้าจะได้รับส่วนลด $ 20 สำหรับการซื้อมากกว่า $ 100Kayla ควรจ่ายเงินเท่าไหร่สำหรับผ้าขนสัตว์ทั้งหมดที่เธอต้องการ?,108
"ทารากำลังถักนิตติ้งฤดูหนาวสำหรับหลาน 4 คนของเธอพวกเขาเป็นสี่เท่าดังนั้นจึงมีขนาดเท่ากันทั้งหมดเธอต้องการทำถั่ว, คาร์ดิแกน, ผ้าคลุมไหล่, รองเท้าบู๊ตและถุงมือสำหรับแต่ละคนใช้เวลา 5 skeins ของขนแกะในการทำ beanie, 5 สำหรับคาร์ดิแกน, 12 สำหรับผ้าคลุมไหล่, 8 สำหรับรองเท้าบูทคู่หนึ่งและ 15 สำหรับถุงมือหนึ่งคู่ทาราต้องการทำแจ็คเก็ตอุ่นสองตัวให้ตัวเองแต่ละคนต้องการผ้าขนสัตว์ 6 ตัวแต่ละโหล skeins ของผ้าขนสัตว์มีค่าใช้จ่าย $ 8ร้านค้ามีโปรโมชั่นที่ลูกค้าจะได้รับส่วนลด $ 20 สำหรับการซื้อมากกว่า $ 100ธาราควรจ่ายเงินเท่าไหร่สำหรับผ้าขนสัตว์ที่เธอต้องการเท่าไหร่?",108
ในชั้นเรียนของคุณจอห์นสันจำนวน 100 คน 46% ของชั้นเรียนเป็นนักฟุตบอลจากชั้นเรียนที่เหลืออยู่ 50% ของนักเรียนเป็นสมาชิกสโมสรหุ่นยนต์หรือเป็นส่วนหนึ่งของนักเต้นนักเรียนทั้ง 3 กลุ่มนี้จะต้องออกจากวันนี้เพื่อเดินทางไปแข่งขันครึ่งหนึ่งของผู้เล่นฟุตบอลขาดหายไปเพราะป่วยนอกจากนี้เชียร์ลีดเดอร์ 3 คนจะมาพร้อมกับแต่ละกลุ่มเหล่านี้มีนักเรียนกี่คนที่ออกเดินทางก่อนการแข่งขัน?,59
ในชั้นเรียนของ Ms. Johnson มีนักเรียน 150 คน 40% ของชั้นเรียนเป็นนักฟุตบอลจากชั้นเรียนที่เหลืออยู่ 30% ของนักเรียนเป็นนักเต้นหรือเป็นส่วนหนึ่งของสมาชิกคณะนักร้องประสานเสียงนักเรียนทั้ง 3 กลุ่มนี้จะต้องออกจากวันนี้เพื่อเดินทางไปแข่งขันครึ่งหนึ่งของผู้เล่นฟุตบอลขาดหายไปเพราะป่วยนอกจากนี้เชียร์ลีดเดอร์ 3 คนจะมาพร้อมกับแต่ละกลุ่มเหล่านี้มีนักเรียนกี่คนที่ออกเดินทางก่อนการแข่งขัน?,66
ในชั้นเรียนของนางการ์เซีย 160 คน 50% ของชั้นเรียนเป็นนักว่ายน้ำจากชั้นเรียนที่เหลืออยู่ 35% ของนักเรียนเป็นสมาชิกในทีมอภิปรายหรือเป็นส่วนหนึ่งของนักเต้นนักเรียนทั้ง 3 กลุ่มนี้จะต้องออกจากวันนี้เพื่อเดินทางไปทัวร์นาเมนต์ออกไปครึ่งหนึ่งของนักว่ายน้ำหายไปเพราะป่วยนอกจากนี้เชียร์ลีดเดอร์ 3 คนจะมาพร้อมกับแต่ละกลุ่มเหล่านี้มีนักเรียนกี่คนที่ออกเดินทางก่อนการแข่งขัน?,77
ในชั้นเรียนของนางสาวจอห์นสัน 20 นักเรียน 20% ของชั้นเรียนเป็นนักฟุตบอลจากชั้นเรียนที่เหลืออยู่ 50% ของนักเรียนเป็นสมาชิกในทีมอภิปรายหรือเป็นส่วนหนึ่งของสมาชิกคณะนักร้องประสานเสียงนักเรียนทั้ง 3 กลุ่มนี้จะต้องออกจากวันนี้เพื่อเดินทางไปแข่งขันครึ่งหนึ่งของผู้เล่นฟุตบอลขาดหายไปเพราะป่วยนอกจากนี้เชียร์ลีดเดอร์ 3 คนจะมาพร้อมกับแต่ละกลุ่มเหล่านี้มีนักเรียนกี่คนที่ออกเดินทางก่อนการแข่งขัน?,19
ในชั้นเรียนของดร. ลีมีนักเรียน 104 คน 50% ของชั้นเรียนเป็นผู้เล่นวอลเลย์บอลจากชั้นเรียนที่เหลืออยู่ 25% ของนักเรียนเป็นสมาชิกสโมสรหุ่นยนต์หรือเป็นส่วนหนึ่งของสมาชิกคณะนักร้องประสานเสียงนักเรียนทั้ง 3 กลุ่มนี้จะต้องออกจากวันนี้เพื่อเดินทางไปแข่งขันครึ่งหนึ่งของผู้เล่นวอลเลย์บอลขาดหายไปเพราะป่วยนอกจากนี้เชียร์ลีดเดอร์ 3 คนจะมาพร้อมกับแต่ละกลุ่มเหล่านี้มีนักเรียนกี่คนที่ออกเดินทางก่อนการแข่งขัน?,48
ในชั้นเรียนของนายสมิ ธ 80 คน 20% ของชั้นเรียนเป็นนักบาสเกตบอลจากชั้นเรียนที่เหลืออยู่ 50% ของนักเรียนเป็นนักเต้นหรือเป็นส่วนหนึ่งของสมาชิกในทีมอภิปรายนักเรียนทั้ง 3 กลุ่มนี้จะต้องออกจากวันนี้เพื่อเดินทางไปทัวร์นาเมนต์ออกไปครึ่งหนึ่งของผู้เล่นบาสเก็ตบอลขาดหายไปเพราะป่วยนอกจากนี้เชียร์ลีดเดอร์ 3 คนจะมาพร้อมกับแต่ละกลุ่มเหล่านี้มีนักเรียนกี่คนที่ออกเดินทางก่อนการแข่งขัน?,49
ในชั้นเรียนของนางการ์เซียมีนักเรียน 84 คน 50% ของชั้นเรียนเป็นนักว่ายน้ำจากชั้นเรียนที่เหลืออยู่ 50% ของนักเรียนเป็นสมาชิกในทีมอภิปรายหรือเป็นส่วนหนึ่งของสมาชิกคณะนักร้องประสานเสียงนักเรียนทั้ง 3 กลุ่มนี้จะต้องออกจากวันนี้เพื่อเดินทางไปทัวร์นาเมนต์ออกไปครึ่งหนึ่งของนักว่ายน้ำหายไปเพราะป่วยนอกจากนี้เชียร์ลีดเดอร์ 3 คนจะมาพร้อมกับแต่ละกลุ่มเหล่านี้มีนักเรียนกี่คนที่ออกเดินทางก่อนการแข่งขัน?,51
ในชั้นเรียนของคุณจอห์นสันจำนวน 50 คน 52% ของชั้นเรียนเป็นนักฟุตบอลจากชั้นเรียนที่เหลืออยู่ 50% ของนักเรียนเป็นสมาชิกในทีมอภิปรายหรือเป็นส่วนหนึ่งของสมาชิกสโมสรหุ่นยนต์นักเรียนทั้ง 3 กลุ่มนี้จะต้องออกจากวันนี้เพื่อเดินทางไปแข่งขันครึ่งหนึ่งของผู้เล่นฟุตบอลขาดหายไปเพราะป่วยนอกจากนี้เชียร์ลีดเดอร์ 3 คนจะมาพร้อมกับแต่ละกลุ่มเหล่านี้มีนักเรียนกี่คนที่ออกเดินทางก่อนการแข่งขัน?,34
ในชั้นเรียนของดร. ลีมีนักเรียน 120 คน 25% ของชั้นเรียนเป็นผู้เล่นวอลเลย์บอลจากชั้นเรียนที่เหลืออยู่ 30% ของนักเรียนเป็นสมาชิกในทีมอภิปรายหรือเป็นส่วนหนึ่งของนักเต้นนักเรียนทั้ง 3 กลุ่มนี้จะต้องออกจากวันนี้เพื่อเดินทางไปแข่งขันครึ่งหนึ่งของผู้เล่นวอลเลย์บอลขาดหายไปเพราะป่วยนอกจากนี้เชียร์ลีดเดอร์ 3 คนจะมาพร้อมกับแต่ละกลุ่มเหล่านี้มีนักเรียนกี่คนที่ออกเดินทางก่อนการแข่งขัน?,51
ในชั้นเรียนของ Mr. Smith มีนักเรียน 125 คน 40% ของชั้นเรียนเป็นนักบาสเกตบอลจากชั้นเรียนที่เหลืออยู่ 24% ของนักเรียนเป็นสมาชิกสโมสรหุ่นยนต์หรือเป็นส่วนหนึ่งของสมาชิกคณะนักร้องประสานเสียงนักเรียนทั้ง 3 กลุ่มนี้จะต้องออกจากวันนี้เพื่อเดินทางไปทัวร์นาเมนต์ออกไปครึ่งหนึ่งของผู้เล่นบาสเก็ตบอลขาดหายไปเพราะป่วยนอกจากนี้เชียร์ลีดเดอร์ 3 คนจะมาพร้อมกับแต่ละกลุ่มเหล่านี้มีนักเรียนกี่คนที่ออกเดินทางก่อนการแข่งขัน?,52
