question,answer_number
"Sakura alikwenda kwenye barabara kuu kwa likizo.Wazazi wake walimpa € 1300 kununua chochote anachotaka.Katika duka la zawadi, Taffy ya chumvi ilikuwa inauzwa kwa ""Nunua kilo 16 kwa € 22 kwa kilo, pata kilo 4 1/4.""Alipata kilo 22.Alinunua pia begi iliyochanganywa ya Starfish kwa € 11.0 na vifunguo 12 ambavyo vilikuwa € 20.0 kila moja.Sakura basi alichangia € 5 kwa kusimama kwa misaada njiani.Sakura amebaki na pesa ngapi?",582
"Kayla alikwenda kwa gati kwa likizo.Wazazi wake walimpa ₺1400 kununua chochote anachotaka.Katika duka la pwani, Pipi ya Rock ilikuwa inauzwa kwa ""Nunua kilo 16 kwa ₺22 kwa kilo, pata kilo 6 2/3.""Alipata kilo 23.Alinunua pia begi iliyochanganywa ya glasi ya bahari kwa ₺11.0 na stika 14 ambazo zilikuwa ₺20.5 kila moja.Kayla basi alichangia ₺5 kwa kusimama kwa misaada njiani.Kayla amebaki na pesa ngapi?",679
"Chen alikwenda kwenye barabara ya bodi kwa likizo.Wazazi wake walimpa $ 1300 kununua chochote anachotaka.Kwenye duka la zawadi, Taffy ya chumvi ilikuwa inauzwa kwa ""Nunua kilo 16 kwa $ 22 kwa kilo, pata kilo 6 1/4.""Alipata kilo 23.Alinunua pia begi iliyochanganywa ya Starfish kwa $ 11.0 na vifunguo 11 ambavyo vilikuwa $ 21.0 kila moja.Chen kisha alichangia $ 5 kwa kusimama kwa misaada njiani.Chen ameacha pesa ngapi?",580
"Fatima alikwenda kwa gati kwa likizo.Wazazi wake walimpa ₣ 1200 kununua chochote anachotaka.Katika duka la pwani, Pipi ya Rock ilikuwa inauzwa kwa ""Nunua kilo 16 kwa ₣ 20 kwa kilo, pata kilo 6 1/3.""Alipata kilo 23.Alinunua pia begi iliyochanganywa ya glasi ya bahari kwa ₣ 11.0 na stika 13 ambazo zilikuwa ₣ 20.0 kila moja.Fatima basi alichangia ₣ 5 kwa kusimama kwa misaada njiani.Fatima ameacha pesa ngapi?",504
"Ava alikwenda pwani kwa likizo.Wazazi wake walimpa $ 1400 kununua chochote anachotaka.Katika duka la bahari, Pipi ya Pamba ilikuwa inauzwa kwa ""Nunua pauni 17 kwa $ 22 kwa paundi, pata pauni 4 1/2.""Alipata pauni 23.Alinunua pia begi iliyochanganywa ya vipande vya matumbawe kwa $ 11.0 na pini 18 ambazo zilikuwa $ 20.5 kila moja.Ava basi alichangia $ 5 kwa kusimama kwa misaada njiani.Je! Ava ameacha pesa ngapi?",553
"Valeria alikwenda pwani kwa likizo.Wazazi wake walimpa € 1300 kununua chochote anachotaka.Katika duka la bahari, Pipi ya Pamba ilikuwa inauzwa kwa ""Nunua pauni 15 kwa € 21 kwa paundi, pata pauni 5 1/3.""Alipata pauni 23.Alinunua pia begi iliyochanganywa ya vipande vya matumbawe kwa € 11.0 na pini 11 ambazo zilikuwa € 21.0 kila moja.Valeria basi alichangia € 5 kwa kusimama kwa misaada njiani.Je! Valeria ameacha pesa ngapi?",605
"Sophia alikwenda kwa gati kwa likizo.Wazazi wake walimpa ₺1400 kununua chochote anachotaka.Katika duka la pwani, Pipi ya Rock ilikuwa inauzwa kwa ""Nunua kilo 17 kwa ₺20 kwa kilo, pata kilo 5 1/2.""Alipata kilo 23.Alinunua pia begi iliyochanganywa ya glasi ya bahari kwa ₺11.0 na stika 13 ambazo zilikuwa ₺20.0 kila moja.Sophia basi alichangia ₺5 kwa kusimama kwa misaada njiani.Sophia amebaki na pesa ngapi?",714
"Mei alikwenda pwani kwa likizo.Wazazi wake walimpa ¥ 1300 kununua chochote anachotaka.Katika duka la kumbukumbu, Fudge ilikuwa inauzwa kwa ""Nunua kilo 15 kwa ¥ 23 kwa kilo, pata kilo 4 1/4.""Alipata kilo 20.Alinunua pia begi iliyochanganywa ya dola za mchanga kwa ¥ 11.0 na kadi za posta 14 ambazo zilikuwa ¥ 21.0 kila moja.Mei basi alichangia ¥ 5 kwa kusimama kwa misaada njiani.Je! Mei ameacha pesa ngapi?",553
"Sophia alikwenda kwa gati kwa likizo.Wazazi wake walimpa ₺1400 kununua chochote anachotaka.Katika duka la pwani, Pipi ya Rock ilikuwa inauzwa kwa ""Nunua kilo 15 kwa ₺23 kwa kilo, pata kilo 6 1/3.""Alipata kilo 23.Alinunua pia begi iliyochanganywa ya glasi ya bahari kwa ₺11.0 na stika 18 ambazo zilikuwa ₺20.5 kila moja.Sophia basi alichangia ₺5 kwa kusimama kwa misaada njiani.Sophia amebaki na pesa ngapi?",532
"Tara alikwenda kwenye barabara ya bodi kwa likizo.Wazazi wake walimpa ₣ 1200 kununua chochote anachotaka.Kwenye duka la zawadi, Taffy ya chumvi ilikuwa inauzwa kwa ""Nunua kilo 17 kwa ₣ 22 kwa kilo, pata kilo 4 1/4.""Alipata kilo 23.Alinunua pia begi iliyochanganywa ya Starfish kwa ₣ 11.0 na vifunguo 12 ambavyo vilikuwa ₣ 20.0 kila moja.Tara kisha alichangia ₣ 5 kwa kusimama kwa misaada njiani.Tara ameacha pesa ngapi?",460
"Mkulima ananunua malisho kwa ng'ombe wake.Yeye hununua maapulo anuwai, nyasi, matango na mahindi.Kwa kuwa mahindi ni matibabu ya nadra, yeye hununua sanduku nne za pauni 6 kwao kwa utulivu wote.Yeye anataka tu matango ya kutosha kulisha ng'ombe wakati mboga ni safi, kwa hivyo hununua mifuko ya pauni kumi na nne.Maapulo ndio lishe kuu ya ng'ombe wake, kwa hivyo hununua pakiti thelathini na tano za pauni 42.Hay ni kikuu cha kuongeza maapulo, kwa hivyo hununua magunia kumi na nane ya pauni 18.Mwishowe, yeye hununua pauni 43 za mboga, na pauni 27 za zana, na pauni 100 za kuni.Lori la shamba linaweza kubeba pauni 140 kwa wakati mmoja.Ikiwa mkulima ana malori matatu, mkulima anahitaji kusafirisha vitu vyote vilivyonunuliwa?",5
"Mkulima ananunua malisho kwa kondoo wake.Yeye hununua aina ya ngano, mahindi, beets na oats.Kwa kuwa oats ni matibabu ya nadra, yeye hununua masanduku matano-3-kilo kwao kwa utulivu wote.Yeye anataka tu beets za kutosha kulisha kondoo wakati mboga ni safi, kwa hivyo hununua mifuko kumi na moja ya kilo 7.Ngano ndio lishe kuu ya kondoo wake, kwa hivyo hununua pakiti thelathini na nne 44-kilo.Nafaka ni kikuu cha kuongeza ngano, kwa hivyo hununua magunia kumi na nane ya kilo 19.Mwishowe, yeye hununua kilo 43 za mboga, na kilo 27 za zana, na kilo 100 za kuni.Lori la shamba linaweza kubeba kilo 140 kwa wakati mmoja.Ikiwa mkulima ana malori matatu, mkulima anahitaji kusafirisha vitu vyote vilivyonunuliwa?",5
"Mkulima ananunua malisho kwa ng'ombe wake.Yeye hununua aina ya ngano, shayiri, karoti na mahindi.Kwa kuwa mahindi ni matibabu ya nadra, yeye hununua masanduku saba ya kilo 5 kwa ajili yao yote.Yeye anataka tu karoti za kutosha kulisha ng'ombe wakati mboga ni safi, kwa hivyo hununua mifuko kumi na moja ya kilo 7.Ngano ndio lishe kuu ya ng'ombe wake, kwa hivyo hununua pakiti thelathini na nne 39-kilo.Oats ni kikuu cha kuongeza ngano, kwa hivyo hununua magunia ya kilo kumi na tisa.Mwishowe, yeye hununua kilo 43 za mboga, na kilo 27 za zana, na kilo 100 za kuni.Lori la shamba linaweza kubeba kilo 130 kwa wakati mmoja.Ikiwa mkulima ana malori matatu, mkulima anahitaji kusafirisha vitu vyote vilivyonunuliwa?",5
"Mkulima ananunua malisho kwa ng'ombe wake.Yeye hununua aina ya nyasi, ngano, karoti na maapulo.Kwa kuwa maapulo ni matibabu ya nadra, yeye hununua sanduku tano za pauni 7 kwao kwa utulivu wote.Yeye anataka tu karoti za kutosha kulisha ng'ombe wakati mboga ni safi, kwa hivyo hununua mifuko ya pauni kumi na nne.Hay ndio lishe kuu ya ng'ombe wake, kwa hivyo hununua pakiti thelathini na tano 44.Ngano ni kikuu cha kuongeza nyasi, kwa hivyo hununua magunia ya pauni kumi na tisa.Mwishowe, yeye hununua pauni 43 za mboga, na pauni 27 za zana, na pauni 100 za kuni.Lori la shamba linaweza kubeba pauni 100 kwa wakati mmoja.Ikiwa mkulima ana malori matatu, mkulima anahitaji kusafirisha vitu vyote vilivyonunuliwa?",7
"Mkulima ananunua malisho kwa kondoo wake.Yeye hununua maapulo anuwai, ngano, karoti na shayiri.Kwa kuwa oats ni matibabu ya nadra, yeye hununua sanduku nane za pauni 7 kwao kwa utulivu wote.Yeye anataka tu karoti za kutosha kulisha kondoo wakati mboga ni safi, kwa hivyo hununua mifuko kumi na mbili ya pauni 6.Maapulo ndio lishe kuu ya kondoo wake, kwa hivyo hununua pakiti thelathini na mbili-43.Ngano ni kikuu cha kuongeza maapulo, kwa hivyo hununua magunia kumi na nane ya pauni 17.Mwishowe, yeye hununua pauni 43 za mboga, na pauni 27 za zana, na pauni 100 za kuni.Lori la shamba linaweza kubeba pauni 110 kwa wakati mmoja.Ikiwa mkulima ana malori matatu, mkulima anahitaji kusafirisha vitu vyote vilivyonunuliwa?",6
"Mkulima ananunua malisho kwa alpacas yake.Yeye hununua maapulo anuwai, ngano, matango na nyasi.Kwa kuwa hay ni matibabu ya nadra, yeye hununua sanduku sita za pauni 3 kwa ajili yao yote.Yeye anataka tu matango ya kutosha kulisha alpacas wakati mboga ni safi, kwa hivyo hununua mifuko kumi na tano ya pauni 8.Maapulo ndio lishe kuu ya alpacas yake, kwa hivyo hununua pakiti thelathini na nne za pauni 43.Ngano ni kikuu cha kuongeza maapulo, kwa hivyo hununua magunia kumi na nane ya pauni 15.Mwishowe, yeye hununua pauni 43 za mboga, na pauni 27 za zana, na pauni 100 za kuni.Lori la shamba linaweza kubeba pauni 170 kwa wakati mmoja.Ikiwa mkulima ana malori matatu, mkulima anahitaji kusafirisha vitu vyote vilivyonunuliwa?",4
"Mkulima ananunua malisho kwa alpacas yake.Yeye hununua maapulo anuwai, ngano, beets na nyasi.Kwa kuwa hay ni matibabu ya nadra, yeye hununua sanduku sita za pauni 7 kwa ajili yao yote.Yeye anataka tu beets za kutosha kulisha alpacas wakati mboga ni safi, kwa hivyo hununua mifuko kumi na moja ya pauni 6.Maapulo ndio lishe kuu ya alpacas yake, kwa hivyo hununua pakiti thelathini na nne za pauni 43.Ngano ni kikuu cha kuongeza maapulo, kwa hivyo hununua magunia ishirini na 18.Mwishowe, yeye hununua pauni 43 za mboga, na pauni 27 za zana, na pauni 100 za kuni.Lori la shamba linaweza kubeba pauni 100 kwa wakati mmoja.Ikiwa mkulima ana malori matatu, mkulima anahitaji kusafirisha vitu vyote vilivyonunuliwa?",7
"Mkulima ananunua malisho kwa kondoo wake.Yeye hununua aina ya ngano, shayiri, karoti na maapulo.Kwa kuwa maapulo ni matibabu ya nadra, yeye hununua sanduku nane za pauni 4 kwa ajili ya thabiti yote.Yeye anataka tu karoti za kutosha kulisha kondoo wakati mboga ni safi, kwa hivyo hununua mifuko kumi na mbili ya pauni 6.Ngano ndio lishe kuu ya kondoo wake, kwa hivyo hununua pakiti thelathini na tatu za pauni 42.Oats ni kikuu cha kuongeza ngano, kwa hivyo hununua magunia ishirini na 16.Mwishowe, yeye hununua pauni 43 za mboga, na pauni 27 za zana, na pauni 100 za kuni.Lori la shamba linaweza kubeba pauni 110 kwa wakati mmoja.Ikiwa mkulima ana malori matatu, mkulima anahitaji kusafirisha vitu vyote vilivyonunuliwa?",6
"Mkulima ananunua malisho kwa kondoo wake.Yeye hununua maapulo anuwai, shayiri, karoti na nyasi.Kwa kuwa hay ni matibabu ya nadra, yeye hununua sanduku tano za pauni 6 kwao kwa utulivu wote.Yeye anataka tu karoti za kutosha kulisha kondoo wakati mboga ni safi, kwa hivyo hununua mifuko ya pauni kumi na nne.Maapulo ndio lishe kuu ya kondoo wake, kwa hivyo hununua pakiti thelathini na mbili 38.Oats ni kikuu cha kuongeza maapulo, kwa hivyo hununua magunia ishirini na 15.Mwishowe, yeye hununua pauni 43 za mboga, na pauni 27 za zana, na pauni 100 za kuni.Lori la shamba linaweza kubeba pauni 150 kwa wakati mmoja.Ikiwa mkulima ana malori matatu, mkulima anahitaji kusafirisha vitu vyote vilivyonunuliwa?",4
"Mkulima ananunua malisho kwa ng'ombe wake.Yeye hununua aina ya nyasi, ngano, matango na mahindi.Kwa kuwa mahindi ni matibabu ya nadra, yeye hununua masanduku sita ya kilo 5 kwa ajili yao yote.Yeye anataka tu matango ya kutosha kulisha ng'ombe wakati mboga ni safi, kwa hivyo hununua mifuko kumi na tano ya kilo 8.Hay ndio lishe kuu ya ng'ombe wake, kwa hivyo hununua pakiti thelathini na tano 35-kilo.Ngano ni kikuu cha kuongeza nyasi, kwa hivyo hununua magunia ya kilo kumi na saba.Mwishowe, yeye hununua kilo 43 za mboga, na kilo 27 za zana, na kilo 100 za kuni.Lori la shamba linaweza kubeba kilo 120 kwa wakati mmoja.Ikiwa mkulima ana malori matatu, mkulima anahitaji kusafirisha vitu vyote vilivyonunuliwa?",5
"Benki ya ukungu inaingia kutoka baharini kufunika mji.Inachukua dakika 30 kufunika kila maili 3 ya jiji.Walakini, tunajua kuwa kasi ya upepo itasimamishwa kwa saa moja.Ikiwa jiji ni maili 72 kutoka baharini hadi ukingo wa kando ya mashambani, itachukua dakika ngapi kwa Benki ya ukungu kufunika robo ya jiji?",300
"Benki ya ukungu inaingia kutoka baharini kufunika mji.Inachukua dakika 75 kufunika kila maili 10 ya jiji.Walakini, tunajua kuwa kasi ya upepo itasimamishwa kwa saa moja.Ikiwa jiji ni maili 72 kutoka baharini hadi ukingo wa kando ya mashambani, itachukua dakika ngapi kwa Benki ya ukungu kufunika 1/4 ya jiji?",210
"Benki ya ukungu inaingia kutoka baharini kufunika mji.Inachukua dakika 60 kufunika kila maili 3 ya jiji.Walakini, tunajua kuwa kasi ya upepo itasimamishwa kwa saa moja.Ikiwa jiji ni maili 54 kutoka baharini hadi ukingo wa kando ya mashambani, itachukua dakika ngapi kwa Benki ya ukungu kufunika 1/3 ya jiji?",660
"Benki ya ukungu inaingia kutoka baharini kufunika mji.Inachukua dakika 60 kufunika kila maili 6 ya jiji.Walakini, tunajua kuwa kasi ya upepo itasimamishwa kwa saa moja.Ikiwa jiji ni maili 72 kutoka baharini hadi ukingo wa kando ya mashambani, itachukua dakika ngapi kwa Benki ya ukungu kufunika 1/3 ya jiji?",420
"Benki ya ukungu inaingia kutoka baharini kufunika mji.Inachukua dakika 25 kufunika kila maili 5 ya jiji.Walakini, tunajua kuwa kasi ya upepo itasimamishwa kwa saa moja.Ikiwa jiji ni maili 54 kutoka baharini kwenda kando kando ya mashambani, itachukua dakika ngapi kwa Benki ya ukungu kufunika 1/2 ya jiji?",210
"Benki ya ukungu inaingia kutoka baharini kufunika mji.Inachukua dakika 90 kufunika kila maili 3 ya jiji.Walakini, tunajua kuwa kasi ya upepo itasimamishwa kwa saa moja.Ikiwa mji ni maili 78 kutoka baharini hadi ukingo wa kando ya mashambani, itachukua dakika ngapi kwa Benki ya ukungu kufunika theluthi ya jiji?",1500
"Benki ya ukungu inaingia kutoka baharini kufunika mji.Inachukua dakika 30 kufunika kila maili 13 ya jiji.Walakini, tunajua kuwa kasi ya upepo itasimamishwa kwa saa moja.Ikiwa mji ni maili 78 kutoka baharini hadi ukingo wa kando ya mashambani, itachukua dakika ngapi kwa Benki ya ukungu kufunika 1/2 ya jiji?",120
"Benki ya ukungu inaingia kutoka baharini kufunika mji.Inachukua dakika 15 kufunika kila maili 3 ya jiji.Walakini, tunajua kuwa kasi ya upepo itasimamishwa kwa saa moja.Ikiwa jiji ni maili 96 kutoka bahari ya mbele hadi kando kando ya mashambani, itachukua dakika ngapi kwa benki ya ukungu kufunika robo ya jiji?",180
"Benki ya ukungu inaingia kutoka baharini kufunika mji.Inachukua dakika 20 kufunika kila maili 3 ya jiji.Walakini, tunajua kuwa kasi ya upepo itasimamishwa kwa saa moja.Ikiwa jiji ni maili 72 kutoka baharini hadi ukingo wa kando, itachukua dakika ngapi kwa benki ya ukungu kufunika theluthi ya jiji?",260
"Benki ya ukungu inaingia kutoka baharini kufunika mji.Inachukua dakika 15 kufunika kila maili 3 ya jiji.Walakini, tunajua kuwa kasi ya upepo itasimamishwa kwa saa moja.Ikiwa jiji ni maili 96 kutoka baharini hadi ukingo wa kando, itachukua dakika ngapi kwa Benki ya ukungu kufunika 1/2 ya jiji?",420
"Emma hutembea kilomita 32 kila siku kwenye njia yake ya kupenda ya kutembea, ambayo inajumuisha kilomita 14 za kutembea pwani na kilomita 18 za kutembea barabarani.Kwenye barabara, Emma anatembea kwa mara tatu kiwango cha kasi ambacho yeye hufanya pwani.Walakini, kwa sababu ya jeraha la hivi karibuni, kasi ya Emma imepungua kwa nusu pwani na barabara.Ikiwa dakika 56 za matembezi yake hutumika pwani, inachukua muda gani kwake kukamilisha matembezi yote ya kilomita 32, kwa dakika?",80
"Olivia hutembea maili 29 kila siku kwenye njia yake ya kupenda ya kutembea, ambayo inajumuisha maili 13 ya kutembea pwani na maili 16 ya kutembea barabarani.Kwenye barabara kuu, Olivia anatembea kwa mara nne kiwango cha kasi ambacho yeye hufanya pwani.Walakini, kwa sababu ya jeraha la hivi karibuni, kasi ya Olivia imepungua kwa nusu pwani na barabara.Ikiwa dakika 65 ya matembezi yake hutumika pwani, inachukua muda gani kwake kukamilisha matembezi yote ya maili 29, kwa dakika?",85
"Fatima hutembea maili 26 kila siku kwenye njia yake ya kupenda ya kutembea, ambayo inajumuisha maili 11 ya kutembea pwani na maili 15 ya kutembea barabarani.Kwenye barabara kuu, Fatima anatembea kwa mara tatu kiwango cha kasi ambacho yeye hufanya pwani.Walakini, kwa sababu ya jeraha la hivi karibuni, kasi ya Fatima imepungua kwa nusu pwani na barabara.Ikiwa dakika 44 za matembezi yake hutumika pwani, inachukua muda gani kwake kukamilisha matembezi yote ya maili 26, kwa dakika?",64
"Rania hutembea kilomita 28 kila siku kwenye njia yake ya kupenda ya kutembea, ambayo inajumuisha kilomita 14 za kutembea pwani na kilomita 14 za kutembea barabarani.Kwenye barabara kuu, Rania anatembea kwa mara mbili kiwango cha kasi ambacho yeye hufanya pwani.Walakini, kwa sababu ya jeraha la hivi karibuni, kasi ya Rania imepungua kwa nusu pwani na barabara.Ikiwa dakika 42 za matembezi yake hutumika pwani, inachukua muda gani kwake kukamilisha matembezi yote ya kilomita 28, kwa dakika?",63
"Ananya hutembea maili 20 kila siku kwenye njia yake ya kupenda ya kutembea, ambayo inajumuisha maili 10 ya kutembea pwani na maili 10 ya kutembea barabarani.Kwenye barabara kuu, Ananya hutembea kwa mara mbili kiwango cha kasi ambacho yeye hufanya pwani.Walakini, kwa sababu ya jeraha la hivi karibuni, kasi ya Ananya imepungua kwa nusu pwani na barabara.Ikiwa dakika 40 za matembezi yake hutumika pwani, inachukua muda gani kwake kukamilisha matembezi yote ya maili 20, kwa dakika?",60
"Keisha hutembea maili 33 kila siku kwenye njia yake ya kupenda ya kutembea, ambayo ni pamoja na maili 17 ya kutembea pwani na maili 16 ya kutembea barabarani.Kwenye barabara kuu, Keisha anatembea kwa mara mbili kiwango cha kasi ambacho yeye hufanya pwani.Walakini, kwa sababu ya jeraha la hivi karibuni, kasi ya Keisha imepungua kwa nusu pwani na barabara.Ikiwa dakika 51 ya matembezi yake hutumika pwani, inachukua muda gani kwake kukamilisha matembezi yote ya maili 33, kwa dakika?",75
"Xena hutembea kilomita 24 kila siku kwenye njia yake ya kupenda ya kutembea, ambayo inajumuisha kilomita 11 za kutembea pwani na kilomita 13 za kutembea barabarani.Kwenye barabara, Xena anatembea kwa mara tatu kiwango cha kasi ambacho yeye hufanya pwani.Walakini, kwa sababu ya jeraha la hivi karibuni, kasi ya Xena imepungua kwa nusu pwani na barabara.Ikiwa dakika 66 za matembezi yake hutumika pwani, inachukua muda gani kwake kukamilisha matembezi yote ya kilomita 24, kwa dakika?",92
"Gabrielle hutembea kilomita 29 kila siku kwenye njia yake ya kupenda ya kutembea, ambayo inajumuisha kilomita 15 za kutembea pwani na kilomita 14 za kutembea barabarani.Kwenye barabara kuu, Gabrielle anatembea kwa mara mbili kiwango cha kasi ambacho yeye hufanya pwani.Walakini, kwa sababu ya jeraha la hivi karibuni, kasi ya Gabrielle imepungua kwa nusu pwani na barabara.Ikiwa dakika 45 za matembezi yake hutumika pwani, inachukua muda gani kwake kukamilisha matembezi yote ya kilomita 29, kwa dakika?",66
"Roya hutembea kilomita 21 kila siku kwenye njia yake ya kupenda ya kutembea, ambayo inajumuisha kilomita 11 za kutembea pwani na kilomita 10 za kutembea barabarani.Kwenye barabara kuu, Roya anatembea kwa mara mbili kiwango cha kasi ambacho yeye hufanya pwani.Walakini, kwa sababu ya jeraha la hivi karibuni, kasi ya Roya imepungua kwa nusu pwani na barabara.Ikiwa dakika 44 za matembezi yake hutumika kwenye pwani, inachukua muda gani kwake kukamilisha matembezi yote ya kilomita 21, kwa dakika?",64
"Yara hutembea kilomita 28 kila siku kwenye njia yake ya kupenda ya kutembea, ambayo inajumuisha kilomita 14 za kutembea pwani na kilomita 14 za kutembea barabarani.Kwenye barabara, Yara anatembea kwa mara mbili kiwango cha kasi ambacho yeye hufanya pwani.Walakini, kwa sababu ya jeraha la hivi karibuni, kasi ya Yara imepungua kwa nusu pwani na barabara.Ikiwa dakika 56 za matembezi yake hutumika kwenye pwani, inachukua muda gani kwake kukamilisha matembezi yote ya kilomita 28, kwa dakika?",84
"Mbwa wa Mateo ana watoto wa mbwa 149, 25 kati yao wana matangazo.Mbwa wa Mohammed ana watoto 49, 12 kati yao wana matangazo.Ibrahim ana mbwa 54, kila mmoja akiwa na watoto 13 wenye matangazo.Baada ya ziara ya daktari, Mateo aligundua kuwa nusu ya watoto wake ambao hawajapatikana kweli wana matangazo ambayo hayakuonekana hapo awali.Je! Ni asilimia ngapi ya watoto wa mbwa wote wana matangazo?",89
"Mbwa wa Oscar ana watoto wa mbwa 130, 28 kati yao wana matangazo.Mbwa wa Andre ana watoto wa mbwa 44, 14 kati yao wana matangazo.Jin ana mbwa 66, kila mmoja akiwa na watoto 11 na matangazo.Baada ya ziara ya daktari, Oscar aligundua kuwa nusu ya watoto wake ambao hawajapatikana kweli wana matangazo ambayo hayakuonekana hapo awali.Je! Ni asilimia ngapi ya watoto wa mbwa wote wana matangazo?",91
"Mbwa wa Leon ana watoto wa mbwa 99, 23 kati yao wana matangazo.Mbwa wa James ana watoto wa mbwa 53, 12 kati yao wana matangazo.Hiroshi ana mbwa 58, kila mmoja akiwa na watoto 11 na matangazo.Baada ya ziara ya daktari, Leon aligundua kuwa nusu ya watoto wake ambao hawajapatikana kweli wana matangazo ambayo hayakuonekana hapo awali.Je! Ni asilimia ngapi ya watoto wa mbwa wote wana matangazo?",90
"Mbwa wa Pavel ana watoto 100, 22 ambao wana matangazo.Mbwa wa Hiroshi ana watoto 40, 15 kati yao wana matangazo.Santiago ina mbwa 55, kila mmoja akiwa na watoto 12 na matangazo.Baada ya ziara ya daktari, Pavel aligundua kuwa nusu ya watoto wake ambao hawajapatikana kweli wana matangazo ambayo hayakuonekana hapo awali.Je! Ni asilimia ngapi ya watoto wa mbwa wote wana matangazo?",92
"Mbwa wa Kai ana watoto 135, 17 kati yao wana matangazo.Mbwa wa Arash ana watoto wa mbwa 43, 14 kati yao wana matangazo.Carlos ana mbwa 54, kila mmoja akiwa na watoto 13 wenye matangazo.Baada ya ziara ya daktari, Kai aligundua kuwa nusu ya watoto wake ambao hawajapatikana kweli wana matangazo ambayo hayakuonekana hapo awali.Je! Ni asilimia ngapi ya watoto wa mbwa wote wana matangazo?",90
"Mbwa wa Deshawn ana watoto wa mbwa 146, 28 kati yao wana matangazo.Mbwa wa Mohammed ana watoto wa mbwa 43, 12 kati yao wana matangazo.Hiroshi ana mbwa 51, kila mmoja akiwa na watoto 11 na matangazo.Baada ya ziara ya daktari, Deshawn aligundua kuwa nusu ya watoto wake ambao hawajapatikana kweli wana matangazo ambayo hayakuonekana hapo awali.Je! Ni asilimia ngapi ya watoto wa mbwa wote wana matangazo?",88
"Mbwa wa Luca ana watoto wa mbwa 103, 25 kati yao wana matangazo.Mbwa wa Diego ana watoto wa mbwa 42, 12 kati yao wana matangazo.Noah ana mbwa 67, kila mmoja akiwa na watoto 15 na matangazo.Baada ya ziara ya daktari, Luca aligundua kuwa nusu ya watoto wake ambao hawajapatikana kweli wana matangazo ambayo hayakuonekana hapo awali.Je! Ni asilimia ngapi ya watoto wa mbwa wote wana matangazo?",94
"Mbwa wa Nuhu ana watoto wa mbwa 113, 23 kati yao wana matangazo.Mbwa wa Qasim ana watoto 47, 15 kati yao wana matangazo.Tariq ina mbwa 60, kila mmoja akiwa na watoto 9 na matangazo.Baada ya ziara ya daktari, Noa aligundua kuwa nusu ya watoto wake ambao hawajapatikana kweli wana matangazo ambayo hayakuonekana hapo awali.Je! Ni asilimia ngapi ya watoto wa mbwa wote wana matangazo?",89
"Mbwa wa Yuki ana watoto wa mbwa 95, 23 kati yao wana matangazo.Mbwa wa Kai ana watoto wa mbwa 53, 12 kati yao wana matangazo.Faisal ana mbwa 68, kila mmoja akiwa na watoto 14 na matangazo.Baada ya ziara ya daktari, Yuki aligundua kuwa nusu ya watoto wake ambao hawajapatikana kweli wana matangazo ambayo hayakuonekana hapo awali.Je! Ni asilimia ngapi ya watoto wa mbwa wote wana matangazo?",93
"Mbwa wa Jin ana watoto 100, 28 ambao wana matangazo.Mbwa wa Theo ana watoto wa mbwa 50, 13 kati yao wana matangazo.Noah ana mbwa 58, kila mmoja akiwa na watoto 10 na matangazo.Baada ya ziara ya daktari, Jin aligundua kuwa nusu ya watoto wake ambao hawajapatikana kweli wana matangazo ambayo hayakuonekana hapo awali.Je! Ni asilimia ngapi ya watoto wa mbwa wote wana matangazo?",90
"Fatima na Mei wana dakika 247 ya kutembea kwenye mazoezi pamoja kuanzia nyumbani kwao.Inawachukua dakika 26 kufika kwenye kona ambapo maktaba iko.Inawachukua dakika nyingine 18 kufika dukani.Wanapofikia duka la mboga, wanakumbuka walisahau pochi zao nyumbani, kwa hivyo wanapaswa kurudi kuchukua pochi zao na kisha kutembea njia yote kurudi kwenye duka la mboga tena.Mara tu wanapofika duka la mboga kwa mara ya pili, wanapaswa kupata mazoezi kwa muda gani bila kuchelewa?",115
"Gabriel na Pavel wana dakika 212 ya kutembea kwenye mazoezi pamoja kuanzia nyumbani kwao.Inachukua dakika 29 kufika kwenye kona ambapo maktaba iko.Inawachukua dakika nyingine 19 kufika kwenye sinema.Wanapofika kwenye sinema, wanakumbuka walisahau pochi zao nyumbani, kwa hivyo wanapaswa kurudi kuchukua pochi zao na kisha kutembea njia yote kurudi kwenye sinema tena.Mara tu wanapofika kwenye sinema kwa mara ya pili, wana muda gani wa kufika kwenye mazoezi bila kuchelewa?",68
"Nadia na Sanjay wana dakika 261 ya kutembea kwenye duka la mboga pamoja kuanzia nyumbani kwao.Inawachukua dakika 24 kufika kwenye kona ambapo mazoezi yapo.Inawachukua dakika nyingine 27 kufika kwenye duka.Wanapofika kwenye duka, wanakumbuka walisahau pochi zao nyumbani, kwa hivyo wanapaswa kurudi kuchukua pochi zao na kisha kutembea njia yote kurudi kwenye duka tena.Mara tu wanapofika kwenye duka kwa mara ya pili, wanapaswa kufika dukani kwa muda gani bila kuchelewa?",108
"Thiago na Ali wana dakika 163 kutembea kwenye mazoezi pamoja kuanzia nyumbani kwao.Inawachukua dakika 21 kufika kwenye kona ambapo benki iko.Inawachukua dakika nyingine 28 kufika kwenye sinema.Wanapofika kwenye sinema, wanakumbuka walisahau pochi zao nyumbani, kwa hivyo wanapaswa kurudi kuchukua pochi zao na kisha kutembea njia yote kurudi kwenye sinema tena.Mara tu wanapofika kwenye sinema kwa mara ya pili, wana muda gani wa kufika kwenye mazoezi bila kuchelewa?",16
"Gabriel na Kai wana dakika 137 ya kutembea kwenye mazoezi pamoja kuanzia nyumbani kwao.Inawachukua dakika 16 kufika kwenye kona ambapo mbuga iko.Inachukua dakika nyingine 22 kufika kwenye duka.Wanapofika kwenye duka, wanakumbuka walisahau pochi zao nyumbani, kwa hivyo wanapaswa kurudi kuchukua pochi zao na kisha kutembea njia yote kurudi kwenye duka tena.Mara tu wanapofika kwenye duka kwa mara ya pili, wanapaswa kupata mazoezi kwa muda gani bila kuchelewa?",23
"Tara na Ananya wana dakika 163 ya kutembea kwenye duka la mboga pamoja kuanzia nyumbani kwao.Inawachukua dakika 16 kufika kwenye kona ambapo maktaba iko.Inawachukua dakika nyingine 29 kufika kwenye duka.Wanapofika kwenye duka, wanakumbuka walisahau pochi zao nyumbani, kwa hivyo wanapaswa kurudi kuchukua pochi zao na kisha kutembea njia yote kurudi kwenye duka tena.Mara tu wanapofika kwenye duka kwa mara ya pili, wanapaswa kufika dukani kwa muda gani bila kuchelewa?",28
"Bodhi na Kai wana dakika 267 ya kutembea kwenda maktaba pamoja kuanzia nyumbani kwao.Inawachukua dakika 17 kufika kwenye kona ambapo mazoezi yapo.Inawachukua dakika nyingine 19 kufika kwenye sinema.Wanapofika kwenye sinema, wanakumbuka walisahau pochi zao nyumbani, kwa hivyo wanapaswa kurudi kuchukua pochi zao na kisha kutembea njia yote kurudi kwenye sinema tena.Mara tu wanapofika kwenye sinema kwa mara ya pili, wana muda gani wa kufika kwenye maktaba bila kuchelewa?",159
"Beatriz na Sakura wana dakika 253 ya kutembea kwenye mazoezi pamoja kuanzia nyumbani kwao.Inawachukua dakika 16 kufika kwenye kona ambapo duka liko.Inawachukua dakika nyingine 58 kufika kwenye sinema.Wanapofika kwenye sinema, wanakumbuka walisahau pochi zao nyumbani, kwa hivyo wanapaswa kurudi kuchukua pochi zao na kisha kutembea njia yote kurudi kwenye sinema tena.Mara tu wanapofika kwenye sinema kwa mara ya pili, wana muda gani wa kufika kwenye mazoezi bila kuchelewa?",31
"Ravi na Isabella wana dakika 266 ya kutembea kwenye sinema pamoja kuanzia nyumbani kwao.Inawachukua dakika 14 kufika kwenye kona ambapo benki iko.Inawachukua dakika nyingine 38 kufika kwenye maktaba.Wanapofika maktaba, wanakumbuka walisahau pochi zao nyumbani, kwa hivyo wanapaswa kurudi kuchukua pochi zao na kisha kutembea njia yote kurudi kwenye maktaba tena.Mara tu wanapofika maktaba kwa mara ya pili, wana muda gani wa kufika kwenye sinema bila kuchelewa?",110
"Chen na Diego wana dakika 221 ya kutembea kwenye uwanja pamoja kuanzia nyumbani kwao.Inawachukua dakika 28 kufika kwenye kona ambapo duka liko.Inachukua dakika nyingine 22 kufika kwenye sinema.Wanapofika kwenye sinema, wanakumbuka walisahau pochi zao nyumbani, kwa hivyo wanapaswa kurudi kuchukua pochi zao na kisha kutembea njia yote kurudi kwenye sinema tena.Mara tu wanapofika kwenye sinema kwa mara ya pili, wanapaswa kufika kwenye uwanja huo bila kuchelewa?",71
"Juggler anaweza kuteleza mipira 480.Kumi ya mipira ni mipira ya gofu, na iliyobaki ni mipira ya tenisi.1/2 ya mipira ya gofu ni zambarau, ambayo 1/6 imewekwa alama.1/9 ya mipira ya tenisi ni indigo, na yote isipokuwa theluthi ya mipira hiyo ya indigo ni alama.Je! Kuna mipira mingapi iliyo na alama jumla?",36
"Juggler anaweza kuteleza mipira 360.Nusu ya mipira ni mipira ya tenisi, na iliyobaki ni mipira ya gofu.Theluthi ya mipira ya tenisi ni teal, ambayo 1/4 imewekwa alama.1/3 ya mipira ya gofu ni nyekundu, na yote isipokuwa ya tano ya mipira hiyo ya rangi ya pinki ni alama.Je! Kuna mipira mingapi iliyo na alama jumla?",63
"Juggler anaweza kuteleza mipira 360.Kumi ya mipira ni mipira ya gofu, na iliyobaki ni mipira ya tenisi.1/3 ya mipira ya gofu ni nyeupe, ambayo 1/4 imewekwa alama.Nusu ya mipira ya tenisi ni magenta, na yote isipokuwa 1/2 ya mipira hiyo ya magenta ni alama.Je! Kuna mipira mingapi iliyo na alama jumla?",84
"Juggler anaweza kuteleza mipira 240.1/4 ya mipira ni mipira ya tenisi, na iliyobaki ni mipira ya gofu.1/3 ya mipira ya tenisi ni nyeusi, ambayo 1/5 imewekwa alama.Theluthi ya mipira ya gofu ni cyan, na yote isipokuwa nusu ya mipira hiyo ya cyan ni alama.Je! Kuna mipira mingapi iliyo na alama jumla?",34
"Juggler anaweza kuteleza mipira 300.Kumi ya mipira ni mipira ya tenisi, na iliyobaki ni mipira ya gofu.Ya tano ya mipira ya tenisi ni magenta, ambayo ya tatu ni alama.1/3 ya mipira ya gofu ni ya zambarau, na yote isipokuwa nusu ya mipira hiyo ya zambarau ni alama.Je! Kuna mipira mingapi iliyo na alama jumla?",47
"Juggler anaweza kuteleza mipira 160.Robo ya mipira ni mipira ya tenisi, na iliyobaki ni mipira ya gofu.1/5 ya mipira ya tenisi ni zambarau, ambayo 1/4 imewekwa alama.1/8 ya mipira ya gofu ni indigo, na yote isipokuwa 1/5 ya mipira hiyo ya indigo ni alama.Je! Kuna mipira mingapi iliyo na alama jumla?",14
"Juggler anaweza kuteleza mipira 160.Robo ya mipira ni mipira ya tenisi, na iliyobaki ni mipira ya gofu.Robo ya mipira ya tenisi ni teal, ambayo 1/5 imewekwa alama.Robo ya mipira ya gofu ni nyekundu, na yote isipokuwa nusu ya mipira hiyo ya rangi ya pinki ni alama.Je! Kuna mipira mingapi iliyo na alama jumla?",17
"Juggler anaweza kupiga mipira 120.Robo ya mipira ni mipira ya gofu, na iliyobaki ni mipira ya tenisi.1/5 ya mipira ya gofu ni ya manjano, ambayo 1/6 imewekwa alama.1/3 ya mipira ya tenisi ni nyekundu, na yote isipokuwa 1/6 ya mipira hiyo ya rangi ya pinki ni alama.Je! Kuna mipira mingapi iliyo na alama jumla?",26
"Juggler anaweza kupiga mipira 540.1/9 ya mipira ni mipira ya gofu, na iliyobaki ni mipira ya tenisi.1/2 ya mipira ya gofu ni zambarau, ambayo sehemu ya kumi imewekwa alama.Mipira ya nane ya mipira ya tenisi ni kahawia, na yote isipokuwa 1/10 ya mipira hiyo ya kahawia ni alama.Je! Kuna mipira mingapi iliyo na alama jumla?",57
"Juggler anaweza kuteleza mipira 400.1/5 ya mipira ni mipira ya gofu, na iliyobaki ni mipira ya tenisi.1/4 ya mipira ya gofu ni teal, ambayo tano ni alama.Mipira ya nane ya mipira ya tenisi ni ya bluu, na yote isipokuwa sehemu ya kumi ya mipira hiyo ya bluu ni alama.Je! Kuna mipira mingapi iliyo na alama jumla?",40
"Hiroshi ina hekta 20 za uwanja wa apricot.Kuna apricots 28 kwa theluthi mbili ya hekta.Hiroshi anaweza kuvuna apricots zake kila baada ya miezi 6.Kwa kuongezea, Hiroshi anamiliki shamba la zabibu la hekta 12 ambalo hutoa zabibu 14 kwa hekta.Zabibu zinaweza kuvunwa kila baada ya miezi 4.Katika kipindi cha miaka miwili, ni apricots ngapi za Hiroshi kuliko zabibu?",3472
"Oliver ana hekta 15 za shamba la zabibu.Kuna zabibu 15 kwa 1/3 ya hekta.Oliver anaweza kuvuna zabibu zake kila baada ya miezi 4.Kwa kuongezea, Oliver anamiliki shamba la hekta 9 ambalo hutoa maapulo 16 kwa hekta moja.Maapulo yanaweza kuvunwa kila baada ya miezi 4.Katika kipindi cha miaka miwili, Oliver anavuna zaidi ya zabibu ngapi kuliko maapulo?",3186
"Mohammed ana mita za mraba 35 za shamba la zabibu.Kuna zabibu 12 kwa 2/3 ya mita ya mraba.Mohammed anaweza kuvuna zabibu zake kila baada ya miezi 6.Kwa kuongezea, Mohammed anamiliki shamba la mraba la mraba 11 ambalo hutoa apricots 18 kwa kila mita ya mraba.Apricots zinaweza kuvunwa kila baada ya miezi 4.Katika kipindi cha miaka miwili, ni zabibu ngapi zaidi za zabibu ambazo Mohammed huvuna kuliko apricots?",1332
"Yusuf ina yadi 10 za mraba za uwanja wa tikiti.Kuna watermelons 19 kwa kila sita ya yadi ya mraba.Yusuf anaweza kuvuna tikiti zake kila baada ya miezi 2.Kwa kuongezea, Yusuf anamiliki shamba la zabibu la uwanja wa mraba 9 ambalo hutoa zabibu 14 kwa yadi ya mraba.Zabibu zinaweza kuvunwa kila baada ya miezi 4.Katika kipindi cha miaka miwili, ni wangapi wa tikiti zaidi ya Yusuf kuliko zabibu?",6084
"Ravi ana yadi 10 za mraba za uwanja wa ndizi.Kuna ndizi 36 kwa kila theluthi nne ya uwanja wa mraba.Ravi anaweza kuvuna ndizi zake kila baada ya miezi 4.Kwa kuongezea, Ravi anamiliki uwanja wa apricot wa mraba 13 ambao hutoa apricots 12 kwa yadi ya mraba.Apricots zinaweza kuvunwa kila baada ya miezi 4.Katika kipindi cha miaka miwili, ni mavuno ya ndizi ngapi zaidi kuliko apricots?",1764
"Thiago ina yadi 25 za mraba za uwanja wa machungwa.Kuna machungwa 23 kwa kila moja ya yadi ya mraba.Thiago anaweza kuvuna machungwa yake kila baada ya miezi 12.Kwa kuongezea, Thiago anamiliki shamba la zabibu la uwanja wa mraba 9 ambalo hutoa zabibu 13 kwa yadi ya mraba.Zabibu zinaweza kuvunwa kila baada ya miezi 4.Katika kipindi cha miaka miwili, ni machungwa ngapi zaidi ya machungwa kuliko zabibu?",3898
"Carlos ina mita za mraba 80 za uwanja wa Kiwi.Kuna kiwis 29 kwa kila mtu wa nne wa mita ya mraba.Carlos anaweza kuvuna kiwis yake kila baada ya miezi 12.Kwa kuongezea, Carlos anamiliki uwanja wa apricot wa mraba 10 ambao hutoa apricots 17 kwa mita ya mraba.Apricots zinaweza kuvunwa kila baada ya miezi 4.Katika kipindi cha miaka miwili, Carlos anavuna zaidi ya apricots?",5940
"Deshawn ina hekta 10 za uwanja wa ndizi.Kuna ndizi 20 kwa 2/4 ya hekta.Deshawn anaweza kuvuna ndizi zake kila baada ya miezi 3.Kwa kuongezea, Deshawn anamiliki shamba la machungwa lenye hekta 11 ambalo hutoa machungwa 14 kwa hekta.Machungwa yanaweza kuvunwa kila baada ya miezi 4.Katika kipindi cha miaka miwili, ni ndizi ngapi zaidi za kuvuna kuliko machungwa?",2276
"Deshawn ina hekta 10 za shamba la zabibu.Kuna zabibu 33 kwa kila nane ya hekta.Deshawn anaweza kuvuna zabibu zake kila baada ya miezi 12.Kwa kuongezea, Deshawn anamiliki shamba la mananasi ya hekta 10 ambayo hutoa mananasi 18 kwa hekta.Mananasi yanaweza kuvunwa kila baada ya miezi 4.Katika kipindi cha miaka miwili, ni zabibu ngapi zaidi za mavuno kuliko mananasi?",4200
"Noa ana hekta 85 za uwanja wa peari.Kuna pears 13 kwa kila mbili ya hekta.Noa anaweza kuvuna pears zake kila baada ya miezi 12.Kwa kuongezea, Noa anamiliki uwanja wa hekta 11 za hekta ambazo hutoa apricots 12 kwa hekta.Apricots zinaweza kuvunwa kila baada ya miezi 4.Katika kipindi cha miaka miwili, Nuhu anavuna zaidi ya Nuhu zaidi kuliko apricots?",5838
"Dk Miller aliuza nyumba yake kwa $ 490000.Alilipa ada ya kisheria ambayo ilikuwa 1% ya bei ya kuuza na pia alilipa ada ya realtor ambayo ni 5% ya bei ya kuuza.Pia alilipa $ 390000 kwa kiasi cha mkopo kilichobaki kwenye ghorofa, na $ 10000 kwa gharama za kufunga.Dk Miller alitumia mapato ya jumla kutoka kwa kuuza ghorofa kuwekeza kwenye hisa.Hifadhi zilipata 10% kila mwaka kwa miaka miwili.Je! Wavuti ya Dk Miller ilikuwa pesa ngapi baada ya miaka miwili?",73326
"Bwana Martinez aliuza chumba chake cha kulala kwa $ 690000.Alilipa ada ya uhamishaji ambayo ilikuwa 3% ya bei ya kuuza na pia alilipa ada ya udalali ambayo ni 6% ya bei ya kuuza.Pia alilipa $ 590000 kwa kiasi cha mkopo kilichobaki kwenye chumba cha kulala, na $ 5000 kwa gharama za kufunga.Bwana Martinez alitumia mapato ya jumla kutoka kwa kuuza nyumba ndogo ili kuwekeza kwenye hisa.Hifadhi zilipata 10% kila mwaka kwa miaka miwili.Je! Wavuti ya Mr. Martinez ilikuwa pesa ngapi baada ya miaka miwili?",39809
"Prof Miller aliuza nyumba yake kwa $ 810000.Alilipa ada ya usajili ambayo ilikuwa 3% ya bei ya kuuza na pia alilipa ada ya wakala ambayo ni 3% ya bei ya kuuza.Pia alilipa $ 670000 kwa kiasi cha mkopo kilichobaki kwenye ghorofa, na $ 20000 kwa gharama za kufunga.Prof Miller alitumia mapato ya jumla kutoka kwa kuuza ghorofa kuwekeza kwenye hisa.Hifadhi zilipata 10% kila mwaka kwa miaka miwili.Je! Wavuti ya Prof. Miller ilikuwa pesa ngapi baada ya miaka miwili?",86394
"Prof Miller aliuza nyumba yake kwa $ 760000.Alilipa ada ya usajili ambayo ilikuwa 3% ya bei ya kuuza na pia alilipa ada ya wakala ambayo ni 4% ya bei ya kuuza.Pia alilipa $ 570000 kwa kiasi cha mkopo kilichobaki kwenye ghorofa, na $ 15000 kwa gharama za kufunga.Prof Miller alitumia mapato ya jumla kutoka kwa kuuza ghorofa kuwekeza kwenye hisa.Hifadhi zilipata 10% kila mwaka kwa miaka miwili.Je! Wavuti ya Prof. Miller ilikuwa pesa ngapi baada ya miaka miwili?",147378
"Dk. Smith aliuza nyumba yake kwa $ 590000.Alilipa ada ya kisheria ambayo ilikuwa 3% ya bei ya kuuza na pia alilipa ada ya realtor ambayo ni 4% ya bei ya kuuza.Pia alilipa $ 380000 kwa kiasi cha mkopo kilichobaki kwenye nyumba, na $ 25000 kwa gharama za kufunga.Dk. Smith alitumia mapato ya jumla kutoka kwa kuuza nyumba hiyo kuwekeza kwenye hisa.Hifadhi zilipata 10% kila mwaka kwa miaka miwili.Je! Wavuti ya Dk. Smith ilikuwa pesa ngapi baada ya miaka miwili?",173877
"Prof Smith aliuza nyumba yake kwa $ 560000.Alilipa ada ya usajili ambayo ilikuwa 3% ya bei ya kuuza na pia alilipa ada ya wakala ambayo ni 4% ya bei ya kuuza.Pia alilipa $ 440000 kwa kiasi cha mkopo kilichobaki kwenye nyumba, na $ 15000 kwa gharama za kufunga.Prof Smith alitumia mapato ya jumla kutoka kwa kuuza nyumba hiyo kuwekeza kwenye hisa.Hifadhi zilipata 10% kila mwaka kwa miaka miwili.Je! Wavu wa Prof. Smith walikuwa wanaendelea baada ya miaka miwili?",79618
"Dk Miller aliuza nyumba yake kwa $ 550000.Alilipa ada ya kisheria ambayo ilikuwa 2% ya bei ya kuuza na pia alilipa ada ya realtor ambayo ni 3% ya bei ya kuuza.Pia alilipa $ 370000 kwa kiasi cha mkopo kilichobaki kwenye ghorofa, na $ 25000 kwa gharama za kufunga.Dk Miller alitumia mapato ya jumla kutoka kwa kuuza ghorofa kuwekeza kwenye hisa.Hifadhi zilipata 10% kila mwaka kwa miaka miwili.Je! Wavuti ya Dk Miller ilikuwa pesa ngapi baada ya miaka miwili?",154275
"Prof. Brown aliuza villa yake kwa $ 460000.Alilipa ada ya usajili ambayo ilikuwa 3% ya bei ya kuuza na pia alilipa ada ya wakala ambayo ni 2% ya bei ya kuuza.Pia alilipa $ 300000 kwa kiasi cha mkopo kilichobaki kwenye villa, na $ 15000 kwa gharama za kufunga.Prof. Brown alitumia mapato ya jumla kutoka kwa kuuza villa kuwekeza kwenye hisa.Hifadhi zilipata 10% kila mwaka kwa miaka miwili.Je! Wavuti ya Prof. Brown ilikuwa pesa ngapi baada ya miaka miwili?",147620
"Prof Martinez aliuza nyumba yake kwa $ 470000.Alilipa ada ya usajili ambayo ilikuwa 2% ya bei ya kuuza na pia alilipa ada ya wakala ambayo ni 3% ya bei ya kuuza.Pia alilipa $ 400000 kwa kiasi cha mkopo kilichobaki kwenye chumba cha kulala, na $ 15000 kwa gharama za kufunga.Prof Martinez alitumia mapato ya jumla kutoka kwa kuuza chumba cha kulala ili kuwekeza kwenye hisa.Hifadhi zilipata 10% kila mwaka kwa miaka miwili.Je! Ni faida gani ya Prof. Martinez iliendelea baada ya miaka miwili?",38115
"Dk. Brown aliuza villa yake kwa $ 300000.Alilipa ada ya kisheria ambayo ilikuwa 3% ya bei ya kuuza na pia alilipa ada ya realtor ambayo ni 3% ya bei ya kuuza.Pia alilipa $ 200000 kwa kiasi cha mkopo kilichobaki kwenye villa, na $ 20000 kwa gharama za kufunga.Dk. Brown alitumia mapato ya jumla kutoka kwa kuuza villa kuwekeza kwenye hisa.Hifadhi zilipata 10% kila mwaka kwa miaka miwili.Je! Wavuti ya Dk. Brown ilikuwa pesa ngapi baada ya miaka miwili?",75020
"Olivia hufanya chai kwa kutumia vijiko vya sukari na vikombe vya maji kwa uwiano wa 51: 5.Yeye pia hutumia vijiko 7 vya maziwa kwa kila vikombe 5 vya maji, na hutumia vijiko 2 vya cream nzito kwa kila kijiko cha sukari.Alitumia jumla ya vijiko 220 vya sukari, vikombe vya maji, vijiko vya cream, na vijiko vya maziwa.Alitumia vijiko ngapi vya sukari?",68
"Olga hufanya kahawa kwa kutumia vijiko vya sukari na vikombe vya maji kwa uwiano wa 48:10.Yeye pia hutumia vijiko 6 vya maziwa kwa kila vikombe 10 vya maji, na hutumia vijiko 2 vya cream nzito kwa kila kijiko cha sukari.Alitumia jumla ya vijiko 210 vya sukari, vikombe vya maji, vijiko vya cream, na vijiko vya maziwa.Alitumia vijiko ngapi vya sukari?",63
"Gabrielle hufanya chai kwa kutumia vijiko vya sukari na vikombe vya maji kwa uwiano wa 54:12.Yeye pia hutumia vijiko 7 vya maziwa kwa kila vikombe 2 vya maji, na hutumia vijiko 2 vya cream nzito kwa kila kijiko cha sukari.Alitumia jumla ya vijiko 240 vya sukari, vikombe vya maji, vijiko vya cream, na vijiko vya maziwa.Alitumia vijiko ngapi vya sukari?",60
"Mia hufanya kahawa kwa kutumia vijiko vya sukari na vikombe vya maji kwa uwiano wa 48: 7.Yeye pia hutumia vijiko 9 vya maziwa kwa kila vikombe 7 vya maji, na hutumia vijiko 2 vya cream nzito kwa kila kijiko cha sukari.Alitumia jumla ya vijiko 170 vya sukari, vikombe vya maji, vijiko vya cream, na vijiko vya maziwa.Alitumia vijiko ngapi vya sukari?",51
"Kimia hufanya kahawa kwa kutumia vijiko vya sukari na vikombe vya maji kwa uwiano wa 55:44.Yeye pia hutumia vijiko 6 vya maziwa kwa kila vikombe 24 vya maji, na hutumia vijiko 2 vya cream nzito kwa kila kijiko cha sukari.Alitumia jumla ya vijiko 240 vya sukari, vikombe vya maji, vijiko vya cream, na vijiko vya maziwa.Alitumia vijiko ngapi vya sukari?",60
"Uma hufanya chai kwa kutumia vijiko vya sukari na vikombe vya maji kwa uwiano wa 45: 5.Yeye pia hutumia vijiko 8 vya maziwa kwa kila vikombe 4 vya maji, na hutumia vijiko 2 vya cream nzito kwa kila kijiko cha sukari.Alitumia jumla ya vijiko 210 vya sukari, vikombe vya maji, vijiko vya cream, na vijiko vya maziwa.Alitumia vijiko ngapi vya sukari?",63
"Fatima hufanya chai kwa kutumia vijiko vya sukari na vikombe vya maji kwa uwiano wa 52:30.Yeye pia hutumia vijiko 6 vya maziwa kwa kila vikombe 20 vya maji, na hutumia vijiko 2 vya cream nzito kwa kila kijiko cha sukari.Alitumia jumla ya vijiko 210 vya sukari, vikombe vya maji, vijiko vya cream, na vijiko vya maziwa.Alitumia vijiko ngapi vya sukari?",56
"Beatriz hufanya kahawa kwa kutumia vijiko vya sukari na vikombe vya maji kwa uwiano wa 48:12.Yeye pia hutumia vijiko 7 vya maziwa kwa kila vikombe 7 vya maji, na hutumia vijiko 2 vya cream nzito kwa kila kijiko cha sukari.Alitumia jumla ya vijiko 210 vya sukari, vikombe vya maji, vijiko vya cream, na vijiko vya maziwa.Alitumia vijiko ngapi vya sukari?",60
"Quinn hufanya kahawa kwa kutumia vijiko vya sukari na vikombe vya maji kwa uwiano wa 63: 9.Yeye pia hutumia vijiko 7 vya maziwa kwa kila vikombe 7 vya maji, na hutumia vijiko 2 vya cream nzito kwa kila kijiko cha sukari.Alitumia jumla ya vijiko 230 vya sukari, vikombe vya maji, vijiko vya cream, na vijiko vya maziwa.Alitumia vijiko ngapi vya sukari?",70
"Zahra hufanya chai kwa kutumia vijiko vya sukari na vikombe vya maji kwa uwiano wa 60: 5.Yeye pia hutumia vijiko 6 vya maziwa kwa kila vikombe 2 vya maji, na hutumia vijiko 2 vya cream nzito kwa kila kijiko cha sukari.Alitumia jumla ya vijiko 210 vya sukari, vikombe vya maji, vijiko vya cream, na vijiko vya maziwa.Alitumia vijiko ngapi vya sukari?",63
"Pizza kubwa ina huduma 87.Aisha anaweza kula huduma 3 kwa siku wakati Amelia anaweza kula mara mbili na Ava anaweza kula mara nne kama Amelia.Baada ya siku 2, Ava anaamua kwenda kwenye lishe na kukata matumizi kwa nusu.Itachukua siku ngapi kwa pizza kuliwa kikamilifu?",3
"Lasagna kubwa ina vipande 102.Leon anaweza kula vipande 3 kwa siku wakati Mohammed anaweza kula mara tatu na Sakura anaweza kula mara mbili kama vile Mohammed.Baada ya siku 2, Sakura anaamua kwenda kwenye lishe na kukata matumizi kwa nusu.Itachukua siku ngapi kwa lasagna kuliwa kikamilifu?",4
"Pie kubwa ina vipande 122.Ananya anaweza kula vipande 2 kwa siku wakati Kimia anaweza kula mara tatu na Fatima anaweza kula mara tano kama vile Kimia.Baada ya siku 2, Fatima anaamua kwenda kwenye lishe na kukata matumizi kwa nusu.Itachukua siku ngapi kwa mkate kuliwa kikamilifu?",4
"Keki kubwa ina sehemu 126.Kimia anaweza kula sehemu 3 kwa siku wakati Fatima anaweza kula mara tatu na Daphne anaweza kula mara nne kama vile Fatima.Baada ya siku 2, Daphne anaamua kwenda kwenye lishe na kukata matumizi kwa nusu.Itachukua siku ngapi kwa keki kuliwa kikamilifu?",3
"Pie kubwa ina vipande 99.Luis anaweza kula vipande 2 kwa siku wakati Amelia anaweza kula mara tatu na Aisha anaweza kula mara tano kama vile Amelia.Baada ya siku 2, Aisha anaamua kwenda kwenye lishe na kukata matumizi kwa nusu.Itachukua siku ngapi kwa mkate kuliwa kikamilifu?",3
"Pizza kubwa ina huduma 110.Tara anaweza kula huduma 2 kwa siku wakati Bodhi anaweza kula mara tatu na Olivia anaweza kula mara mbili kama Bodhi.Baada ya siku 2, Olivia anaamua kwenda kwenye lishe na kukata matumizi kwa nusu.Itachukua siku ngapi kwa pizza kuliwa kikamilifu?",7
"Pie kubwa ina huduma 126.Esteban anaweza kula huduma 3 kwa siku wakati Theo anaweza kula mara tatu na Gabriel anaweza kula mara nne kama Theo.Baada ya siku 2, Gabriel anaamua kwenda kwenye lishe na kukata matumizi kwa nusu.Itachukua siku ngapi kwa mkate kuliwa kikamilifu?",3
"Pizza kubwa ina huduma 105.Haruka anaweza kula huduma 3 kwa siku wakati Daphne anaweza kula mara nne na Arash anaweza kula mara mbili kama Daphne.Baada ya siku 2, Arash anaamua kwenda kwenye lishe na kukata matumizi kwa nusu.Itachukua siku ngapi kwa pizza kuliwa kikamilifu?",3
"Keki kubwa ina sehemu 87.Oliver anaweza kula sehemu 3 kwa siku wakati Pavel anaweza kula mara mbili na Mei anaweza kula mara mbili kama vile Pavel.Baada ya siku 2, Mei anaamua kwenda kwenye lishe na kukata matumizi kwa nusu.Itachukua siku ngapi kwa keki kuliwa kikamilifu?",5
"Keki kubwa ina sehemu 120.Jasmine anaweza kula sehemu 5 kwa siku wakati Roya anaweza kula mara mbili na Sophia anaweza kula mara mbili kama Roya.Baada ya siku 2, Sophia anaamua kwenda kwenye lishe na kukata matumizi kwa nusu.Itachukua siku ngapi kwa keki kuliwa kikamilifu?",4
"Sanjay hupokea barua pepe 32 kwa siku.25% ya barua pepe hizo hazihitaji majibu yoyote.Kutoka kwa wengine, Sanjay anaweza kujibu 2 chini ya 1/2 yao.Sanjay anajibu barua pepe ngapi katika wiki ya kazi ya siku 4?Sanjay hufanya kazi nyongeza siku ya mwisho ili aweze kujibu barua pepe zaidi ya 20% kuliko kawaida.",42
"Leon hupokea barua pepe 30 kwa siku.20% ya barua pepe hizo hazihitaji majibu yoyote.Kutoka kwa wengine, Leon anaweza kujibu 2 chini ya nusu yao.Je! Leon anajibu barua pepe ngapi katika wiki ya kazi ya siku 6?Leon hufanya kazi nyongeza siku ya mwisho ili aweze kujibu barua pepe zaidi ya 50% kuliko kawaida.",65
"Oliver hupokea barua pepe 32 kwa siku.25% ya barua pepe hizo hazihitaji majibu yoyote.Kutoka kwa wengine, Oliver anaweza kujibu 2 chini ya 1/2 yao.Je! Oliver anajibu barua pepe ngapi katika wiki ya kazi ya siku 4?Oliver hufanya kazi kwa nyongeza siku ya mwisho ili aweze kujibu barua pepe zaidi ya 10% kuliko kawaida.",41
"Luis hupokea barua pepe 30 kwa siku.20% ya barua pepe hizo hazihitaji majibu yoyote.Kutoka kwa wengine, Luis anaweza kujibu 4 chini ya 1/2 yao.Je! Luis anajibu barua pepe ngapi katika wiki ya kazi ya siku 5?Luis hufanya kazi nyongeza siku ya mwisho ili aweze kujibu barua pepe 25% zaidi kuliko kawaida.",42
"Hiroshi hupokea barua pepe 32 kwa siku.25% ya barua pepe hizo hazihitaji majibu yoyote.Kutoka kwa wengine, Hiroshi anaweza kujibu 2 chini ya 1/2 yao.Je! Hiroshi anajibu barua pepe ngapi katika wiki ya kazi ya siku 5?Hiroshi hufanya kazi nyongeza siku ya mwisho ili aweze kujibu barua pepe zaidi ya 30% kuliko kawaida.",53
"Carlos hupokea barua pepe 32 kwa siku.25% ya barua pepe hizo hazihitaji majibu yoyote.Kutoka kwa wengine, Carlos anaweza kujibu 4 chini ya nusu yao.Je! Carlos anajibu barua pepe ngapi katika wiki ya kazi ya siku 4?Carlos hufanya kazi kwa nyongeza siku ya mwisho ili aweze kujibu barua pepe zaidi ya 75% kuliko kawaida.",38
"Ravi hupokea barua pepe 25 kwa siku.12% ya barua pepe hizo hazihitaji majibu yoyote.Kutoka kwa wengine, Ravi anaweza kujibu chini ya 3 tu kuliko nusu yao.Je! Ravi anajibu barua pepe ngapi katika wiki ya kazi ya siku 4?Ravi hufanya kazi nyongeza siku ya mwisho ili aweze kujibu barua pepe zaidi ya 75% kuliko kawaida.",38
"Yuki hupokea barua pepe 32 kwa siku.25% ya barua pepe hizo hazihitaji majibu yoyote.Kutoka kwa wengine, Yuki anaweza kujibu 2 chini ya 1/2 yao.Yuki anajibu barua pepe ngapi katika wiki ya kazi ya siku 6?Yuki anafanya kazi nyongeza siku ya mwisho ili aweze kujibu barua pepe zaidi ya 10% kuliko kawaida.",61
"Mohammed hupokea barua pepe 25 kwa siku.12% ya barua pepe hizo hazihitaji majibu yoyote.Kutoka kwa wengine, Mohammed anaweza kujibu tu 3 chini ya nusu yao.Je! Mohammed anajibu barua pepe ngapi katika wiki ya kazi ya siku 5?Mohammed anafanya kazi nyongeza siku ya mwisho ili aweze kujibu barua pepe zaidi ya 25% kuliko kawaida.",42
"Ibrahim hupokea barua pepe 32 kwa siku.25% ya barua pepe hizo hazihitaji majibu yoyote.Kutoka kwa wengine, Ibrahim anaweza kujibu 2 chini ya nusu yao.Je! Ibrahim anajibu barua pepe ngapi katika wiki ya kazi ya siku 4?Ibrahim hufanya kazi nyongeza siku ya mwisho ili aweze kujibu barua pepe zaidi ya 60% kuliko kawaida.",46
"Gabriel anaendelea kufa D4.Je! Ni uwezekano gani (ulioonyeshwa kama tofauti katika alama za asilimia) kwamba anaongoza idadi kubwa kuliko 1 mara mbili mfululizo, kuliko kwamba anatoa nambari nne isiyo ya kawaida mfululizo?",50
"Tariq anaendelea kufa kwa upande nne.Je! Ni uwezekano gani (ulioonyeshwa kama tofauti katika alama za asilimia) kwamba anaongoza idadi kubwa kuliko 2 mara mbili mfululizo, kuliko kwamba anaongoza nambari nne hata mfululizo?",18
"Mohammed anaendesha kufa kwa upande wa 20.Je! Ni uwezekano gani (unaonyeshwa kama tofauti katika alama za asilimia) kwamba anaongoza idadi kubwa kuliko 10 mara mbili mfululizo, kuliko kwamba anaongoza nambari nne hata mfululizo?",18
"Viktor anaendesha kufa kwa upande wa 20.Je! Ni uwezekano gani (ulioonyeshwa kama tofauti katika alama za asilimia) kwamba anaongoza idadi kubwa kuliko 2 mara mbili mfululizo, kuliko kwamba anaongoza nambari nne hata mfululizo?",74
"DeShawn anaendelea kufa D10.Je! Ni uwezekano gani (unaonyeshwa kama tofauti katika alama za asilimia) kwamba anaongoza idadi kubwa kuliko 5 mara mbili mfululizo, kuliko kwamba anaongoza nambari nne hata mfululizo?",18
"Mateo anaendesha D6 kufa.Je! Ni uwezekano gani (ulioonyeshwa kama tofauti katika asilimia ya asilimia) kwamba anaongoza idadi kubwa kuliko 3 mara mbili mfululizo, kuliko kwamba anatoa nambari nne isiyo ya kawaida mfululizo?",18
"Yusuf anaendesha kufa kwa upande 10.Je! Ni uwezekano gani (unaonyeshwa kama tofauti katika alama za asilimia) kwamba anaongoza idadi kubwa kuliko 5 mara mbili mfululizo, kuliko kwamba anaongoza nambari nne hata mfululizo?",18
"Oliver anaendesha D8 kufa.Je! Ni uwezekano gani (ulioonyeshwa kama tofauti katika alama za asilimia) kwamba anaongoza idadi kubwa kuliko 2 mara mbili mfululizo, kuliko kwamba anatoa nambari nne isiyo ya kawaida mfululizo?",50
"Arjun anaendesha D6 kufa.Je! Ni uwezekano gani (ulioonyeshwa kama tofauti katika asilimia ya asilimia) kwamba anaongoza idadi kubwa kuliko 3 mara mbili mfululizo, kuliko kwamba anatoa nambari nne isiyo ya kawaida mfululizo?",18
"Liam anaendelea kufa D20.Je! Ni uwezekano gani (ulioonyeshwa kama tofauti katika alama za asilimia) kwamba anaongoza idadi kubwa kuliko 1 mara mbili mfululizo, kuliko kwamba anaongoza nambari nne hata mfululizo?",84
"Hapo awali Viktor alikuwa na pancakes 9, kisha akala pancakes 3 kwa kiamsha kinywa, na kisha akaficha iliyobaki kwenye uwanja kwa uwindaji wa yai ya Pasaka.Liam hupata pancakes 5.Yusuf hupata mara mbili kama Liam.Pavel hupata 4 chini ya Yusuf.Daphne hupata nusu kama pavel, na James hupata pancakes nne zaidi ya Yusuf na Liam pamoja.Je! Ni pancakes ngapi bado zimefichwa kwenye uwanja?",18
"Hapo awali Ali alikuwa na kuki 11, kisha akala kuki 3 kwa kiamsha kinywa, na kisha akaficha iliyobaki kwenye uwanja kwa uwindaji wa yai ya Pasaka.Faisal hupata kuki 5.Hiroshi hupata mara tatu kama faisal.Benjamin hupata 3 chini ya Hiroshi.Wei hupata robo nyingi kama Benjamin, na Quinn hupata kuki tatu zaidi ya Hiroshi na Faisal pamoja.Je! Ni kuki ngapi bado zimefichwa kwenye uwanja?",38
"Hapo awali Beatriz alikuwa na pancakes 10, kisha akala pancakes 3 kwa kiamsha kinywa, kisha akaficha iliyobaki kwenye uwanja kwa uwindaji wa yai ya Pasaka.Kimia hupata pancakes 6.Sophia hupata mara tatu kama Kimia.Mateo hupata 2 chini ya Sophia.Umar hupata nusu kama Mateo, na Mei hupata pancakes mbili zaidi ya Sophia na Kimia pamoja.Je! Ni pancakes ngapi bado zimefichwa kwenye uwanja?",21
"Hapo awali Zahra alikuwa na waffles 9, kisha akala waffles 5 kwa kiamsha kinywa, na kisha akaficha iliyobaki kwenye uwanja kwa uwindaji wa yai ya Pasaka.Viktor hupata waffles 5.Andre hupata mara tatu kama Viktor.Rania hupata 3 chini ya Andre.Uma hupata 1/4 kama Rania, na Arash hupata waffles tatu zaidi ya Andre na Viktor pamoja.Waffles ngapi bado zimefichwa kwenye uwanja?",12
"Hapo awali Kai alikuwa na pancakes 7, kisha akala pancakes 2 kwa kiamsha kinywa, na kisha akaficha iliyobaki kwenye uwanja kwa uwindaji wa yai ya Pasaka.NIA hupata pancakes 6.Isabella hupata mara mbili kama nia.Roya hupata 4 chini ya Isabella.Diego hupata robo nyingi kama Roya, na Yara hupata pancakes mbili zaidi ya Isabella na Nia pamoja.Je! Ni pancakes ngapi bado zimefichwa kwenye uwanja?",12
"Hapo awali Olga alikuwa na pancakes 8, kisha akala pancakes 5 kwa kiamsha kinywa, na kisha akaficha iliyobaki kwenye uwanja kwa uwindaji wa yai ya Pasaka.Gabrielle hupata pancakes 3.Jasmine hupata mara nne kama Gabrielle.Tariq hupata 2 chini ya Jasmine.Ravi hupata 1/5 kama Tariq, na Alejandro hupata pancakes mbili zaidi ya Jasmine na Gabrielle pamoja.Je! Ni pancakes ngapi bado zimefichwa kwenye uwanja?",25
"Hapo awali Isabella alikuwa na pancakes 11, kisha akala pancakes 5 kwa kiamsha kinywa, na kisha akaficha iliyobaki kwenye uwanja kwa uwindaji wa yai ya Pasaka.Elena hupata pancakes 5.Qasim hupata mara mbili kama Elena.Sanjay hupata 1 chini ya Qasim.Winnie hupata 1/9 kama Sanjay, na Faisal hupata pancakes nne zaidi ya Qasim na Elena pamoja.Je! Ni pancakes ngapi bado zimefichwa kwenye uwanja?",39
"Hapo awali Valeria alikuwa na pancakes 11, kisha akala pancakes 2 kwa kiamsha kinywa, na kisha akaficha iliyobaki kwenye uwanja kwa uwindaji wa yai ya Pasaka.James hupata pancakes 5.Jamal hupata mara tatu kama James.Daphne hupata 3 chini ya Jamal.Nadia hupata 1/2 kama Daphne, na Leon hupata pancakes tatu zaidi ya Jamal na James pamoja.Je! Ni pancakes ngapi bado zimefichwa kwenye uwanja?",36
"Hapo awali Beatriz alikuwa na mayai 8, kisha akala mayai 3 kwa kiamsha kinywa, na kisha akaficha iliyobaki kwenye uwanja kwa uwindaji wa yai ya Pasaka.Mateo hupata mayai 3.Luis hupata mara sita kama Mateo.Tariq hupata 2 chini ya Luis.Qasim hupata nusu kama Tariq, na Noa hupata mayai mawili zaidi ya Luis na Mateo pamoja.Je! Ni mayai ngapi bado yamefichwa kwenye uwanja?",3
"Hapo awali Diego alikuwa na waffles 8, kisha akala waffles 2 kwa kiamsha kinywa, kisha akaficha iliyobaki kwenye uwanja kwa uwindaji wa yai ya Pasaka.Roya hupata waffles 7.Yusuf hupata mara mbili kama Roya.Priya hupata 2 chini ya Yusuf.Keisha hupata 1/3 kama Priya, na Ava hupata waffles mbili zaidi ya Yusuf na Roya pamoja.Waffles ngapi bado zimefichwa kwenye uwanja?",12
"Qasim inakusanya takataka kutoka kwa nyumba 5 tofauti za ghorofa.4 za kwanza zina vyumba 100 kila moja na ya mwisho ni 30% kubwa kuliko ile nyingine 4 pamoja.Walakini, wiki hii, vyumba 5 kutoka kwa kila moja ya vifaa 4 vya kwanza vilikuwa wazi na hazikuhitaji huduma ya ukusanyaji.Qasim hukusanya takataka mara 2 kwa wiki kutoka kila mahali na analipwa ₣ 0.3 kwa mkusanyiko kwa kila ghorofa.Yeye pia hupata 10% ya ziada katika vidokezo.Je! Yeye hufanya pesa ngapi kwa wiki?",594
"Hiroshi hukusanya takataka kutoka kwa tata 6 tofauti za ghorofa.5 za kwanza zina vyumba 100 kila moja na ya mwisho ni 40% kubwa kuliko ile nyingine 5 pamoja.Walakini, wiki hii, vyumba 8 kutoka kwa kila moja ya vifaa 5 vya kwanza vilikuwa wazi na hazikuhitaji huduma ya ukusanyaji.Hiroshi hukusanya takataka mara 2 kwa wiki kutoka kila mahali na analipwa ₣ 0.25 kwa mkusanyiko kwa kila ghorofa.Yeye pia hupata 10% ya ziada katika vidokezo.Je! Yeye hufanya pesa ngapi kwa wiki?",638
"Tariq inakusanya takataka kutoka 4 tofauti za ghorofa.3 za kwanza zina vyumba 100 kila moja na ya mwisho ni 30% kubwa kuliko ile 3 iliyojumuishwa.Walakini, wiki hii, vyumba 10 kutoka kwa kila moja ya vituo 3 vya kwanza vilikuwa wazi na hazikuhitaji huduma ya ukusanyaji.Tariq hukusanya takataka mara 3 kwa wiki kutoka kila mahali na analipwa ₺0.5 kwa kila mkusanyiko kwa kila ghorofa.Yeye pia hupata 10% ya ziada katika vidokezo.Je! Yeye hufanya pesa ngapi kwa wiki?",1089
"Pavel hukusanya takataka kutoka kwa nyumba 6 tofauti za ghorofa.5 za kwanza zina vyumba 100 kila moja na ya mwisho ni 70% kubwa kuliko ile nyingine 5 pamoja.Walakini, wiki hii, vyumba 10 kutoka kwa kila moja ya vifaa 5 vya kwanza vilikuwa wazi na hazikuhitaji huduma ya ukusanyaji.Pavel hukusanya takataka mara 2 kwa wiki kutoka kila mahali na yeye hulipwa ₺0.45 kwa mkusanyiko kwa kila ghorofa.Yeye pia hupata 10% ya ziada katika vidokezo.Je! Yeye hufanya pesa ngapi kwa wiki?",1287
"Oliver hukusanya takataka kutoka kwa nyumba 5 tofauti za ghorofa.4 za kwanza zina vyumba 100 kila moja na ya mwisho ni 50% kubwa kuliko ile nyingine 4 pamoja.Walakini, wiki hii, vyumba 6 kutoka kwa kila moja ya vifaa 4 vya kwanza vilikuwa wazi na hazikuhitaji huduma ya ukusanyaji.Oliver hukusanya takataka mara 5 kwa wiki kutoka kila mahali na analipwa ₣ 0.25 kwa mkusanyiko kwa kila ghorofa.Yeye pia hupata 10% ya ziada katika vidokezo.Je! Yeye hufanya pesa ngapi kwa wiki?",1342
"Noa anakusanya takataka kutoka kwa nyumba 5 tofauti za ghorofa.4 za kwanza zina vyumba 100 kila moja na ya mwisho ni 75% kubwa kuliko ile nyingine 4 pamoja.Walakini, wiki hii, vyumba 5 kutoka kwa kila moja ya vifaa 4 vya kwanza vilikuwa wazi na hazikuhitaji huduma ya ukusanyaji.Noa anakusanya takataka mara 2 kwa wiki kutoka kila mahali na analipwa ₣ 0.25 kwa mkusanyiko kwa kila ghorofa.Yeye pia hupata 10% ya ziada katika vidokezo.Je! Yeye hufanya pesa ngapi kwa wiki?",594
"Esteban hukusanya takataka kutoka kwa tata 3 tofauti za ghorofa.2 ya kwanza ina vyumba 150 kila moja na ya mwisho ni 70% kubwa kuliko ile nyingine 2 pamoja.Walakini, wiki hii, vyumba 5 kutoka kwa kila aina ya 2 ya kwanza zilikuwa wazi na hazikuhitaji huduma ya ukusanyaji.Esteban hukusanya takataka mara 3 kwa wiki kutoka kila mahali na analipwa € 0.45 kwa mkusanyiko kwa kila ghorofa.Yeye pia hupata 10% ya ziada katika vidokezo.Je! Yeye hufanya pesa ngapi kwa wiki?",1188
"Yusuf hukusanya takataka kutoka kwa nyumba 7 tofauti za ghorofa.6 za kwanza zina vyumba 100 kila moja na ya mwisho ni 35% kubwa kuliko ile 6 iliyojumuishwa.Walakini, wiki hii, vyumba 10 kutoka kwa kila moja ya vifaa 6 vya kwanza vilikuwa wazi na hazikuhitaji huduma ya ukusanyaji.Yusuf hukusanya takataka mara 2 kwa wiki kutoka kila mahali na yeye hulipwa ¥ 0.4 kwa mkusanyiko kwa kila ghorofa.Yeye pia hupata 10% ya ziada katika vidokezo.Je! Yeye hufanya pesa ngapi kwa wiki?",1188
"Wei hukusanya takataka kutoka kwa tata 3 tofauti za ghorofa.2 za kwanza zina vyumba 100 kila moja na ya mwisho ni 70% kubwa kuliko ile nyingine 2 pamoja.Walakini, wiki hii, vyumba 5 kutoka kwa kila aina ya 2 ya kwanza zilikuwa wazi na hazikuhitaji huduma ya ukusanyaji.Wei hukusanya takataka mara 4 kwa wiki kutoka kila mahali na yeye hulipwa ₺0.25 kwa mkusanyiko kwa kila ghorofa.Yeye pia hupata 10% ya ziada katika vidokezo.Je! Yeye hufanya pesa ngapi kwa wiki?",583
"Carlos hukusanya takataka kutoka 3 tofauti za ghorofa.2 za kwanza zina vyumba 200 kila moja na ya mwisho ni 40% kubwa kuliko ile nyingine 2 pamoja.Walakini, wiki hii, vyumba 10 kutoka kwa kila aina ya 2 ya kwanza zilikuwa wazi na hazikuhitaji huduma ya ukusanyaji.Carlos hukusanya takataka mara 4 kwa wiki kutoka kila mahali na analipwa ₣ 0.25 kwa kila mkusanyiko kwa kila ghorofa.Yeye pia hupata 10% ya ziada katika vidokezo.Je! Yeye hufanya pesa ngapi kwa wiki?",1034
"Sakura ni mtu anayependa bustani.Siku mbili zilizopita, alipokea mimea 49 mpya ya Potted kutoka kitalu chake cha kupenda.Tayari ana mimea 7 iliyowekwa kwenye kila moja ya vifaa 60 vya nyumba ya nchi yake kubwa.Alinunua pia mimea 100 mpya jana kwa punguzo la 50%.Kuhisi mkarimu, ameamua kwamba atatoa mimea 3 iliyowekwa kutoka kwa kila daraja kwa marafiki na familia kesho.Je! Sakura itabaki na mimea ngapi?",389
"Daphne ni mtu anayependa bustani.Siku mbili zilizopita, alipokea mimea 23 mpya iliyowekwa kwenye kitalu chake cha kupenda.Tayari ana mimea 8 iliyowekwa kwenye kila moja ya vifaa vya dirisha 56 la nchi yake kubwa.Alinunua pia mimea 200 mpya jana kwa punguzo la 50%.Kuhisi mkarimu, ameamua kwamba atatoa mimea 6 iliyowekwa kutoka kwa kila daraja kwa marafiki na familia kesho.Je! Daphne atabaki na mimea ngapi?",335
"Amelia ni mtu anayependa bustani.Wiki iliyopita, alipokea mimea 25 mpya iliyowekwa kwenye kitalu chake cha kupenda.Tayari ana mimea 12 iliyowekwa kwenye kila moja ya vifaa vya dirisha 54 la nyumba yake kubwa.Alinunua pia mimea 110 mpya jana kwa punguzo la 50%.Kuhisi ukarimu, ameamua kwamba atatoa mimea 4 iliyowekwa kutoka kwa kila daraja kwa marafiki na familia kesho.Je! Amelia atabaki na mimea ngapi?",567
"Elena ni mtu anayependa bustani.Siku mbili zilizopita, alipokea mimea mpya 38 iliyotiwa mafuta kutoka kwa kitalu chake cha kupenda.Tayari ana mimea 12 iliyowekwa kwenye kila moja ya vifaa 55 vya nyumba yake kubwa.Alinunua pia mimea 70 mpya jana kwa punguzo la 50%.Kuhisi mkarimu, ameamua kwamba atatoa mimea 3 iliyowekwa kutoka kwa kila daraja kwa marafiki na familia kesho.Je! Elena atabaki na mimea ngapi?",603
"Yara ni mtu anayependa bustani.Siku mbili zilizopita, alipokea mimea 49 mpya ya Potted kutoka kitalu chake cha kupenda.Tayari ana mimea 12 iliyowekwa kwenye kila moja ya vifaa vya dirisha 54 la nyumba yake kubwa.Alinunua pia mimea mpya 130 jana kwa punguzo la 50%.Kuhisi ukarimu, ameamua kwamba atatoa mimea 4 iliyowekwa kutoka kwa kila daraja kwa marafiki na familia kesho.Je! Yara atabaki na mimea ngapi?",611
"Mei ni mtu anayependa bustani.Siku mbili zilizopita, alipokea mimea mpya 38 iliyotiwa mafuta kutoka kwa kitalu chake cha kupenda.Tayari ana mimea 9 iliyowekwa kwenye kila moja ya vifaa 60 vya nyumba yake kubwa.Alinunua pia mimea mpya 170 jana kwa punguzo la 50%.Kuhisi mkarimu, ameamua kwamba atatoa mimea 6 iliyowekwa kutoka kwa kila daraja kwa marafiki na familia kesho.Je! Mei atabaki na mimea ngapi?",388
"Valentina ni mtu anayependa bustani.Jana usiku, alipokea mimea 48 mpya iliyowekwa kutoka kwa kitalu chake cha kupenda.Tayari ana mimea 11 iliyowekwa kwenye kila moja ya vifaa vya dirisha 63 la nyumba yake kubwa.Alinunua pia mimea 100 mpya jana kwa punguzo la 50%.Kuhisi mkarimu, ameamua kwamba atatoa mimea 6 iliyowekwa kutoka kwa kila daraja kwa marafiki na familia kesho.Je! Valentina itabaki na mimea ngapi?",463
"Quinn ni mtu anayependa bustani.Jana usiku, alipokea mimea 23 mpya iliyowekwa kwenye kitalu chake cha kupenda.Tayari ana mimea 8 iliyowekwa kwenye kila moja ya vifaa 57 vya nyumba yake kubwa.Alinunua pia mimea 20 mpya jana kwa punguzo la 50%.Kuhisi ukarimu, ameamua kwamba atatoa mimea 4 iliyowekwa kutoka kwa kila daraja kwa marafiki na familia kesho.Je! Quinn atabaki na mimea ngapi?",271
"Amelia ni mtu anayependa bustani.Jana usiku, alipokea mimea mpya 42 kutoka kwa kitalu chake cha kupenda.Tayari ana mimea 7 iliyowekwa kwenye kila moja ya vifaa vya dirisha 56 la nyumba yake kubwa.Alinunua pia mimea mpya 180 jana kwa punguzo la 50%.Kuhisi ukarimu, ameamua kwamba atatoa mimea 4 iliyowekwa kutoka kwa kila daraja kwa marafiki na familia kesho.Je! Amelia atabaki na mimea ngapi?",390
"Sophia ni mtu anayependa bustani.Wiki iliyopita, alipokea mimea 26 mpya iliyowekwa kwenye kitalu chake cha kupenda.Tayari ana mimea 11 iliyowekwa kwenye kila moja ya vifaa 55 vya nyumba yake kubwa.Alinunua pia mimea mpya 130 jana kwa punguzo la 50%.Kuhisi mkarimu, ameamua kwamba atatoa mimea 3 iliyowekwa kutoka kwa kila daraja kwa marafiki na familia kesho.Je! Sophia atabaki na mimea ngapi?",596
"Kuna wasichana 24 kwenye mbuga.Ikiwa kuna theluthi moja ya wavulana kwenye uwanja huo, ni asilimia ngapi ya watoto kwenye uwanja ni wasichana?",75
"Kuna wasichana 39 kwenye uwanja.Ikiwa kuna theluthi mbili idadi ya wavulana kwenye uwanja, ni asilimia ngapi ya watoto kwenye uwanja ni wasichana?",75
"Kuna wasichana 22 kwenye bustani.Ikiwa kuna mara tatu idadi ya wavulana kwenye bustani, ni asilimia ngapi ya watoto kwenye bustani ni wasichana?",25
"Kuna wasichana 20 kwenye bustani.Ikiwa kuna 1/4 idadi ya wavulana kwenye bustani, ni asilimia ngapi ya watoto kwenye bustani ni wasichana?",80
"Kuna wasichana 24 uwanjani.Ikiwa kuna mara nne idadi ya wavulana kwenye uwanja, ni asilimia ngapi ya watoto kwenye uwanja ni wasichana?",20
"Kuna wasichana 16 kwenye bustani.Ikiwa kuna mara tisa idadi ya wavulana kwenye bustani, ni asilimia ngapi ya watoto kwenye bustani ni wasichana?",10
"Kuna wasichana 21 kwenye uwanja wa michezo.Ikiwa kuna mara nne idadi ya wavulana kwenye uwanja wa michezo, ni asilimia ngapi ya watoto kwenye uwanja wa michezo ni wasichana?",20
"Kuna wasichana 18 uwanjani.Ikiwa kuna mara nne idadi ya wavulana kwenye uwanja, ni asilimia ngapi ya watoto kwenye uwanja ni wasichana?",20
"Kuna wasichana 31 kwenye mbuga.Ikiwa kuna mara nne idadi ya wavulana kwenye mbuga, ni asilimia ngapi ya watoto kwenye bustani ni wasichana?",20
"Kuna wasichana 19 uwanjani.Ikiwa kuna mara tisa idadi ya wavulana kwenye uwanja, ni asilimia ngapi ya watoto kwenye uwanja ni wasichana?",10
"Bi Smith anatafuta nyumba mpya ambayo haitapita zaidi ya bajeti yake ya $ 410000.Aliona mali ambayo ina bei ya kuuza ya $ 500000.Juu ya hiyo, mnunuzi lazima alipe ada ya udalali ambayo ni 7% ya bei ya kuuza, na pia ada ya uhamishaji ambayo ni 12% ya bei ya kuuza.Ikiwa Bi Smith anaweza kupata punguzo la 20% kwa bei ya kuuza, ni gharama ngapi itakuwa jumla ya bajeti ya Bi Smith?",66000
"Dk Patel anatafuta kondomu mpya ambayo haitapita zaidi ya bajeti yake ya $ 390000.Aliona mali ambayo ina bei ya kuuza ya $ 560000.Juu ya hiyo, mnunuzi lazima alipe ada ya udalali ambayo ni 7% ya bei ya kuuza, na pia ada ya uhamishaji ambayo ni 14% ya bei ya kuuza.Ikiwa Dk. Patel anaweza kupata punguzo la 25% kwa bei ya kuuza, ni gharama ngapi jumla kuliko bajeti ya Dk. Patel?",118200
"Bi Johnson anatafuta ghorofa mpya ambayo haitapita zaidi ya bajeti yake ya $ 430000.Aliona mali ambayo ina bei ya kuuza ya $ 400000.Juu ya hiyo, mnunuzi lazima alipe ada ya udalali ambayo ni 7% ya bei ya kuuza, na pia ada ya uhamishaji ambayo ni 14% ya bei ya kuuza.Ikiwa Bi Johnson anaweza kupata punguzo la 5% kwa bei ya kuuza, ni gharama ngapi jumla kuliko bajeti ya Bi Johnson?",29800
"Bi Smith anatafuta nyumba mpya ambayo haitapita zaidi ya bajeti yake ya $ 410000.Aliona mali ambayo ina bei ya kuuza ya $ 480000.Juu ya hiyo, mnunuzi lazima alipe ada ya udalali ambayo ni 3% ya bei ya kuuza, na pia ada ya uhamishaji ambayo ni 12% ya bei ya kuuza.Ikiwa Bi Smith anaweza kupata punguzo la 5% kwa bei ya kuuza, ni gharama ngapi itakuwa jumla ya bajeti ya Bi Smith?",114400
"Bi Lee anatafuta nyumba mpya ya mji ambayo haitapita zaidi ya bajeti yake ya $ 330000.Aliona mali ambayo ina bei ya kuuza ya $ 440000.Juu ya hiyo, mnunuzi lazima alipe ada ya udalali ambayo ni 5% ya bei ya kuuza, na pia ada ya uhamishaji ambayo ni 12% ya bei ya kuuza.Ikiwa Bi Lee anaweza kupata punguzo la 25% kwa bei ya kuuza, ni gharama ngapi itakuwa jumla ya bajeti ya Bi Lee?",56100
"Bi Smith anatafuta nyumba mpya ambayo haitapita zaidi ya bajeti yake ya $ 310000.Aliona mali ambayo ina bei ya kuuza ya $ 400000.Juu ya hiyo, mnunuzi lazima alipe ada ya udalali ambayo ni 5% ya bei ya kuuza, na pia ada ya uhamishaji ambayo ni 12% ya bei ya kuuza.Ikiwa Bi Smith anaweza kupata punguzo la 10% kwa bei ya kuuza, ni gharama ngapi itakuwa jumla ya bajeti ya Bi Smith?",111200
"Bi Johnson anatafuta ghorofa mpya ambayo haitapita zaidi ya bajeti yake ya $ 490000.Aliona mali ambayo ina bei ya kuuza ya $ 640000.Juu ya hiyo, mnunuzi lazima alipe ada ya udalali ambayo ni 3% ya bei ya kuuza, na pia ada ya uhamishaji ambayo ni 14% ya bei ya kuuza.Ikiwa Bi Johnson anaweza kupata punguzo la 25% kwa bei ya kuuza, ni gharama ngapi itakuwa jumla ya bajeti ya Bi Johnson?",71600
"Bi Johnson anatafuta ghorofa mpya ambayo haitapita zaidi ya bajeti yake ya $ 400000.Aliona mali ambayo ina bei ya kuuza ya $ 480000.Juu ya hiyo, mnunuzi lazima alipe ada ya udalali ambayo ni 7% ya bei ya kuuza, na pia ada ya uhamishaji ambayo ni 12% ya bei ya kuuza.Ikiwa Bi Johnson anaweza kupata punguzo la 25% kwa bei ya kuuza, ni gharama ngapi itakuwa jumla ya bajeti ya Bi Johnson?",28400
"Bi Lee anatafuta nyumba mpya ya mji ambayo haitapita zaidi ya bajeti yake ya $ 440000.Aliona mali ambayo ina bei ya kuuza ya $ 400000.Juu ya hiyo, mnunuzi lazima alipe ada ya udalali ambayo ni 7% ya bei ya kuuza, na pia ada ya uhamishaji ambayo ni 12% ya bei ya kuuza.Ikiwa Bi Lee anaweza kupata punguzo la 5% kwa bei ya kuuza, ni gharama ngapi itakuwa jumla ya bajeti ya Bi Lee?",12200
"Bi Johnson anatafuta nyumba mpya ambayo haitapita zaidi ya bajeti yake ya $ 470000.Aliona mali ambayo ina bei ya kuuza ya $ 650000.Juu ya hiyo, mnunuzi lazima alipe ada ya udalali ambayo ni 4% ya bei ya kuuza, na pia ada ya uhamishaji ambayo ni 13% ya bei ya kuuza.Ikiwa Bi Johnson anaweza kupata punguzo la 20% kwa bei ya kuuza, ni gharama ngapi jumla kuliko bajeti ya Bi Johnson?",138400
"Nadia alikwenda kwenye mkate na akanunua aina tofauti za keki.Alinunua donuts 60 kwa $ 14 kwa dazeni, vikombe 60 vya mini kwa $ 25 kwa dazeni, na cheesecakes 24 za mini.Baada ya punguzo la 20%, alilipa jumla ya $ 1540.Je! Gharama ya cheesecakes mini kwa dazeni ilikuwa nini?",865
"Nia alikwenda kwa patisserie na akanunua aina anuwai ya bidhaa zilizooka.Alinunua croissants 60 kwa $ 19 kwa dazeni, macaroni 72 kwa $ 20 kwa dazeni, na brownies 36.Baada ya punguzo la 5%, alilipa jumla ya $ 1330.Je! Gharama ya brownies kwa dazeni ilikuwa nini?",395
"Ava alikwenda kwenye confectionery na akanunua aina tofauti za dessert.Alinunua eclairs 36 kwa $ 13 kwa dazeni, kuki 60 kwa $ 26 kwa dazeni, na muffins 24.Baada ya punguzo la 20%, alilipa jumla ya $ 980.Je! Gharama ya muffins kwa dazeni ilikuwa nini?",528
"Roya alikwenda kwa patisserie na akanunua aina anuwai ya bidhaa zilizooka.Alinunua croissants 48 kwa $ 19 kwa dazeni, macaroni 48 kwa $ 31 kwa dazeni, na brownies 24.Baada ya punguzo la 25%, alilipa jumla ya $ 1530.Je! Gharama ya brownies kwa dazeni ilikuwa nini?",920
"Aisha alikwenda kwa patisserie na akanunua aina anuwai ya bidhaa zilizooka.Alinunua croissants 24 kwa $ 12 kwa dazeni, macaroni 48 kwa $ 20 kwa dazeni, na brownies 24.Baada ya punguzo la 20%, alilipa jumla ya $ 1520.Je! Gharama ya brownies kwa dazeni ilikuwa nini?",898
"Sophia alikwenda kwenye mkate na akanunua aina tofauti za keki.Alinunua donuts 48 kwa $ 19 kwa dazeni, vikombe 48 vya mini kwa $ 24 kwa dazeni, na cheesecakes 48 za mini.Baada ya punguzo la 25%, alilipa jumla ya $ 1440.Je! Gharama ya cheesecakes mini kwa dazeni ilikuwa nini?",437
"Uma alikwenda kwenye cafe na akanunua aina tofauti za chipsi.Alinunua Kideni 48 kwa $ 16 kwa dazeni, 48 tarts kwa $ 25 kwa dazeni, na 48 scones.Baada ya punguzo la 25%, alilipa jumla ya $ 1050.Je! Gharama ya scones kwa dazeni ilikuwa nini?",309
"Mia alikwenda kwenye cafe na akanunua aina tofauti za chipsi.Alinunua Kideni 48 kwa $ 20 kwa dazeni, tart 60 kwa $ 24 kwa dazeni, na scones 24.Baada ya punguzo la 25%, alilipa jumla ya $ 1140.Je! Gharama ya scones kwa dazeni ilikuwa nini?",660
"Daphne alikwenda kwenye mkate na akanunua aina tofauti za keki.Alinunua donuts 48 kwa $ 18 kwa dazeni, vikombe 72 vya mini kwa $ 29 kwa dazeni, na cheesecakes 72 za mini.Baada ya punguzo la 20%, alilipa jumla ya $ 1200.Je! Gharama ya cheesecakes mini kwa dazeni ilikuwa nini?",209
"Emma alikwenda kwa patisserie na akanunua aina anuwai ya bidhaa zilizooka.Alinunua croissants 60 kwa $ 16 kwa dazeni, macaroni 48 kwa $ 30 kwa dazeni, na 60 brownies.Baada ya punguzo la 20%, alilipa jumla ya $ 1400.Je! Gharama ya brownies kwa dazeni ilikuwa nini?",310
"Sunnyside High inashikilia kuhitimu katika uwanja wake wa michezo mwaka huu ambao una nafasi kwa watu 7500.Baada ya uhasibu kwa viti 600 vya kuhitimu, viti 250 vya kitivo kinachohudhuria, na kuhifadhi viti 50 kwa wafanyikazi wa hafla hiyo, kila tiketi ingepokea kwa marafiki na familia zao ikiwa tikiti zimegawanywa kwa usawa?",11
"Shule ya Upili ya Greenville inashikilia kuhitimu katika kituo chake cha kusanyiko mwaka huu ambayo ina nafasi kwa watu 7700.Baada ya uhasibu kwa viti 550 vya kuhitimu, viti 450 vya kitivo kinachohudhuria, na kuhifadhi viti 100 kwa wafanyikazi wa hafla hiyo, kila tiketi ingepokea kwa marafiki na familia zao ikiwa tikiti zimegawanywa kwa usawa?",12
"Chuo cha Riverside kinashikilia kuhitimu katika ukumbi wake wa mazoezi mwaka huu ambao una nafasi kwa watu 7800.Baada ya uhasibu kwa viti 1050 vya kuhitimu, viti 350 vya kitivo kinachohudhuria, na kuhifadhi viti 100 kwa wafanyikazi wa hafla hiyo, kila tiketi ingepokea kila mmoja kuwapa marafiki na familia ikiwa tikiti zimegawanywa kwa usawa?",6
"Shule ya Upili ya Greenville inafanya kuhitimu katika kituo chake cha kusanyiko mwaka huu ambayo ina nafasi kwa watu 3900.Baada ya uhasibu kwa viti 1150 vya kuhitimu, viti 400 vya kitivo kinachohudhuria, na kuhifadhi viti 50 kwa wafanyikazi wa hafla hiyo, kila tiketi ingepokea kila mmoja kuwapa marafiki na familia ikiwa tikiti zimegawanywa kwa usawa?",2
"Chuo cha Riverside kinashikilia kuhitimu katika ukumbi wake wa mazoezi mwaka huu ambao una nafasi kwa watu 8900.Baada ya uhasibu kwa viti 1050 vya kuhitimu, viti 400 vya kitivo kinachohudhuria, na kuhifadhi viti 100 kwa wafanyikazi wa hafla hiyo, kila tiketi ingepokea kila mmoja kuwapa marafiki na familia ikiwa tikiti zimegawanywa kwa usawa?",7
"Chuo cha Riverside kinashikilia kuhitimu katika ukumbi wake wa mazoezi mwaka huu ambao una nafasi kwa watu 7300.Baada ya uhasibu kwa viti 700 vya kuhitimu, viti 200 vya kitivo kinachohudhuria, na kuhifadhi viti 100 kwa wafanyikazi wa hafla hiyo, ni tikiti ngapi kila mhitimu angepokea ili kuwapa marafiki na familia ikiwa tikiti zimegawanywa kwa usawa?",9
"Sunnyside High inashikilia kuhitimu katika uwanja wake wa michezo mwaka huu ambao una nafasi kwa watu 6700.Baada ya uhasibu kwa viti 1250 vya kuhitimu, viti 350 vya kitivo kinachohudhuria, na kuhifadhi viti 100 kwa wafanyikazi wa hafla hiyo, kila tiketi zingepokea kila mmoja kuwapa marafiki na familia ikiwa tikiti zimegawanywa kwa usawa?",4
"Sunnyside High inashikilia kuhitimu katika uwanja wake wa michezo mwaka huu ambao una nafasi kwa watu 4100.Baada ya uhasibu kwa viti 750 vya kuhitimu, viti 250 vya kitivo kinachohudhuria, na kuhifadhi viti 100 kwa wafanyikazi wa hafla hiyo, kila tiketi ingepokea kila mmoja kuwapa marafiki na familia ikiwa tikiti zimegawanywa kwa usawa?",4
"Shule ya Upili ya Greenville inafanya kuhitimu katika kituo chake cha kusanyiko mwaka huu ambayo ina nafasi kwa watu 7200.Baada ya uhasibu kwa viti 750 vya kuhitimu, viti 400 vya kitivo kinachohudhuria, na kuhifadhi viti 50 kwa wafanyikazi wa hafla hiyo, kila tiketi zingepokea kila mmoja kuwapa marafiki na familia ikiwa tikiti zimegawanywa kwa usawa?",8
"Shule ya Upili ya Oakwood inashikilia kuhitimu katika ukumbi wake mwaka huu ambayo ina nafasi kwa watu 3500.Baada ya uhasibu kwa viti 750 vya kuhitimu, viti 400 vya kitivo kinachohudhuria, na kuhifadhi viti 100 kwa wafanyikazi wa hafla hiyo, kila tiketi ingepokea kila mmoja kuwapa marafiki na familia ikiwa tikiti zimegawanywa kwa usawa?",3
Bodhi huenda dukani kununua mchele.Chapa ya kawaida ya mchele ananunua hugharimu $ 15 kwa paundi.Lazima anunue chapa ghali zaidi ambayo inagharimu 20% zaidi kwani chapa yake anapenda kuuzwa.Anaamua kununua mchele wenye thamani ya wiki na hutumia pauni 2 za mchele kwa siku.Hifadhi ina punguzo la 20% kwenye mchele ambao unatumika hadi pauni 10 tu;Mchele wowote wa ziada unauzwa kwa bei ya kawaida.Bodhi pia anaamua kujinunulia kuki kwa $ 1.Je! Bodhi anapaswa kulipa kiasi gani?,217
Oliver huenda dukani kununua unga.Chapa ya kawaida ya unga yeye hununua gharama ₣ 16 kwa kilo.Lazima anunue chapa ghali zaidi ambayo inagharimu 25% zaidi kwani chapa yake anapenda kuuzwa.Anaamua kununua unga wenye thamani ya wiki na yeye hutumia kilo 2 za unga kwa siku.Hifadhi ina punguzo la 5% kwenye unga ambao unatumika hadi kilo 10 tu;Unga wowote wa ziada unauzwa kwa bei ya kawaida.Oliver pia anaamua kununua mwenyewe muffin kwa ₣ 4.Je! Oliver anapaswa kulipa kiasi gani?,274
Arjun huenda dukani kununua chai.Chapa ya kawaida ya chai yeye hununua gharama ¥ 10 kwa kilo.Lazima anunue chapa ghali zaidi ambayo inagharimu 40% zaidi kwani chapa yake anapenda kuuzwa.Anaamua kununua chai yenye thamani ya wiki na yeye hutumia kilo 2 za chai kwa siku.Hifadhi ina punguzo la 10% kwenye chai ambayo inatumika hadi kilo 10 tu;Chai yoyote ya ziada inauzwa kwa bei ya kawaida.Arjun pia anaamua kununua mwenyewe muffin kwa ¥ 4.Je! Arjun anapaswa kulipa kiasi gani?,186
Benjamin huenda dukani kununua sukari.Chapa ya kawaida ya sukari yeye hununua ₺10 kwa kilo.Lazima anunue chapa ghali zaidi ambayo inagharimu 20% zaidi kwani chapa yake anapenda kuuzwa.Anaamua kununua sukari yenye thamani ya wiki na yeye hutumia kilo 3 za sukari kwa siku.Hifadhi ina punguzo la 30% kwenye sukari ambayo inatumika hadi kilo 10 tu;Sukari yoyote ya ziada inauzwa kwa bei ya kawaida.Benjamin pia anaamua kununua mwenyewe bagel kwa ₺1.Je! Benjamin anapaswa kulipa kiasi gani?,217
Mohammed huenda dukani kununua sukari.Chapa ya kawaida ya sukari yeye hununua inagharimu $ 15 kwa kilo.Lazima anunue chapa ghali zaidi ambayo inagharimu 40% zaidi kwani chapa yake anapenda kuuzwa.Anaamua kununua sukari yenye thamani ya wiki na yeye hutumia kilo 3 za sukari kwa siku.Hifadhi ina punguzo la 10% kwenye sukari ambayo inatumika hadi kilo 20 tu;Sukari yoyote ya ziada inauzwa kwa bei ya kawaida.Mohammed pia anaamua kununua mwenyewe bagel kwa $ 1.Je! Mohammed anapaswa kulipa kiasi gani?,400
Theo huenda dukani kununua mchele.Chapa ya kawaida ya mchele hununua gharama ¥ 5 kwa kilo.Lazima anunue chapa ghali zaidi ambayo inagharimu 20% zaidi kwani chapa yake anapenda kuuzwa.Anaamua kununua mchele wenye thamani ya wiki na yeye hutumia kilo 2 za mchele kwa siku.Duka lina punguzo la 40% kwenye mchele ambao unatumika hadi kilo 10 tu;Mchele wowote wa ziada unauzwa kwa bei ya kawaida.Theo pia anaamua kununua mwenyewe bagel kwa ¥ 4.Je! Theo anapaswa kulipa kiasi gani?,64
Faisal huenda dukani kununua sukari.Chapa ya kawaida ya sukari yeye hununua inagharimu $ 10 kwa paundi.Lazima anunue chapa ghali zaidi ambayo inagharimu 20% zaidi kwani chapa yake anapenda kuuzwa.Anaamua kununua sukari yenye thamani ya wiki na yeye hutumia sukari 2 ya sukari kwa siku.Hifadhi ina punguzo la 10% kwenye sukari ambayo inatumika hadi pauni 10 tu;Sukari yoyote ya ziada inauzwa kwa bei ya kawaida.Faisal pia anaamua kujinunulia kuki kwa $ 3.Je! Faisal anapaswa kulipa kiasi gani?,159
Mateo huenda dukani kununua sukari.Chapa ya kawaida ya sukari yeye hununua ₺5 kwa kilo.Lazima anunue chapa ghali zaidi ambayo inagharimu 40% zaidi kwani chapa yake anapenda kuuzwa.Anaamua kununua sukari yenye thamani ya wiki na yeye hutumia kilo 3 za sukari kwa siku.Hifadhi ina punguzo la 20% kwenye sukari ambayo inatumika hadi kilo 20 tu;Sukari yoyote ya ziada inauzwa kwa bei ya kawaida.Mateo pia anaamua kununua mwenyewe muffin kwa ₺4.Je! Mateo anapaswa kulipa kiasi gani?,123
Carlos huenda dukani kununua unga.Chapa ya kawaida ya unga yeye hununua gharama ₣ 10 kwa kilo.Lazima anunue chapa ghali zaidi ambayo inagharimu 40% zaidi kwani chapa yake anapenda kuuzwa.Anaamua kununua unga wenye thamani ya wiki na yeye hutumia kilo 2 za unga kwa siku.Hifadhi ina punguzo la 45% kwenye unga ambao unatumika hadi kilo 10 tu;Unga wowote wa ziada unauzwa kwa bei ya kawaida.Carlos pia anaamua kununua mwenyewe bagel kwa ₣ 2.Je! Carlos anapaswa kulipa kiasi gani?,135
Wei huenda dukani kununua mchele.Chapa ya kawaida ya mchele ananunua hugharimu $ 15 kwa kilo.Lazima anunue chapa ghali zaidi ambayo inagharimu 20% zaidi kwani chapa yake anapenda kuuzwa.Anaamua kununua mchele wenye thamani ya wiki na yeye hutumia kilo 3 za mchele kwa siku.Duka lina punguzo la 5% kwenye mchele ambao unatumika hadi kilo 20 tu;Mchele wowote wa ziada unauzwa kwa bei ya kawaida.Wei pia anaamua kununua mwenyewe bagel kwa $ 4.Je! Wei anapaswa kulipa kiasi gani?,364
"Valentina alikuwa akijiandaa kwa mchezo wa usiku nyumbani kwake, ambapo alikusudia kutumikia lasagna ya mboga.Aligundua kuwa alikuwa nje ya uma wa plastiki, kwa hivyo alinunua kifurushi kipya cha uma.Baadaye, mumewe pia alinunua kifurushi cha uma 19 mpya na akawapa Valentina.Wakati Valentina alikuwa akifanya lasagna ya mboga, alitumia foleni sita za sampuli ya lasagna yake ya mboga, kisha akatupa uma 8 zenye kasoro.Wageni pia walileta pakiti 2 za uma, kila mmoja akiwa na 8 ndani yao.Baadaye, wakati alienda kuweka meza, alikuwa na jumla ya uma 49.Je! Ni uma ngapi kwenye kifurushi ambacho Valentina alinunua?",28
"Uma alikuwa akijiandaa na sherehe ya potluck nyumbani kwake, ambapo alikusudia kutumikia shrimp scampi.Aligundua kuwa alikuwa nje ya miiko ya plastiki, kwa hivyo alinunua kifurushi kipya cha miiko.Baadaye, mumewe pia alinunua kifurushi cha miiko 11 mpya na akawapa Uma.Wakati Uma alikuwa akifanya shrimp scampi, alitumia miiko saba ya sampuli yake ya shrimp, kisha akatupa miiko 5 yenye kasoro.Wageni pia walileta pakiti 2 za miiko, kila mmoja akiwa na 5 ndani yao.Baadaye, wakati alienda kuweka meza, alikuwa na jumla ya miiko 36.Je! Ni vijiko vingapi kwenye kifurushi ambacho UMA ilinunua?",27
"Xena alikuwa akijiandaa na sherehe ya siku ya kuzaliwa nyumbani kwake, ambapo alikusudia kumtumikia Creme Brulee.Aligundua kuwa alikuwa nje ya uma wa plastiki, kwa hivyo alinunua kifurushi kipya cha uma.Baadaye, mumewe pia alinunua kifurushi cha uma 16 mpya na akawapa Xena.Wakati Xena alikuwa akifanya Creme Brulee, alitumia saba ya uma ili sampuli yake ya Creme Brulee, kisha akatupa Forks 8 zenye kasoro.Wageni pia walileta pakiti 2 za uma, kila mmoja akiwa na 8 ndani yao.Baadaye, wakati alienda kuweka meza, alikuwa na jumla ya uma 39.Je! Ni uma ngapi kwenye kifurushi ambacho Xena alinunua?",22
"Chen alikuwa akijiandaa na sherehe ya siku ya kuzaliwa nyumbani kwake, ambapo alikusudia kutumikia kitoweo cha nyama.Aligundua kuwa alikuwa nje ya uma wa plastiki, kwa hivyo alinunua kifurushi kipya cha uma.Baadaye, mumewe pia alinunua kifurushi cha uma 9 mpya na akawapa Chen.Wakati Chen alikuwa akifanya kitoweo cha nyama ya ng'ombe, alitumia foleni kumi na sita za sampuli yake ya nyama, kisha akatupa uma 12 zenye kasoro.Wageni pia walileta pakiti 2 za uma, kila mmoja akiwa na 12 ndani yao.Baadaye, wakati alienda kuweka meza, alikuwa na jumla ya uma 32.Je! Ni uma ngapi kwenye kifurushi ambacho Chen alinunua?",27
"Sakura alikuwa akijiandaa na sherehe ya siku ya kuzaliwa nyumbani kwake, ambapo alikusudia kutumikia salmoni iliyokatwa.Aligundua kuwa alikuwa nje ya sahani za plastiki, kwa hivyo alinunua kifurushi kipya cha sahani.Baadaye, mumewe pia alinunua kifurushi cha sahani 7 mpya na akawapa Sakura.Wakati Sakura alikuwa akitengeneza salmoni iliyokatwa, alitumia sahani nane za sampuli yake iliyokatwa, kisha akatupa sahani 15 zenye kasoro.Wageni pia walileta pakiti 2 za sahani, kila mmoja akiwa na 15 ndani yao.Baadaye, wakati alienda kuweka meza, alikuwa na jumla ya sahani 56.Je! Ni sahani ngapi kwenye kifurushi ambacho Sakura alinunua?",42
"Isabella alikuwa akijiandaa na sherehe ya chakula cha mchana nyumbani kwake, ambapo alikusudia kutumikia lasagna ya mboga.Aligundua kuwa alikuwa nje ya uma wa plastiki, kwa hivyo alinunua kifurushi kipya cha uma.Baadaye, mumewe pia alinunua kifurushi cha uma 14 mpya na akawapa Isabella.Wakati Isabella alikuwa akifanya lasagna ya mboga mboga, alitumia foleni saba za sampuli ya lasagna yake ya mboga, kisha akatupa uma 7 zenye kasoro.Wageni pia walileta pakiti 4 za uma, kila mmoja akiwa na 7 ndani yao.Baadaye, wakati alienda kuweka meza, alikuwa na jumla ya uma 66.Je! Ni uma ngapi kwenye kifurushi ambacho Isabella alinunua?",38
"Olivia alikuwa akijiandaa na sherehe ya chakula cha mchana nyumbani kwake, ambapo alikusudia kutumikia kuku wa kuchoma.Aligundua kuwa alikuwa nje ya sahani za plastiki, kwa hivyo alinunua kifurushi kipya cha sahani.Baadaye, mumewe pia alinunua kifurushi cha sahani 8 mpya na akawapa Olivia.Wakati Olivia alikuwa akitengeneza kuku wa kuchoma, alitumia sahani kumi na tatu za sampuli ya kuku wake wa kuchoma, kisha akatupa sahani 14 zenye kasoro.Wageni pia walileta pakiti 3 za sahani, kila mmoja akiwa na 14 ndani yao.Baadaye, wakati alienda kuweka meza, alikuwa na jumla ya sahani 60.Je! Ni sahani ngapi kwenye kifurushi ambacho Olivia alinunua?",37
"Sophia alikuwa akijiandaa kwa mchezo wa usiku nyumbani kwake, ambapo alikusudia kutumikia pilipili zilizojaa.Aligundua kuwa alikuwa nje ya miiko ya plastiki, kwa hivyo alinunua kifurushi kipya cha miiko.Baadaye, mumewe pia alinunua kifurushi cha miiko 6 mpya na akawapa Sophia.Wakati Sophia alikuwa akitengeneza pilipili zilizojaa, alitumia miiko kumi na saba ya sampuli za pilipili zake, kisha akatupa miiko 9 yenye kasoro.Wageni pia walileta pakiti 2 za miiko, kila mmoja akiwa na 9 ndani yao.Baadaye, wakati alienda kuweka meza, alikuwa na jumla ya miiko 25.Je! Ni vijiko vingapi kwenye kifurushi ambacho Sophia alinunua?",27
"Aisha alikuwa akijiandaa na sherehe ya chakula cha mchana nyumbani kwake, ambapo alikusudia kutumikia pilipili zilizojaa.Aligundua kuwa alikuwa nje ya uma wa plastiki, kwa hivyo alinunua kifurushi kipya cha uma.Baadaye, mumewe pia alinunua kifurushi cha uma 8 mpya na akawapa Aisha.Wakati Aisha alikuwa akitengeneza pilipili zilizojaa, alitumia uma za kumi na sita za sampuli za pilipili zake, kisha akatupa uma 6 zenye kasoro.Wageni pia walileta pakiti 2 za uma, kila mmoja akiwa na 6 ndani yao.Baadaye, wakati alienda kuweka meza, alikuwa na jumla ya uma 32.Je! Ni uma ngapi kwenye kifurushi ambacho Aisha alinunua?",34
"Emma alikuwa akijiandaa na sherehe ya potluck nyumbani kwake, ambapo alikusudia kumtumikia Creme Brulee.Aligundua kuwa alikuwa nje ya sahani za plastiki, kwa hivyo alinunua kifurushi kipya cha sahani.Baadaye, mumewe pia alinunua kifurushi cha sahani 19 mpya na akawapa Emma.Wakati Emma alikuwa akifanya brulee ya creme, alitumia sahani kumi ili sampuli yake ya brulee, kisha akatupa sahani 10 zenye kasoro.Wageni pia walileta pakiti 4 za sahani, kila moja ikiwa na 10 ndani yao.Baadaye, wakati alienda kuweka meza, alikuwa na jumla ya sahani 59.Je! Ni sahani ngapi kwenye kifurushi ambacho Emma alinunua?",20
"Diego huchukua mananasi 67 Jumatano.Kisha huchukua mananasi 176 Alhamisi.Siku ya Ijumaa, anachagua idadi ya mananasi aliyofanya Jumatano.Siku ya Jumamosi, huchukua nusu ya kiasi cha kile alichochukua katika siku 3 zilizopita pamoja.Siku ya Jumapili, Diego atauza mananasi kwenye masanduku ya mananasi 17 kila moja.Atauza kila sanduku kwa $ 12.Je! Diego atatengeneza kiasi gani?",612
"Deshawn huchukua pears 142 Jumamosi.Kisha huchukua pears 172 Jumapili.Siku ya Jumatatu, huchukua mara tatu idadi ya pears alizofanya Jumamosi.Siku ya Jumanne, huchukua nusu ya kiasi cha kile alichochukua katika siku 3 zilizopita pamoja.Siku ya Jumatano, Deshawn atauza pears kwenye masanduku ya pears 15 kila moja.Atauza kila sanduku kwa $ 14.Je! DeShawn itafanya kiasi gani?",1036
"Leon huchukua maapulo 80 Alhamisi.Kisha anachagua maapulo 50 Ijumaa.Siku ya Jumamosi, huchukua mara tatu idadi ya maapulo aliyoifanya Alhamisi.Siku ya Jumapili, huchukua nusu ya kiasi cha kile alichochukua katika siku 3 zilizopita pamoja.Siku ya Jumatatu, Leon atauza maapulo kwenye masanduku ya maapulo 15 kila moja.Atauza kila sanduku kwa $ 12.Je! Leon atatengeneza kiasi gani?",444
"Luis huchukua zabibu 55 Ijumaa.Kisha huchukua zabibu 170 Jumamosi.Siku ya Jumapili, anachagua idadi ya zabibu alizofanya Ijumaa.Siku ya Jumatatu, anachagua nusu ya kile alichochukua katika siku 3 zilizopita pamoja.Siku ya Jumanne, Luis atauza zabibu kwenye masanduku ya zabibu 15 kila moja.Atauza kila sanduku kwa $ 10.Je! Luis atatengeneza kiasi gani?",500
"Oliver huchukua machungwa 111 Jumanne.Kisha huchukua machungwa 170 Jumatano.Siku ya Alhamisi, anachagua idadi ya machungwa aliyoifanya Jumanne.Siku ya Ijumaa, huchukua nusu ya kiasi cha kile alichochukua katika siku 3 zilizopita pamoja.Siku ya Jumamosi, Oliver atauza machungwa katika masanduku ya machungwa 19 kila moja.Atauza kila sanduku kwa $ 9.Je! Oliver atatengeneza kiasi gani?",594
"Umar anachukua maapulo 147 Jumapili.Kisha huchukua maapulo 99 Jumatatu.Siku ya Jumanne, anachagua idadi ya maapulo aliyoifanya Jumapili.Siku ya Jumatano, huchukua nusu ya kiasi cha kile alichochukua katika siku 3 zilizopita pamoja.Siku ya Alhamisi, Umar atauza maapulo kwenye masanduku ya maapulo 27 kila moja.Atauza kila sanduku kwa $ 11.Umar atatengeneza kiasi gani?",330
"Mateo huchukua maapulo 45 Jumanne.Kisha huchukua maapulo 105 Jumatano.Siku ya Alhamisi, anachagua idadi ya maapulo aliyoifanya Jumanne.Siku ya Ijumaa, huchukua nusu ya kiasi cha kile alichochukua katika siku 3 zilizopita pamoja.Siku ya Jumamosi, Mateo atauza maapulo katika masanduku ya maapulo 24 kila moja.Atauza kila sanduku kwa $ 13.Je! Mateo atatengeneza kiasi gani?",195
"Sanjay huchukua plums 179 Ijumaa.Kisha huchukua plums 185 Jumamosi.Siku ya Jumapili, anachagua idadi ya idadi ya plums alizofanya Ijumaa.Siku ya Jumatatu, anachagua nusu ya kile alichochukua katika siku 3 zilizopita pamoja.Siku ya Jumanne, Sanjay atauza plums kwenye masanduku ya plums 20 kila moja.Atauza kila sanduku kwa $ 11.Sanjay atatengeneza kiasi gani?",891
"Carlos huchukua maapulo 129 Jumanne.Kisha huchukua maapulo 129 Jumatano.Siku ya Alhamisi, anachagua idadi ya maapulo aliyoifanya Jumanne.Siku ya Ijumaa, huchukua nusu ya kiasi cha kile alichochukua katika siku 3 zilizopita pamoja.Siku ya Jumamosi, Carlos atauza maapulo katika masanduku ya maapulo 18 kila moja.Atauza kila sanduku kwa $ 12.Je! Carlos atatengeneza kiasi gani?",516
"Viktor huchukua ndizi 142 Alhamisi.Kisha huchukua ndizi 92 Ijumaa.Siku ya Jumamosi, huchukua mara tatu idadi ya ndizi alizofanya Alhamisi.Siku ya Jumapili, huchukua nusu ya kiasi cha kile alichochukua katika siku 3 zilizopita pamoja.Siku ya Jumatatu, Viktor atauza ndizi kwenye masanduku ya ndizi 22 kila moja.Atauza kila sanduku kwa $ 10.Viktor atatengeneza kiasi gani?",450
"Kituo cha utunzaji kina uwezo wa vyumba 1700 na 1/5 iliyochukuliwa na moja ya tano ya vyumba vyote kuwa nje ya huduma.Kwa sababu ya janga, wagonjwa 20 wanakubaliwa katika kituo cha utunzaji kila siku.Mahesabu ya jumla ya vyumba visivyopatikana katika kituo cha utunzaji baada ya wiki 2.",740
"Kituo cha utunzaji kina uwezo wa vyumba 1800 na 1/6 iliyochukuliwa na moja ya tisa ya vyumba vyote kuwa nje ya huduma.Kwa sababu ya janga, wagonjwa 25 wanakubaliwa katika kituo cha utunzaji kila siku.Mahesabu ya jumla ya vyumba visivyopatikana katika kituo cha utunzaji baada ya wiki 2.",950
"Kliniki ina uwezo wa vyumba 1600 na 1/10 iliyochukuliwa na theluthi mbili ya vyumba vyote kuwa nje ya huduma.Kwa sababu ya janga la asili, wagonjwa 30 wanakubaliwa kliniki kila siku.Kuhesabu jumla ya vyumba visivyo na shughuli katika kliniki baada ya wiki 3.",170
"Kituo cha matibabu kina uwezo wa vitanda 1300 na 1/5 iliyochukuliwa na moja ya nne ya vitanda vyote kuwa nje ya huduma.Kwa sababu ya ajali kubwa, wagonjwa 30 wanakubaliwa katika kituo cha matibabu kila siku.Kuhesabu jumla ya vitanda visivyo na shughuli katika kituo cha matibabu baada ya wiki 2.",295
"Hospitali ina uwezo wa vitanda 1300 na 1/6 iliyochukuliwa na ya sita ya vitanda vyote kuwa nje ya huduma.Kwa sababu ya msimu wa homa, wagonjwa 30 wanakubaliwa hospitalini kila siku.Mahesabu ya jumla ya vitanda visivyo na shughuli hospitalini baada ya wiki 2.",230
"Kituo cha matibabu kina uwezo wa vitanda 1200 na 2/4 iliyochukuliwa na nane ya vitanda vyote kuwa nje ya huduma.Kwa sababu ya ajali kubwa, wagonjwa 20 wanakubaliwa katika kituo cha matibabu kila siku.Kuhesabu jumla ya vitanda visivyo na shughuli katika kituo cha matibabu baada ya wiki 2.",170
"Kliniki ina uwezo wa vyumba 1700 na 1/10 iliyochukuliwa na moja ya nne ya vyumba vyote kuwa nje ya huduma.Kwa sababu ya janga la asili, wagonjwa 20 wanakubaliwa kliniki kila siku.Kuhesabu jumla ya vyumba visivyo na shughuli katika kliniki baada ya wiki 2.",825
"Kituo cha utunzaji kina uwezo wa vyumba 1400 na 1/7 iliyochukuliwa na moja ya kumi ya vyumba vyote kuwa nje ya huduma.Kwa sababu ya janga, wagonjwa 35 wanakubaliwa katika kituo cha utunzaji kila siku.Mahesabu ya jumla ya vyumba visivyopatikana katika kituo cha utunzaji baada ya wiki 2.",570
"Hospitali ina uwezo wa vitanda 1800 na 1/9 iliyochukuliwa na moja ya tisa ya vitanda vyote kuwa nje ya huduma.Kwa sababu ya msimu wa homa, wagonjwa 20 wanakubaliwa hospitalini kila siku.Mahesabu ya jumla ya vitanda visivyo na shughuli hospitalini baada ya wiki 2.",1120
"Hospitali ina uwezo wa vitanda 1400 na 1/3 iliyochukuliwa na moja ya sita ya vitanda vyote kuwa nje ya huduma.Kwa sababu ya msimu wa homa, wagonjwa 25 wanakubaliwa hospitalini kila siku.Kuhesabu jumla ya vitanda visivyo na shughuli hospitalini baada ya wiki 3.",175
"Valeria na Viktor walikwenda kwenye duka la usambazaji wa ujenzi.Viktor ni mwanachama, lakini Valeria sio.Valeria ina ₣ 97.37 na inataka kununua nanga 15 kutoka kwa bin dukani.Anahitaji pia kucha 8, kila gharama ₣ 0.64.Kila nanga inagharimu ₣ 0.35.Kwa kuongeza, Valeria huchukua galoni 8 za rangi.Viktor huanza na ₣ 90 na anataka galoni 10 za rangi, kila bei ya ₣ 7.0, na penseli 4 za seremala, kila gharama ₣ 2.Hifadhi hutoa punguzo la 10% kwenye rangi kwa wanachama.Je! Valeria ameacha pesa ngapi kuliko Viktor baada ya kuondoka dukani?",12
"Gabrielle na Arash walikwenda kwenye duka la usambazaji wa ujenzi.Arash ni mwanachama, lakini Gabrielle sio.Gabrielle ana € 92.27 na anataka kununua misumari 15 kutoka kwa bin dukani.Anahitaji pia washer 8, kila gharama € 0.64.Kila msumari hugharimu € 0.21.Kwa kuongeza, Gabrielle huchukua galoni 8 za rangi.Arash huanza na € 100 na anataka galoni 12 za rangi, kila bei ya € 7.5, na penseli 3 za seremala, kila gharama ya € 3.Hifadhi hutoa punguzo la 10% kwenye rangi kwa wanachama.Je! Gabrielle amebaki pesa ngapi kuliko Arash baada ya kuondoka dukani?",14
"Kimia na Yusuf walikwenda kwenye duka la usambazaji wa ujenzi.Yusuf ni mwanachama, lakini Kimia sio.Kimia ana ¥ 91.25 na anataka kununua misumari 16 kutoka kwa bin dukani.Anahitaji pia washer 9, kila gharama ¥ 0.65.Kila msumari hugharimu ¥ 0.4.Kwa kuongeza, Kimia huchukua galoni 8 za rangi.Yusuf huanza na ¥ 80 na anataka galoni 10 za rangi, kila bei ya ¥ 7.0, na penseli 4 za seremala, kila gharama ¥ 2.Hifadhi hutoa punguzo la 10% kwenye rangi kwa wanachama.Je! Kimia ameacha pesa ngapi kuliko Yusuf baada ya kuondoka dukani?",14
"Valentina na Liam walikwenda kwenye duka la usambazaji wa ujenzi.Liam ni mwanachama, lakini Valentina sio.Valentina ina ¥ 99.41 na anataka kununua screws 17 kutoka kwa ben dukani.Anahitaji pia washer 9, kila gharama ¥ 0.59.Kila screw inagharimu ¥ 0.3.Kwa kuongeza, Valentina huchukua galoni 8 za rangi.Liam huanza na ¥ 90 na anataka galoni 10 za rangi, kila bei ya ¥ 8.0, na penseli 3 za seremala, kila gharama ¥ 2.Hifadhi hutoa punguzo la 10% kwenye rangi kwa wanachama.Je! Valentina ameacha pesa ngapi kuliko Liam baada ya kuondoka dukani?",13
"Quinn na Faisal walikwenda kwenye duka la usambazaji wa ujenzi.Faisal ni mwanachama, lakini Quinn sio.Quinn ana ₣ 98.39 na anataka kununua karanga 17 kutoka kwa bin dukani.Anahitaji pia nanga 9, kila gharama ₣ 0.68.Kila lishe inagharimu ₣ 0.31.Kwa kuongeza, Quinn huchukua galoni 8 za rangi.Faisal huanza na ₣ 80 na anataka galoni 10 za rangi, kila bei ya ₣ 7.0, na penseli 3 za seremala, kila gharama ₣ 2.Hifadhi hutoa punguzo la 10% kwenye rangi kwa wanachama.Je! Quinn ameacha pesa ngapi kuliko Faisal baada ya kuondoka dukani?",20
"Kayla na Luca walikwenda kwenye duka la usambazaji wa ujenzi.Luca ni mwanachama, lakini Kayla sio.Kayla ana ₣ 90.23 na anataka kununua misumari 17 kutoka kwa bin dukani.Anahitaji pia washer 8, kila gharama ₣ 0.62.Kila msumari hugharimu ₣ 0.31.Kwa kuongeza, Kayla huchukua galoni 8 za rangi.Luca huanza na ₣ 80 na anataka galoni 10 za rangi, kila bei ya ₣ 7.0, na penseli 4 za seremala, kila gharama ₣ 2.Hifadhi hutoa punguzo la 10% kwenye rangi kwa wanachama.Je! Kayla amebaki na pesa ngapi kuliko Luca baada ya kuondoka dukani?",15
"Gabrielle na Santiago walikwenda kwenye duka la usambazaji wa ujenzi.Santiago ni mwanachama, lakini Gabrielle sio.Gabrielle ana € 86.15 na anataka kununua screws 16 kutoka kwa bend dukani.Anahitaji pia kucha 9, kila gharama € 0.59.Kila screw inagharimu € 0.24.Kwa kuongeza, Gabrielle huchukua galoni 8 za rangi.Santiago huanza na € 100 na anataka galoni 12 za rangi, kila bei ya bei ya € 7.5, na penseli 4 za seremala, kila moja inagharimu € 2.Hifadhi hutoa punguzo la 10% kwenye rangi kwa wanachama.Je! Gabrielle ameacha pesa ngapi kuliko Santiago baada ya kuondoka dukani?",6
"Beatriz na Jin walikwenda kwenye duka la usambazaji wa ujenzi.Jin ni mwanachama, lakini Beatriz sio.Beatriz ana ₺82.07 na anataka kununua karanga 15 kutoka kwa ben dukani.Yeye pia anahitaji screws 8, kila gharama ₺0.64.Kila lishe inagharimu ₺0.33.Kwa kuongeza, Beatriz huchukua galoni 8 za rangi.Jin anaanza na ₺100 na anataka galoni 12 za rangi, kila bei ya ₺7.5, na penseli 4 za seremala, kila gharama ₺2.Hifadhi hutoa punguzo la 10% kwenye rangi kwa wanachama.Je! Beatriz ameacha pesa ngapi kuliko Jin baada ya kuondoka dukani?",1
"Yara na Umar walikwenda kwenye duka la usambazaji wa ujenzi.Umar ni mwanachama, lakini Yara sio.Yara ina ₣ 90.23 na anataka kununua screws 17 kutoka kwa bin dukani.Anahitaji pia nanga 9, kila gharama ₣ 0.61.Kila screw inagharimu ₣ 0.22.Kwa kuongeza, Yara huchukua galoni 8 za rangi.Umar anaanza na ₣ 100 na anataka galoni 10 za rangi, kila bei ya ₣ 8.0, na penseli 3 za seremala, kila gharama ₣ 4.Hifadhi hutoa punguzo la 10% kwenye rangi kwa wanachama.Je! Yara amebaki na pesa ngapi kuliko Umar baada ya kuondoka dukani?",1
"Kimia na Arjun walikwenda kwenye duka la usambazaji wa ujenzi.Arjun ni mwanachama, lakini Kimia sio.Kimia ana ¥ 100.43 na anataka kununua karanga 17 kutoka kwa bin dukani.Yeye pia anahitaji screws 8, kila gharama ¥ 0.69.Kila lishe inagharimu ¥ 0.23.Kwa kuongeza, Kimia huchukua galoni 10 za rangi.Arjun anaanza na ¥ 90 na anataka galoni 10 za rangi, kila bei ya ¥ 7.0, na penseli 3 za seremala, kila gharama ¥ 3.Hifadhi hutoa punguzo la 10% kwenye rangi kwa wanachama.Je! Kimia ameacha pesa ngapi kuliko Arjun baada ya kuondoka dukani?",3
"Piramidi hufanywa nje ya cubes 9 za kijani, mara mbili nyeupe nyeupe, na idadi isiyojulikana ya cubes za rose.Ikiwa kuna cubes 45 kwenye piramidi kwa jumla, ni asilimia ngapi ya cubes ni pink?",40
"Stack imetengenezwa kwa tiles 5 za machungwa, mara mbili tiles nyingi za rose, na idadi isiyojulikana ya tiles za kijani.Ikiwa kuna tiles 20 kwenye stack kwa jumla, ni asilimia ngapi ya tiles ni kijani?",25
"Stack imetengenezwa kwa tiles 8 za rangi ya waridi, mara mbili za tiles za kijani kibichi, na idadi isiyojulikana ya tiles za machungwa.Ikiwa kuna tiles 48 kwenye stack kwa jumla, ni asilimia ngapi ya tiles ni machungwa?",50
"Jengo linatengenezwa kwa matofali 4 nyeupe, matofali mara mbili ya machungwa, na idadi isiyojulikana ya matofali ya zambarau.Ikiwa kuna matofali 40 katika jengo hilo kwa jumla, ni asilimia ngapi ya matofali ni zambarau?",70
"Piramidi imetengenezwa nje ya cubes 4 za zambarau, mara saba kama cubes nyingi nyeupe, na idadi isiyojulikana ya cubes nyeusi.Ikiwa kuna cubes 40 kwenye piramidi kwa jumla, ni asilimia ngapi ya cubes ni nyeusi?",20
"Stack imetengenezwa kwa tiles 4 nyeusi, mara mbili kama tiles nyeupe, na idadi isiyojulikana ya tiles za rose.Ikiwa kuna tiles 24 kwenye stack kwa jumla, ni asilimia ngapi ya tiles ni pink?",50
"Stack imetengenezwa nje ya tiles 9 za machungwa, mara tatu tiles nyingi za rose, na idadi isiyojulikana ya tiles za kijani.Ikiwa kuna tiles 40 kwenye stack kwa jumla, ni asilimia ngapi ya tiles ni kijani?",10
"Jengo limetengenezwa kwa matofali 2 ya zambarau, mara nane kama matofali nyeusi, na idadi isiyojulikana ya matofali ya machungwa.Ikiwa kuna matofali 45 katika jengo hilo kwa jumla, ni asilimia ngapi ya matofali ni machungwa?",60
"Jengo limetengenezwa kwa matofali 7 ya zambarau, mara mbili matofali mengi ya rangi ya waridi, na idadi isiyojulikana ya matofali meupe.Ikiwa kuna matofali 25 katika jengo hilo kwa jumla, ni asilimia ngapi ya matofali ni nyeupe?",16
"Jengo limetengenezwa kwa matofali 4 ya zambarau, mara nne matofali nyeusi, na idadi isiyojulikana ya matofali ya rangi ya waridi.Ikiwa kuna matofali 25 katika jengo hilo kwa jumla, ni asilimia ngapi ya matofali ni nyekundu?",20
Olga anaweza kuchimba clams 12 kwa dakika na saute clams 30 katika dakika 9.Je! Itamchukua dakika ngapi kumwaga na kupiga clams 180 ikiwa inachukua sekunde 19 kuosha kila clam kabla ya kuipaka?Kumbuka kuwa Olga haiwezi kufanya kazi sambamba na anahitaji kuchukua mapumziko ya dakika 11 baada ya kung'ang'ania viboko kabla ya kuanza kuzifanya.,137
Aisha anaweza kupiga clams 10 kwa dakika na saute clams 30 katika dakika 6.Je! Itamchukua dakika ngapi kumwaga na kusaga clams 120 ikiwa inachukua sekunde 14 kuosha kila clam kabla ya kuipaka?Kumbuka kwamba Aisha haiwezi kufanya kazi sambamba na anahitaji kuchukua mapumziko ya dakika 7 baada ya kung'ang'ania viboko kabla ya kuanza kuzifanya.,71
Chen anaweza kuchimba clams 5 kwa dakika na saute clams 20 katika dakika 16.Je! Itamchukua dakika ngapi kumwaga na kusaga clams 120 ikiwa inachukua sekunde 15 kuosha kila clam kabla ya kuipaka?Kumbuka kwamba Chen haiwezi kufanya kazi sambamba na anahitaji kuchukua mapumziko ya dakika 6 baada ya kugonga clams kabla ya kuanza kuzifanya.,156
AVA inaweza kuganda zucchinis dakika 5 na saute zukini 20 katika dakika 6.Je! Itamchukua dakika ngapi kumwaga na saute zucchinis 140 ikiwa inachukua sekunde 24 kuosha kila zukini kabla ya kuiweka?Kumbuka kuwa AVA haiwezi kufanya kazi sambamba na inahitaji kuchukua mapumziko ya dakika 15 baada ya kupepea zukini kabla ya kuanza kuzifanya.,141
Roya anaweza kuchimba clams 6 kwa dakika na saute clams 30 katika dakika 11.Je! Itamchukua dakika ngapi kumwaga na kupiga clams 90 ikiwa inachukua sekunde 14 kuosha kila clam kabla ya kuipaka?Kumbuka kwamba Roya hawezi kufanya kazi sambamba na anahitaji kuchukua mapumziko ya dakika 7 baada ya kugonga clams kabla ya kuanza kuzifanya.,76
Kimia anaweza kunyoa 6 shrimps dakika na saute shrimps 20 katika dakika 17.Je! Itamchukua dakika ngapi kumwaga na kusaga shrimp 60 ikiwa inachukua sekunde 15 kuosha kila shrimp kabla ya kuipaka?Kumbuka kwamba Kimia haiwezi kufanya kazi sambamba na anahitaji kuchukua mapumziko ya dakika 8 baada ya kupepea shrimps kabla ya kuanza kuzifanya.,84
Nadia inaweza kuganda karoti 4 kwa dakika na saute karoti 20 katika dakika 11.Je! Itamchukua dakika ngapi kumwaga karoti 160 ikiwa inachukua sekunde 18 kuosha kila karoti kabla ya kuipaka?Kumbuka kwamba Nadia haiwezi kufanya kazi sambamba na inahitaji kuchukua mapumziko ya dakika 6 baada ya kusongesha karoti kabla ya kuanza kuzifanya.,182
Beatriz inaweza kuganda karoti 8 kwa dakika na saute karoti 20 katika dakika 12.Je! Itamchukua dakika ngapi kumwaga karoti 160 ikiwa inachukua sekunde 12 kuosha kila karoti kabla ya kuipaka?Kumbuka kuwa Beatriz haiwezi kufanya kazi sambamba na inahitaji kuchukua mapumziko ya dakika 5 baada ya kusongesha karoti kabla ya kuanza kuzifanya.,153
Nia inaweza kuganda karoti 12 kwa dakika na saute karoti 30 katika dakika 10.Je! Itamchukua dakika ngapi na karoti 180 ikiwa inachukua sekunde 25 kuosha kila karoti kabla ya kuipaka?Kumbuka kuwa NIA haiwezi kufanya kazi sambamba na inahitaji kuchukua mapumziko ya dakika 13 baada ya kusongesha karoti kabla ya kuanza kuzifanya.,163
Fatima anaweza kung'oa zucchinis 12 kwa dakika na saute zucchinis 30 katika dakika 14.Je! Itamchukua dakika ngapi kumwaga na saute zucchinis 60 ikiwa inachukua sekunde 11 kuosha kila zukini kabla ya kuiweka?Kumbuka kwamba Fatima haiwezi kufanya kazi sambamba na anahitaji kuchukua mapumziko ya dakika 12 baada ya kung'ang'ania zukini kabla ya kuanza kuzifanya.,56
"Uma na Zahra ni dada kutoka Marrakech ambao wanapenda kukusanya saini kutoka kwa wanasiasa.Wakati wa mapumziko yao ya chemchemi kutoka shuleni, dada hutumia kila alasiri kukusanya saini.Baada ya wiki 6, Uma na Zahra kulinganisha vitabu vyao vya picha, kuhesabu idadi ya saini ambazo kila dada amekusanya.Uma ana saini 29 katika kitabu chake, na Zahra ana 37. Dada wana wiki 4 zaidi za mapumziko ya chemchemi, na wanaamua wanataka kufikia saini 130 kati yao mwishoni mwa mapumziko.Walakini, wakati wa wiki 4 zilizobaki, UMA ina uwezo wa kukusanya saini mwishoni mwa wiki, kupunguza mkusanyiko wake wa kila wiki na 5 kwa wiki, wakati Zahra anaamua kuongeza mkusanyiko wake wa kila wiki.Je! Zahra atahitaji saini ngapi kukusanya kwa wiki ili kuhakikisha kuwa wanafikia lengo lao?",11
"Daphne na Olivia ni dada kutoka Cairo ambao wanapenda kukusanya saini kutoka kwa nyota za sinema.Wakati wa mapumziko yao ya chemchemi kutoka shuleni, dada hutumia kila alasiri kukusanya saini.Baada ya wiki 3, Daphne na Olivia wanalinganisha vitabu vyao vya picha, kuhesabu idadi ya saini ambazo kila dada amekusanya.Daphne ana saini 17 katika kitabu chake, na Olivia ana 31. Dada wana wiki 3 zaidi za mapumziko ya chemchemi, na wanaamua wanataka kufikia saini 120 kati yao mwishoni mwa mapumziko.Walakini, wakati wa wiki 3 zilizobaki, Daphne ana uwezo wa kukusanya saini mwishoni mwa wiki, kupunguza mkusanyiko wake wa kila wiki na 5 kwa wiki, wakati Olivia anaamua kuongeza mkusanyiko wake wa wiki.Je! Olivia atahitaji kukusanya saini ngapi kwa wiki ili kuhakikisha kuwa wanafikia lengo lao?",19
"Ava na Quinn ni dada kutoka Helsinki ambao wanapenda kukusanya saini kutoka kwa waandishi.Wakati wa mapumziko yao ya chemchemi kutoka shuleni, dada hutumia kila alasiri kukusanya saini.Baada ya wiki 3, Ava na Quinn kulinganisha vitabu vyao vya picha, kuhesabu idadi ya saini ambazo kila dada amekusanya.Ava ana saini 30 katika kitabu chake, na Quinn ana 37. Dada wana wiki 2 zaidi za mapumziko ya chemchemi, na wanaamua wanataka kufikia saini 135 kati yao mwishoni mwa mapumziko.Walakini, wakati wa wiki 2 zilizobaki, AVA ina uwezo wa kukusanya saini mwishoni mwa wiki, kupunguza mkusanyiko wake wa kila wiki na 5 kwa wiki, wakati Quinn anaamua kuongeza mkusanyiko wake wa kila wiki.Je! Quinn atahitaji kukusanya kwa wiki ngapi ili kuhakikisha kuwa wanafikia lengo lao?",29
"Mei na Haruka ni dada kutoka Singapore ambao wanapenda kukusanya saini kutoka kwa wanasiasa.Wakati wa mapumziko yao ya majira ya joto kutoka shuleni, dada hutumia kila alasiri kukusanya saini.Baada ya wiki 5, Mei na Haruka kulinganisha vitabu vyao vya picha, kuhesabu idadi ya saini ambazo kila dada amekusanya.Mei ana saini 24 katika kitabu chake, na Haruka ana 51. Dada wana wiki 3 zaidi za mapumziko ya majira ya joto, na wanaamua wanataka kufikia saini 135 kati yao mwishoni mwa mapumziko.Walakini, wakati wa wiki 3 zilizobaki, Mei ana uwezo wa kukusanya saini mwishoni mwa wiki, kupunguza mkusanyiko wake wa kila wiki na 5 kwa wiki, wakati Haruka anaamua kuongeza mkusanyiko wake wa wiki.Je! Haruka atahitaji kukusanya kwa wiki ngapi kuhakikisha wanafikia lengo lao?",15
"Uma na Olga ni dada kutoka Lisbon ambao wanapenda kukusanya saini kutoka kwa wanasiasa.Wakati wa mapumziko yao ya majira ya joto kutoka shuleni, dada hutumia kila alasiri kukusanya saini.Baada ya wiki 3, Uma na Olga kulinganisha vitabu vyao vya picha, kuhesabu idadi ya saini ambazo kila dada amekusanya.Uma ana saini 25 katika kitabu chake, na Olga ana 59. Dada wana wiki 2 zaidi za mapumziko ya majira ya joto, na wanaamua wanataka kufikia saini 140 kati yao mwishoni mwa mapumziko.Walakini, wakati wa wiki 2 zilizobaki, UMA ina uwezo wa kukusanya saini mwishoni mwa wiki, kupunguza mkusanyiko wake wa kila wiki na 5 kwa wiki, wakati Olga anaamua kuongeza mkusanyiko wake wa kila wiki.Je! Olga atahitaji kukusanya saini ngapi kwa wiki ili kuhakikisha kuwa wanafikia lengo lao?",23
"Chen na Tara ni dada kutoka Lisbon ambao wanapenda kukusanya saini kutoka kwa wanasiasa.Wakati wa mapumziko yao ya msimu wa baridi kutoka shuleni, dada hutumia kila alasiri kukusanya saini.Baada ya wiki 5, Chen na Tara kulinganisha vitabu vyao vya picha, kuhesabu idadi ya saini ambazo kila dada amekusanya.Chen ana saini 36 katika kitabu chake, na Tara ana 32. Dada wana wiki 4 zaidi za mapumziko ya msimu wa baridi, na wanaamua wanataka kufikia saini 140 kati yao mwishoni mwa mapumziko.Walakini, wakati wa wiki 4 zilizobaki, Chen ana uwezo wa kukusanya saini mwishoni mwa wiki, kupunguza mkusanyiko wake wa kila wiki na 5 kwa wiki, wakati Tara anaamua kuongeza mkusanyiko wake wa kila wiki.Je! Tara atahitaji kukusanya saini ngapi kwa wiki ili kuhakikisha kuwa wanafikia lengo lao?",13
"Zahra na Yara ni dada kutoka Cape Town ambao wanapenda kukusanya saini kutoka kwa waandishi.Wakati wa mapumziko yao ya chemchemi kutoka shuleni, dada hutumia kila alasiri kukusanya saini.Baada ya wiki 7, Zahra na Yara kulinganisha vitabu vyao vya picha, kuhesabu idadi ya saini ambazo kila dada amekusanya.Zahra ana saini 20 katika kitabu chake, na Yara ana 30. Dada wana wiki 3 zaidi za mapumziko ya chemchemi, na wanaamua wanataka kufikia saini 140 kati yao mwishoni mwa mapumziko.Walakini, wakati wa wiki 3 zilizobaki, Zahra ana uwezo wa kukusanya saini mwishoni mwa wiki, kupunguza mkusanyiko wake wa kila wiki na 5 kwa wiki, wakati Yara anaamua kuongeza mkusanyiko wake wa kila wiki.Je! Yara atahitaji saini ngapi kukusanya kwa wiki ili kuhakikisha kuwa wanafikia lengo lao?",25
"Ava na Kayla ni dada kutoka Bangkok ambao wanapenda kukusanya saini kutoka kwa wanariadha.Wakati wa mapumziko yao ya msimu wa baridi kutoka shuleni, dada hutumia kila alasiri kukusanya saini.Baada ya wiki 3, Ava na Kayla kulinganisha vitabu vyao vya picha, kuhesabu idadi ya saini ambazo kila dada amekusanya.Ava ana saini 38 katika kitabu chake, na Kayla ana 41. Dada wana wiki 4 zaidi za mapumziko ya msimu wa baridi, na wanaamua wanataka kufikia saini 135 kati yao mwishoni mwa mapumziko.Walakini, wakati wa wiki 4 zilizobaki, AVA ina uwezo wa kukusanya saini mwishoni mwa wiki, kupunguza mkusanyiko wake wa kila wiki na 5 kwa wiki, wakati Kayla anaamua kuongeza mkusanyiko wake wa kila wiki.Je! Kayla atahitaji kukusanya saini ngapi kwa wiki ili kuhakikisha kuwa wanafikia lengo lao?",9
"Sophia na Elena ni dada kutoka Auckland ambao wanapenda kukusanya saini kutoka kwa wanamuziki.Wakati wa mapumziko yao ya chemchemi kutoka shuleni, dada hutumia kila alasiri kukusanya saini.Baada ya wiki 4, Sophia na Elena wanalinganisha vitabu vyao vya picha, kuhesabu idadi ya saini ambazo kila dada amekusanya.Sophia ana saini 32 katika kitabu chake, na Elena ana 56. Dada wana wiki 3 zaidi za mapumziko ya chemchemi, na wanaamua wanataka kufikia saini 130 kati yao mwishoni mwa mapumziko.Walakini, wakati wa wiki 3 zilizobaki, Sophia ana uwezo wa kukusanya saini mwishoni mwa wiki, kupunguza mkusanyiko wake wa kila wiki na 5 kwa wiki, wakati Elena anaamua kuongeza mkusanyiko wake wa kila wiki.Je! Elena atahitaji kukusanya saini ngapi kwa wiki ili kuhakikisha kuwa wanafikia lengo lao?",9
"Zahra na Nia ni dada kutoka Hanoi ambao wanapenda kukusanya saini kutoka kwa nyota za sinema.Wakati wa mapumziko yao ya kuanguka kutoka shuleni, dada hutumia kila alasiri kukusanya saini.Baada ya wiki 3, Zahra na Nia kulinganisha vitabu vyao vya picha, kuhesabu idadi ya saini ambazo kila dada amekusanya.Zahra ana saini 28 katika kitabu chake, na Nia ana 46. Dada wana wiki 2 zaidi za mapumziko ya kuanguka, na wanaamua wanataka kufikia saini 120 kati yao mwishoni mwa mapumziko.Walakini, wakati wa wiki 2 zilizobaki, Zahra ana uwezo wa kukusanya saini mwishoni mwa wiki, kupunguza mkusanyiko wake wa kila wiki na 5 kwa wiki, wakati Nia anaamua kuongeza mkusanyiko wake wa kila wiki.Je! Nia atahitaji kukusanya saini ngapi kwa wiki ili kuhakikisha kuwa wanafikia lengo lao?",18
"Leon alikwenda kununua vifaa vya shule.Alinunua crayons 8 ambazo ziligharimu ¥ 7.0 kila moja, madaftari 8 ambayo yanagharimu ¥ 13.75 kila moja, na ream ya karatasi ya dhamana ambayo iligharimu ¥ 10.Alinunua pia folda 4 ambazo zinagharimu ¥ 11 kila moja.Leon anaweza kulipa ada ya wakati mmoja ¥ 20 kuwa mwanachama na kupata punguzo la 20% kwenye ununuzi wote, au sio kuwa mwanachama na kupokea punguzo la 5% tu.Je! Ni kiasi gani kidogo ambacho Leon anaweza kutumia kwa kila kitu?",196
"Bodhi alikwenda kununua vifaa vya shule.Alinunua folda 24 ambazo zinagharimu € 2.75 kila moja, penseli 12 ambazo zinagharimu € 19.25 kila moja, na ream ya karatasi ya dhamana ambayo iligharimu € 23.Alinunua pia alama 5 ambazo zinagharimu € 8 kila moja.Bodhi anaweza kulipa ada ya wakati mmoja € 20 kuwa mwanachama na kupata punguzo la 20% kwenye ununuzi wote, au sio kuwa mwanachama na kupokea punguzo la 5% tu.Je! Ni kiasi gani kidogo Bodhi anaweza kutumia kwa kila kitu?",308
"Deshawn alikwenda kununua vifaa vya shule.Alinunua viboreshaji 14 ambavyo viligharimu ₺7.5 kila moja, watawala 4 ambao waligharimu ₺18.5 kila moja, na ream ya karatasi ya dhamana ambayo iligharimu ₺21.Alinunua pia folda 8 ambazo zinagharimu ₺10 kila moja.Deshawn anaweza kulipa ada ya wakati mmoja ₺20 kuwa mwanachama na kupata punguzo la 20% kwenye ununuzi wote, au sio kuwa mwanachama na kupokea punguzo la 5% tu.Je! Ni kiasi gani kidogo ambacho DeShawn inaweza kutumia kwa kila kitu?",244
"Andre alikwenda kununua vifaa vya shule.Alinunua alama 20 ambazo ziligharimu ₣ 8.0 kila moja, penseli 10 ambazo zinagharimu ₣ 18.0 kila moja, na ream ya karatasi ya dhamana ambayo iligharimu ₣ 15.Alinunua pia watawala 5 ambao waligharimu ₣ 9 kila moja.Andre anaweza kulipa ada ya wakati mmoja ₣ 20 kuwa mwanachama na kupata punguzo la 20% kwenye ununuzi wote, au sio kuwa mwanachama na kupokea punguzo la 5% tu.Je! Ni kiasi gani ambacho Andre anaweza kutumia kwa kila kitu?",340
"Faisal alikwenda kununua vifaa vya shule.Alinunua penseli 18 ambazo ziligharimu ₣ 6.0 kila moja, watawala 14 ambao waligharimu ₣ 14.5 kila moja, na ream ya karatasi ya dhamana ambayo iligharimu ₣ 24.Alinunua pia penseli za rangi 5 ambazo zinagharimu ₣ 9 kila moja.Faisal inaweza kulipa ada ya wakati mmoja ₣ 20 kuwa mwanachama na kupata punguzo la 20% kwenye ununuzi wote, au sio kuwa mwanachama na kupokea punguzo la 5% tu.Je! Ni kiasi gani ambacho Faisal anaweza kutumia kwa kila kitu?",324
"Oscar alikwenda kununua vifaa vya shule.Alinunua madaftari 24 ambayo yanagharimu ₺3.5 kila moja, watawala 6 ambao waligharimu ₺13.0 kila moja, na ream ya karatasi ya dhamana ambayo iligharimu ₺15.Alinunua pia penseli 7 ambazo zinagharimu ₺9 kila moja.Oscar anaweza kulipa ada ya wakati mmoja ₺20 kuwa mwanachama na kupata punguzo la 20% kwenye ununuzi wote, au sio kuwa mwanachama na kupokea punguzo la 5% tu.Je! Ni kiasi gani ambacho Oscar anaweza kutumia kwa kila kitu?",212
"Qasim alikwenda kununua vifaa vya shule.Alinunua madaftari 18 ambayo yanagharimu ¥ 9.0 kila moja, crayons 12 ambazo zinagharimu ¥ 18.75 kila moja, na ream ya karatasi ya dhamana ambayo iligharimu ¥ 21.Alinunua pia penseli 8 ambazo zinagharimu ¥ 9 kila moja.Qasim inaweza kulipa ada ya wakati mmoja ¥ 20 kuwa mwanachama na kupata punguzo la 20% kwenye ununuzi wote, au sio kuwa mwanachama na kupokea punguzo la 5% tu.Je! Kiwango kidogo cha Qasim kinaweza kutumia kwa kila kitu?",404
"Yuki alikwenda kununua vifaa vya shule.Alinunua crayons 22 ambazo ziligharimu ¥ 8.0 kila moja, erasers 14 ambazo zinagharimu ¥ 17.0 kila moja, na ream ya karatasi ya dhamana ambayo iligharimu ¥ 13.Alinunua pia alama 3 ambazo zinagharimu ¥ 11 kila moja.Yuki anaweza kulipa ada ya wakati mmoja ¥ 20 kuwa mwanachama na kupata punguzo la 20% kwenye ununuzi wote, au sio kuwa mwanachama na kupokea punguzo la 5% tu.Je! Ni kiasi gani ambacho Yuki anaweza kutumia kwa kila kitu?",388
"James alikwenda kununua vifaa vya shule.Alinunua alama 12 ambazo zinagharimu $ 3.0 kila moja, crayons 14 ambazo zinagharimu $ 8.5 kila moja, na ream ya karatasi ya dhamana ambayo iligharimu $ 17.Alinunua pia penseli za rangi 6 ambazo zinagharimu $ 8 kila moja.James anaweza kulipa ada ya wakati mmoja $ 20 kuwa mwanachama na kupata punguzo la 20% kwenye ununuzi wote, au sio kuwa mwanachama na kupokea punguzo la 5% tu.Je! Ni kiasi gani kidogo ambacho James anaweza kutumia kwa kila kitu?",196
"James alikwenda kununua vifaa vya shule.Alinunua madaftari 6 ambayo yanagharimu ¥ 7.0 kila moja, penseli 14 ambazo zinagharimu ¥ 10.0 kila moja, na ream ya karatasi ya dhamana ambayo iligharimu ¥ 24.Alinunua pia alama 6 ambazo zinagharimu ¥ 9 kila moja.James anaweza kulipa ada ya wakati mmoja ¥ 20 kuwa mwanachama na kupata punguzo la 20% kwenye ununuzi wote, au sio kuwa mwanachama na kupokea punguzo la 5% tu.Je! Ni kiasi gani kidogo ambacho James anaweza kutumia kwa kila kitu?",228
"Yara alikwenda kwenye bustani yake ili kuchagua jordgubbar na akapata mende mara tisa kama viwavi kwenye bustani.Yara basi alipata wanyama weupe 66, nusu yao walikuwa sungura.Kwa kuongezea, aliona nyuki 24, na viwavi 13.Je! Ni asilimia ngapi ya wanyama kwenye bustani walikuwa sungura?",15
"Ava alikwenda kwa mgawo wake ili kuchukua raspberries kadhaa na akakuta theluthi moja kama nyuki wengi kama wasps kwenye kiraka.Ava basi alipata wanyama weupe 60, nusu yao walikuwa sungura.Kwa kuongezea, aliona viwavi 24, na nyongo 12.Je! Ni asilimia ngapi ya wanyama kwenye kiraka walikuwa sungura?",30
"Jasmine alikwenda kwenye uwanja wake wa nyuma kuchagua cherries na akapata nusu moja kama vile vichwa vingi kama mchwa kwenye uwanja.Jasmine basi alipata wanyama weupe 46, nusu yao walikuwa sungura.Kwa kuongezea, aliona nyuki 39, na mchwa 10.Je! Ni asilimia ngapi ya wanyama kwenye uwanja walikuwa sungura?",23
"Leilani alikwenda kwa mgawo wake kuchukua raspberries kadhaa na akapata theluthi mbili kama mchwa wengi kama wasps kwenye kiraka.Leilani basi alipata wanyama weupe 40, nusu yao walikuwa sungura.Kwa kuongezea, aliona panzi 36, na vijiko 16.Je! Ni asilimia ngapi ya wanyama kwenye kiraka walikuwa sungura?",20
"Gabrielle alikwenda kwa mgawo wake ili kuchukua raspberries kadhaa na akapata theluthi mbili kama nyongo nyingi kama nyuki kwenye kiraka.Gabrielle basi alipata wanyama weupe 38, nusu yao walikuwa sungura.Kwa kuongezea, aliona viwavi 41, na nyuki 15.Je! Ni asilimia ngapi ya wanyama kwenye kiraka walikuwa sungura?",19
"Valeria alikwenda kwa mgawo wake ili kuchukua raspberries kadhaa na akapata mchwa 4 kama mende kwenye kiraka.Valeria basi alipata wanyama wazungu 18, nusu yao walikuwa sungura.Kwa kuongezea, aliona viwavi 30, na mende 15.Je! Ni asilimia ngapi ya wanyama kwenye kiraka walikuwa sungura?",12
"Kimia alikwenda kwenye chafu yake kuchukua rangi ya hudhurungi na akakuta mara sita kama viwavi wengi kama wasps kwenye njama hiyo.Kimia basi alipata wanyama 40 weupe, nusu yao walikuwa sungura.Kwa kuongezea, aliona ladybugs 25, na wasps 5.Je! Ni asilimia ngapi ya wanyama kwenye njama walikuwa sungura?",20
"Elena alikwenda kwa mgawo wake kuchukua raspberries kadhaa na akapata mara sita kama vitunguu kama vijiti kwenye kiraka.Elena basi alipata wanyama weupe 74, nusu yao walikuwa sungura.Kwa kuongezea, aliona mchwa 32, na wasps 6.Je! Ni asilimia ngapi ya wanyama kwenye kiraka walikuwa sungura?",25
"Valeria alikwenda kwa mgawo wake ili kuchukua raspberries kadhaa na akapata 2/5 viwavi wengi kama nyuki kwenye kiraka.Valeria basi alipata wanyama weupe 42, nusu yao walikuwa sungura.Kwa kuongezea, aliona ladybugs 21, na nyuki 15.Je! Ni asilimia ngapi ya wanyama kwenye kiraka walikuwa sungura?",25
"Nadia alikwenda kwenye bustani yake kuchukua jordgubbar na akapata theluthi tatu kama vitunguu vingi kama nyuki kwenye bustani.Nadia basi alipata wanyama weupe 26, nusu yao walikuwa sungura.Kwa kuongezea, aliona viwavi 17, na nyuki 6.Je! Ni asilimia ngapi ya wanyama kwenye bustani walikuwa sungura?",25
"Yara aliona nyangumi wa futi 32 na remoras 16, kila inchi 12 zilizowekwa ndani yake.Halafu, 1/2 ya remoras iliondoka.Baadaye, Yara aliona nyangumi mwingine wa futi 10 na remoras 6, kila inchi 8, zilizowekwa ndani yake.Kwa wastani, ni asilimia ngapi ya urefu wa mwili wa kila nyangumi hufunikwa na remoras?",32
"Ali aliona nyangumi wa futi 30 na remoras 18, kila inchi 15 zilizowekwa ndani yake.Halafu, 1/3 ya remoras iliondoka.Baadaye, Ali aliona nyangumi mwingine wa futi 10 na remoras 6, kila inchi 8, zilizowekwa ndani yake.Kwa wastani, ni asilimia ngapi ya urefu wa mwili wa kila nyangumi hufunikwa na remoras?",45
"Jasmine aliona dolphin ya futi 32 na remoras 24, kila inchi 12 zilizowekwa ndani yake.Halafu, 1/3 ya remoras iliondoka.Baadaye, Jasmine aliona dolphin nyingine ya futi 8 na remoras 4, kila inchi 6, iliyowekwa ndani yake.Kwa wastani, ni asilimia ngapi ya kila urefu wa mwili wa dolphin hufunikwa na remoras?",37
"Luis aliona dolphin ya futi 48 na remoras 24, kila inchi 18 zilizowekwa ndani yake.Halafu, theluthi ya remoras iliondoka.Baadaye, Luis aliona dolphin nyingine ya futi 10 na remoras 6, kila inchi 8, zilizowekwa ndani yake.Kwa wastani, ni asilimia ngapi ya kila urefu wa mwili wa dolphin hufunikwa na remoras?",45
"Pavel aliona nyangumi wa futi 45 na remoras 18, kila inchi 12 zilizowekwa ndani yake.Halafu, 1/2 ya remoras iliondoka.Baadaye, Pavel aliona nyangumi mwingine wa futi 10 na remoras 4, kila inchi 3, zilizowekwa ndani yake.Kwa wastani, ni asilimia ngapi ya urefu wa mwili wa kila nyangumi hufunikwa na remoras?",15
"Gabrielle aliona papa mwenye urefu wa futi 33 na remoras 12, kila inchi 22 zilizowekwa ndani yake.Halafu, robo ya remoras iliondoka.Baadaye, Gabrielle aliona papa mwingine wa futi 8 na remoras 6, kila inchi 4, zilizowekwa ndani yake.Kwa wastani, ni asilimia ngapi ya kila urefu wa mwili wa papa hufunikwa na remoras?",37
"Oscar aliona papa mwenye urefu wa futi 38 na remoras 16, kila inchi 19 zilizowekwa ndani yake.Halafu, robo ya remoras iliondoka.Baadaye, Oscar aliona papa mwingine wa futi 10 na remoras 6, kila inchi 3, zilizowekwa ndani yake.Kwa wastani, ni asilimia ngapi ya kila urefu wa mwili wa papa hufunikwa na remoras?",32
"Oliver aliona nyangumi wa futi 48 na remoras 12, kila inchi 24 zilizowekwa ndani yake.Halafu, 1/2 ya remoras iliondoka.Baadaye, Oliver aliona nyangumi mwingine wa futi 10 na remoras 6, kila inchi 6, zilizowekwa ndani yake.Kwa wastani, ni asilimia ngapi ya urefu wa mwili wa kila nyangumi hufunikwa na remoras?",27
"Carlos aliona papa wa futi 34 na remoras 18, kila inchi 17 zilizowekwa ndani yake.Halafu, theluthi ya remoras iliondoka.Baadaye, Carlos aliona papa mwingine wa futi 10 na remoras 4, kila inchi 3, zilizowekwa ndani yake.Kwa wastani, ni asilimia ngapi ya kila urefu wa mwili wa papa hufunikwa na remoras?",30
"Andre aliona nyangumi wa futi 30 na remoras 18, kila inchi 15 zilizowekwa ndani yake.Halafu, theluthi ya remoras iliondoka.Baadaye, Andre aliona nyangumi mwingine wa futi 10 na remoras 6, kila inchi 7, zilizowekwa ndani yake.Kwa wastani, ni asilimia ngapi ya urefu wa mwili wa kila nyangumi hufunikwa na remoras?",42
"Thiago inaongeza pesa kwa haki ya siku 3 ya sayansi.Kila siku hugharimu $ 250 kwa hoteli, $ 30 kwa chakula, na $ 30 kwa usafirishaji.Thiago ina $ 35 tu.Marafiki zake wameingia na watagharamia gharama ya chakula chote cha haki ya sayansi.Thiago pia ameomba msaada kutoka kwa shule hiyo, ambayo imeamua kufunika 1/4 ya gharama iliyobaki ya haki ya sayansi.Je! Thiago bado inakosa pesa ngapi?",595
"Ali anaongeza pesa kwa mashindano ya siku 3 ya michezo.Kila siku hugharimu ₣ 200 kwa hoteli, ₣ 20 kwa chakula, na ₣ 10 kwa usafirishaji.Ali ana ₣ 40 tu.Rafiki zake wameingia ndani na watagharamia gharama ya chakula chote cha mashindano ya michezo.Ali pia ameomba msaada kutoka kwa misaada ya ndani, ambayo imeamua kufunika 1/5 ya gharama iliyobaki ya mashindano ya michezo.Ali anakosa pesa ngapi?",464
"Benjamin anaongeza pesa kwa haki ya siku 3 ya sayansi.Kila siku hugharimu ₺250 kwa hoteli, ₺30 kwa chakula, na ₺20 kwa usafirishaji.Benjamin ina ₺165 tu.Marafiki zake wameingia na watagharamia gharama ya chakula chote cha haki ya sayansi.Benjamin pia ameomba msaada kutoka kwa Chama cha Wazazi, ambacho kimeamua kufunika sehemu ya kumi ya gharama iliyobaki ya haki ya sayansi.Je! Benjamin bado anakosa pesa ngapi?",564
"Leon anaongeza pesa kwa semina ya siku 2.Kila siku hugharimu ¥ 150 kwa hoteli, ¥ 30 kwa chakula, na ¥ 10 kwa usafirishaji.Leon tu ana ¥ 155.Rafiki zake wameingia ndani na watagharamia gharama ya chakula chote cha semina hiyo.Leon pia ameomba msaada kutoka kwa Klabu ya Vijana, ambayo imeamua kufunika gharama ya tano ya gharama iliyobaki ya semina hiyo.Leon bado anakosa pesa ngapi?",101
"Yuki anaongeza pesa kwa tamasha la muziki la siku 2.Kila siku hugharimu ₺100 kwa hoteli, ₺40 kwa chakula, na ₺30 kwa usafirishaji.Yuki ana ₺10 tu.Rafiki zake wameingia ndani na watagharamia gharama ya chakula chote cha Tamasha la Muziki.Yuki pia ameomba msaada kutoka kwa Chama cha Wazazi, ambacho kimeamua kufunika 1/2 ya gharama iliyobaki ya Tamasha la Muziki.Yuki bado anakosa pesa ngapi?",120
"Ibrahim anaongeza pesa kwa mkutano wa siku 2.Kila siku hugharimu $ 200 kwa hoteli, $ 30 kwa chakula, na $ 30 kwa usafirishaji.Ibrahim ina $ 95 tu.Marafiki zake wameingia na watagharamia gharama ya chakula chote cha mkutano huo.Ibrahim pia ameomba msaada kutoka kwa shule hiyo, ambayo imeamua kufunika robo ya gharama iliyobaki ya mkutano huo.Je! Ibrahim bado anakosa pesa ngapi?",250
"Oscar anaongeza pesa kwa tamasha la muziki la siku 3.Kila siku hugharimu ₣ 250 kwa hoteli, ₣ 40 kwa chakula, na ₣ 10 kwa usafirishaji.Oscar ina ₣ 125 tu.Rafiki zake wameingia ndani na watagharamia gharama ya chakula chote cha Tamasha la Muziki.Oscar pia ameomba msaada kutoka kwa misaada ya ndani, ambayo imeamua kufunika 1/6 ya gharama iliyobaki ya tamasha la muziki.Je! Oscar bado anakosa pesa ngapi?",525
"Pavel inaongeza pesa kwa haki ya siku 2 ya sayansi.Kila siku hugharimu ₺150 kwa hoteli, ₺20 kwa chakula, na ₺10 kwa usafirishaji.Pavel ina ₺25 tu.Marafiki zake wameingia na watagharamia gharama ya chakula chote cha haki ya sayansi.Pavel pia ameomba msaada kutoka kwa Chama cha Wazazi, ambacho kimeamua kufunika nusu ya gharama iliyobaki ya haki ya sayansi.Je! Pavel bado inakosa pesa ngapi?",135
"Ali anaongeza pesa kwa mashindano ya siku 2 ya michezo.Kila siku inagharimu ₺150 kwa hoteli, ₺40 kwa chakula, na ₺10 kwa usafirishaji.Ali ana ₺160 tu.Rafiki zake wameingia ndani na watagharamia gharama ya chakula chote cha mashindano ya michezo.Ali pia ameomba msaada kutoka kwa Chama cha Wazazi, ambacho kimeamua kufunika 1/8 ya gharama iliyobaki ya mashindano ya michezo.Ali anakosa pesa ngapi?",120
"Faisal anaongeza pesa kwa mkutano wa siku 3.Kila siku hugharimu ¥ 200 kwa hoteli, ¥ 30 kwa chakula, na ¥ 30 kwa usafirishaji.Faisal ina ¥ 115 tu.Marafiki zake wameingia na watagharamia gharama ya chakula chote cha mkutano huo.Faisal pia ameomba msaada kutoka kwa Klabu ya Vijana, ambayo imeamua kufunika 1/2 ya gharama iliyobaki ya mkutano huo.Faisal ni pesa ngapi bado?",230
"Kulingana na habari yake ya lishe, begi la mikate lina kalori 225 kwa kutumikia.Mfuko wa ounces 300 una huduma 5.Lengo lenye afya ya kila siku ni kalori 15 kwa paundi ya uzito wa mwili.Carlos ana uzito wa lbs 200, na tayari amekula kalori 900 na kuchoma kalori 150 kupitia mazoezi.Zahra uzani wa lbs 150, na tayari amekula 900 katika chakula na kalori 225 kwenye ice cream.Je! Carlos anahitaji kutumia ounces ngapi zaidi ya Zahra?",300
"Kulingana na habari yake ya lishe, begi la popcorn lina kalori 300 kwa kutumikia.Mfuko wa gramu 325 una huduma 5.Lengo lenye afya ya kila siku ni kalori 15 kwa paundi ya uzito wa mwili.Ibrahim ana uzito wa lbs 190, na tayari amekula kalori 950 na kuchoma kalori 200 kupitia mazoezi.Priya ina uzito wa lbs 170, na tayari amekula 1100 katika chakula na kalori 250 kwenye ice cream.Je! Ibrahim anahitaji kutumia zaidi ya Priya?",195
"Kulingana na habari yake ya lishe, begi la mikate lina kalori 250 kwa kutumikia.Mfuko wa ounces 350 una huduma 5.Lengo lenye afya ya kila siku ni kalori 15 kwa paundi ya uzito wa mwili.Yuki ana uzito wa lbs 210, na tayari amekula kalori 1050 na kuchoma kalori 150 kupitia mazoezi.Jasmine ana uzito wa lbs 140, na tayari amekula 900 katika chakula na kalori 200 kwenye ice cream.Je! Yuki anahitaji kutumia ounces ngapi zaidi ya Jasmine?",350
"Kulingana na habari yake ya lishe, begi la kuki lina kalori 175 kwa kutumikia.Mfuko wa oz 125 una huduma 5.Lengo lenye afya ya kila siku ni kalori 15 kwa paundi ya uzito wa mwili.Theo ina uzito wa lbs 250, na tayari amekula kalori 1100 na kuchoma kalori 150 kupitia mazoezi.Sakura ana uzito wa lbs 130, na tayari amekula 900 katika chakula na kalori 175 kwenye ice cream.Je! Theo anahitaji kula zaidi ya Oz ya Oz ngapi ya Sakura?",275
"Kulingana na habari yake ya lishe, begi la popcorn lina kalori 325 kwa kutumikia.Mfuko wa gramu 100 una huduma 4.Lengo lenye afya ya kila siku ni kalori 15 kwa paundi ya uzito wa mwili.Arash ana uzito wa lbs 200, na tayari amekula kalori 1200 na kuchoma kalori 150 kupitia mazoezi.Mei ana uzito wa lbs 180, na tayari amekula 900 katika chakula na kalori 175 kwenye ice cream.Je! Arash inahitaji kutumia gramu ngapi za popcorn zinahitaji kutumia kuliko Mei?",25
"Kulingana na habari yake ya lishe, begi la popcorn lina kalori 150 kwa kutumikia.Mfuko wa gramu 300 una huduma 5.Lengo lenye afya ya kila siku ni kalori 15 kwa paundi ya uzito wa mwili.Arjun ana uzito wa lbs 210, na tayari ametumia kalori 1000 na kuchoma kalori 100 kupitia mazoezi.Elena ana uzito wa lbs 180, na tayari amekula 900 katika chakula na kalori 150 kwenye ice cream.Je! Arjun anahitaji kutumia gramu ngapi za popcorn anahitaji kutumia kuliko Elena?",240
"Kulingana na habari yake ya lishe, begi la kuki lina kalori 150 kwa kutumikia.Mfuko wa oz 100 una huduma 4.Lengo lenye afya ya kila siku ni kalori 15 kwa paundi ya uzito wa mwili.Gabriel ana uzito wa lbs 200, na tayari amekula kalori 900 na kuchoma kalori 150 kupitia mazoezi.Valentina ana uzito wa lbs 130, na tayari amekula 1100 katika chakula na kalori 250 kwenye ice cream.Je! Gabriel anahitaji kutumia oz wangapi wa Oz?",275
"Kulingana na habari yake ya lishe, begi la popcorn lina kalori 450 kwa kutumikia.Mfuko wa gramu 275 una huduma 5.Lengo lenye afya ya kila siku ni kalori 15 kwa paundi ya uzito wa mwili.Hiroshi ana uzito wa lbs 230, na tayari amekula kalori 900 na kuchoma kalori 150 kupitia mazoezi.Valentina ana uzito wa lbs 180, na tayari amekula 1100 katika chakula na kalori 250 kwenye ice cream.Je! Hiroshi anahitaji kutumia gramu ngapi zaidi ya Valentina?",165
"Kulingana na habari yake ya lishe, begi la kuki lina kalori 200 kwa kutumikia.Mfuko wa oz 400 una huduma 5.Lengo lenye afya ya kila siku ni kalori 15 kwa paundi ya uzito wa mwili.Bodhi ana uzito wa lbs 230, na tayari amekula kalori 1100 na kuchoma kalori 50 kupitia mazoezi.Nia ina uzito wa lbs 130, na tayari amekula 1000 katika chakula na kalori 150 kwenye ice cream.Je! Bodhi inahitaji kula zaidi ya oz ya oz ngapi?",640
"Kulingana na habari yake ya lishe, begi la mikate lina kalori 175 kwa kutumikia.Mfuko wa ounces 125 una huduma 5.Lengo lenye afya ya kila siku ni kalori 15 kwa paundi ya uzito wa mwili.Sanjay ana uzito wa lbs 210, na tayari amekula kalori 1150 na kuchoma kalori 100 kupitia mazoezi.Sofia uzani wa lbs 150, na tayari amekula 800 katika chakula na kalori 225 kwenye ice cream.Je! Sanjay anahitaji kutumia ounces ngapi za mikate zaidi ya Sofia?",125
"Ili kupiga simu kutoka kwa kibanda cha simu, lazima ulipe $ 0.7 kwa kila dakika ya simu yako.Baada ya dakika 10, bei inashuka hadi $ 0.5 kwa dakika.Baada ya dakika 30 tangu kuanza kwa simu, bei inashuka zaidi hadi $ 0.1 kwa dakika mbili.Ikiwa jumla ya muswada wako ni zaidi ya $ 15, unapata punguzo la 15% kwenye muswada wako jumla.Je! Simu ya dakika 90 ingegharimu kiasi gani?",17
"Ili kupiga simu kutoka kwa kibanda cha simu, lazima ulipe ₺0.9 kwa kila dakika ya simu yako.Baada ya dakika 10, bei inashuka hadi ₺0.6 kwa dakika.Baada ya dakika 35 tangu kuanza kwa simu, bei inashuka zaidi hadi ₺0.4 kwa dakika mbili.Ikiwa jumla ya muswada wako ni zaidi ya ₺25, unapata punguzo la 20% kwenye muswada wako jumla.Je! Simu ya dakika 115 ingegharimu kiasi gani?",32
"Ili kupiga simu kutoka kwa simu ya chumba cha hoteli, lazima ulipe € 0.4 kwa kila dakika ya simu yako.Baada ya dakika 15, bei inashuka hadi € 0.3 kwa dakika.Baada ya dakika 35 tangu kuanza kwa simu, bei inashuka zaidi hadi € 0.2 kwa dakika mbili.Ikiwa jumla ya muswada wako ni zaidi ya € 15, unapata punguzo la 10% kwenye muswada wako jumla.Je! Simu ya dakika 115 ingegharimu kiasi gani?",18
"Ili kupiga simu kutoka kwa kibanda cha simu, lazima ulipe ₺0.8 kwa kila dakika ya simu yako.Baada ya dakika 10, bei inashuka hadi ₺0.7 kwa dakika.Baada ya dakika 30 tangu kuanza kwa simu, bei inashuka zaidi hadi ₺0.4 kwa dakika mbili.Ikiwa jumla ya muswada wako ni zaidi ya ₺15, unapata punguzo la 15% kwenye muswada wako jumla.Je! Simu ya dakika 120 ingegharimu kiasi gani?",34
"Ili kupiga simu kutoka kwa simu ya chumba cha hoteli, lazima ulipe ₺0.6 kwa kila dakika ya simu yako.Baada ya dakika 10, bei inashuka hadi ₺0.4 kwa dakika.Baada ya dakika 35 tangu kuanza kwa simu, bei inashuka zaidi hadi ₺0.1 kwa dakika mbili.Ikiwa jumla ya muswada wako ni zaidi ya ₺15, unapata punguzo la 15% kwenye muswada wako jumla.Je! Simu ya dakika 115 ingegharimu kiasi gani?",17
"Ili kupiga simu kutoka kwa simu ya chumba cha hoteli, lazima ulipe ¥ 0.9 kwa kila dakika ya simu yako.Baada ya dakika 10, bei inashuka hadi ¥ 0.6 kwa dakika.Baada ya dakika 35 tangu kuanza kwa simu, bei inashuka zaidi hadi ¥ 0.4 kwa dakika mbili.Ikiwa jumla ya muswada wako ni zaidi ya ¥ 15, unapata punguzo la 20% kwenye muswada wako jumla.Je! Simu ya dakika 65 ingegharimu kiasi gani?",24
"Ili kupiga simu kutoka kwa simu ya chumba cha hoteli, lazima ulipe ₣ 0.8 kwa kila dakika ya simu yako.Baada ya dakika 10, bei inashuka hadi ₣ 0.4 kwa dakika.Baada ya dakika 30 tangu kuanza kwa simu, bei inashuka zaidi hadi ₣ 0.1 kwa dakika mbili.Ikiwa jumla ya muswada wako ni zaidi ya ₣ 15, unapata punguzo la 20% kwenye muswada wako jumla.Je! Simu ya dakika 110 ingegharimu kiasi gani?",16
"Ili kupiga simu kutoka kwa kibanda cha simu, lazima ulipe ¥ 0.9 kwa kila dakika ya simu yako.Baada ya dakika 10, bei inashuka hadi ¥ 0.4 kwa dakika.Baada ya dakika 35 tangu kuanza kwa simu, bei inashuka zaidi hadi ¥ 0.1 kwa dakika mbili.Ikiwa jumla ya muswada wako ni zaidi ya ¥ 15, unapata punguzo la 10% kwenye muswada wako jumla.Je! Simu ya dakika 55 ingegharimu kiasi gani?",18
"Ili kupiga simu kutoka kwa simu ya chumba cha hoteli, lazima ulipe $ 0.9 kwa kila dakika ya simu yako.Baada ya dakika 10, bei inashuka hadi $ 0.4 kwa dakika.Baada ya dakika 30 tangu kuanza kwa simu, bei inashuka zaidi hadi $ 0.1 kwa dakika mbili.Ikiwa jumla ya muswada wako ni zaidi ya $ 15, unapata punguzo la 15% kwenye muswada wako jumla.Je! Simu ya dakika 90 ingegharimu kiasi gani?",17
"Ili kupiga simu kutoka kwa kibanda cha simu, lazima ulipe $ 0.7 kwa kila dakika ya simu yako.Baada ya dakika 10, bei inashuka hadi $ 0.3 kwa dakika.Baada ya dakika 40 tangu kuanza kwa simu, bei inashuka zaidi hadi $ 0.1 kwa dakika mbili.Ikiwa jumla ya muswada wako ni zaidi ya $ 15, unapata punguzo la 10% kwenye muswada wako jumla.Je! Simu ya dakika 120 ingegharimu kiasi gani?",18
"Mkate wa unga kwenye cafe hugharimu $ 10.Gharama ya muffin ni moja ya nane ya mkate wa unga.Cafe ina kukuza kwamba ikiwa mtu ananunua muffins 6 au zaidi, wanapata punguzo la 10% kwenye muffins.Je! Mikati 2 za unga wa unga zaidi ni zaidi ya muffins 8?",11
"Mkate wa mkate kwenye duka hugharimu ¥ 5.Gharama ya croissant ni 3/4 ya mkate.Hifadhi ina kukuza kwamba ikiwa mtu ananunua croissants 6 au zaidi, wanapata punguzo la 10% kwenye croissants.Je! Mikate 10 ya mkate inagharimu zaidi ya 8?",23
"Mkate wa unga katika cafe gharama ¥ 15.Gharama ya muffin ni 1/4 ya mkate wa unga.Cafe ina kukuza kwamba ikiwa mtu ananunua muffins 6 au zaidi, wanapata punguzo la 20% kwenye muffins.Je! Mikate 5 ya unga wa unga zaidi kuliko muffins 8?",51
"Mkate wa mkate kwenye mkate hugharimu € 10.Gharama ya bagel ni 1/8 ya mkate.Bakery ina kukuza kwamba ikiwa mtu ananunua bagel 7 au zaidi, wanapata punguzo la 10% kwenye bagels.Je! Mikate 5 ya mkate inagharimu zaidi kuliko bagel 8?",41
"Mkate wa unga katika cafe gharama ¥ 15.Gharama ya muffin ni moja ya nne ya mkate wa unga.Cafe ina kukuza kwamba ikiwa mtu ananunua muffins 3 au zaidi, wanapata punguzo la 20% kwenye muffins.Je! Mikate 10 ya unga wa unga zaidi kuliko muffins 8?",126
"Mkate wa unga katika gharama ya cafe ₣ 10.Gharama ya muffin ni moja ya nane ya mkate wa unga.Cafe ina kukuza kwamba ikiwa mtu ananunua muffins 4 au zaidi, wanapata punguzo la 20% kwenye muffins.Je! Ni kiasi gani cha mikate 3 ya gharama ya unga kuliko muffins 12?",18
"Mkate wa unga katika soko gharama ₣ 5.Gharama ya baiskeli ni moja ya nne ya mkate wa unga.Soko ina kukuza kwamba ikiwa mtu ananunua biskuti 4 au zaidi, wanapata punguzo la 20% kwenye biskuti.Je! Mikate 9 ya unga wa unga zaidi kuliko biskuti 8?",37
"Mkate wa unga kwenye soko hugharimu $ 5.Gharama ya baiskeli ni 3/4 ya mkate wa unga.Soko lina tangazo kwamba ikiwa mtu ananunua biskuti 5 au zaidi, wanapata punguzo la 10% kwenye biskuti.Je! Mikate 7 ya unga wa tamu zaidi ya biskuti 8 zaidi?",8
"Mkate wa mkate kwenye duka hugharimu ¥ 5.Gharama ya croissant ni moja ya nne ya mkate.Hifadhi ina kukuza kwamba ikiwa mtu ananunua croissants 5 au zaidi, wanapata punguzo la 20% kwenye croissants.Je! Mikate 4 ya mkate inagharimu zaidi ya 8?",12
"Mkate wa mkate kwenye duka hugharimu ₣ 5.Gharama ya croissant ni 3/4 ya mkate.Hifadhi ina kukuza kwamba ikiwa mtu ananunua croissants 4 au zaidi, wanapata punguzo la 20% kwenye croissants.Je! Mikate 9 ya mkate inagharimu zaidi ya 8?",21
"Janitor lazima asafishe jengo na vyumba 80.Wana siku 4 za kuifanya.Inawachukua dakika 6 kwa kila chumba.Walakini, kwa sababu ya jeraha la hivi karibuni, msimamizi amekuwa polepole na itawachukua mara mbili kwa muda mrefu kusafisha chumba siku hizi.Ikiwa wanafanya kazi kwa masaa 10 kwa siku, ni asilimia ngapi ya siku yao, kwa wastani, hutumika kusafisha vyumba?",40
"Mfanyikazi wa matengenezo lazima asafishe chuo kikuu na sakafu 150.Wana siku 6 za kuifanya.Inawachukua dakika 6 kwa sakafu.Walakini, kwa sababu ya jeraha la hivi karibuni, mfanyikazi wa matengenezo amekuwa polepole na itawachukua mara mbili kwa muda mrefu kusafisha sakafu siku hizi.Ikiwa wanafanya kazi kwa masaa 10 kwa siku, ni asilimia ngapi ya siku yao, kwa wastani, hutumika kusafisha sakafu?",50
"Janitor lazima asafishe jengo na sakafu 135.Wana siku 3 za kuifanya.Inawachukua dakika 5 kwa sakafu.Walakini, kwa sababu ya jeraha la hivi karibuni, msimamizi amekuwa polepole na itawachukua mara mbili kwa muda mrefu kusafisha sakafu siku hizi.Ikiwa wanafanya kazi kwa masaa 15 kwa siku, ni asilimia ngapi ya siku yao, kwa wastani, hutumika kusafisha sakafu?",50
"Msafi lazima asafishe hospitali na sakafu 60.Wana siku 3 za kuifanya.Inawachukua dakika 6 kwa sakafu.Walakini, kwa sababu ya jeraha la hivi karibuni, safi imekuwa polepole na itawachukua mara mbili kwa muda mrefu kusafisha sakafu siku hizi.Ikiwa wanafanya kazi kwa masaa 8 kwa siku, ni asilimia ngapi ya siku yao, kwa wastani, hutumika kusafisha sakafu?",50
"Msafi lazima aondoe hospitali na sakafu 90.Wana siku 10 za kuifanya.Inawachukua dakika 10 kwa sakafu.Walakini, kwa sababu ya jeraha la hivi karibuni, safi imekuwa polepole na itawachukua mara mbili kwa muda mrefu kusafisha sakafu siku hizi.Ikiwa wanafanya kazi kwa masaa 15 kwa siku, ni asilimia ngapi ya siku yao, kwa wastani, hutumika kusafisha sakafu?",20
"Msafi lazima aondoe hospitali na sakafu 135.Wana siku 5 za kuifanya.Inawachukua dakika 5 kwa sakafu.Walakini, kwa sababu ya jeraha la hivi karibuni, safi imekuwa polepole na itawachukua mara mbili kwa muda mrefu kusafisha sakafu siku hizi.Ikiwa wanafanya kazi kwa masaa 9 kwa siku, ni asilimia ngapi ya siku yao, kwa wastani, hutumika kusafisha sakafu?",50
"Mfanyikazi wa matengenezo lazima asafishe chuo kikuu na sakafu 160.Wana siku 10 za kuifanya.Inawachukua dakika 15 kwa sakafu.Walakini, kwa sababu ya jeraha la hivi karibuni, mfanyikazi wa matengenezo amekuwa polepole na itawachukua mara mbili kwa muda mrefu kusafisha sakafu siku hizi.Ikiwa wanafanya kazi kwa masaa 10 kwa siku, ni asilimia ngapi ya siku yao, kwa wastani, hutumika kusafisha sakafu?",80
"Mfanyikazi wa matengenezo lazima asafishe chuo kikuu na sakafu 120.Wana siku 5 za kuifanya.Inawachukua dakika 5 kwa sakafu.Walakini, kwa sababu ya jeraha la hivi karibuni, mfanyikazi wa matengenezo amekuwa polepole na itawachukua mara mbili kwa muda mrefu kusafisha sakafu siku hizi.Ikiwa wanafanya kazi kwa masaa 10 kwa siku, ni asilimia ngapi ya siku yao, kwa wastani, hutumika kusafisha sakafu?",40
"Msafi lazima asafishe hospitali na vyumba 70.Wana siku 10 za kuifanya.Inawachukua dakika 15 kwa kila chumba.Walakini, kwa sababu ya jeraha la hivi karibuni, safi imekuwa polepole na itawachukua mara mbili kwa muda mrefu kusafisha chumba siku hizi.Ikiwa wanafanya kazi kwa masaa 7 kwa siku, ni asilimia ngapi ya siku yao, kwa wastani, hutumika kusafisha vyumba?",50
"Msafi lazima aondoe hospitali na vyumba 165.Wana siku 11 za kuifanya.Inawachukua dakika 6 kwa kila chumba.Walakini, kwa sababu ya jeraha la hivi karibuni, safi imekuwa polepole na itawachukua mara mbili kwa muda mrefu kusafisha chumba siku hizi.Ikiwa wanafanya kazi kwa masaa 10 kwa siku, ni asilimia ngapi ya siku yao, kwa wastani, hutumika kusafisha vyumba?",30
"Kundi la wanafunzi 290 lina burudani mbali mbali.12 kama kuchora, 8 wanapenda kucheza chess, 13 wanapenda kuogelea, 39 wanapenda kucheza kriketi, na wengine wanapenda kucheza michezo ya video au kuongezeka.Je! Ni asilimia ngapi ya wanafunzi wanapenda kucheza michezo ya video ikiwa idadi ya wanafunzi wanaopenda kuongezeka ni chini ya mara 5 ya idadi inayopendelea kucheza kriketi?",50
"Darasa la wanafunzi 230 lina burudani mbali mbali.5 Penda kucheza, 8 wanapenda kucheza chess, 13 wanapenda kuogelea, 32 wanapenda kucheza mpira wa wavu, na wengine wanapenda kucheza michezo ya video au kucheza muziki.Je! Ni asilimia ngapi ya wanafunzi wanapenda kucheza michezo ya video ikiwa idadi ya wanafunzi wanaopenda kucheza muziki ni chini ya mara 7 ya idadi ambayo wanapendelea kucheza mpira wa wavu?",50
"Darasa la wanafunzi 150 lina burudani mbali mbali.20 Penda kuchora, 8 wanapenda kucheza chess, 13 wanapenda kuogelea, 17 wanapenda kucheza mpira, na wengine wanapenda kucheza au kusoma.Je! Ni asilimia ngapi ya wanafunzi wanapenda kucheza ikiwa idadi ya wanafunzi wanaopenda kusoma ni chini ya mara 2 ya idadi ambayo wanapendelea kucheza mpira wa miguu?",40
"Kundi la wanafunzi 150 lina burudani mbali mbali.27 Penda kucheza muziki, 8 wanapenda kucheza chess, 13 wanapenda kuogelea, 9 wanapenda kucheza mpira, na wengine wanapenda kuchora au kucheza michezo ya video.Je! Ni asilimia ngapi ya wanafunzi wanapenda kuchora ikiwa idadi ya wanafunzi ambao wanapenda kucheza michezo ya video ni chini ya mara mbili idadi inayopendelea kucheza mpira wa miguu?",52
"Darasa la wanafunzi 100 lina burudani mbali mbali.14 wanapenda kuongezeka, 8 wanapenda kucheza chess, 13 wanapenda kuogelea, 2 wanapenda kucheza kriketi, na wengine wanapenda kucheza au kucheza muziki.Je! Ni asilimia ngapi ya wanafunzi wanapenda kucheza ikiwa idadi ya wanafunzi wanaopenda kucheza muziki ni chini ya mara 5 ya idadi ambayo wanapendelea kucheza kriketi?",48
"Darasa la wanafunzi 150 lina burudani mbali mbali.17 Penda kuoka, 8 wanapenda kucheza chess, 13 wanapenda kuogelea, 23 wanapenda kucheza mpira, na wengine wanapenda kusoma au kuchora.Je! Ni asilimia ngapi ya wanafunzi wanapenda kusoma ikiwa idadi ya wanafunzi wanaopenda kuchora ni chini ya mara 4 ya idadi ambayo wanapendelea kucheza mpira wa miguu?",16
"Kundi la wanafunzi 100 lina burudani mbali mbali.Napenda kucheza, 8 kama kucheza chess, 13 wanapenda kuogelea, 4 wanapenda kucheza, na wengine wanapenda kusoma au kuchora.Je! Ni asilimia ngapi ya wanafunzi wanapenda kusoma ikiwa idadi ya wanafunzi wanaopenda kuchora ni chini ya mara 5 ya idadi ambayo wanapendelea kucheza kurusha?",35
"Darasa la wanafunzi 90 lina burudani mbali mbali.11 Penda kusoma, 8 wanapenda kucheza chess, 13 wanapenda kuogelea, 6 wanapenda kucheza, na wengine wanapenda kucheza au kuoka.Je! Ni asilimia ngapi ya wanafunzi wanapenda kucheza ikiwa idadi ya wanafunzi ambao wanapenda kuoka ni chini ya mara sita ambayo idadi inayopendelea kucheza?",20
"Kundi la wanafunzi 150 lina burudani mbali mbali.59 Penda kucheza, 8 wanapenda kucheza chess, 13 wanapenda kuogelea, 3 wanapenda kucheza, na wengine wanapenda kucheza muziki au kucheza michezo ya video.Je! Ni asilimia ngapi ya wanafunzi wanapenda kucheza muziki ikiwa idadi ya wanafunzi wanaopenda kucheza michezo ya video ni chini ya mara 2 idadi inayopendelea kucheza?",26
"Kundi la wanafunzi 200 lina burudani mbali mbali.30 kama kuoka, 8 kama kucheza chess, 13 wanapenda kuogelea, 6 wanapenda kucheza, na wengine wanapenda kucheza au kuchora.Je! Ni asilimia ngapi ya wanafunzi wanapenda kucheza ikiwa idadi ya wanafunzi wanaopenda kuchora ni chini ya mara 5 ya idadi inayopendelea kucheza?",47
"Gabriel huweka mlozi kwenye sahani na bakuli.Kila sahani inaweza kushikilia mlozi 20 wakati kila bakuli inaweza kushikilia mara nne hiyo.Gabriel ina mlozi 675, sahani 9 na bakuli 3.Kwa bahati mbaya, bakuli 2 zinavunja.Gabriel kisha anakula moja ya tano ya mlozi wote.Je! Gabriel anahitaji sahani ngapi ili aweze kuweka mlozi wote uliobaki?",14
"Ali anaweka viboreshaji kwenye bakuli na sahani.Kila bakuli linaweza kushikilia viboreshaji 40 wakati kila sahani inaweza kushikilia mara mbili hiyo.Ali ana crackers 675, bakuli 8 na sahani 5.Kwa bahati mbaya, sahani 2 huvunja.Ali kisha anakula moja ya tisa ya watapeli wote.Je! Ali anahitaji bakuli ngapi ili aweze kuweka viboreshaji vyote vilivyobaki?",1
"Sanjay huweka mlozi kwenye bakuli na sahani.Kila bakuli linaweza kushikilia mlozi 30 wakati kila sahani inaweza kushikilia mara tatu hiyo.Sanjay ina mlozi 675, bakuli 12 na sahani 3.Kwa bahati mbaya, sahani 2 huvunja.Sanjay basi anakula moja ya tisa ya mlozi wote.Je! Sanjay anahitaji bakuli ngapi ili aweze kuweka mlozi wote uliobaki?",5
"Carlos huweka viboreshaji kwenye bakuli na meza.Kila bakuli linaweza kushikilia viboreshaji 20 wakati kila meza inaweza kushikilia mara tatu hiyo.Carlos ana viboreshaji 525, bakuli 13 na meza 4.Kwa bahati mbaya, meza 2 huvunja.Carlos kisha anakula moja ya tano ya watapeli wote.Je! Carlos anahitaji bakuli ngapi zaidi ili aweze kuweka viboreshaji vyote vilivyobaki?",2
"Benjamin huweka viboreshaji kwenye bakuli na sahani.Kila bakuli linaweza kushikilia viboreshaji 21 wakati kila sahani inaweza kushikilia mara mbili hiyo.Benjamin ina viboreshaji 720, bakuli 9 na sahani 3.Kwa bahati mbaya, sahani 2 huvunja.Benjamin basi anakula moja ya nane ya watapeli wote.Je! Benjamin anahitaji bakuli ngapi ili aweze kuweka viboreshaji vyote vilivyobaki?",19
"Wei huweka viboreshaji kwenye bakuli na sahani.Kila bakuli linaweza kushikilia viboreshaji 25 wakati kila sahani inaweza kushikilia mara nne hiyo.Wei ana viboreshaji 630, bakuli 12 na sahani 3.Kwa bahati mbaya, sahani 2 huvunja.Wei basi anakula moja ya sita ya watapeli wote.Je! Wei anahitaji bakuli ngapi ili aweze kuweka viboreshaji vyote vilivyobaki?",5
"Carlos huweka mlozi kwenye bakuli na meza.Kila bakuli linaweza kushikilia mlozi 24 wakati kila meza inaweza kushikilia mara tatu hiyo.Carlos ina mlozi 720, bakuli 7 na meza 3.Kwa bahati mbaya, meza 2 huvunja.Carlos kisha anakula moja ya tano ya mlozi wote.Je! Carlos anahitaji bakuli ngapi zaidi ili aweze kuweka mlozi wote uliobaki?",14
"Arash huweka viboreshaji kwenye meza na sahani.Kila meza inaweza kushikilia viboreshaji 25 wakati kila sahani inaweza kushikilia mara sita.Arash ina viboreshaji 600, meza 11 na sahani 3.Kwa bahati mbaya, sahani 2 huvunja.Arash kisha anakula moja ya nne ya watapeli wote.Je! Arash anahitaji meza ngapi ili aweze kuweka viboreshaji vyote vilivyobaki?",1
"Thiago huweka kuki kwenye bakuli na meza.Kila bakuli linaweza kushikilia kuki 20 wakati kila meza inaweza kushikilia mara mbili hiyo.Thiago ina kuki 600, bakuli 17 na meza 5.Kwa bahati mbaya, meza 2 huvunja.Thiago basi hula moja ya tano ya kuki zote.Je! Thiago inahitaji bakuli ngapi ili aweze kuweka kuki zote zilizobaki?",1
"Yuki huweka mizeituni kwenye sahani na bakuli.Kila sahani inaweza kushikilia mizeituni 24 wakati kila bakuli inaweza kushikilia mara mbili hiyo.Yuki ina mizeituni 720, sahani 11 na bakuli 3.Kwa bahati mbaya, bakuli 2 zinavunja.Yuki kisha anakula theluthi mbili ya mizeituni yote.Je! Yuki anahitaji sahani ngapi ili aweze kuweka mizeituni yote iliyobaki?",5
"Faisal hutazama TV baada ya kumaliza kazi yake ya nyumbani kila usiku.Siku ya Jumatano na Alhamisi, alitazama vipindi vya masaa 4 vya onyesho lake anapenda kila usiku.Siku ya Ijumaa, aliangalia vipindi vichache vya onyesho la dakika 30.Siku ya Jumamosi, alimaliza kazi ya nyumbani mapema na kutazama kipindi cha masaa 5 na onyesho la dakika 15.Siku ya Jumapili, ilibidi achelewe, kwa hivyo akatazama vipindi vinne vya masaa 3.Siku ya Jumatatu, alitazama vipindi vitatu, kila dakika 45.Ikiwa aliangalia masaa 28 ya TV kwa yote, ni vipindi vingapi vya dakika 30 alitazama Ijumaa?",1
"Liam hutazama TV baada ya kumaliza kazi yake ya nyumbani kila usiku.Siku ya Jumamosi na Jumapili, aliangalia vipindi vya masaa 5 vya onyesho lake anapenda kila usiku.Siku ya Jumatatu, alitazama vipindi vichache vya onyesho la dakika 30.Siku ya Jumanne, alimaliza kazi ya nyumbani mapema na kutazama kipindi cha masaa 4 na onyesho la dakika 60.Siku ya Jumatano, alilazimika kukaa marehemu, kwa hivyo akatazama vipindi vitatu vya masaa 3.Siku ya Alhamisi, alitazama vipindi vitano, kila dakika 30.Ikiwa aliangalia masaa 28 ya TV kwa yote, ni vipindi vingapi vya dakika 30 alitazama Jumatatu?",3
"Thiago hutazama TV baada ya kumaliza kazi yake ya nyumbani kila usiku.Siku ya Jumanne na Jumatano, alitazama vipindi vya masaa 5 vya onyesho lake anapenda kila usiku.Siku ya Alhamisi, alitazama vipindi vichache vya onyesho la dakika 30.Siku ya Ijumaa, alimaliza kazi ya nyumbani mapema na kutazama kipindi cha masaa 5 na onyesho la dakika 30.Siku ya Jumamosi, alipaswa kukaa marehemu, kwa hivyo akatazama vipindi vitatu vya masaa 4.Siku ya Jumapili, alitazama vipindi viwili, kila dakika 15.Ikiwa aliangalia masaa 31 ya TV kwa yote, ni vipindi vingapi vya dakika 30 alitazama Alhamisi?",6
"Arash hutazama TV baada ya kumaliza kazi yake ya nyumbani kila usiku.Siku ya Jumapili na Jumatatu, alitazama vipindi vya masaa 4 vya onyesho lake anapenda kila usiku.Siku ya Jumanne, alitazama vipindi vichache vya onyesho la dakika 45.Siku ya Jumatano, alimaliza kazi ya nyumbani mapema na kutazama kipindi cha masaa 2 na onyesho la dakika 15.Siku ya Alhamisi, alipaswa kukaa marehemu, kwa hivyo aliangalia vipindi vitano vya masaa 2.Siku ya Ijumaa, aliangalia vipindi vinne, kila dakika 30.Ikiwa aliangalia masaa 26 ya TV kwa yote, ni vipindi vingapi vya dakika 45 alitazama Jumanne?",5
"Leon hutazama TV baada ya kumaliza kazi yake ya nyumbani kila usiku.Siku ya Jumapili na Jumatatu, alitazama vipindi vya masaa 4 vya onyesho lake anapenda kila usiku.Siku ya Jumanne, alitazama vipindi vichache vya onyesho la dakika 30.Siku ya Jumatano, alimaliza kazi ya nyumbani mapema na kutazama kipindi cha masaa 2 na onyesho la dakika 60.Siku ya Alhamisi, alipaswa kukaa marehemu, kwa hivyo akatazama vipindi vitatu vya masaa 3.Siku ya Ijumaa, alitazama vipindi vitatu, kila dakika 30.Ikiwa aliangalia masaa 24 ya TV kwa yote, ni vipindi vingapi vya dakika 30 alitazama Jumanne?",5
"Bodhi hutazama TV baada ya kumaliza kazi yake ya nyumbani kila usiku.Siku ya Jumatano na Alhamisi, alitazama vipindi vya masaa 3 vya onyesho lake anapenda kila usiku.Siku ya Ijumaa, alitazama vipindi vichache vya onyesho la dakika 60.Siku ya Jumamosi, alimaliza kazi ya nyumbani mapema na kutazama kipindi cha masaa 5 na onyesho la dakika 60.Siku ya Jumapili, ilibidi achelewe, kwa hivyo akatazama vipindi vinne vya masaa 4.Siku ya Jumatatu, alitazama vipindi vinne, kila dakika 30.Ikiwa aliangalia masaa 31 ya TV kwa yote, ni vipindi vingapi vya dakika 60 alitazama Ijumaa?",1
"James hutazama TV baada ya kumaliza kazi yake ya nyumbani kila usiku.Siku ya Jumanne na Jumatano, aliangalia vipindi vya masaa 4 vya onyesho lake anapenda kila usiku.Siku ya Alhamisi, alitazama vipindi vichache vya onyesho la dakika 15.Siku ya Ijumaa, alimaliza kazi ya nyumbani mapema na kutazama kipindi cha masaa 4 na onyesho la dakika 15.Siku ya Jumamosi, alipaswa kukaa marehemu, kwa hivyo akatazama vipindi vinne vya masaa 4.Siku ya Jumapili, alitazama vipindi vitatu, kila dakika 45.Ikiwa aliangalia masaa 31 ya TV kwa yote, ni vipindi vingapi vya dakika 15 alitazama Alhamisi?",2
"Alejandro hutazama TV baada ya kumaliza kazi yake ya nyumbani kila usiku.Siku ya Jumatatu na Jumanne, alitazama vipindi vya masaa 4 vya onyesho lake anapenda kila usiku.Siku ya Jumatano, alitazama vipindi vichache vya onyesho la dakika 45.Siku ya Alhamisi, alimaliza kazi ya nyumbani mapema na kutazama kipindi cha masaa 4 na onyesho la dakika 15.Siku ya Ijumaa, ilibidi abaki marehemu, kwa hivyo akatazama vipindi vinne vya masaa 3.Siku ya Jumamosi, alitazama vipindi vitatu, kila dakika 45.Ikiwa aliangalia masaa 31 ya TV kwa yote, ni vipindi vingapi vya dakika 45 alitazama Jumatano?",6
"Mateo hutazama TV baada ya kumaliza kazi yake ya nyumbani kila usiku.Siku ya Jumapili na Jumatatu, alitazama vipindi vya masaa 3 vya onyesho lake anapenda kila usiku.Siku ya Jumanne, alitazama vipindi vichache vya onyesho la dakika 60.Siku ya Jumatano, alimaliza kazi ya nyumbani mapema na kutazama kipindi cha masaa 5 na onyesho la dakika 30.Siku ya Alhamisi, alipaswa kukaa marehemu, kwa hivyo akatazama vipindi viwili vya masaa 5.Siku ya Ijumaa, aliangalia vipindi viwili, kila dakika 15.Ikiwa aliangalia masaa 29 ya TV kwa yote, ni vipindi vingapi vya dakika 60 alitazama Jumanne?",7
"Qasim hutazama TV baada ya kumaliza kazi yake ya nyumbani kila usiku.Siku ya Jumatano na Alhamisi, alitazama vipindi vya masaa 3 vya onyesho lake anapenda kila usiku.Siku ya Ijumaa, alitazama vipindi vichache vya onyesho la dakika 60.Siku ya Jumamosi, alimaliza kazi ya nyumbani mapema na kutazama kipindi cha masaa 2 na onyesho la dakika 15.Siku ya Jumapili, ilibidi achelewe, kwa hivyo akatazama vipindi vinne vya masaa 3.Siku ya Jumatatu, alitazama vipindi vitatu, kila dakika 15.Ikiwa aliangalia masaa 28 ya TV kwa yote, ni vipindi vingapi vya dakika 60 alitazama Ijumaa?",7
"Ravi, Pavel kwa sasa ni miaka 22 tofauti katika umri.Ravi na Leilani kwa sasa ni miaka 10 tofauti.Ravi, ambaye ni mdogo kuliko Pavel lakini mzee kuliko Leilani, atakuwa 47 katika miaka 8.Je! Leilani ni mdogo zaidi ya umri wa wastani wa wote watatu?",14
"Chen, Theo kwa sasa ni miaka 10 tofauti katika umri.Chen na Tara kwa sasa ni miaka 7 tofauti.Chen, ambaye ni mdogo kuliko Theo lakini mzee kuliko Tara, atakuwa 60 katika miaka 7.Je! Tara ni mdogo zaidi ya umri wa wastani wa wote watatu?",8
"Benjamin, Luca kwa sasa ni miaka 29 tofauti katika umri.Benjamin na Sofia kwa sasa ni miaka 17 tofauti.Benjamin, ambaye ni mdogo kuliko Luca lakini mzee kuliko Sofia, atakuwa 27 katika miaka 4.Je! Sofia ni mdogo zaidi kuliko umri wa wastani wa wote watatu?",21
"Sakura, Arash kwa sasa ni miaka 29 tofauti katika umri.Sakura na Tara kwa sasa ni miaka 11 tofauti.Sakura, ambaye ni mdogo kuliko Arash lakini mzee kuliko Tara, atakuwa 66 katika miaka 5.Je! Tara ni mdogo zaidi ya umri wa wastani wa wote watatu?",17
"Luca, Liam kwa sasa ni miaka 19 tofauti katika umri.Luca na Pavel kwa sasa ni miaka 10 tofauti.Luca, ambaye ni mdogo kuliko Liam lakini mzee kuliko Pavel, atakuwa 59 katika miaka 6.Je! Pavel ni mdogo zaidi ya umri wa wastani wa wote watatu?",13
"Sophia, Ibrahim kwa sasa ni miaka 27 tofauti katika umri.Sophia na Theo kwa sasa ni miaka 15 tofauti.Sophia, ambaye ni mdogo kuliko Ibrahim lakini mzee kuliko Theo, atakuwa 35 katika miaka 10.Je! Theo ni mdogo zaidi kuliko umri wa wastani wa wote watatu?",19
"Olivia, Bodhi kwa sasa ni miaka 24 tofauti katika umri.Olivia na Keisha kwa sasa ni miaka 15 tofauti.Olivia, ambaye ni mdogo kuliko Bodhi lakini mzee kuliko Keisha, atakuwa 42 katika miaka 7.Je! Keisha ni mdogo zaidi ya umri wa wastani wa wote watatu?",18
"Diego, Oscar kwa sasa ni miaka 19 tofauti katika umri.Diego na Leon kwa sasa ni miaka 10 tofauti.Diego, ambaye ni mdogo kuliko Oscar lakini mzee kuliko Leon, atakuwa 36 katika miaka 9.Je! Leon ni mdogo zaidi kuliko umri wa wastani wa wote watatu?",13
"Esteban, Oliver kwa sasa ni miaka 16 tofauti katika umri.Esteban na Yuki kwa sasa ni miaka 13 tofauti.Esteban, ambaye ni mdogo kuliko Oliver lakini mzee kuliko Yuki, atakuwa 70 katika miaka 6.Je! Yuki ni mdogo zaidi ya umri wa wastani wa wote watatu?",14
"Yuki, Andre kwa sasa ni miaka 17 tofauti katika umri.Yuki na Diego kwa sasa ni miaka 8 tofauti.Yuki, ambaye ni mdogo kuliko Andre lakini mzee kuliko Diego, atakuwa 43 katika miaka 6.Je! Diego ni mdogo zaidi ya umri wa wastani wa wote watatu?",11
"Wei anauza mikate na mikate ya plum kwa fundraiser.Siku ya Jumatatu, aliuza sanduku 28 za Cupcake na sanduku 19 chache za Pie ya Plum, kuliko Jumanne.Siku ya Jumanne, aliuza masanduku 14 zaidi ya vikombe kuliko Jumatatu na sanduku 27 za Plum Pie.Siku ya Jumatano, aliuza kama vile alivyofanya katika siku mbili zilizopita pamoja.Ikiwa keki iligharimu $ 11 na mkate wa plum uligharimu $ 23, wastani wa kila siku wa Wei alikuwa?",1050
"Benjamin anauza mikate na mikate ya mananasi kwa mfadhili.Siku ya Jumatano, aliuza masanduku 27 ya keki na sanduku 18 chache za mkate wa mananasi, kuliko Alhamisi.Siku ya Alhamisi, aliuza masanduku 12 mengine ya vikombe kuliko Jumatano na sanduku 27 za mkate wa mananasi.Siku ya Ijumaa, aliuza kama vile alivyofanya katika siku mbili zilizopita pamoja.Ikiwa keki iligharimu ¥ 8 na mkate wa mananasi uligharimu ¥ 22, wastani wa wastani wa Benjamin alikuwa?",880
"Umar anauza muffins na mikate ya apricot kwa fundraiser.Siku ya Alhamisi, aliuza sanduku 28 za muffin na sanduku 13 chache za mkate wa apricot, kuliko Ijumaa.Siku ya Ijumaa, aliuza masanduku 13 zaidi ya muffins kuliko Alhamisi na masanduku 21 ya mkate wa apricot.Siku ya Jumamosi, aliuza kama vile alivyofanya katika siku mbili zilizopita pamoja.Ikiwa muffin iligharimu $ 11 na mkate wa apricot uligharimu $ 30, wastani wa wastani wa Umar alikuwa akipata nini?",1086
"Tariq inauza brownies na mikate ya apricot kwa fundraiser.Siku ya Alhamisi, aliuza sanduku 25 za brownie na sanduku 12 chache za mkate wa apricot, kuliko Ijumaa.Siku ya Ijumaa, aliuza masanduku 14 zaidi ya brownies kuliko Alhamisi na sanduku 24 za mkate wa apricot.Siku ya Jumamosi, aliuza kama vile alivyofanya katika siku mbili zilizopita pamoja.Ikiwa brownie gharama ₣ 9 na mkate wa mkate wa apricot ₣ 20, wastani wa Tariq alikuwa wastani wa kila siku?",864
"Ali anauza muffins na mikate ya machungwa kwa fundraiser.Siku ya Jumanne, aliuza sanduku 22 za muffin na masanduku 13 machache ya mkate wa machungwa, kuliko Jumatano.Siku ya Jumatano, aliuza masanduku 13 zaidi ya muffins kuliko Jumanne na sanduku 23 za Pie ya Orange.Siku ya Alhamisi, aliuza kama vile alivyofanya katika siku mbili zilizopita pamoja.Ikiwa muffin iligharimu € 9 na mkate wa machungwa uligharimu € 32, wastani wa wastani wa Ali ulikuwa nini?",1046
"Thiago inauza kuki na mikate ya apricot kwa fundraiser.Siku ya Jumanne, aliuza sanduku 26 za kuki na sanduku 19 chache za mkate wa apricot, kuliko Jumatano.Siku ya Jumatano, aliuza masanduku 14 zaidi ya kuki kuliko Jumanne na sanduku 24 za mkate wa apricot.Siku ya Alhamisi, aliuza kama vile alivyofanya katika siku mbili zilizopita pamoja.Ikiwa cookie iligharimu ₣ 11 na pai ya apricot gharama ₣ 24, wastani wa wastani wa kila siku wa Thiago?",948
"Carlos anauza mikate na mikate ya apricot kwa fundraiser.Siku ya Alhamisi, aliuza sanduku 24 za Cupcake na sanduku 19 chache za mkate wa apricot, kuliko Ijumaa.Siku ya Ijumaa, aliuza masanduku 12 zaidi ya vikombe kuliko Alhamisi na sanduku 29 za mkate wa apricot.Siku ya Jumamosi, aliuza kama vile alivyofanya katika siku mbili zilizopita pamoja.Ikiwa keki ya keki iligharimu ¥ 8 na mkate wa mkate wa apricot ¥ 21, wastani wa wastani wa Carlos?",866
"Viktor anauza kuki na mikate ya tikiti kwa fundraiser.Siku ya Jumanne, aliuza sanduku 22 za kuki na sanduku 14 chache za mkate wa tikiti, kuliko Jumatano.Siku ya Jumatano, aliuza masanduku 14 zaidi ya kuki kuliko Jumanne na sanduku 23 za mkate wa tikiti.Siku ya Alhamisi, aliuza kama vile alivyofanya katika siku mbili zilizopita pamoja.Ikiwa cookie iligharimu ₣ 10 na mkate wa tikiti wa tikiti ₣ 22, wastani wa wastani wa Viktor?",856
"Gabriel anauza muffins na mikate ya plum kwa fundraiser.Siku ya Jumapili, aliuza sanduku 28 za muffin na sanduku 11 chache za pie ya plum, kuliko Jumatatu.Siku ya Jumatatu, aliuza masanduku 14 zaidi ya muffins kuliko Jumapili na sanduku 22 za pie ya plum.Siku ya Jumanne, aliuza kama vile alivyofanya katika siku mbili zilizopita pamoja.Ikiwa muffin iligharimu $ 12 na mkate wa plum uligharimu $ 22, wastani wa wastani wa Gabriel?",1044
"Viktor inauza muffins na pies mananasi kwa fundraiser.Siku ya Jumapili, aliuza sanduku 24 za muffin na sanduku 15 chache za mkate wa mananasi, kuliko Jumatatu.Siku ya Jumatatu, aliuza masanduku 12 zaidi ya muffins kuliko Jumapili na sanduku 27 za mkate wa mananasi.Siku ya Jumanne, aliuza kama vile alivyofanya katika siku mbili zilizopita pamoja.Ikiwa muffin gharama ₺12 na mananasi ya mananasi gharama ₺23, wastani wa wastani wa Viktor?",1078
"Diego ana miaka 21.Katika miaka 5, binamu yake Priya atakuwa mzee mara 2 kama Diego ilivyo sasa.Ndugu ya Diego, Qasim, ni mdogo kwa miaka 9 kuliko Diego, na Dada wa Priya Mia ni mzee wa miaka 10 kuliko Qasim.Je! Itakuwa nini wastani wa wote wanne katika miaka 4?",27
"Oliver ana miaka 15.Katika miaka 8, binamu yake Olivia atakuwa na umri wa miaka 3 kama Oliver sasa.Ndugu ya Oliver, Gabriel, ni mdogo kwa miaka 11 kuliko Oliver, na dada wa Olivia Fatima ni mzee miaka 8 kuliko Gabriel.Je! Itakuwa nini wastani wa wote wanne kwa miaka 5?",22
"Kai ana miaka 22.Katika miaka 5, binamu yake Uma atakuwa mzee kama Kai sasa.Ndugu ya Kai, Jamal, ni mdogo wa miaka 6 kuliko Kai, na dada wa Uma Rania ni mzee miaka 11 kuliko Jamal.Je! Itakuwa nini wastani wa wote wanne katika miaka 4?",41
"Carlos ana umri wa miaka 14.Katika miaka 8, binamu yake Yara atakuwa na umri wa miaka 4 kama Carlos sasa.Ndugu ya Carlos, Jin, ni mdogo kwa miaka 11 kuliko Carlos, na Dada wa Yara Mia ni mzee wa miaka 8 kuliko Jin.Je! Itakuwa nini wastani wa wote wanne kwa miaka 6?",25
"Oscar ana miaka 15.Katika miaka 9, binamu yake Zahra atakuwa mzee mara 3 kama Oscar sasa.Ndugu ya Oscar, Oliver, ni mdogo kwa miaka 12 kuliko Oscar, na dada wa Zahra Emma ni mzee wa miaka 11 kuliko Oliver.Je! Itakuwa nini wastani wa wote wanne katika miaka 3?",20
"Theo ana miaka 20.Katika miaka 7, binamu yake Yara atakuwa na umri wa miaka 2 kama Theo sasa.Ndugu ya Theo, Oscar, ni mdogo wa miaka 7 kuliko Theo, na dada ya Yara Tara ni mzee miaka 9 kuliko Oscar.Je! Itakuwa nini wastani wa wote wanne kwa miaka 6?",28
"Oliver ana miaka 12.Katika miaka 9, binamu yake Ananya atakuwa na umri wa miaka 3 kama Oliver sasa.Ndugu ya Oliver, Kai, ni mdogo kwa miaka 9 kuliko Oliver, na dada wa Ananya Kimia ni mzee wa miaka 7 kuliko Kai.Je! Itakuwa nini wastani wa wote wanne katika miaka 4?",17
"Deshawn ana miaka 23.Katika miaka 8, binamu yake Ananya atakuwa mara 4 kama DeShawn sasa.Ndugu ya Deshawn, Diego, ni mdogo kwa miaka 9 kuliko Deshawn, na Ananya Dada Sophia ni mzee miaka 9 kuliko Diego.Je! Itakuwa nini wastani wa wote wanne kwa miaka 2?",38
"Bodhi ana miaka 21.Katika miaka 8, binamu yake Valentina atakuwa na umri wa miaka 3 kama Bodhi sasa.Ndugu ya Bodhi, Qasim, ni mdogo kwa miaka 9 kuliko Bodhi, na dada wa Valentina Beatriz ni mzee miaka 8 kuliko Qasim.Je! Itakuwa nini wastani wa wote wanne kwa miaka 2?",29
"Qasim ana miaka 15.Katika miaka 2, binamu yake Elena atakuwa na umri wa miaka 3 kama Qasim sasa.Ndugu ya Qasim, Liam, ni mdogo kwa miaka 9 kuliko Qasim, na Elena Dada Sophia ni mzee wa miaka 10 kuliko Liam.Je! Itakuwa nini wastani wa wote wanne kwa miaka 5?",25
"Wakati Sofia anamwangalia kaka yake, yeye hutoka kwa vitu vya kuchezea vya aina tofauti kwake.Mfuko wa vitalu vya ujenzi una vitalu 33 ndani yake.Bin ya wanyama walio na vitu vyenye wanyama 5 walio na vitu 5 ndani.Idadi ya takwimu za hatua kwenye pakiti ya takwimu ya hatua ni mara mbili idadi ya vitalu na wanyama walio na vitu vilivyojumuishwa.Sanduku la crayon lina rangi 12 tofauti za crayon, na kitabu cha stika kina kurasa 9, kila moja na stika 13.Mnara wa pete za kufunga una pete 28 zenye rangi nyingi juu yake.Hivi karibuni Sofia alinunua bomba la mipira ya bouncy, na kuleta idadi yake ya vitu kwa kaka yake hadi 320. Je! Ni mipira mingapi ya bouncy ilikuja kwenye bomba?",49
"Wakati Nadia anamwangalia binamu yake, yeye hutoka vitu vya kuchezea kwake.Mfuko wa vitalu vya ujenzi una vitalu 36 ndani yake.Bin ya wanyama walio na vitu vyenye wanyama 8 walio na vitu 8 ndani.Idadi ya takwimu za hatua kwenye pakiti ya takwimu ya hatua ni mara mbili idadi ya vitalu na wanyama walio na vitu vilivyojumuishwa.Sanduku la Crayon lina rangi 12 tofauti za crayon, na kitabu cha stika kina kurasa 9, kila moja na stika 12.Mnara wa pete za kufunga una pete 30 zenye rangi nyingi juu yake.Hivi karibuni Nadia alinunua bomba la mipira ya bouncy, na kuleta idadi yake ya vitu kwa binamu yake hadi 330. Je! Ni mipira mingapi ya bouncy ilikuja kwenye bomba?",48
"Nia anapomwangalia binamu yake, yeye hutoka vitu vya kuchezea kwake.Mfuko wa vitalu vya ujenzi una vitalu 36 ndani yake.Bin ya wanyama walio na vitu vyenye wanyama 8 walio na vitu 8 ndani.Idadi ya takwimu za hatua kwenye pakiti ya takwimu ya hatua ni mara mbili idadi ya vitalu na wanyama walio na vitu vilivyojumuishwa.Sanduku la crayon lina rangi 12 tofauti za crayon, na kitabu cha stika kina kurasa 9, kila moja na stika 11.Mnara wa pete za kufunga una pete 26 zenye rangi nyingi juu yake.Hivi karibuni Nia alinunua bomba la mipira ya bouncy, na kuleta idadi yake ya vitu kwa binamu yake hadi 310. Je! Ni mipira ngapi ya bouncy ilikuja kwenye bomba?",41
"Wakati Kayla anamwangalia kaka yake, anamtoa vitu vya kuchezea.Mfuko wa vitalu vya ujenzi una vitalu 32 ndani yake.Bin ya wanyama walio na vitu vyenye wanyama 5 walio na vitu 5 ndani.Idadi ya takwimu za hatua kwenye pakiti ya takwimu ya hatua ni mara mbili idadi ya vitalu na wanyama walio na vitu vilivyojumuishwa.Sanduku la Crayon lina rangi 12 tofauti za crayon, na kitabu cha stika kina kurasa 6, kila moja na stika 11.Mnara wa pete za kuweka alama una pete 32 zenye rangi nyingi juu yake.Hivi karibuni Kayla alinunua bomba la mipira ya bouncy, na kuleta idadi yake ya vitu kwa kaka yake hadi 270. Je! Ni mipira mingapi ya bouncy ilikuja kwenye bomba?",49
"Wakati Xena anamwangalia binamu yake, yeye hutoka vitu vya kuchezea kwake.Mfuko wa vitalu vya ujenzi una vitalu 33 ndani yake.Bin ya wanyama walio na vitu vyenye wanyama 8 walio na vitu 8 ndani.Idadi ya takwimu za hatua kwenye pakiti ya takwimu ya hatua ni mara mbili idadi ya vitalu na wanyama walio na vitu vilivyojumuishwa.Sanduku la Crayon lina rangi 12 tofauti za crayon, na kitabu cha stika kina kurasa 7, kila moja na stika 12.Mnara wa pete za kufunga una pete 26 zenye rangi nyingi juu yake.Hivi karibuni Xena alinunua bomba la mipira ya bouncy, na kuleta idadi yake ya vitu kwa binamu yake hadi 300. Je! Ni mipira ngapi ya bouncy ilikuja kwenye bomba?",55
"Wakati Mia anamwangalia kaka yake, yeye hutoka kwa vitu vya kuchezea mbali mbali kwake.Mfuko wa vitalu vya ujenzi una vizuizi 42 ndani yake.Bin ya wanyama walio na vitu vyenye wanyama 5 walio na vitu 5 ndani.Idadi ya takwimu za hatua kwenye pakiti ya takwimu ya hatua ni mara mbili idadi ya vitalu na wanyama walio na vitu vilivyojumuishwa.Sanduku la crayon lina rangi 12 tofauti za crayon, na kitabu cha stika kina kurasa 6, kila moja na stika 9.Mnara wa pete za kuweka alama una pete 34 zenye rangi nyingi juu yake.Hivi karibuni Mia alinunua bomba la mipira ya bouncy, na kuleta idadi yake ya vitu kwa kaka yake hadi 290. Je! Ni mipira mingapi ya bouncy ilikuja kwenye bomba?",49
"Wakati Chen anamwangalia mpwa wake, yeye hutoka kwa vitu vya kuchezea mbali mbali kwake.Mfuko wa vitalu vya ujenzi una vitalu 32 ndani yake.Bin ya wanyama walio na vitu vyenye wanyama 6 walio na vitu 6 ndani.Idadi ya takwimu za hatua kwenye pakiti ya takwimu ya hatua ni mara mbili idadi ya vitalu na wanyama walio na vitu vilivyojumuishwa.Sanduku la Crayon lina rangi 12 tofauti za crayon, na kitabu cha stika kina kurasa 8, kila moja na stika 13.Mnara wa pete za kufunga una pete 28 zenye rangi nyingi juu yake.Chen hivi karibuni alinunua bomba la mipira ya bouncy, na kuleta idadi yake ya vitu kwa mpwa wake hadi 300. Je! Ni mipira ngapi ya bouncy ilikuja kwenye bomba?",42
"Wakati Haruka anamwangalia kaka yake, anamtoa vitu vya kuchezea.Mfuko wa vitalu vya ujenzi una vitalu 34 ndani yake.Bin ya wanyama walio na vitu vyenye wanyama 8 walio na vitu 8 ndani.Idadi ya takwimu za hatua kwenye pakiti ya takwimu ya hatua ni mara mbili idadi ya vitalu na wanyama walio na vitu vilivyojumuishwa.Sanduku la Crayon lina rangi 12 tofauti za crayon, na kitabu cha stika kina kurasa 9, kila moja na stika 9.Mnara wa pete za kufunga una pete 26 zenye rangi nyingi juu yake.Hivi karibuni Haruka alinunua bomba la mipira ya bouncy, na kuleta idadi yake ya vitu kwa kaka yake hadi 300. Je! Ni mipira mingapi ya bouncy ilikuja kwenye bomba?",55
"Wakati Yara anamwangalia mpwa wake, yeye hutoka kwa vitu vya kuchezea vya aina tofauti kwake.Mfuko wa vitalu vya ujenzi una vitalu 35 ndani yake.Bin ya wanyama walio na vitu vyenye wanyama 9 waliomo ndani.Idadi ya takwimu za hatua kwenye pakiti ya takwimu ya hatua ni mara mbili idadi ya vitalu na wanyama walio na vitu vilivyojumuishwa.Sanduku la Crayon lina rangi 12 tofauti za crayon, na kitabu cha stika kina kurasa 7, kila moja na stika 13.Mnara wa pete za kuweka alama una pete 31 zenye rangi nyingi juu yake.Hivi karibuni Yara alinunua bomba la mipira ya bouncy, na kuleta idadi yake ya vitu kwa mpwa wake hadi 340. Je! Ni mipira ngapi ya bouncy ilikuja kwenye bomba?",74
"Wakati Tara anamwangalia mpwa wake, yeye hutoka kwa vitu vya kuchezea mbali mbali kwake.Mfuko wa vitalu vya ujenzi una vitalu 38 ndani yake.Bin ya wanyama walio na vitu vyenye wanyama 5 walio na vitu 5 ndani.Idadi ya takwimu za hatua kwenye pakiti ya takwimu ya hatua ni mara mbili idadi ya vitalu na wanyama walio na vitu vilivyojumuishwa.Sanduku la Crayon lina rangi 12 tofauti za crayon, na kitabu cha stika kina kurasa 7, kila moja na stika 11.Mnara wa pete za kufunga una pete 30 zenye rangi nyingi juu yake.Hivi karibuni Tara alinunua bomba la mipira ya bouncy, na kuleta idadi yake ya vitu kwa mpwa wake hadi 290. Je! Ni mipira mingapi ya bouncy ilikuja kwenye bomba?",42
"Mjomba hula pizzas 16 kwa siku, mwenzi wake anakula pizzas 16 kwa siku, na mjukuu wao hula nusu moja ya idadi ya pamoja ya pizzas wanazokula kwa siku.Baada ya mwezi mmoja, familia huamua kwenda kwenye lishe katika mwezi wa pili, kupunguza matumizi yao ya chakula na 25% kwa nusu ya kwanza ya mwezi, na kisha kwa 50% ya ziada kwa nusu ya pili.Je! Familia hii inakula pizzas ngapi katika miezi miwili?",2250
"Mjomba anakula hamburger 24 kwa siku, mwenzi wake anakula hamburger 24 kwa siku, na mjukuu wao hula nusu moja ya idadi ya hamburger wanayokula kwa siku.Baada ya mwezi mmoja, familia huamua kwenda kwenye lishe katika mwezi wa pili, kupunguza matumizi yao ya chakula na 75% kwa nusu ya kwanza ya mwezi, na kisha kwa 50% ya ziada kwa nusu ya pili.Je! Familia hii inakula hamburger ngapi katika miezi miwili?",2565
"Baba anakula burritos 5 kwa siku, mkewe anakula burritos 25 kwa siku, na binti yao anakula theluthi moja ya idadi ya pamoja ya burritos wanayokula kwa siku.Baada ya mwezi mmoja, familia huamua kwenda kwenye lishe katika mwezi wa pili, kupunguza matumizi yao ya chakula na 60% kwa nusu ya kwanza ya mwezi, na kisha kwa 50% ya ziada kwa nusu ya pili.Je! Familia hii inakula burritos ngapi katika miezi miwili?",1560
"Babu hula safu 10 za Sushi kwa siku, mwenzi wake anakula safu 15 za Sushi kwa siku, na mtoto wao anakula theluthi nne ya idadi ya pamoja ya safu za sushi wanazokula kwa siku.Baada ya mwezi mmoja, familia huamua kwenda kwenye lishe katika mwezi wa pili, kupunguza matumizi yao ya chakula na 20% kwa nusu ya kwanza ya mwezi, na kisha kwa 25% ya ziada kwa nusu ya pili.Je! Familia hii inakula kwa muda gani katika miezi miwili?",2295
"Baba anakula pizzas 20 kwa siku, mkewe anakula pizzas 5 kwa siku, na binti yao anakula moja ya tano ya idadi ya pamoja ya pizzas wanakula kwa siku.Baada ya mwezi mmoja, familia huamua kwenda kwenye lishe katika mwezi wa pili, kupunguza matumizi yao ya chakula kwa 20% kwa nusu ya kwanza ya mwezi, na kisha kwa asilimia 75 ya ziada kwa nusu ya pili.Je! Familia hii inakula pizzas ngapi katika miezi miwili?",1350
"Baba anakula hamburger 25 kwa siku, mkewe anakula hamburger 20 kwa siku, na binti yao anakula theluthi mbili ya idadi ya pamoja ya hamburger wanayokula kwa siku.Baada ya mwezi mmoja, familia huamua kwenda kwenye lishe katika mwezi wa pili, kupunguza matumizi yao ya chakula na 20% kwa nusu ya kwanza ya mwezi, na kisha kwa 25% ya ziada kwa nusu ya pili.Je! Familia hii inakula hamburger ngapi katika miezi miwili?",3825
"Mjomba anakula rolls 20 za sushi kwa siku, mwenzi wake anakula safu 10 za sushi kwa siku, na mjukuu wao anakula theluthi mbili ya idadi ya pamoja ya safu za sushi wanazokula kwa siku.Baada ya mwezi mmoja, familia huamua kwenda kwenye lishe katika mwezi wa pili, kupunguza matumizi yao ya chakula na 60% kwa nusu ya kwanza ya mwezi, na kisha kwa 75% ya ziada kwa nusu ya pili.Je! Familia hii inakula kwa muda gani katika miezi miwili?",1500
"Mjomba anakula burritos 10 kwa siku, mwenzi wake anakula burritos 20 kwa siku, na mjukuu wao anakula theluthi tatu ya idadi ya pamoja ya burritos wanayokula kwa siku.Baada ya mwezi mmoja, familia huamua kwenda kwenye lishe katika mwezi wa pili, kupunguza matumizi yao ya chakula kwa 20% kwa nusu ya kwanza ya mwezi, na kisha kwa asilimia 75 ya ziada kwa nusu ya pili.Je! Familia hii inakula burritos ngapi katika miezi miwili?",2025
"Babu hula hamburger 20 kwa siku, mwenzi wake anakula hamburger 20 kwa siku, na mtoto wao anakula theluthi tatu ya idadi ya pamoja ya hamburger wanayokula kwa siku.Baada ya mwezi mmoja, familia huamua kwenda kwenye lishe katika mwezi wa pili, kupunguza matumizi yao ya chakula na 25% kwa nusu ya kwanza ya mwezi, na kisha kwa kuongeza 20% kwa nusu ya pili.Je! Familia hii inakula hamburger ngapi katika miezi miwili?",3015
"Babu hula tacos 10 kwa siku, mwenzi wake anakula tacos 20 kwa siku, na mtoto wao anakula nusu moja ya idadi ya pamoja ya tacos wanayokula kwa siku.Baada ya mwezi mmoja, familia huamua kwenda kwenye lishe katika mwezi wa pili, kupunguza matumizi yao ya chakula na 60% kwa nusu ya kwanza ya mwezi, na kisha kwa 50% ya ziada kwa nusu ya pili.Je! Familia hii inakula tacos ngapi katika miezi miwili?",1755
"Kimia ana kitanda cha maua ambacho kina urefu wa futi 126.Kimia anataka kujaza kitanda chake cha maua na mimea.Maua ya Kimia hukua 7feet kwa hivyo anahitaji kuacha miguu 14 kati ya kila mmea (pamoja na upana wa mimea).Kimia tayari anamiliki maua 6.Kila mmea wa maua hugharimu ₣ 4 kwenye duka.Walakini, ikiwa atanunua mimea zaidi ya 2, atapokea punguzo ₣ 5 kwenye ununuzi wote.Je! Kimia atatumia pesa ngapi dukani kujaza kitanda chake cha maua?",7
"Gabrielle ana kitanda cha maua ambacho kina urefu wa mita 150.Gabrielle anataka kujaza kitanda chake cha maua na mimea.Maua ya Gabrielle hukua 3meters kwa upana kwa hivyo anahitaji kuacha mita 15 kati ya kila mmea (pamoja na upana wa mimea).Gabrielle tayari anamiliki maua 7.Kila mmea wa maua hugharimu $ 3 dukani.Walakini, ikiwa atanunua mimea zaidi ya 2, atapokea punguzo la $ 8 kwenye ununuzi wote.Je! Gabrielle atatumia pesa ngapi dukani kujaza kitanda chake cha maua?",1
"Mei ana kitanda cha maua ambacho kina urefu wa mita 120.Mei anataka kujaza kitanda chake cha maua na mimea.Maua ya Mei hukua 4meters kwa hivyo anahitaji kuacha mita 12 kati ya kila mmea (pamoja na upana wa mimea).Mei tayari anamiliki maua 6.Kila mmea wa maua hugharimu $ 5 dukani.Walakini, ikiwa atanunua mimea zaidi ya 2, atapokea punguzo la $ 5 kwenye ununuzi wote.Je! Mei atatumia pesa ngapi dukani kujaza kitanda chake cha maua?",15
"Haruka ana kitanda cha maua ambacho kina urefu wa mita 117.Haruka anataka kujaza kitanda chake cha maua na mimea.Maua ya Haruka hukua 3meters kwa upana kwa hivyo anahitaji kuacha mita 13 kati ya kila mmea (pamoja na upana wa mimea).Haruka tayari anamiliki maua 6.Kila mmea wa maua hugharimu € 8 dukani.Walakini, ikiwa atanunua mimea zaidi ya 2, atapokea punguzo la € 9 kwenye ununuzi mzima.Je! Haruka atatumia pesa ngapi dukani kujaza kitanda chake cha maua?",15
"Valentina ana kitanda cha maua ambacho kina urefu wa futi 144.Valentina anataka kujaza kitanda chake cha maua na mimea.Maua ya Valentina hukua 7feet kwa hivyo anahitaji kuacha miguu 18 kati ya kila mmea (pamoja na upana wa mimea).Valentina tayari anamiliki maua 5.Kila mmea wa maua hugharimu $ 5 dukani.Walakini, ikiwa atanunua mimea zaidi ya 2, atapokea punguzo la $ 8 kwenye ununuzi wote.Je! Valentina atatumia pesa ngapi dukani kujaza kitanda chake cha maua?",7
"Zahra ina kitanda cha maua ambacho kina urefu wa futi 144.Zahra anataka kujaza kitanda chake cha maua na mimea.Maua ya Zahra hukua 4feet kwa hivyo anahitaji kuacha miguu 12 kati ya kila mmea (pamoja na upana wa mimea).Zahra tayari anamiliki maua 5.Kila mmea wa maua hugharimu ₣ 13 dukani.Walakini, ikiwa atanunua mimea zaidi ya 2, atapokea punguzo ₣ 5 kwenye ununuzi wote.Zahra atatumia pesa ngapi dukani kujaza kitanda chake cha maua?",86
"Isabella ana kitanda cha maua ambacho kina urefu wa mita 143.Isabella anataka kujaza kitanda chake cha maua na mimea.Maua ya Isabella hukua 2meters kwa hivyo anahitaji kuacha mita 13 kati ya kila mmea (pamoja na upana wa mimea).Isabella tayari anamiliki maua 5.Kila mmea wa maua hugharimu ₣ 10 kwenye duka.Walakini, ikiwa atanunua mimea zaidi ya 2, atapokea punguzo ₣ 7 kwenye ununuzi wote.Isabella atatumia pesa ngapi dukani kujaza kitanda chake cha maua?",53
"Daphne ana kitanda cha maua ambacho kina urefu wa mita 144.Daphne anataka kujaza kitanda chake cha maua na mimea.Maua ya Daphne hukua 2meters kwa hivyo anahitaji kuacha mita 12 kati ya kila mmea (pamoja na upana wa mimea).Daphne tayari anamiliki maua 7.Kila mmea wa maua hugharimu ¥ 3 kwenye duka.Walakini, ikiwa atanunua mimea zaidi ya 2, atapokea punguzo la ¥ 9 kwenye ununuzi mzima.Je! Daphne atatumia pesa ngapi dukani kujaza kitanda chake cha maua?",6
"Sakura ina kitanda cha maua ambacho kina urefu wa mita 120.Sakura anataka kujaza kitanda chake cha maua na mimea.Maua ya Sakura hukua 7meters kwa hivyo anahitaji kuacha mita 12 kati ya kila mmea (pamoja na upana wa mimea).Sakura tayari anamiliki maua 7.Kila mmea wa maua hugharimu ₺9 kwenye duka.Walakini, ikiwa atanunua mimea zaidi ya 2, atapokea punguzo la ₺6 kwenye ununuzi mzima.Je! Sakura atatumia pesa ngapi dukani kujaza kitanda chake cha maua?",21
"Mia ana kitanda cha maua ambacho kina urefu wa futi 128.Mia anataka kujaza kitanda chake cha maua na mimea.Maua ya Mia hukua 2feet kwa hivyo anahitaji kuacha miguu 16 kati ya kila mmea (pamoja na upana wa mimea).Mia tayari anamiliki maua 5.Kila mmea wa maua hugharimu ¥ 3 kwenye duka.Walakini, ikiwa atanunua mimea zaidi ya 2, atapokea punguzo la ¥ 8 kwenye ununuzi mzima.Je! Mia atatumia pesa ngapi dukani kujaza kitanda chake cha maua?",1
"Andre anatoka popcorn kwa vitafunio.Wakati sufuria ya kernels inapoongezeka, kernels zinaanza kuteleza haraka.80 pop katika sekunde 10 za kwanza za kupikia, kisha mara 4 kiasi hicho katika sekunde 10 zijazo.Kernels huongezeka hadi mara 6 kiwango cha kwanza cha popping katika sekunde 10 zijazo.Katika sekunde 10 za mwisho, popping hupungua hadi nusu ya kiwango kama sekunde 10 zilizopita.Baada ya Andre kuchukua sufuria kwenye moto, robo ya idadi ya kernels ambazo zilitoka katika sekunde 10 za mwisho za kupikia pia zinatoka kutoka kwa joto la mabaki.Andre anatoa 1/10 ya popcorn iliyotengenezwa kwa kaka yake Jin.Je! Andre anakula zaidi ya kaka yake?",944
"Benjamin anaingia popcorn kwa vitafunio.Wakati sufuria ya kernels inapoongezeka, kernels zinaanza kuteleza haraka.80 pop katika sekunde 26 za kwanza za kupikia, kisha mara 2 kiasi hicho katika sekunde 26 zijazo.Kernels huongezeka hadi mara 3 kiwango cha kwanza cha popping katika sekunde 26 zijazo.Katika sekunde 26 za mwisho, popping hupungua hadi nusu ya kiwango kama sekunde 26 zilizopita.Baada ya Benjamin kuondoa sufuria kwenye joto, robo ya idadi ya kernels ambazo zilitoka katika sekunde 26 za mwisho za kupikia pia zinatoka kwenye joto la mabaki.Benjamin anatoa 1/7 ya popcorn iliyotengenezwa kwa kaka yake Yusuf.Je! Benjamin anapaswa kula vipande ngapi zaidi ya kaka yake?",450
"Oliver anaingia popcorn kwa vitafunio.Wakati skillet ya kernels inapoongezeka, kernels zinaanza kuteleza haraka.60 pop katika sekunde 22 za kwanza za kupikia, kisha mara 3 kiasi hicho katika sekunde 22 zijazo.Kernels huongezeka hadi mara 4 kiwango cha kwanza cha popping katika sekunde 22 zijazo.Katika sekunde 22 za mwisho, popping hupungua hadi nusu ya kiwango kama sekunde 22 zilizopita.Baada ya Oliver kuchukua skillet kwenye joto, robo ya idadi ya kernels ambazo zilitoka katika sekunde 22 za mwisho za kupikia pia zinatoka kutoka kwa joto la mabaki.Oliver hutoa moja ya kumi ya popcorn iliyotengenezwa kwa kaka yake Thiago.Je! Oliver anapaswa kula zaidi ya kaka yake?",504
"Thiago inajitokeza popcorn kwa vitafunio.Wakati skillet ya kernels inapoongezeka, kernels zinaanza kuteleza haraka.40 pop katika sekunde 26 za kwanza za kupikia, kisha mara 3 kiasi hicho katika sekunde 26 zijazo.Kernels huongezeka hadi mara 4 kiwango cha kwanza cha popping katika sekunde 26 zijazo.Katika sekunde 26 za mwisho, popping hupungua hadi nusu ya kiwango kama sekunde 26 zilizopita.Baada ya Thiago kuchukua skillet kwenye joto, robo ya idadi ya kernels ambazo zilitoka katika sekunde 26 za mwisho za kupikia pia zinatoka kutoka kwa joto la mabaki.Thiago anatoa 1/10 ya popcorn iliyotengenezwa kwa kaka yake Sanjay.Je! Thiago inalazimika kula kuliko kaka yake?",336
"Sanjay anaingia popcorn kwa vitafunio.Wakati sufuria ya kernels inapoongezeka, kernels zinaanza kuteleza haraka.80 pop katika sekunde 26 za kwanza za kupikia, kisha mara 4 kiasi hicho katika sekunde 26 zijazo.Kernels huongezeka hadi mara 6 kiwango cha kwanza cha popping katika sekunde 26 zijazo.Katika sekunde 26 za mwisho, popping hupungua hadi nusu ya kiwango kama sekunde 26 zilizopita.Baada ya Sanjay kuchukua sufuria kwenye joto, robo ya idadi ya kernels ambazo zilitoka katika sekunde 26 za mwisho za kupikia pia zinatoka kutoka kwa joto la mabaki.Sanjay anatoa 1/5 ya popcorn iliyotengenezwa kwa kaka yake Noa.Je! Sanjay anapaswa kula vipande ngapi vya popcorn kuliko kaka yake?",708
"Oscar anajitokeza popcorn kwa vitafunio.Wakati sufuria ya kernels inapoongezeka, kernels zinaanza kuteleza haraka.80 pop katika sekunde 16 za kwanza za kupikia, kisha mara 3 kiasi hicho katika sekunde 16 zijazo.Kernels huongezeka hadi mara 5 kiwango cha kwanza cha popping katika sekunde 16 zijazo.Katika sekunde 16 za mwisho, popping hupungua hadi nusu ya kiwango kama sekunde 16 zilizopita.Baada ya Oscar kuchukua sufuria kwenye joto, robo ya idadi ya kernels ambazo zilitoka katika sekunde 16 za mwisho za kupikia pia zinatoka kutoka kwa joto la mabaki.Oscar anatoa theluthi mbili ya popcorn iliyotengenezwa kwa kaka yake Benjamin.Je! Oscar anapaswa kula zaidi ya kaka yake?",194
"Pavel inajitokeza popcorn kwa vitafunio.Wakati sufuria ya kernels inapoongezeka, kernels zinaanza kuteleza haraka.80 pop katika sekunde 12 za kwanza za kupikia, kisha mara 2 kiasi hicho katika sekunde 12 zijazo.Kernels huongezeka hadi mara 6 kiwango cha kwanza cha popping katika sekunde 12 zijazo.Katika sekunde 12 za mwisho, popping hupungua hadi nusu ya kiwango kama sekunde 12 zilizopita.Baada ya Pavel kuondoa sufuria kwenye moto, robo ya idadi ya kernels ambazo zilitoka katika sekunde 12 za mwisho za kupikia pia zinatoka kutoka kwa joto la mabaki.Pavel inatoa moja ya sita ya popcorn iliyotengenezwa kwa kaka yake Luca.Je! Pavel inalazimika kula kuliko kaka yake?",680
"Leon anajitokeza popcorn kwa vitafunio.Wakati sufuria ya kernels inapoongezeka, kernels zinaanza kuteleza haraka.40 pop katika sekunde 26 za kwanza za kupikia, kisha mara 4 kiasi hicho katika sekunde 26 zijazo.Kernels huongezeka hadi mara 5 kiwango cha kwanza cha popping katika sekunde 26 zijazo.Katika sekunde 26 za mwisho, popping hupungua hadi nusu ya kiwango kama sekunde 26 zilizopita.Baada ya Leon kuchukua sufuria kwenye moto, robo ya idadi ya kernels ambazo zilitoka katika sekunde 26 za mwisho za kupikia pia zinatoka kutoka kwa joto la mabaki.Leon anatoa theluthi mbili ya popcorn iliyotengenezwa kwa kaka yake Noa.Je! Leon analazimika kula kuliko kaka yake zaidi?",105
"Deshawn ni popping popcorn kwa vitafunio.Wakati sufuria ya kernels inapoongezeka, kernels zinaanza kuteleza haraka.100 pop katika sekunde 30 za kwanza za kupikia, kisha mara 2 kiasi hicho katika sekunde 30 zijazo.Kernels huongezeka hadi mara 4 kiwango cha kwanza cha popping katika sekunde 30 zijazo.Katika sekunde 30 za mwisho, popping hupungua hadi nusu ya kiwango kama sekunde 30 zilizopita.Baada ya DeShawn kuondoa sufuria kwenye joto, robo ya idadi ya kernels ambazo zilitoka katika sekunde 30 za mwisho za kupikia pia zinatoka kutoka kwa joto la mabaki.Deshawn anatoa 2/5 ya popcorn iliyotengenezwa kwa kaka yake Ibrahim.Je! Deshawn anakula zaidi kuliko kaka yake?",190
"Mohammed anajitokeza kwa vitafunio.Wakati sufuria ya kernels inapoongezeka, kernels zinaanza kuteleza haraka.20 pop katika sekunde 16 za kwanza za kupikia, kisha mara 2 kiasi hicho katika sekunde 16 zijazo.Kernels huongezeka hadi mara 4 kiwango cha kwanza cha popping katika sekunde 16 zijazo.Katika sekunde 16 za mwisho, popping hupungua hadi nusu ya kiwango kama sekunde 16 zilizopita.Baada ya Mohammed kuchukua sufuria kwenye moto, robo ya idadi ya kernels ambazo zilitoka katika sekunde 16 za mwisho za kupikia pia zinatoka kutoka kwa joto la mabaki.Mohammed anatoa 2/5 ya popcorn iliyotengenezwa kwa kaka yake Arash.Je! Mohammed anapaswa kula kuliko kaka yake zaidi?",38
"Luca anataka kutengeneza cubes tofauti za barafu na ounces 337 za maji.Anaweza kutengeneza cubes kubwa ambazo hutumia ounces 14 kwa mchemraba, cubes za kati ambazo hutumia ounces 3, cubes ndogo ambazo hutumia 1/2 ya aunzi, na vijiko vidogo ambavyo ni nusu ya ukubwa wa cubes ndogo.Yeye hufanya jumla ya cubes 47 za barafu, pamoja na cubes 9 kubwa, cubes 14 ndogo, cubes 12 za kati, na cubes ndogo.Je! Luca amebaki na ounces ngapi za maji?",165
"DeShawn anataka kutengeneza cubes tofauti za barafu na ounces 312 za maji.Anaweza kutengeneza cubes kubwa ambazo hutumia ounces 15 kwa mchemraba, cubes za kati ambazo hutumia ounces 5, cubes ndogo ambazo hutumia 1/2 ya aunzi, na cubes ndogo ambazo ni nusu ya ukubwa wa cubes ndogo.Yeye hufanya jumla ya barafu 46 za barafu, pamoja na cubes 8 kubwa, cubes 14 ndogo, cubes 12 za kati, na cubes ndogo.Je! DeShawn imebaki na ounces ngapi za maji?",122
"Nuhu anataka kutengeneza cubes tofauti za barafu na ounces 336 za maji.Anaweza kutengeneza cubes kubwa ambazo hutumia ounces 15 kwa kila mchemraba, cubes za kati ambazo hutumia ounces 4, cubes ndogo ambazo hutumia 1/2 ya aunzi, na cubes ndogo ambazo ni nusu ya ukubwa wa cubes ndogo.Yeye hufanya jumla ya cubes 49 za barafu, pamoja na cubes 8 kubwa, cubes 14 ndogo, cubes 15 za kati, na cubes ndogo.Je! Nuhu amebaki na maji ngapi?",146
"Viktor anataka kutengeneza cubes tofauti za barafu na ounces 313 za maji.Anaweza kutengeneza cubes kubwa ambazo hutumia ounces 12 kwa mchemraba, cubes za kati ambazo hutumia ounces 4, cubes ndogo ambazo hutumia 1/2 ya aunzi, na vijiko vidogo ambavyo ni nusu ya ukubwa wa cubes ndogo.Yeye hufanya jumla ya barafu 50 za barafu, pamoja na cubes 12 kubwa, cubes 14 ndogo, cubes 12 za kati, na cubes ndogo.Je! Viktor ameacha ounces ngapi za maji?",111
"Alejandro anataka kutengeneza cubes tofauti za barafu na ounces 309 za maji.Anaweza kutengeneza cubes kubwa ambazo hutumia ounces 14 kwa mchemraba, cubes za kati ambazo hutumia ounces 6, cubes ndogo ambazo hutumia 1/2 ya aunzi, na vijiko vidogo ambavyo ni nusu ya ukubwa wa cubes ndogo.Yeye hufanya jumla ya barafu 50 za barafu, pamoja na cubes 9 kubwa, cubes 14 ndogo, cubes 15 za kati, na cubes ndogo.Je! Alejandro amebaki na ounces ngapi za maji?",83
"Oliver anataka kutengeneza cubes tofauti za barafu na ounces 326 za maji.Anaweza kutengeneza cubes kubwa ambazo hutumia ounces 14 kwa mchemraba, cubes za kati ambazo hutumia ounces 4, cubes ndogo ambazo hutumia 2/4 ya aunzi, na cubes ndogo ambazo ni nusu ya ukubwa wa cubes ndogo.Yeye hufanya jumla ya cubes 48 za barafu, pamoja na cubes 10 kubwa, cubes 14 ndogo, cubes 12 za kati, na cubes ndogo.Je! Oliver ameacha ounces ngapi za maji?",128
"Carlos anataka kutengeneza cubes tofauti za barafu na ounces 318 za maji.Anaweza kutengeneza cubes kubwa ambazo hutumia ounces 13 kwa kila mchemraba, cubes za kati ambazo hutumia ounces 3, cubes ndogo ambazo hutumia 2/4 ya aunzi, na vijiko vidogo ambavyo ni nusu ya ukubwa wa cubes ndogo.Yeye hufanya jumla ya cubes 47 za barafu, pamoja na cubes 9 kubwa, cubes 14 ndogo, cubes 12 za kati, na cubes ndogo.Je! Carlos ameacha ounces ngapi za maji?",155
"Mateo anataka kutengeneza cubes tofauti za barafu na maji 322 ya maji.Anaweza kutengeneza cubes kubwa ambazo hutumia ounces 12 kwa mchemraba, cubes za kati ambazo hutumia ounces 6, cubes ndogo ambazo hutumia 2/4 ya aunzi, na vijiko vidogo ambavyo ni nusu ya ukubwa wa cubes ndogo.Yeye hufanya jumla ya cubes 48 za barafu, pamoja na cubes 10 kubwa, cubes 14 ndogo, cubes 12 za kati, na cubes ndogo.Je! Mateo amebaki na ounces ngapi za maji?",120
"Alejandro anataka kutengeneza cubes tofauti za barafu na ounces 341 za maji.Anaweza kutengeneza cubes kubwa ambazo hutumia ounces 13 kwa kila mchemraba, cubes za kati ambazo hutumia ounces 3, cubes ndogo ambazo hutumia 1/2 ya aunzi, na cubes ndogo ambazo ni nusu ya ukubwa wa cubes ndogo.Yeye hufanya jumla ya barafu 50 za barafu, pamoja na cubes 9 kubwa, cubes 14 ndogo, cubes 15 za kati, na cubes ndogo.Je! Alejandro amebaki na ounces ngapi za maji?",169
"Ali anataka kutengeneza cubes tofauti za barafu na ounces 331 za maji.Anaweza kutengeneza cubes kubwa ambazo hutumia ounces 16 kwa mchemraba, cubes za kati ambazo hutumia ounces 4, cubes ndogo ambazo hutumia 1/2 ya aunzi, na vijiko vidogo ambavyo ni nusu ya ukubwa wa cubes ndogo.Yeye hufanya jumla ya cubes 48 za barafu, pamoja na cubes 10 kubwa, cubes 14 ndogo, cubes 12 za kati, na cubes ndogo.Je! Ali amebaki na ounces ngapi za maji?",113
"Katika jaribio la vitu 100, 40% ya maswali ni kemia, 20% ni jiografia, na zingine zimegawanywa kwa usawa kama historia na maswali ya algebra.Ikiwa Aisha ana hakika kupata 25% ya maswali ya jiografia, 100% ya maswali ya kemia, na sehemu ya kumi ya historia na maswali ya algebra kwa usahihi, ana uhakika gani wa kupata?",49
"Katika jaribio la vitu 80, 50% ya maswali ni kemia, 5% ni biolojia, na iliyobaki imegawanywa kwa usawa kama maswali ya jiometri na fasihi.Ikiwa Keisha ana hakika kupata 25% ya maswali ya biolojia, 70% ya maswali ya kemia, na theluthi ya jiometri na maswali ya fasihi kwa usahihi, ana uhakika gani kupata?",41
"Katika jaribio la vitu 80, 55% ya maswali ni fizikia, 20% ni jiometri, na zingine zimegawanywa kwa usawa kama maswali ya fasihi na jiografia.Ikiwa Rania ana uhakika wa kupata 25% ya maswali ya jiometri, 100% ya maswali ya fizikia, na 1/2 ya fasihi na maswali ya jiografia kwa usahihi, ana uhakika gani wa kupata?",58
"Katika jaribio la vitu 40, 50% ya maswali ni kemia, 10% ni historia, na zingine zimegawanywa kwa usawa kama maswali ya jiografia na biolojia.Ikiwa Olga ana hakika kupata 25% ya maswali ya historia, 85% ya maswali ya kemia, na 1/8 ya maswali ya jiografia na biolojia kwa usahihi, ana uhakika gani kupata?",20
"Katika jaribio la vitu 120, 5% ya maswali ni uchumi, 20% ni biolojia, na iliyobaki imegawanywa kwa usawa kama maswali ya fizikia na historia.Ikiwa Amelia ana hakika kupata 25% ya maswali ya biolojia, 100% ya maswali ya uchumi, na 1/3 ya maswali ya fizikia na historia kwa usahihi, ana uhakika gani kupata?",42
"Katika jaribio la vitu 80, 25% ya maswali ni fizikia, 15% ni biolojia, na iliyobaki imegawanywa kwa usawa kama maswali ya jiografia na fasihi.Ikiwa Fatima ana hakika kupata 25% ya maswali ya biolojia, 40% ya maswali ya fizikia, na nane ya jiografia na maswali ya fasihi kwa usahihi, ana uhakika gani kupata?",17
"Katika jaribio la vitu 120, 30% ya maswali ni jiografia, 20% ni algebra, na zingine zimegawanywa kwa usawa kama historia na maswali ya kemia.Ikiwa Gabrielle ana hakika kupata 25% ya maswali ya algebra, 50% ya maswali ya jiografia, na sehemu ya kumi ya historia na maswali ya kemia kwa usahihi, ana uhakika gani wa kupata?",30
"Katika jaribio la vitu 80, 35% ya maswali ni historia, 15% ni biolojia, na iliyobaki imegawanywa kwa usawa kama maswali ya algebra na jiografia.Ikiwa Nadia ana hakika kupata 25% ya maswali ya biolojia, 75% ya maswali ya historia, na nane ya maswali ya algebra na jiografia kwa usahihi, ana uhakika gani wa kupata?",29
"Katika jaribio la vitu 80, 25% ya maswali ni fizikia, 15% ni jiometri, na zingine zimegawanywa kwa usawa kama maswali ya kemia na fasihi.Ikiwa Chen ana uhakika wa kupata 25% ya maswali ya jiometri, 75% ya maswali ya fizikia, na 1/8 ya maswali ya kemia na fasihi kwa usahihi, ana uhakika gani wa kupata?",24
"Katika jaribio la vitu 120, 30% ya maswali ni uchumi, 20% ni fizikia, na zingine zimegawanywa kwa usawa kama maswali ya fasihi na biolojia.Ikiwa Haruka ana hakika kupata 25% ya maswali ya fizikia, 100% ya maswali ya uchumi, na 1/2 ya fasihi na maswali ya biolojia kwa usahihi, ana uhakika gani wa kupata?",72
"Sakura anapiga mavazi ya msimu wa baridi kwa wajukuu wake 4.Ni quadruplets, kwa hivyo wote ni sawa.Yeye anataka kutengeneza vest, cardigan, shawl, glavu, na mittens kwa kila mmoja wao.Inachukua skeins 5 za pamba kutengeneza vest, 4 kwa cardigan, 10 kwa shawl, 12 kwa jozi ya glavu, na 9 kwa jozi ya mittens.Sakura anataka kujipatia jaketi mbili za joto, kila mmoja akihitaji skeins 4 za pamba.Kila skeins kadhaa za pamba hugharimu $ 9.Hifadhi ina kukuza ambapo wateja hupokea punguzo la $ 20 kwenye ununuzi zaidi ya $ 100.Je! Sakura anapaswa kulipia kiasi gani kwa skeins zote za pamba anayohitaji?",106
"Fatima anavaa mavazi ya msimu wa baridi kwa wajukuu wake 5.Ni quintuplets, kwa hivyo wote ni sawa.Yeye anataka kutengeneza beanie, vest, cardigan, glavu, na mittens kwa kila mmoja wao.Inachukua skeins 4 za pamba kutengeneza beanie, 6 kwa vest, 8 kwa cardigan, 12 kwa jozi ya glavu, na 10 kwa jozi ya mittens.Fatima anataka kujipatia jaketi mbili za joto, kila mmoja akihitaji skeins 8 za pamba.Kila skeins kadhaa za pamba hugharimu $ 8.Hifadhi ina kukuza ambapo wateja hupokea punguzo la $ 20 kwenye ununuzi zaidi ya $ 100.Je! Fatima anapaswa kulipa kiasi gani kwa skeins zote za pamba anayohitaji?",124
"Valeria anavaa mavazi ya msimu wa baridi kwa wajukuu wake 4.Ni quadruplets, kwa hivyo wote ni sawa.Yeye anataka kutengeneza nguo, kofia, shawl, buti, na glavu kwa kila mmoja wao.Inachukua skeins 6 za pamba kutengeneza nguo, 6 kwa kofia, 12 kwa shawl, 12 kwa jozi ya buti, na 13 kwa jozi ya glavu.Valeria anataka kujipatia jaketi mbili za joto, kila mmoja akihitaji skeins 4 za pamba.Kila skeins kadhaa za pamba hugharimu $ 9.Hifadhi ina kukuza ambapo wateja hupokea punguzo la $ 20 kwenye ununuzi zaidi ya $ 100.Je! Valeria anapaswa kulipia kiasi gani kwa skeins zote za pamba anayohitaji?",133
"Valentina anavaa mavazi ya msimu wa baridi kwa wajukuu wake 5.Ni quintuplets, kwa hivyo wote ni sawa.Yeye anataka kufanya shawl, nguo, cardigan, buti, na glavu kwa kila mmoja wao.Inachukua skeins 5 za pamba kutengeneza shawl, 3 kwa nguo, 9 kwa cardigan, 10 kwa jozi ya buti, na 11 kwa jozi ya glavu.Valentina anataka kujipatia jaketi mbili za joto, kila mmoja akihitaji skeins 7 za pamba.Kila skeins kadhaa za pamba hugharimu $ 7.Hifadhi ina kukuza ambapo wateja hupokea punguzo la $ 20 kwenye ununuzi zaidi ya $ 100.Je! Valentina anapaswa kulipia kiasi gani kwa skeins zote za pamba anayohitaji?",99
"Uma anavaa mavazi ya msimu wa baridi kwa wajukuu wake 4.Ni quadruplets, kwa hivyo wote ni sawa.Yeye anataka kufanya shawl, kofia, cardigan, hita za mguu, na soksi kwa kila mmoja wao.Inachukua skeins 5 za pamba kutengeneza shawl, 3 kwa kofia, 12 kwa cardigan, 11 kwa jozi ya joto la mguu, na 15 kwa jozi ya soksi.Uma anataka kujipatia jaketi mbili za joto, kila mmoja anahitaji skeins 10 za pamba.Kila skeins kadhaa za pamba hugharimu $ 9.Hifadhi ina kukuza ambapo wateja hupokea punguzo la $ 20 kwenye ununuzi zaidi ya $ 100.Je! Uma anapaswa kulipa kiasi gani kwa skeins zote za pamba anayohitaji?",133
"Roya anavaa mavazi ya msimu wa baridi kwa wajukuu wake 5.Ni quintuplets, kwa hivyo wote ni sawa.Yeye anataka kutengeneza Cardigan, Poncho, sweta, soksi, na mittens kwa kila mmoja wao.Inachukua skeins 5 za pamba kutengeneza cardigan, 3 kwa poncho, 8 kwa sweta, 10 kwa jozi ya soksi, na 14 kwa jozi ya mittens.Roya anataka kujipatia jaketi mbili za joto, kila mmoja anahitaji skeins 8 za pamba.Kila skeins kadhaa za pamba hugharimu $ 8.Hifadhi ina kukuza ambapo wateja hupokea punguzo la $ 20 kwenye ununuzi zaidi ya $ 100.Je! Roya anapaswa kulipia kiasi gani kwa skeins zote za pamba anayohitaji?",124
"Gabrielle anavaa mavazi ya msimu wa baridi kwa wajukuu wake 5.Ni quintuplets, kwa hivyo wote ni sawa.Yeye anataka kutengeneza poncho, sweta, kofia, mittens, na hita za mguu kwa kila mmoja wao.Inachukua skeins 6 za pamba kutengeneza poncho, 3 kwa sweta, 12 kwa kofia, 11 kwa jozi ya mittens, na 12 kwa jozi ya joto la mguu.Gabrielle anataka kujipatia jaketi mbili za joto, kila mmoja anahitaji skeins 10 za pamba.Kila skeins kadhaa za pamba hugharimu $ 7.Hifadhi ina kukuza ambapo wateja hupokea punguzo la $ 20 kwenye ununuzi zaidi ya $ 100.Je! Gabrielle anapaswa kulipa kiasi gani kwa skeins zote za pamba anayohitaji?",120
"Jasmine anavaa mavazi ya msimu wa baridi kwa wajukuu wake 5.Ni quintuplets, kwa hivyo wote ni sawa.Yeye anataka kutengeneza poncho, cardigan, nguo, buti, na mittens kwa kila mmoja wao.Inachukua skeins 6 za pamba kutengeneza poncho, 4 kwa cardigan, 10 kwa nguo, 12 kwa jozi ya buti, na 10 kwa jozi ya mittens.Jasmine anataka kujipatia jaketi mbili za joto, kila mmoja anahitaji skeins 9 za pamba.Kila skeins kadhaa za pamba hugharimu $ 6.Hifadhi ina kukuza ambapo wateja hupokea punguzo la $ 20 kwenye ununuzi zaidi ya $ 100.Je! Jasmine anapaswa kulipa kiasi gani kwa skeins zote za pamba anayohitaji?",94
"Kayla anavaa mavazi ya msimu wa baridi kwa wajukuu wake 5.Ni quintuplets, kwa hivyo wote ni sawa.Yeye anataka kutengeneza poncho, sweta, nguo, hita za mguu, na mittens kwa kila mmoja wao.Inachukua skeins 3 za pamba kutengeneza poncho, 3 kwa sweta, 10 kwa nguo, 10 kwa jozi ya joto la mguu, na 10 kwa jozi ya mittens.Kayla anataka kujipatia jaketi mbili za joto, kila mmoja akihitaji skeins 6 za pamba.Kila skeins kadhaa za pamba hugharimu $ 8.Hifadhi ina kukuza ambapo wateja hupokea punguzo la $ 20 kwenye ununuzi zaidi ya $ 100.Je! Kayla anapaswa kulipa kiasi gani kwa skeins zote za pamba anayohitaji?",108
"Tara anavaa mavazi ya msimu wa baridi kwa wajukuu wake 4.Ni quadruplets, kwa hivyo wote ni sawa.Yeye anataka kufanya beanie, Cardigan, shawl, buti, na glavu kwa kila mmoja wao.Inachukua skeins 5 za pamba kutengeneza beanie, 5 kwa Cardigan, 12 kwa shawl, 8 kwa jozi ya buti, na 15 kwa jozi ya glavu.Tara anataka kujipatia jaketi mbili za joto, kila mmoja anahitaji skeins 6 za pamba.Kila skeins kadhaa za pamba hugharimu $ 8.Hifadhi ina kukuza ambapo wateja hupokea punguzo la $ 20 kwenye ununuzi zaidi ya $ 100.Je! Tara anapaswa kulipia kiasi gani kwa skeins zote za pamba anayohitaji?",108
"Katika darasa la Bi Johnson la wanafunzi 100, 46% ya darasa ni wachezaji wa mpira wa miguu.Kati ya darasa lililobaki, 50% ya wanafunzi ni washiriki wa kilabu cha roboti au sehemu ya wachezaji.Vikundi hivi 3 vya wanafunzi vitahitaji kuondoka mapema leo kusafiri kwenda kwenye mashindano ya mbali.Nusu ya wachezaji wa soka hawapo kwa kuwa mgonjwa.Pia, cheerleaders 3 wataandamana na kila moja ya vikundi hivi.Je! Ni wanafunzi wangapi wanaondoka mapema kwenye mashindano?",59
"Katika darasa la Bi Johnson la wanafunzi 150, 40% ya darasa ni wachezaji wa mpira wa miguu.Kati ya darasa lililobaki, 30% ya wanafunzi ni wachezaji au sehemu ya washiriki wa kwaya.Vikundi hivi 3 vya wanafunzi vitahitaji kuondoka mapema leo kusafiri kwenda kwenye mashindano ya mbali.Nusu ya wachezaji wa soka hawapo kwa kuwa mgonjwa.Pia, cheerleaders 3 wataandamana na kila moja ya vikundi hivi.Je! Ni wanafunzi wangapi wanaondoka mapema kwenye mashindano?",66
"Katika darasa la Bi Garcia la wanafunzi 160, 50% ya darasa ni wageleaji.Kati ya darasa lililobaki, 35% ya wanafunzi ni washiriki wa timu ya mjadala au sehemu ya wachezaji.Vikundi hivi 3 vya wanafunzi vitahitaji kuondoka mapema leo kusafiri kwenda kwenye mashindano ya mbali.Nusu ya wageleaji hawapo kwa kuwa mgonjwa.Pia, cheerleaders 3 wataandamana na kila moja ya vikundi hivi.Je! Ni wanafunzi wangapi wanaondoka mapema kwenye mashindano?",77
"Katika darasa la Bi Johnson la wanafunzi 20, 20% ya darasa ni wachezaji wa mpira wa miguu.Kati ya darasa lililobaki, 50% ya wanafunzi ni washiriki wa timu ya mjadala au sehemu ya washiriki wa kwaya.Vikundi hivi 3 vya wanafunzi vitahitaji kuondoka mapema leo kusafiri kwenda kwenye mashindano ya mbali.Nusu ya wachezaji wa soka hawapo kwa kuwa mgonjwa.Pia, cheerleaders 3 wataandamana na kila moja ya vikundi hivi.Je! Ni wanafunzi wangapi wanaondoka mapema kwenye mashindano?",19
"Katika darasa la Dk. Lee la wanafunzi 104, 50% ya darasa ni wachezaji wa mpira wa wavu.Kati ya darasa lililobaki, 25% ya wanafunzi ni washiriki wa kilabu cha roboti au sehemu ya washiriki wa kwaya.Vikundi hivi 3 vya wanafunzi vitahitaji kuondoka mapema leo kusafiri kwenda kwenye mashindano ya mbali.Nusu ya wachezaji wa mpira wa wavu hawapo kwa kuwa mgonjwa.Pia, cheerleaders 3 wataandamana na kila moja ya vikundi hivi.Je! Ni wanafunzi wangapi wanaondoka mapema kwenye mashindano?",48
"Katika darasa la Mr. Smith la wanafunzi 80, 20% ya darasa ni wachezaji wa mpira wa kikapu.Kati ya darasa lililobaki, 50% ya wanafunzi ni wachezaji au sehemu ya washiriki wa timu ya mjadala.Vikundi hivi 3 vya wanafunzi vitahitaji kuondoka mapema leo kusafiri kwenda kwenye mashindano ya mbali.Nusu ya wachezaji wa mpira wa kikapu hawapo kwa kuwa mgonjwa.Pia, cheerleaders 3 wataandamana na kila moja ya vikundi hivi.Je! Ni wanafunzi wangapi wanaondoka mapema kwenye mashindano?",49
"Katika darasa la Bi Garcia la wanafunzi 84, 50% ya darasa ni wageleaji.Kati ya darasa lililobaki, 50% ya wanafunzi ni washiriki wa timu ya mjadala au sehemu ya washiriki wa kwaya.Vikundi hivi 3 vya wanafunzi vitahitaji kuondoka mapema leo kusafiri kwenda kwenye mashindano ya mbali.Nusu ya wageleaji hawapo kwa kuwa mgonjwa.Pia, cheerleaders 3 wataandamana na kila moja ya vikundi hivi.Je! Ni wanafunzi wangapi wanaondoka mapema kwenye mashindano?",51
"Katika darasa la Bi Johnson la wanafunzi 50, 52% ya darasa ni wachezaji wa mpira wa miguu.Kati ya darasa lililobaki, 50% ya wanafunzi ni washiriki wa timu ya mjadala au sehemu ya wanachama wa kilabu cha roboti.Vikundi hivi 3 vya wanafunzi vitahitaji kuondoka mapema leo kusafiri kwenda kwenye mashindano ya mbali.Nusu ya wachezaji wa soka hawapo kwa kuwa mgonjwa.Pia, cheerleaders 3 wataandamana na kila moja ya vikundi hivi.Je! Ni wanafunzi wangapi wanaondoka mapema kwenye mashindano?",34
"Katika darasa la Dk. Lee la wanafunzi 120, 25% ya darasa ni wachezaji wa mpira wa wavu.Kati ya darasa lililobaki, 30% ya wanafunzi ni washiriki wa timu ya mjadala au sehemu ya wachezaji.Vikundi hivi 3 vya wanafunzi vitahitaji kuondoka mapema leo kusafiri kwenda kwenye mashindano ya mbali.Nusu ya wachezaji wa mpira wa wavu hawapo kwa kuwa mgonjwa.Pia, cheerleaders 3 wataandamana na kila moja ya vikundi hivi.Je! Ni wanafunzi wangapi wanaondoka mapema kwenye mashindano?",51
"Katika darasa la Mr. Smith la wanafunzi 125, 40% ya darasa ni wachezaji wa mpira wa kikapu.Kati ya darasa lililobaki, 24% ya wanafunzi ni washiriki wa kilabu cha roboti au sehemu ya washiriki wa kwaya.Vikundi hivi 3 vya wanafunzi vitahitaji kuondoka mapema leo kusafiri kwenda kwenye mashindano ya mbali.Nusu ya wachezaji wa mpira wa kikapu hawapo kwa kuwa mgonjwa.Pia, cheerleaders 3 wataandamana na kila moja ya vikundi hivi.Je! Ni wanafunzi wangapi wanaondoka mapema kwenye mashindano?",52
