question,answer_number
"Сакура отправился на променад на отпуск.Ее родители дали ей 1300 евро, чтобы купить все, что она хотела.В сувенирном магазине Saltwater Taffy был в продаже за «Купить 16 кг в 22 евро за кг, получить 4 кг со скидкой 1/4».Она подняла 22 кг.Она также купила смешанный пакет с морскими звездами за 11,0 и 12 брелок евро, которые составляли 20,0 евро каждая.Затем Сакура пожертвовал 5 евро на благотворительном стенде по пути.Сколько денег осталось Сакура?",582
"Кайла пошла на пирс на отпуск.Ее родители дали ей 1400, чтобы купить все, что она хотела.В пляжном магазине Rock Candy был в продаже за «Купить 16 кг по 22 фунтов стерлингов за кг, получив 6 кг 2/3».Она подняла 23 кг.Она также купила смешанный мешок с морским стеклом за 11,0 и 14 наклеек, которые были 20,5.Затем Кайла пожертвовала 5 на благотворительную позицию по пути.Сколько денег ушла Кайла?",679
"Чен отправился на променад на отпуск.Ее родители дали ей 1300 долларов, чтобы купить все, что она хотела.В сувенирном магазине Saltwater Taffy был в продаже за «Купить 16 кг по 22 доллара за кг, получить 6 кг 1/4 скидки».Она подняла 23 кг.Она также купила смешанный пакет с звездными звездами за 11,0 и 11 ключей в размере 11,0 долларов и 11 долларов, которые составляли 21,0 доллара каждая.Затем Чен пожертвовал 5 долларов на благотворительном стенде по пути.Сколько денег уехал Чен?",580
"Фатима пошла на пирс на отпуск.Ее родители дали ей 1200 ₣, чтобы купить все, что она хотела.В пляжном магазине Rock Candy была в продаже за «Купить 16 кг по 20 фунтов стерлингов за кг, получает 6 кг 1/3 скидки».Она подняла 23 кг.Она также купила смешанный мешок с морским стеклом за 11,0 и 13 наклеек, которые составляли 20,0.Фатима затем пожертвовал 5 на благотворительную стойку по пути.Сколько денег ушла Фатима?",504
"Ава отправилась на побережье на отпуск.Ее родители дали ей 1400 долларов, чтобы купить все, что она хотела.В магазине Seaside Cothlack Candy был в продаже за «Купить 17 фунтов в 22 доллара за фунт, получить 4 фунта 1/2 скидки».Она подхватила 23 фунта.Она также купила смешанный пакет с коралловыми кусочками за 11,0 и 18 штифтов, которые составляли 20,5 долларов.Затем Ава пожертвовала 5 долларов на благотворительном стенде по пути.Сколько денег ушла Ава?",553
"Валерия отправилась на побережье на отпуск.Ее родители дали ей 1300 евро, чтобы купить все, что она хотела.В магазине Seaside конфетка была в продаже за «Купить 15 фунтов в 21 евро за фунт, получить 5 фунтов 1/3 скидки».Она подхватила 23 фунта.Она также купила смешанный пакет с коралловыми кусочками за 11,0 и 11 штифтов евро, которые составляли 21,0 евро каждая.Затем Валерия пожертвовала 5 евро на благотворительном стенде по пути.Сколько денег ушла Валерия?",605
"София пошла на пирс на отпуск.Ее родители дали ей 1400, чтобы купить все, что она хотела.В пляжном магазине Rock Candy был в продаже «Купить 17 кг по 20 ₺ за кг, получить 5 кг 1/2 скидки».Она подняла 23 кг.Она также купила смешанную сумку из морского стекла за 11,0 и 13 наклеек, которые были 20,0.Затем София пожертвовала 5 на благотворительном стенде по пути.Сколько денег осталась София?",714
"Мэй пошел на пляж на отпуск.Ее родители дали ей 1300 иен, чтобы купить все, что она хотела.В сувенирном магазине Фадж был в продаже за «Покупать 15 килограммов в 23 иен за килограмм, получите 4 килограмма 1/4 скидки».Она подняла 20 килограммов.Она также купила смешанную сумку с песчаными долларами за 11,0 и 14 открыток и 14 имен, которые составляли 21,0 иен.MEI затем пожертвовал 5 иен на благотворительном стенде по пути.Сколько денег осталось Мей?",553
"София пошла на пирс на отпуск.Ее родители дали ей 1400, чтобы купить все, что она хотела.В пляжном магазине Rock Candy была в продаже за «Покупать 15 килограммов в размере 23 фунтов ск.Она подняла 23 килограмма.Она также купила смешанную сумку из морского стекла за 11,0 и 18 наклеек, которые были 20,5.Затем София пожертвовала 5 на благотворительном стенде по пути.Сколько денег осталась София?",532
"Тара отправилась на променад на отпуск.Ее родители дали ей 1200 ₣, чтобы купить все, что она хотела.В сувенирном магазине Saltwater Taffy был в продаже за «Купить 17 кг в размере 22 ₣ за кг, получить 4 кг 1/4 скидки».Она подняла 23 кг.Она также купила смешанный пакет с морскими звездами за 11,0 и 12 ключей ₣ 11,0 и 12, которые составляли 20,0.Затем Тара пожертвовала ₣ 5 на благотворительной стойке по пути.Сколько денег ушла Тара?",460
"Фермер покупает корм для своих коров.Он покупает различные яблоки, сено, огурцы и кукурузу.Поскольку кукуруза-редкое угощение, он покупает только четыре 6-фунтовых ящика для всей конюшни.Он хочет только достаточно огурцов, чтобы накормить коров, в то время как овощи свежи, поэтому он покупает четырнадцать 8-фунтовых мешков.Яблоки являются основной диетой его коров, поэтому он покупает тридцать пять 42-фунтовых пакетов.Сено является основным для дополнения яблок, поэтому он покупает восемнадцать 18-фунтовых мешков.Наконец, он покупает 43 фунта продуктов, 27 фунтов инструментов и 100 фунтов дерева.Сельскохозяйственный грузовик может нести 140 фунтов за раз.Если у фермера есть три грузовика, сколько поездок нужно фермеру для перевозки всех приобретенных товаров?",5
"Фермер покупает корм для своих овец.Он покупает разнообразные пшеницы, кукурузы, свеклу и овес.Поскольку овес является редким удовольствием, он покупает только пять коробок с 3 кг для всей конюшни.Он хочет только достаточно свеклы, чтобы накормить овец, пока овощи свежи, поэтому он покупает одиннадцать 7-километровых мешков.Пшеница-главная диета его овец, поэтому он покупает тридцать четыре 44-килограммовых пакетов.Кукуруза-это основной продукт для дополнения пшеницы, поэтому он покупает восемнадцать мешков с 19 кг.Наконец, он покупает 43 кг продуктов и 27 кг инструментов и 100 кг дерева.Сельскохозяйственный грузовик может нести 140 кг за раз.Если у фермера есть три грузовика, сколько поездок нужно фермеру для перевозки всех приобретенных товаров?",5
"Фермер покупает корм для своих коров.Он покупает разнообразные пшеницы, овес, морковь и кукурузу.Поскольку кукуруза-редкое угощение, он покупает только семь коробок с 5 кг для всей конюшни.Он хочет только достаточно моркови, чтобы кормить коров, в то время как овощи свежие, поэтому он покупает одиннадцать 7-километровых мешков.Пшеница-основная диета его коров, поэтому он покупает тридцать четыре пакета 39 кг.Овес является одним из основных продуктов для дополнения пшеницы, поэтому он покупает девятнадцать мешков с 18 кг.Наконец, он покупает 43 кг продуктов и 27 кг инструментов и 100 кг дерева.Фермерский грузовик может нести 130 кг за раз.Если у фермера есть три грузовика, сколько поездок нужно фермеру для перевозки всех приобретенных товаров?",5
"Фермер покупает корм для своих коров.Он покупает разнообразные сены, пшеницу, морковь и яблоки.Поскольку яблоки являются редким угощением, он покупает только пять 7-фунтовых коробок для всей конюшни.Он хочет только достаточного количества моркови, чтобы кормить коров, в то время как овощи свежие, поэтому он покупает четырнадцать 5-фунтовых мешков.Сено является основной диетой его коров, поэтому он покупает тридцать пять 44-фунтовских пакетов.Пшеница-это основной продукт для дополнения сена, поэтому он покупает девятнадцать 15-фунтовых мешков.Наконец, он покупает 43 фунта продуктов, 27 фунтов инструментов и 100 фунтов дерева.Фермерский грузовик может нести 100 фунтов за раз.Если у фермера есть три грузовика, сколько поездок нужно фермеру для перевозки всех приобретенных товаров?",7
"Фермер покупает корм для своих овец.Он покупает различные яблоки, пшеницу, морковь и овес.Поскольку овес является редким удовольствием, он покупает только восемь 7-фунтовых коробок для всей конюшни.Он хочет только достаточно моркови, чтобы кормить овец, пока овощи свежие, поэтому он покупает двенадцать 6-фунтовых мешков.Яблоки являются основной диетой его овец, поэтому он покупает тридцать два 43-фунтовых пакета.Пшеница является основным для дополнения яблок, поэтому он покупает восемнадцать 17-фунтовых мешков.Наконец, он покупает 43 фунта продуктов, 27 фунтов инструментов и 100 фунтов дерева.Сельскохозяйственный грузовик может нести 110 фунтов за раз.Если у фермера есть три грузовика, сколько поездок нужно фермеру для перевозки всех приобретенных товаров?",6
"Фермер покупает корм для своих альпак.Он покупает различные яблоки, пшеницу, огурцы и сено.Поскольку сено-редкое угощение, он покупает только шесть 3-фунтовых ящиков для всей конюшни.Он хочет только достаточно огурцов, чтобы накормить альпаки, в то время как овощи свежие, поэтому он покупает пятнадцать 8-фунтовых мешков.Яблоки являются основной диетой его альпак, поэтому он покупает тридцать четыре 43-фунтовых пакета.Пшеница-это основной продукт для дополнения яблок, поэтому он покупает восемнадцать 15-фунтовых мешков.Наконец, он покупает 43 фунта продуктов, 27 фунтов инструментов и 100 фунтов дерева.Фермерский грузовик может нести 170 фунтов за раз.Если у фермера есть три грузовика, сколько поездок нужно фермеру для перевозки всех приобретенных товаров?",4
"Фермер покупает корм для своих альпак.Он покупает множество яблок, пшеницы, свеклы и сена.Поскольку сено-редкое угощение, он покупает только шесть 7-фунтовых коробок для всей конюшни.Он хочет только достаточно свеклы, чтобы накормить альпаки, в то время как овощи свежие, поэтому он покупает одиннадцать 6-фунтовых мешков.Яблоки являются основной диетой его альпак, поэтому он покупает тридцать четыре 43-фунтовых пакета.Пшеница-это основной продукт для дополнения яблок, поэтому он покупает двадцать 18-фунтовых мешков.Наконец, он покупает 43 фунта продуктов, 27 фунтов инструментов и 100 фунтов дерева.Фермерский грузовик может нести 100 фунтов за раз.Если у фермера есть три грузовика, сколько поездок нужно фермеру для перевозки всех приобретенных товаров?",7
"Фермер покупает корм для своих овец.Он покупает разнообразные пшеницы, овес, морковь и яблоки.Поскольку яблоки-редкое удовольствие, он покупает только восемь 4-фунтовых коробок для всей конюшни.Он хочет только достаточно моркови, чтобы кормить овец, пока овощи свежие, поэтому он покупает двенадцать 6-фунтовых мешков.Пшеница-главная диета его овец, поэтому он покупает тридцать три 42-фунтовых пакета.Овес является основным для дополнения пшеницы, поэтому он покупает двадцать 16-фунтовых мешков.Наконец, он покупает 43 фунта продуктов, 27 фунтов инструментов и 100 фунтов дерева.Сельскохозяйственный грузовик может нести 110 фунтов за раз.Если у фермера есть три грузовика, сколько поездок нужно фермеру для перевозки всех приобретенных товаров?",6
"Фермер покупает корм для своих овец.Он покупает различные яблоки, овес, морковь и сено.Поскольку сено является редким угощением, он покупает только пять 6-фунтовых ящиков для всей конюшни.Он хочет только достаточного количества моркови, чтобы кормить овец, пока овощи свежи, поэтому он покупает четырнадцать 6-фунтовых мешков.Яблоки являются основной диетой его овец, поэтому он покупает тридцать два 38-фунтовых пакета.Овес является основным для дополнения яблок, поэтому он покупает двадцать 15-фунтовых мешков.Наконец, он покупает 43 фунта продуктов, 27 фунтов инструментов и 100 фунтов дерева.Сельскохозяйственный грузовик может нести 150 фунтов за раз.Если у фермера есть три грузовика, сколько поездок нужно фермеру для перевозки всех приобретенных товаров?",4
"Фермер покупает корм для своих коров.Он покупает разнообразные сены, пшеницу, огурцы и кукурузу.Поскольку кукуруза-редкое угощение, он покупает только шесть коробок с 5 кг для всей конюшни.Он хочет только достаточно огурцов, чтобы кормить коров, в то время как овощи свежие, поэтому он покупает пятнадцать 8-килограммовых мешков.Сено является основной диетой его коров, поэтому он покупает тридцать пять 35-километровых пакетов.Пшеница-это основной продукт для дополнения сена, поэтому он покупает семнадцать мешков 15 кг.Наконец, он покупает 43 кг продуктов и 27 кг инструментов и 100 кг дерева.Сельскохозяйственный грузовик может нести 120 кг за раз.Если у фермера есть три грузовика, сколько поездок нужно фермеру для перевозки всех приобретенных товаров?",5
"Банк тумана катится из океана, чтобы покрыть город.Требуется 30 минут, чтобы покрыть каждые 3 мили города.Тем не менее, мы знаем, что скорость ветра будет сокращена вдвое за один час.Если город находится в 72 милях от океана до противоположного внутреннего края, сколько минут потребуется для тумана, чтобы покрыть четверть города?",300
"Банк тумана катится из океана, чтобы покрыть город.Требуется 75 минут, чтобы покрыть каждые 10 миль города.Тем не менее, мы знаем, что скорость ветра будет сокращена вдвое за один час.Если город находится в 72 милях от океана до противоположного внутреннего края, сколько минут потребуется для тумана, чтобы покрыть 1/4 города?",210
"Банк тумана катится из океана, чтобы покрыть город.Требуется 60 минут, чтобы покрыть каждые 3 мили города.Тем не менее, мы знаем, что скорость ветра будет сокращена вдвое за один час.Если город находится в 54 милях от океана до противоположного внутреннего края, сколько минут потребуется для тумана, чтобы покрыть 1/3 города?",660
"Банк тумана катится из океана, чтобы покрыть город.Требуется 60 минут, чтобы покрыть каждые 6 миль города.Тем не менее, мы знаем, что скорость ветра будет сокращена вдвое за один час.Если город находится в 72 милях от океана до противоположного внутреннего края, сколько минут потребуется для тумана, чтобы покрыть 1/3 города?",420
"Банк тумана катится из океана, чтобы покрыть город.Требуется 25 минут, чтобы покрыть каждые 5 миль города.Тем не менее, мы знаем, что скорость ветра будет сокращена вдвое за один час.Если город находится в 54 милях от океана до противоположного внутреннего края, сколько минут потребуется для тумана, чтобы покрыть 1/2 города?",210
"Банк тумана катится из океана, чтобы покрыть город.Требуется 90 минут, чтобы покрыть каждые 3 мили города.Тем не менее, мы знаем, что скорость ветра будет сокращена вдвое за один час.Если город находится в 78 милях от океана до противоположного внутреннего края, сколько минут потребуется для тумана, чтобы покрыть треть города?",1500
"Банк тумана катится из океана, чтобы покрыть город.Требуется 30 минут, чтобы покрыть каждые 13 миль города.Тем не менее, мы знаем, что скорость ветра будет сокращена вдвое за один час.Если город находится в 78 милях от океана до противоположного внутреннего края, сколько минут потребуется для тумана, чтобы покрыть 1/2 города?",120
"Банк тумана катится из океана, чтобы покрыть город.Требуется 15 минут, чтобы покрыть каждые 3 мили города.Тем не менее, мы знаем, что скорость ветра будет сокращена вдвое за один час.Если город находится в 96 милях от океана до противоположного внутреннего края, сколько минут потребуется для тумана, чтобы покрыть четверть города?",180
"Банк тумана катится из океана, чтобы покрыть город.Требуется 20 минут, чтобы покрыть каждые 3 мили города.Тем не менее, мы знаем, что скорость ветра будет сокращена вдвое за один час.Если город находится в 72 милях от океана до противоположного внутреннего края, сколько минут потребуется для тумана, чтобы покрыть треть города?",260
"Банк тумана катится из океана, чтобы покрыть город.Требуется 15 минут, чтобы покрыть каждые 3 мили города.Тем не менее, мы знаем, что скорость ветра будет сокращена вдвое за один час.Если город находится в 96 милях от океана до противоположного внутреннего края, сколько минут потребуется для тумана, чтобы покрыть 1/2 города?",420
"Эмма проходит 32 километра каждый день на своей любимой пешеходной тропе, которая включает в себя 14 километров прогулки по пляжу и 18 километров прогулки по тротуару.На тротуаре Эмма ходит в три раза выше скорости, которую она делает на пляже.Однако из -за недавней травмы скорость Эммы снизилась на половину как на пляже, так и на тротуаре.Если на пляже проведет 56 минут ее прогулки, сколько времени ей нужно, чтобы завершить всю 32-километровую прогулку, за считанные минуты?",80
"Оливия проходит 29 миль каждый день по своей любимой пешеходной тропе, которая включает в себя 13 миль прогулки по пляжу и 16 миль прогулки по тротуару.На тротуаре Оливия ходит в четыре раза выше скорости, которую она делает на пляже.Однако из -за недавней травмы скорость Оливии снизилась на половину как на пляже, так и на тротуаре.Если 65 минут ее прогулки потрачено на пляж, сколько времени ей нужно, чтобы завершить всю 29-мильную прогулку, за считанные минуты?",85
"Фатима проходит 26 миль каждый день на своей любимой пешеходной тропе, которая включает в себя 11 миль прогулки по пляжу и 15 миль прогулки по тротуару.На тротуаре Фатима ходит в три раза выше скорости, которую она делает на пляже.Однако из -за недавней травмы скорость Фатимы снизилась на половину как на пляже, так и на тротуаре.Если на пляже проведено 44 минуты ее прогулки, сколько времени ей нужно, чтобы завершить всю 26-мильную прогулку, за считанные минуты?",64
"Рания ходит 28 километров каждый день на своей любимой пешеходной тропе, которая включает в себя 14 километров прогулки по пляжу и 14 километров прогулки по тротуару.На тротуаре Рания ходит в два раза выше скорости, которую она делает на пляже.Однако из -за недавней травмы скорость Рании снизилась на половину как на пляже, так и на тротуаре.Если на пляже проведено 42 минуты ее прогулки, сколько времени ей нужно, чтобы завершить всю 28-километровую прогулку, за считанные минуты?",63
"Ананя проходит 20 миль каждый день по своей любимой пешеходной тропе, которая включает в себя 10 миль прогулки по пляжу и 10 миль прогулки по тротуару.На тротуаре Ананя ходит в два раза выше скорости, которую она делает на пляже.Однако из -за недавней травмы скорость Ананьи снизилась на половину как на пляже, так и на тротуаре.Если на пляж тратится 40 минут ее прогулки, сколько времени ей нужно, чтобы завершить всю 20-мильную прогулку, за считанные минуты?",60
"Кейша проходит 33 мили каждый день по своей любимой пешеходной тропе, которая включает в себя 17 миль прогулки по пляжу и 16 миль прогулки по тротуару.На тротуаре Кейша ходит в два раза больше скорости, которую она делает на пляже.Однако из -за недавней травмы скорость Кейши снизилась на половину как на пляже, так и на тротуаре.Если на пляж тратится 51 минута ее прогулки, сколько времени ей нужно, чтобы завершить всю 33-мильную прогулку, за считанные минуты?",75
"Зена ходит 24 километра каждый день на своей любимой пешеходной тропе, которая включает в себя 11 километров прогулки по пляжу и 13 километров прогулки по тротуару.На тротуаре Зена ходит в три раза выше скорости, которую она делает на пляже.Однако из -за недавней травмы скорость Зены снизилась на половину как на пляже, так и на тротуаре.Если 66 минут ее прогулки потрачено на пляж, сколько времени ей нужно, чтобы завершить всю 24-километровую прогулку, за считанные минуты?",92
"Габриель ходит 29 километров каждый день по своей любимой пешеходной тропе, которая включает в себя 15 километров прогулки по пляжу и 14 километров прогулки по тротуару.На тротуаре Габриель ходит в два раза выше скорости, которую она делает на пляже.Однако из -за недавней травмы скорость Габриель снизилась на половину как на пляже, так и на тротуаре.Если на пляже проведено 45 минут ее прогулки, сколько времени ей нужно, чтобы завершить всю 29-километровую прогулку, за считанные минуты?",66
"Роя проходит 21 километры каждый день на своей любимой пешеходной тропе, которая включает в себя 11 километров прогулки по пляжу и 10 километров прогулки по тротуару.На тротуаре Роя ходит в два раза выше скорости, которую она делает на пляже.Однако из -за недавней травмы скорость Роя снизилась на половину как на пляже, так и на тротуаре.Если на пляж проведет 44 минуты ее прогулки, сколько времени ей нужно, чтобы завершить всю 21-километровую прогулку, за считанные минуты?",64
"Яра ходит 28 километров каждый день на своей любимой пешеходной тропе, которая включает в себя 14 километров прогулки по пляжу и 14 километров прогулки по тротуару.На тротуаре Яра ходит в два раза выше скорости, которую она делает на пляже.Однако из -за недавней травмы скорость Яра снизилась на половину как на пляже, так и на тротуаре.Если на пляж тратится 56 минут ее прогулки, сколько времени ей нужно, чтобы завершить всю 28-километровую прогулку, за считанные минуты?",84
"Собака Матео имеет 149 щенков, 25 из которых имеют пятна.У собаки Мухаммеда 49 щенков, 12 из которых имеют пятна.У Ибрагима есть 54 собаки, каждая из которых имеет 13 щенков с пятнами.После посещения ветеринара Матео обнаружил, что половина его неподвижных щенков на самом деле имеют пятна, которые раньше не были видны.Какой процент всех щенков имеет пятна?",89
"У собаки Оскара 130 щенков, 28 из которых имеют пятна.У собаки Андре 44 щенка, 14 из которых имеют пятна.У Джина 66 собак, каждая из которых имеет 11 щенков с пятнами.После посещения ветеринара Оскар обнаружил, что половина его неподвижных щенков на самом деле имеют пятна, которые раньше не были видны.Какой процент всех щенков имеет пятна?",91
"У собаки Леона 99 щенков, 23 из которых имеют пятна.У собаки Джеймса 53 щенка, 12 из которых имеют пятна.У Хироши есть 58 собак, каждая из которых имеет 11 щенков с пятнами.После посещения ветеринара Леон обнаружил, что половина его неподвижных щенков на самом деле имеют пятна, которые раньше не были видны.Какой процент всех щенков имеет пятна?",90
"У собаки Павела 100 щенков, 22 из которых имеют пятна.У собаки Хироши 40 щенков, 15 из которых имеют пятна.У Сантьяго есть 55 собак, каждая из которых имеет 12 щенков с пятнами.После посещения ветеринара Павел обнаружил, что половина его неподвижных щенков на самом деле имеют пятна, которые раньше не были видны.Какой процент всех щенков имеет пятна?",92
"У собаки Кая 135 щенков, 17 из которых имеют пятна.У собаки Араша 43 щенка, 14 из которых имеют пятна.У Карлоса 54 собаки, каждая из которых имеет 13 щенков с пятнами.После посещения ветеринара Кай обнаружил, что половина его неподвижных щенков на самом деле имеют места, которые раньше не были видны.Какой процент всех щенков имеет пятна?",90
"У собаки Дешуна 146 щенков, 28 из которых имеют пятна.У собаки Мухаммеда 43 щенка, 12 из которых имеют пятна.У Хироши есть 51 собака, каждая из которых имеет 11 щенков с пятнами.После посещения ветеринара Дешон обнаружил, что половина его неподвижных щенков на самом деле имеют места, которые не были видны раньше.Какой процент всех щенков имеет пятна?",88
"У собаки Луки 103 щенка, 25 из которых имеют пятна.У собаки Диего 42 щенка, 12 из которых имеют пятна.У Ноя 67 собак, у каждого из которых есть 15 щенков с пятнами.После посещения ветеринара Лука обнаружила, что половина его неподвижных щенков на самом деле имеют пятна, которые раньше не были видны.Какой процент всех щенков имеет пятна?",94
"У собаки Ноя 113 щенков, 23 из которых имеют пятна.У собаки Касима 47 щенков, 15 из которых имеют пятна.Тарик имеет 60 собак, каждая из которых имеет 9 щенков с пятнами.После посещения ветеринара Ной обнаружил, что половина его неподвижных щенков на самом деле имеют пятна, которые раньше не были видны.Какой процент всех щенков имеет пятна?",89
"У собаки Юки 95 щенков, 23 из которых имеют пятна.У собаки Кая 53 щенка, 12 из которых имеют пятна.У Фейсала 68 собак, у каждого из которых 14 щенков с пятнами.После посещения ветеринара Юки обнаружил, что половина его неподвижных щенков на самом деле имеют пятна, которые не были видны раньше.Какой процент всех щенков имеет пятна?",93
"У собаки Джина 100 щенков, 28 из которых имеют пятна.У собаки Тео 50 щенков, 13 из которых имеют пятна.У Ноя 58 собак, у каждого из которых 10 щенков с пятнами.После посещения ветеринара Джин обнаружил, что половина его неподвижных щенков на самом деле имеют пятна, которые раньше не были видны.Какой процент всех щенков имеет пятна?",90
"У Фатимы и Мэй есть 247 минут, чтобы ходить в спортзал вместе, начиная с их дома.Им требуется 26 минут, чтобы добраться до угла, где находится библиотека.Им требуется еще 18 минут, чтобы добраться до продуктового магазина.Когда они достигают продуктового магазина, они помнят, что забыли свои кошельки дома, поэтому им нужно вернуться, чтобы забрать свои кошельки, а затем снова вернуться в продуктовый магазин.Как только они достигают продуктового магазина во второй раз, сколько еще им нужно добраться до спортзала, не опоздав?",115
"Габриэль и Павел имеют 212 минут, чтобы вместе ходить в спортзал, начиная с их дома.Им требуется 29 минут, чтобы добраться до угла, где находится библиотека.Им требуется еще 19 минут, чтобы добраться до кино.Когда они достигают кино, они помнят, что забыли свои кошельки дома, поэтому им нужно вернуться, чтобы забрать свои кошельки, а затем снова вернуться в кино.Как только они достигают кино во второй раз, сколько еще им нужно добраться до спортзала, не опоздав?",68
"У Надя и Санджая есть 261 минута, чтобы пойти в продуктовый магазин вместе, начиная с их дома.Им требуется 24 минуты, чтобы добраться до угла, где находится спортзал.Им требуется еще 27 минут, чтобы добраться до торгового центра.Когда они достигают торгового центра, они помнят, что забыли свои кошельки дома, поэтому им нужно вернуться, чтобы забрать свои кошельки, а затем снова вернуться к торговому центру.Как только они достигают торгового центра во второй раз, сколько еще им нужно добраться до продуктового магазина, не опоздав?",108
"У Тиаго и Али есть 163 минуты, чтобы ходить в спортзал вместе, начиная с их дома.Им требуется 21 минуту, чтобы добраться до угла, где находится банк.Им требуется еще 28 минут, чтобы добраться до кино.Когда они достигают кино, они помнят, что забыли свои кошельки дома, поэтому им нужно вернуться, чтобы забрать свои кошельки, а затем снова вернуться в кино.Как только они достигают кино во второй раз, сколько еще им нужно добраться до спортзала, не опоздав?",16
"У Габриэля и Кая есть 137 минут, чтобы ходить в спортзал вместе, начиная с их дома.Им требуется 16 минут, чтобы добраться до угла, где находится парк.Им требуется еще 22 минуты, чтобы добраться до торгового центра.Когда они достигают торгового центра, они помнят, что забыли свои кошельки дома, поэтому им нужно вернуться, чтобы забрать свои кошельки, а затем снова вернуться к торговому центру.Как только они достигают торгового центра во второй раз, сколько еще им нужно добраться до спортзала, не опоздав?",23
"У Тары и Ананьи есть 163 минуты, чтобы пойти в продуктовый магазин вместе, начиная с их дома.Им требуется 16 минут, чтобы добраться до угла, где находится библиотека.Им требуется еще 29 минут, чтобы добраться до торгового центра.Когда они достигают торгового центра, они помнят, что забыли свои кошельки дома, поэтому им нужно вернуться, чтобы забрать свои кошельки, а затем снова вернуться к торговому центру.Как только они достигают торгового центра во второй раз, сколько еще им нужно добраться до продуктового магазина, не опоздав?",28
"У Бодхи и Кая есть 267 минут, чтобы ходить в библиотеку вместе, начиная с их дома.Им требуется 17 минут, чтобы добраться до угла, где находится спортзал.Им требуется еще 19 минут, чтобы добраться до кино.Когда они достигают кино, они помнят, что забыли свои кошельки дома, поэтому им нужно вернуться, чтобы забрать свои кошельки, а затем снова вернуться в кино.Как только они достигают кино во второй раз, сколько еще им нужно добраться до библиотеки, не опоздав?",159
"У Беатриса и Сакуры есть 253 минуты, чтобы ходить в спортзал вместе, начиная с их дома.Им требуется 16 минут, чтобы добраться до угла, где находится торговый центр.Им требуется еще 58 минут, чтобы добраться до кино.Когда они достигают кино, они помнят, что забыли свои кошельки дома, поэтому им нужно вернуться, чтобы забрать свои кошельки, а затем снова вернуться в кино.Как только они достигают кино во второй раз, сколько еще им нужно добраться до спортзала, не опоздав?",31
"Рави и Изабелле имеют 266 минут, чтобы ходить в кино вместе, начиная с их дома.Им требуется 14 минут, чтобы добраться до угла, где находится банк.Им требуется еще 38 минут, чтобы добраться до библиотеки.Когда они достигают библиотеки, они помнят, что забыли свои кошельки дома, поэтому им нужно вернуться, чтобы забрать свои кошельки, а затем снова вернуться к библиотеке.Как только они достигают библиотеки во второй раз, сколько еще им нужно добраться до кино, не опоздав?",110
"У Чена и Диего есть 221 минута, чтобы ходить в парк вместе, начиная с их дома.Им требуется 28 минут, чтобы добраться до угла, где находится торговый центр.Им требуется еще 22 минуты, чтобы добраться до кино.Когда они достигают кино, они помнят, что забыли свои кошельки дома, поэтому им нужно вернуться, чтобы забрать свои кошельки, а затем снова вернуться в кино.Как только они достигают кино во второй раз, сколько еще им нужно добраться до парка, не опоздав?",71
"Жаря может жонглировать 480 мячами.Десятая из мячей - шары для гольфа, а остальные - теннисные шарики.1/2 мячей для гольфа фиолетовые, из которых 1/6 отмечены.1/9 теннисных шаров - индиго, и все, кроме трети этих шаров индиго, отмечены.Сколько отмеченных шаров в общей сложности?",36
"Жаря может жонглировать 360 мячами.Половина мячей - теннисные шарики, а остальные - мячи для гольфа.Треть теннисных мячей - чирки, из которых 1/4 отмечены.1/3 из мячей для гольфа розовые, и все, кроме пятого из этих розовых шаров, отмечены.Сколько отмеченных шаров в общей сложности?",63
"Жаря может жонглировать 360 мячами.Десятая из мячей - шары для гольфа, а остальные - теннисные шарики.1/3 из мячей для гольфа белые, из которых 1/4 отмечены.Половина теннисных шаров - пурпурные, и все, кроме 1/2 из этих пурпурных шаров.Сколько отмеченных шаров в общей сложности?",84
"Жаря может жонглировать 240 мячами.1/4 мячей - теннисные шарики, а остальные - мячи для гольфа.1/3 теннисных мячей черные, из которых 1/5 отмечены.Треть шаров для гольфа голубой, и все, кроме половины этих головых шаров, отмечены.Сколько отмеченных шаров в общей сложности?",34
"Жаря может жонглировать 300 мячами.Десятая из мячей - теннисные шарики, а остальные - шарики для гольфа.Пятая часть теннисных мячей - пурпурный, из которых третий отмечен.1/3 из мячей для гольфа фиолетовые, и все, кроме половины этих фиолетовых шаров, отмечены.Сколько отмеченных шаров в общей сложности?",47
"Жаря может жонглировать 160 мячами.Четверть мячей - теннисные шарики, а остальные - мячи для гольфа.1/5 теннисных шаров фиолетовые, из которых 1/4 отмечены.1/8 мячей для гольфа являются индиго, и все, кроме 1/5 из этих шаров индиго, отмечены.Сколько отмеченных шаров в общей сложности?",14
"Жаря может жонглировать 160 мячами.Четверть мячей - теннисные шарики, а остальные - мячи для гольфа.Четверть теннисных мячей - чирки, из которых 1/5 отмечены.Четверть мячей для гольфа розовые, и все, кроме половины этих розовых шаров, отмечены.Сколько отмеченных шаров в общей сложности?",17
"Жаря может жонглировать 120 мячами.Четверть шаров - шарики для гольфа, а остальные - теннисные шарики.1/5 мячей для гольфа желтые, из которых 1/6 отмечены.1/3 теннисных шаров розовые, и все, кроме 1/6 из этих розовых шаров.Сколько отмеченных шаров в общей сложности?",26
"Жаря может жонглировать 540 мячами.1/9 мячей - мячи для гольфа, а остальные - теннисные шарики.1/2 мячей для гольфа фиолетовые, из которых десятая отмечена.Восьмой из теннисных шаров коричневые, и все, кроме 1/10 из этих коричневых шаров, отмечены.Сколько отмеченных шаров в общей сложности?",57
"Жаря может жонглировать 400 мячами.1/5 мячей - шарики для гольфа, а остальные - теннисные шарики.1/4 из мячей для гольфа - чирки, из которых пятая отмечена.Восьмой из теннисных мячей синие, и все, кроме десятой из этих синих шаров.Сколько отмеченных шаров в общей сложности?",40
"Хироши имеет 20 гектаров абрикосового поля.Есть 28 абрикосов на две четверти гектара.Хироши может собирать свои абрикосы каждые 6 месяцев.Кроме того, Хироши владеет виноградным полем 12 гектаров, которое производит 14 виноград на гектар.Виноград можно собирать каждые 4 месяца.В течение двух лет, сколько еще абрикосов собирает Хироши, чем виноград?",3472
"Оливер имеет 15 гектаров виноградного поля.Есть 15 винограда на 1/3 гектара.Оливер может собирать свой виноград каждые 4 месяца.Кроме того, Oliver владеет поле Apple 9 гектаров, которое производит 16 яблок на гектар.Яблоки можно собирать каждые 4 месяца.В течение двух лет, сколько больше винограда собирает Оливер, чем яблоки?",3186
"Мухаммед имеет 35 квадратных метров виноградного поля.Есть 12 винограда на 2/3 квадратного метра.Мохаммед может собирать свой виноград каждые 6 месяцев.Кроме того, Мохаммед владеет абрикосовым полем площадью 11 квадратных метров, которое производит 18 абрикосов на квадратный метр.Абрикосы можно собирать каждые 4 месяца.В течение двух лет, сколько больше винограда собирает Мухаммед, чем абрикосы?",1332
"Yusuf имеет 10 квадратных ярдов арбуза.Есть 19 арбузов на две шестой квадратного двора.Юсуф может собирать свои арбузы каждые 2 месяца.Кроме того, Yusuf владеет виноградным полем площадью 9 квадратных дворов, которое производит 14 виноград на квадратный ярд.Виноград можно собирать каждые 4 месяца.В течение двух лет, сколько больше арбузов собирают Юсуф, чем виноград?",6084
"Рави имеет 10 квадратных ярдов бананового поля.Есть 36 бананов на четыре пятых квадратных ярд.Рави может собирать свои бананы каждые 4 месяца.Кроме того, Рави владеет абрикосовым полем площадью 13 квадратных дворов, которое производит 12 абрикосов на квадратный ярд.Абрикосы можно собирать каждые 4 месяца.В течение двух лет, сколько больше бананов собирает Рави, чем абрикосы?",1764
"Тиаго имеет 25 квадратных ярдов оранжевого поля.Есть 23 апельсина на четверть квадратного двора.Тиаго может собирать свои апельсины каждые 12 месяцев.Кроме того, Thiago владеет виноградным полем площадью 9 квадратных дворов, которое производит 13 виноград на квадратный ярд.Виноград можно собирать каждые 4 месяца.В течение двух лет, сколько больше апельсинов собирают тиаго, чем виноград?",3898
"У Карлоса 80 квадратных метров киви поля.Есть 29 киви на четыре шестой квадратного метра.Карлос может собирать свои киви каждые 12 месяцев.Кроме того, Carlos владеет абрикосовым полем площадью 10 квадратных метров, которое производит 17 абрикосов на квадратный метр.Абрикосы можно собирать каждые 4 месяца.В течение двух лет, сколько еще киви собирает Карлос, чем абрикосы?",5940
"У Дешона 10 гектаров бананового поля.Есть 20 бананов на 2/4 гектара.Деше может собирать свои бананы каждые 3 месяца.Кроме того, Deshawn владеет оранжевым полем 11 гектаров, которое производит 14 апельсинов на гектар.Апельсины можно собирать каждые 4 месяца.В течение двух лет, сколько больше бананов Дешоун собирает урожай, чем апельсины?",2276
"У Дешона 10 гектаров виноградного поля.Есть 33 винограда на одну восьмую гектара.Деше может собирать свой виноград каждые 12 месяцев.Кроме того, Deshawn владеет ананасовым полем 10 гектаров, которое производит 18 ананасов на гектар.Ананасы можно собирать каждые 4 месяца.В течение двух лет, сколько больше винограда Deshawn собирает урожай, чем ананасы?",4200
"Ной имеет 85 гектаров грушевого поля.Есть 13 груш на две шестой гектара.Ной может собирать свои груши каждые 12 месяцев.Кроме того, Ноа владеет абрикосовым полем 11 гектаров, которое производит 12 абрикосов на гектар.Абрикосы можно собирать каждые 4 месяца.В течение двух лет, сколько больше груш собирает Ной, чем абрикосы?",5838
"Доктор Миллер продал свою квартиру за 490000 долларов.Он заплатил судебные издержки, которые составили 1% от цены продажи, а также заплатил плату за риэлтор, которая составляет 5% от цены продажи.Он также заплатил 390000 долл. США за оставшуюся сумму займа в квартире и 10000 долл. США за закрытие расходов.Доктор Миллер использовал чистую выручку от продажи квартиры, чтобы инвестировать в акции.Акции набирали 10% каждый год в течение двух лет.Сколько за два года была чистая доходы доктора Миллера?",73326
"Мистер Мартинес продал свой коттедж за 690000 долларов.Он заплатил плату за перевод, которые составили 3% от цены продажи, а также заплатил брокерский сбор, который составляет 6% от цены продажи.Он также заплатил 590000 долларов за оставшуюся сумму займа на коттедже и 5000 долларов за закрытие расходов.Г -н Мартинес использовал чистую выручку от продажи коттеджа для инвестиций в акции.Акции набирали 10% каждый год в течение двух лет.Насколько за два года была чистая доходы мистера Мартинеса?",39809
"Профессор Миллер продал свою квартиру за 810000 долларов.Он заплатил регистрационные сборы, которые составили 3% от цены продажи, а также заплатил агенту, которая составляет 3% от цены продажи.Он также заплатил 670000 долларов за оставшуюся сумму займа в квартире и 20000 долл. США за расходы на закрытие.Профессор Миллер использовал чистую выручку от продажи квартиры, чтобы инвестировать в акции.Акции набирали 10% каждый год в течение двух лет.Сколько за два года была чистая доходы профессора Миллера?",86394
"Профессор Миллер продал свою квартиру за 760000 долларов.Он заплатил регистрационные сборы, которые составили 3% от цены продажи, а также заплатил агенту, которая составляет 4% от цены продажи.Он также заплатил 570000 долл. США за оставшуюся сумму займа в квартире и 15000 долл. США за расходы на закрытие.Профессор Миллер использовал чистую выручку от продажи квартиры, чтобы инвестировать в акции.Акции набирали 10% каждый год в течение двух лет.Сколько за два года была чистая доходы профессора Миллера?",147378
"Доктор Смит продал свой дом за 590000 долларов.Он заплатил судебные издержки, которые составили 3% от цены продажи, а также заплатил риэлторский сбор, который составляет 4% от цены продажи.Он также заплатил 380000 долл. США за оставшуюся сумму займа в доме и 25000 долл. США за расходы на закрытие.Доктор Смит использовал чистую выручку от продажи дома для инвестиций в акции.Акции набирали 10% каждый год в течение двух лет.Сколько было доходов доктора Смита через два года?",173877
"Профессор Смит продал свой дом за 560000 долларов.Он заплатил регистрационные сборы, которые составили 3% от цены продажи, а также заплатил агенту, которая составляет 4% от цены продажи.Он также заплатил 440000 долларов за оставшуюся сумму займа в доме и 15000 долларов за закрытие расходов.Профессор Смит использовал чистую выручку от продажи дома для инвестиций в акции.Акции набирали 10% каждый год в течение двух лет.Сколько за два года за два года была чистая доходы профессора Смита?",79618
"Доктор Миллер продал свою квартиру за 550000 долларов.Он заплатил судебные издержки, которые составили 2% от цены на продажу, а также заплатил риэлторский сбор, который составляет 3% от цены продажи.Он также заплатил 370000 долл. США за оставшуюся сумму займа в квартире и 25000 долл. США за расходы на закрытие.Доктор Миллер использовал чистую выручку от продажи квартиры, чтобы инвестировать в акции.Акции набирали 10% каждый год в течение двух лет.Сколько за два года была чистая доходы доктора Миллера?",154275
"Профессор Браун продал свою виллу за 460000 долларов.Он заплатил регистрационные сборы, которые составили 3% от цены продажи, а также заплатил агенту, которая составляет 2% от цены продажи.Он также заплатил 300000 долларов за оставшуюся сумму займа на вилле и 15000 долларов за закрытие расходов.Профессор Браун использовал чистую выручку от продажи виллы для инвестиций в акции.Акции набирали 10% каждый год в течение двух лет.Сколько за два года была чистая доходы профессора Брауна?",147620
"Профессор Мартинес продал свой коттедж за 470000 долларов.Он заплатил регистрационные сборы, которые составляли 2% от цены продажи, а также заплатил агенту, которая составляет 3% от цены продажи.Он также заплатил 400000 долларов за оставшуюся сумму займа на коттедже и 15000 долларов за закрытие расходов.Профессор Мартинес использовал чистую выручку от продажи коттеджа для инвестиций в акции.Акции набирали 10% каждый год в течение двух лет.Сколько за два года была чистая доходы профессора Мартинеса?",38115
"Доктор Браун продал свою виллу за 300000 долларов.Он заплатил судебные издержки, которые составили 3% от цены продажи, а также заплатил риэлторский сбор, который составляет 3% от цены продажи.Он также заплатил 200000 долларов за оставшуюся сумму займа на вилле и 20000 долл. США за закрытие расходов.Доктор Браун использовал чистую выручку от продажи виллы для инвестиций в акции.Акции набирали 10% каждый год в течение двух лет.Насколько за два года была чистая прибыль доктора Брауна?",75020
"Оливия делает чай, используя чайные ложки сахара и чашки воды в соотношении 51: 5.Она также использует 7 столовых ложек молока на каждые 5 стаканов воды и использует 2 столовые ложки тяжелых сливок для каждой чайной ложки сахара.Она использовала в общей сложности 220 чайных ложек сахара, чашки воды, столовые ложки сливок и столовые ложки молока.Сколько чайных ложек сахара она использовала?",68
"Ольга делает кофе, используя чайные ложки сахара и чашки воды в соотношении 48:10.Она также использует 6 столовых ложек молока на каждые 10 стаканов воды и использует 2 столовые ложки тяжелых сливок для каждой чайной ложки сахара.Она использовала в общей сложности 210 чайных ложек сахара, чашки воды, столовые ложки сливок и столовые ложки молока.Сколько чайных ложек сахара она использовала?",63
"Габриель делает чай, используя чайные ложки сахара и чашки воды в соотношении 54:12.Она также использует 7 столовых ложек молока на каждые 2 чашки воды и использует 2 столовые ложки тяжелых сливок для каждой чайной ложки сахара.Она использовала в общей сложности 240 чайных ложек сахара, чашки воды, столовые ложки сливок и столовые ложки молока.Сколько чайных ложек сахара она использовала?",60
"MIA делает кофе, используя чайные ложки сахара и чашки воды в соотношении 48: 7.Она также использует 9 столовых ложек молока на каждые 7 стаканов воды и использует 2 столовые ложки тяжелых сливок для каждой чайной ложки сахара.Она использовала в общей сложности 170 чайных ложек сахара, чашки воды, столовые ложки сливок и столовые ложки молока.Сколько чайных ложек сахара она использовала?",51
"Кимиа делает кофе, используя чайные ложки сахара и чашки воды в соотношении 55:44.Она также использует 6 столовых ложек молока на каждые 24 чашки воды и использует 2 столовые ложки тяжелых сливок для каждой чайной ложки сахара.Она использовала в общей сложности 240 чайных ложек сахара, чашки воды, столовые ложки сливок и столовые ложки молока.Сколько чайных ложек сахара она использовала?",60
"Ума делает чай, используя чайные ложки сахара и чашки воды в соотношении 45: 5.Она также использует 8 столовых ложек молока на каждые 4 чашки воды и использует 2 столовые ложки тяжелых сливок для каждой чайной ложки сахара.Она использовала в общей сложности 210 чайных ложек сахара, чашки воды, столовые ложки сливок и столовые ложки молока.Сколько чайных ложек сахара она использовала?",63
"Фатима делает чай, используя чайные ложки сахара и чашки воды в соотношении 52:30.Она также использует 6 столовых ложек молока на каждые 20 чашек воды и использует 2 столовые ложки тяжелых сливок для каждой чайной ложки сахара.Она использовала в общей сложности 210 чайных ложек сахара, чашки воды, столовые ложки сливок и столовые ложки молока.Сколько чайных ложек сахара она использовала?",56
"Беатрис делает кофе, используя чайные ложки сахара и чашки воды в соотношении 48:12.Она также использует 7 столовых ложек молока на каждые 7 стаканов воды и использует 2 столовые ложки тяжелых сливок для каждой чайной ложки сахара.Она использовала в общей сложности 210 чайных ложек сахара, чашки воды, столовые ложки сливок и столовые ложки молока.Сколько чайных ложек сахара она использовала?",60
"Куинн делает кофе, используя чайные ложки сахара и чашки воды в соотношении 63: 9.Она также использует 7 столовых ложек молока на каждые 7 стаканов воды и использует 2 столовые ложки тяжелых сливок для каждой чайной ложки сахара.Она использовала в общей сложности 230 чайных ложек сахара, чашки воды, столовые ложки сливок и столовые ложки молока.Сколько чайных ложек сахара она использовала?",70
"Захра делает чай, используя чайные ложки сахара и чашки воды в соотношении 60: 5.Она также использует 6 столовых ложек молока на каждые 2 чашки воды и использует 2 столовые ложки тяжелых сливок для каждой чайной ложки сахара.Она использовала в общей сложности 210 чайных ложек сахара, чашки воды, столовые ложки сливок и столовые ложки молока.Сколько чайных ложек сахара она использовала?",63
"Гигантская пицца имеет 87 порций.Айша может есть 3 порции в день, в то время как Амелия может есть вдвое больше, а Ава может есть в четыре раза больше, чем Амелия.Через 2 дня Ава решает пойти на диету и сократить потребление вдвое.Сколько дней потребуется, чтобы пицца была полностью съедена?",3
"Гигантская лазанья имеет 102 штук.Леон может есть 3 штуки в день, в то время как Мохаммед может есть трижды в трижды, а Сакура может есть в два раза больше, чем Мухаммед.Через 2 дня Сакура решает пойти на диету и сократить потребление вдвое.Сколько дней потребуется, чтобы лазанья была полностью съедена?",4
"Гигантский пирог имеет 122 штук.Ананья может есть 2 штуки в день, в то время как Кимия может есть трижды в трижды, а Фатима может есть в пять раз больше, чем кимия.Через 2 дня Фатима решает пойти на диету и сократить потребление вдвое.Сколько дней потребуется, чтобы пирог был полностью съеден?",4
"Гигантский торт имеет 126 порций.Кимия может есть 3 порции в день, в то время как Фатима может есть в три раза больше, а Дафна может есть в четыре раза больше, чем Фатима.Через 2 дня Дафна решает приступить на диету и сократить потребление вдвое.Сколько дней потребуется, чтобы торт был полностью съеден?",3
"Гигантский пирог имеет 99 штук.Луис может есть 2 штуки в день, в то время как Амелия может есть в три раза больше, а Айша может есть в пять раз больше, чем Амелия.Через 2 дня Аиша решает продолжить диету и сократить потребление вдвое.Сколько дней потребуется, чтобы пирог был полностью съеден?",3
"Гигантская пицца имеет 110 порций.Тара может есть 2 порции в день, в то время как Бодхи может есть в три раза больше, а Оливия может есть вдвое больше, чем Бодхи.Через 2 дня Оливия решает продолжить диету и сократить потребление вдвое.Сколько дней потребуется, чтобы пицца была полностью съедена?",7
"Гигантский пирог имеет 126 порций.Эстебан может есть 3 порции в день, в то время как Тео может есть трижды в трижды, а Габриэль может есть в четыре раза больше, чем Тео.Через 2 дня Габриэль решает пойти на диету и сократить потребление вдвое.Сколько дней потребуется, чтобы пирог был полностью съеден?",3
"Гигантская пицца имеет 105 порций.Харука может есть 3 порции в день, в то время как Дафна может есть в четыре раза больше, а араш может есть вдвое больше, чем Дафна.Через 2 дня Араш решает пойти на диету и сократить потребление вдвое.Сколько дней потребуется, чтобы пицца была полностью съедена?",3
"Гигантский торт имеет 87 порций.Оливер может есть 3 порции в день, в то время как Павел может есть вдвое больше, а Мэй может есть в два раза больше, чем Павел.Через 2 дня MEI решает пойти на диету и сократить потребление вдвое.Сколько дней потребуется, чтобы торт был полностью съеден?",5
"Гигантский торт имеет 120 порций.Жасмин может есть 5 порций в день, в то время как Роя может есть вдвое больше, а София может есть вдвое больше, чем Роя.Через 2 дня София решает пойти на диету и сократить потребление вдвое.Сколько дней потребуется, чтобы торт был полностью съеден?",4
"Санджай получает 32 электронные письма в день.25% этих электронных писем не требуют никакого ответа.Из остальных Санджай может реагировать только на 2 меньше, чем из них.Сколько электронных писем отвечает Санджай на 4 -дневной рабочей неделе?Санджай работает сверхурочно в последний день, чтобы он мог ответить на 20% больше электронных писем, чем обычно.",42
"Леон получает 30 электронных писем в день.20% этих электронных писем не требуют никакого ответа.Из остальных Леон может реагировать только на 2 меньше, чем половина из них.Сколько писем отвечает Леон на 6 -дневной рабочей неделе?Леон работает сверхурочно в последний день, чтобы он мог ответить на 50% больше электронных писем, чем обычно.",65
"Оливер получает 32 электронных писем в день.25% этих электронных писем не требуют никакого ответа.Из остальных Оливер может реагировать только на 2 меньше, чем 1/2 из них.Сколько писем отвечает Оливер на 4 -дневной рабочей неделе?Оливер работает сверхурочно в последний день, чтобы он мог ответить на 10% больше электронных писем, чем обычно.",41
"Луис получает 30 электронных писем в день.20% этих электронных писем не требуют никакого ответа.Из остальных Луис может реагировать только на 4 меньше, чем 1/2 из них.Сколько электронных писем отвечает Луис на 5 -дневной рабочей неделе?Луис работает сверхурочно в последний день, чтобы он мог ответить на 25% больше электронных писем, чем обычно.",42
"Хироши получает 32 электронные письма в день.25% этих электронных писем не требуют никакого ответа.Из остальных Хироши может реагировать только на 2 меньше, чем 1/2 из них.На сколько электронных писем отвечает Хироши на 5 -дневной рабочей неделе?Хироши работает сверхурочно в последний день, чтобы он мог ответить на 30% больше электронных писем, чем обычно.",53
"Карлос получает 32 электронных писем в день.25% этих электронных писем не требуют никакого ответа.Из остальных Карлос может реагировать только на 4 меньше, чем половина из них.Сколько электронных писем отвечает на 4 -дневную рабочую неделю?Карлос работает сверхурочно в последний день, чтобы он мог ответить на 75% больше электронных писем, чем обычно.",38
"Рави получает 25 электронных писем в день.12% этих электронных писем не требуют никакого ответа.Из остальных Рави может реагировать только на 3 меньше, чем половина из них.Сколько писем отвечает Рави на 4 -дневной рабочей неделе?Рави работать сверхурочно в последний день, чтобы он мог ответить на 75% больше электронных писем, чем обычно.",38
"Юки получает 32 электронных писем в день.25% этих электронных писем не требуют никакого ответа.Из остальных Юки может реагировать только на 2 меньше, чем 1/2 из них.На сколько электронных писем отвечает Юки на 6 -дневной рабочей неделе?Юки работает сверхурочно в последний день, чтобы он мог ответить на 10% больше электронных писем, чем обычно.",61
"Мухаммед получает 25 электронных писем в день.12% этих электронных писем не требуют никакого ответа.Из остальных Мухаммед может реагировать только на 3 меньше, чем половина из них.На сколько электронных писем отвечает Мухаммед на 5 -дневной рабочей неделе?Мухаммед работал сверхурочно в последний день, чтобы он мог ответить на 25% больше электронных писем, чем обычно.",42
"Ибрагим получает 32 электронные письма в день.25% этих электронных писем не требуют никакого ответа.Из остальных Ибрагим может реагировать только на 2 меньше, чем половина из них.Сколько электронных писем отвечает на 4 -дневную рабочую неделю?Ибрагим работает сверхурочно в последний день, чтобы он мог ответить на 60% больше электронных писем, чем обычно.",46
"Габриэль катает D4 Die.Насколько более вероятно (выражается как разница в процентных точках), что он катит число больше, чем 1 дважды подряд, он бросает четыре нечетных числа подряд?",50
"Тарик катает четырехстороннюю кубик.Насколько более вероятно (выражается как разница в процентных точках), что он катит число больше, чем 2 дважды подряд, он бросает четыре цифры подряд?",18
"Мухаммед катится 20-боковой кубик.Насколько более вероятно (выражается как разница в процентных точках), что он катит число больше, чем 10 дважды подряд, он бросает четыре цифры подряд?",18
"Виктор бросает 20-боковую кубик.Насколько более вероятно (выражается как разница в процентных точках), что он катит число больше, чем 2 дважды подряд, он бросает четыре цифры подряд?",74
"Дешон катает D10 Die.Насколько более вероятно (выражается как разница в процентных точках), что он катит число больше, чем 5 дважды подряд, он бросает четыре цифры подряд?",18
"Матео катается на D6 Die.Насколько более вероятно (выражено как разница в процентных точках), что он катит число больше, чем 3 дважды подряд, он бросает четыре нечетных числа подряд?",18
"Юсуф катится 10-боковой кубик.Насколько более вероятно (выражается как разница в процентных точках), что он катит число больше, чем 5 дважды подряд, он бросает четыре цифры подряд?",18
"Оливер катает D8 Die.Насколько более вероятно (выражается как разница в процентных точках), что он катит число больше, чем 2 дважды подряд, он бросает четыре нечетных числа подряд?",50
"Арджун катает D6 Die.Насколько более вероятно (выражено как разница в процентных точках), что он катит число больше, чем 3 дважды подряд, он бросает четыре нечетных числа подряд?",18
"Лиам катится на D20.Насколько более вероятно (выражено как разница в процентных точках), что он катит число больше, чем 1 дважды подряд, он бросает четыре цифры подряд?",84
"Первоначально у Виктора было 9 десятков блинов, затем съел 3 блины на завтрак, а затем спрятал остальное во дворе для охоты на пасхальную яйца.Лиам находит 5 блинов.Юсуф находит в два раза больше, чем Лиам.Павел находит на 4 меньше, чем Юсуф.Дафна находит вдвое меньше, чем Павел, и Джеймс находит четыре дюжины блинов больше, чем Юсуф и Лиам вместе взятые.Сколько блинов все еще скрыто во дворе?",18
"Первоначально у Али было 11 десятков печенья, затем съел 3 печенья на завтрак, а затем спрятал остальное во дворе для охоты на пасхальную яйца.Фейсал находит 5 печенья.Хироши находит трижды в три раза больше, чем Фейсал.Бенджамин находит 3 меньше, чем Хироши.Вэй находит в четверть столько, сколько Бенджамин, и Куинн находит три дюжины печенья больше, чем Хироши и Фейсал вместе взятые.Сколько куки все еще скрыто во дворе?",38
"Первоначально у Беатриса было 10 дюжины блинов, затем съел 3 блины на завтрак, а затем спрятал остальное во дворе для охоты на пасхальную яйца.Кимия находит 6 блинов.София находит в три раза больше, чем Кимия.Матео находит на 2 меньше, чем София.Умар находит вдвое меньше, чем Матео, а Мэй находит два десятка блинов больше, чем София и Кимия вместе взятые.Сколько блинов все еще скрыто во дворе?",21
"Первоначально у Захры было 9 дюжины вафель, а затем ели 5 вафлей на завтрак, а затем спрятал остальное во дворе для охоты на пасхальную яйца.Виктор находит 5 вафлей.Андре находит в три раза больше, чем Виктор.Рания находит на 3 меньше, чем Андре.Ума находит 1/4 столько, сколько Рания, а Араш находит три дюжины вафли больше, чем Андре и Виктор.Сколько вафлей все еще скрыто во дворе?",12
"Первоначально у Кая было 7 десятков блинов, затем ел 2 блинов на завтрак, а затем спрятал остальное во дворе для охоты на пасхальную яйца.Ниа находит 6 блинов.Изабелла находит в два раза больше NIA.Роя находит на 4 меньше, чем Изабелла.Диего находит в четверть столько, сколько Роя, и Яра находит на два десятка блинов больше, чем Изабелла и Ниа вместе взятые.Сколько блинов все еще скрыто во дворе?",12
"Первоначально у Олги было 8 десятков блинов, затем ела 5 блинов на завтрак, а затем спрятала остальное во дворе для охоты на пасхальную яйца.Габриель находит 3 блинов.Жасмин находит в четыре раза больше, чем Габриель.Тарик находит на 2 меньше, чем Жасмин.Рави находит 1/5 до тарика, а Алехандро находит два десятка блинов больше, чем Жасмин и Габриель вместе взятые.Сколько блинов все еще скрыто во дворе?",25
"Первоначально у Изабеллы было 11 дюжины блинов, а затем ела 5 блинов на завтрак, а затем спрятала остальное во дворе для охоты на пасхальное яйцо.Елена находит 5 блинов.Касим находит в два раза больше Елены.Санджай находит на 1 меньше, чем Касим.Винни находит 1/9 до Санджая, а Фейсал находит четыре дюжины блинов больше, чем Касим и Елена вместе взятые.Сколько блинов все еще скрыто во дворе?",39
"Первоначально Валерия имела 11 дюжины блинов, затем ела 2 блины на завтрак, а затем спрятала остальное во дворе для охоты на пасхальную яйца.Джеймс находит 5 блинов.Джамал находит в три раза больше Джеймса.Дафна находит на 3 меньше, чем Джамал.Надя находит 1/2 до Дафны, и Леон находит три дюжины блинов больше, чем Джамал и Джеймс вместе взятые.Сколько блинов все еще скрыто во дворе?",36
"Первоначально у Беатриса было 8 десятков яиц, затем съел 3 яйца на завтрак, а затем спрятал остальное во дворе для охоты на пасхальное яйцо.Матео находит 3 яйца.Луис находит в шесть раз больше, чем Матео.Тарик находит на 2 меньше, чем Луис.Касим находит вдвое меньше, чем Тарик, и Ной находит два десятка яиц больше, чем Луис и Матео вместе взятые.Сколько яиц все еще скрыто во дворе?",3
"Изначально Диего было 8 дюжины вафлей, а затем съел 2 вафли на завтрак, а затем спрятал остальное во дворе для охоты на пасхальное яйцо.Роя находит 7 вафлей.Юсуф находит вдвое больше, чем Роя.Прия находит на 2 меньше, чем Юсуф.Кейша находит 1/3 столько, сколько Прия, и Ава находит две дюжины вафель больше, чем Юсуф и Роя, вместе взятые.Сколько вафлей все еще скрыто во дворе?",12
"Касим собирает мусор из 5 различных жилых комплексов.Первые 4 имеют 100 квартир, а последние - на 30% больше, чем остальные 4 вместе взятые.Однако на этой неделе 5 квартир из каждого из первых 4 комплексов были вакантными и не требовали услуги по сбору.Касим собирает мусор 2 раза в неделю из каждого места, и ему платят 0,3 за коллекцию за каждую квартиру.Он также зарабатывает дополнительные 10% в советах.Сколько денег он зарабатывает за неделю?",594
"Хироши собирает мусор из 6 различных жилых комплексов.Первые 5 имеют 100 квартир каждая, а последняя - на 40% больше, чем остальные 5 вместе взятых.Однако на этой неделе 8 квартир из каждого из первых 5 комплексов были вакантными и не требовали услуги по сбору.Хироши собирает мусор 2 раза в неделю из каждого места, и ему платят 0,25 за коллекцию для каждой квартиры.Он также зарабатывает дополнительные 10% в советах.Сколько денег он зарабатывает за неделю?",638
"Тарик собирает мусор из 4 различных жилых комплексов.Первые 3 имеют 100 квартир каждая, а последняя - на 30% больше, чем у других 3 вместе взятых.Тем не менее, на этой неделе 10 квартир из каждого из первых 3 комплексов были вакантными и не требовали услуги по сбору.Тарик собирает мусор 3 раза в неделю из каждого места, и ему платят 0,5 за коллекцию за каждую квартиру.Он также зарабатывает дополнительные 10% в советах.Сколько денег он зарабатывает за неделю?",1089
"Павел собирает мусор из 6 различных жилых комплексов.Первые 5 имеют 100 квартир, а последние - на 70% больше, чем остальные 5 вместе взятых.Тем не менее, на этой неделе 10 квартир из каждого из первых 5 комплексов были вакантными и не требовали услуги по сбору.Павел собирает мусор 2 раза в неделю из каждого места, и ему платят 0,45 за коллекцию за каждую квартиру.Он также зарабатывает дополнительные 10% в советах.Сколько денег он зарабатывает за неделю?",1287
"Оливер собирает мусор из 5 различных жилых комплексов.Первые 4 имеют 100 квартир, и последние на 50% больше, чем у других 4 вместе взятых.Однако на этой неделе 6 квартир из каждого из первых 4 комплексов были вакантными и не требовали услуги по сбору.Оливер собирает мусор 5 раз в неделю из каждого места, и ему платят 0,25 за коллекцию для каждой квартиры.Он также зарабатывает дополнительные 10% в советах.Сколько денег он зарабатывает за неделю?",1342
"Ной собирает мусор из 5 различных жилых комплексов.Первые 4 имеют 100 квартир, а последние - на 75% больше, чем остальные 4 вместе взятые.Однако на этой неделе 5 квартир из каждого из первых 4 комплексов были вакантными и не требовали услуги по сбору.Ной собирает мусор 2 раза в неделю из каждого места, и ему платят 0,25 за коллекцию за каждую квартиру.Он также зарабатывает дополнительные 10% в советах.Сколько денег он зарабатывает за неделю?",594
"Эстебан собирает мусор из 3 различных жилых комплексов.Первые 2 имеют 150 квартир в каждой, а последняя - на 70% больше, чем остальные 2 вместе взятые.Тем не менее, на этой неделе 5 квартир из каждого из первых 2 комплексов были вакантными и не требовали услуги по сбору.Эстебан собирает мусор 3 раза в неделю из каждого места, и ему платят 0,45 евро за коллекцию за каждую квартиру.Он также зарабатывает дополнительные 10% в советах.Сколько денег он зарабатывает за неделю?",1188
"Юсуф собирает мусор из 7 различных жилых комплексов.Первые 6 имеют 100 квартир, а последние на 35% больше, чем остальные 6 вместе взятых.Однако на этой неделе 10 квартир из каждого из первых 6 комплексов были вакантными и не требовали услуги по сбору.Юсуф собирает мусор 2 раза в неделю из каждого места, и ему платят 0,4 иен за коллекцию за каждую квартиру.Он также зарабатывает дополнительные 10% в советах.Сколько денег он зарабатывает за неделю?",1188
"Вей собирает мусор из 3 различных жилых комплексов.Первые 2 имеют 100 квартир каждая, а последняя - на 70% больше, чем остальные 2 вместе взятые.Тем не менее, на этой неделе 5 квартир из каждого из первых 2 комплексов были вакантными и не требовали услуги по сбору.Вей собирает мусор 4 раза в неделю из каждого места, и ему платят 0,25 за коллекцию за каждую квартиру.Он также зарабатывает дополнительные 10% в советах.Сколько денег он зарабатывает за неделю?",583
"Карлос собирает мусор из 3 различных жилых комплексов.Первые 2 имеют 200 квартир, и последние на 40% больше, чем другие 2 вместе взятых.Тем не менее, на этой неделе 10 квартир из каждого из первых 2 комплексов были вакантными и не требовали услуги по сбору.Карлос собирает мусор 4 раза в неделю из каждого места, и ему платят 0,25 за коллекцию для каждой квартиры.Он также зарабатывает дополнительные 10% в советах.Сколько денег он зарабатывает за неделю?",1034
"Сакура - заядлый садовник.Два дня назад она получила 49 новых горшечных растений от своего любимого питомника.У нее уже есть 7 горшечных растений на каждом из 60 оконных выступов ее большого загородного дома.Вчера она также купила 100 новых заводов со скидкой 50%.Чувствуя себя щедрым, она решила, что завтра даст 3 растения с каждым выступом друзьям и семье.Сколько горшечных растений останется сакурой?",389
"Дафна - заядлый садовник.Два дня назад она получила 23 новых горшечного растения от своего любимого питомника.У нее уже есть 8 горшечных растений на каждом из 56 оконных выступов ее большого загородного дома.Вчера она также приобрела 200 новых заводов со скидкой 50%.Чувствуя себя щедрым, она решила, что завтра она даст 6 растений с каждым уступами друзьям и семье.Сколько горшечных растений останется Дафни?",335
"Амелия - заядлый садовник.На прошлой неделе она получила 25 новых горшечных растений от своего любимого питомника.У нее уже есть 12 горшечных растений на каждом из 54 оконных выступлений ее крупного загородного дома.Она также приобрела 110 новых заводов вчера со скидкой 50%.Чувствуя себя щедрым, она решила, что завтра даст 4 растения с каждым выступом друзей и семье.Сколько растений в горшках останется Амелия?",567
"Елена является заядлым садовником.Два дня назад она получила 38 новых горшечных растений от своего любимого питомника.У нее уже есть 12 горшечных растений на каждом из 55 оконных выступов ее большого загородного дома.Вчера она также купила 70 новых заводов со скидкой 50%.Чувствуя себя щедрым, она решила, что завтра даст 3 растения с каждым выступом друзьям и семье.Сколько растений в горшках останется Еленой?",603
"Яра - заядлый садовник.Два дня назад она получила 49 новых горшечных растений от своего любимого питомника.У нее уже есть 12 горшечных растений на каждом из 54 оконных выступлений ее крупного загородного дома.Вчера она также купила 130 новых заводов со скидкой 50%.Чувствуя себя щедрым, она решила, что завтра даст 4 растения с каждым выступом друзей и семье.Сколько растений в горшках останется?",611
"Мэй - заядлый садовник.Два дня назад она получила 38 новых горшечных растений от своего любимого питомника.У нее уже есть 9 горшечных растений на каждом из 60 оконных выступов ее большого загородного дома.Она также приобрела 170 новых заводов вчера со скидкой 50%.Чувствуя себя щедрым, она решила, что завтра она даст 6 растений с каждым уступами друзьям и семье.Сколько растений в горшках останется Мей?",388
"Валентина - заядлый садовник.Прошлой ночью она получила 48 новых горшечных растений от своего любимого питомника.У нее уже есть 11 горшечных растений на каждом из 63 оконных выступов ее большого загородного дома.Вчера она также купила 100 новых заводов со скидкой 50%.Чувствуя себя щедрым, она решила, что завтра она даст 6 растений с каждым уступами друзьям и семье.Сколько остановки в горшках останется Валентина?",463
"Куинн - заядлый садовник.Прошлой ночью она получила 23 новых горшечного растения от своего любимого питомника.У нее уже есть 8 горшечных растений на каждом из 57 оконных выступлений ее крупного загородного дома.Вчера она также купила 20 новых заводов со скидкой 50%.Чувствуя себя щедрым, она решила, что завтра даст 4 растения с каждым выступом друзей и семье.Сколько растений в горшках останется Quinn?",271
"Амелия - заядлый садовник.Прошлой ночью она получила 42 новых горшечного растения от своего любимого питомника.У нее уже есть 7 горшечных растений на каждом из 56 оконных выступов ее большого загородного дома.Вчера она также купила 180 новых заводов со скидкой 50%.Чувствуя себя щедрым, она решила, что завтра даст 4 растения с каждым выступом друзей и семье.Сколько растений в горшках останется Амелия?",390
"София - заядлый садовник.На прошлой неделе она получила 26 новых горшечных растений от своего любимого питомника.У нее уже есть 11 горшечных растений на каждом из 55 оконных выступов ее большого загородного дома.Вчера она также купила 130 новых заводов со скидкой 50%.Чувствуя себя щедрым, она решила, что завтра даст 3 растения с каждым выступом друзьям и семье.Сколько растений в горшках останется Софией?",596
"В парке 24 девушки.Если в парке есть одна треть мальчиков, какой процент детей в парке-девочки?",75
"Во дворе 39 девушек.Если есть две шестой, число мальчиков во дворе, какой процент детей во дворе-девочки?",75
"В саду 22 девушки.Если в саду в три раза больше мальчиков, какой процент детей в саду - девочки?",25
"В саду 20 девушек.Если в саду 1/4 число мальчиков, какой процент детей в саду - девочки?",80
"В поле 24 девушки.Если есть в четыре раза больше мальчиков на местах, какой процент детей в этой области - девочки?",20
"В саду 16 девушек.Если в саду в девять раз больше мальчиков, какой процент детей в саду - девочки?",10
"На игровой площадке 21 девушка.Если на детской площадке в четыре раза больше мальчиков, какой процент детей на детской площадке - девочки?",20
"В поле есть 18 девушек.Если есть в четыре раза больше мальчиков на местах, какой процент детей в этой области - девочки?",20
"В парке 31 девушку.Если в парке в четыре раза больше мальчиков, какой процент детей в парке - девочки?",20
"В поле есть 19 девушек.Если есть в девять раз больше мальчиков на местах, какой процент детей в этой области - девочки?",10
"Миссис Смит ищет новый дом, который не выходит за рамки ее бюджета в 410000 долларов.Она увидела недвижимость, которая имеет цену продажи в 500000 долларов.Кроме того, покупатель должен заплатить брокерскую комиссию, которая составляет 7% от цены на продажу, а также плата за трансфер, которая составляет 12% от цены продажи.Если миссис Смит сможет получить 20% скидку по цене продажи, сколько будет общая стоимость, чем бюджет миссис Смит?",66000
"Доктор Патель ищет новую квартиру, которая не выходит за рамки ее бюджета на 390000 долларов.Она увидела недвижимость, которая имеет цену продажи в 560000 долларов.Кроме того, покупатель должен заплатить брокерский сбор, который составляет 7% от цены продажи, а также плата за перевод, которая составляет 14% от цены продажи.Если доктор Патель сможет получить 25% скидку на цену продажи, сколько больше будет общая стоимость, чем бюджет доктора Пателя?",118200
"Мисс Джонсон ищет новую квартиру, которая не выходит за рамки ее бюджета в 430000 долларов.Она увидела недвижимость, которая имеет цену продажи в 400000 долларов.Кроме того, покупатель должен заплатить брокерский сбор, который составляет 7% от цены продажи, а также плата за перевод, которая составляет 14% от цены продажи.Если г -жа Джонсон сможет получить скидку на 5% по цене продажи, насколько больше будет общая стоимость, чем бюджет г -жи Джонсон?",29800
"Миссис Смит ищет новый дом, который не выходит за рамки ее бюджета в 410000 долларов.Она увидела недвижимость, которая имеет цену продажи в 480000 долларов.Кроме того, покупатель должен заплатить брокерский сбор, который составляет 3% от цены продажи, а также плата за трансфер, которая составляет 12% от цены продажи.Если миссис Смит сможет получить 5% скидку по цене продажи, сколько будет общая стоимость, чем бюджет миссис Смит?",114400
"Миссис Ли ищет новый таунхаус, который не выходит за рамки ее бюджета в 330000 долларов.Она увидела недвижимость, которая имеет цену продажи в 440000 долларов.Кроме того, покупатель должен заплатить брокерскую комиссию, которая составляет 5% от цены продажи, а также плата за перевод, которая составляет 12% от цены продажи.Если миссис Ли сможет получить скидку на 25% по цене продажи, сколько больше будет общая стоимость, чем бюджет миссис Ли?",56100
"Миссис Смит ищет новый дом, который не выходит за рамки ее бюджета в 310000 долларов.Она увидела недвижимость, которая имеет цену продажи в 400000 долларов.Кроме того, покупатель должен заплатить брокерскую комиссию, которая составляет 5% от цены продажи, а также плата за перевод, которая составляет 12% от цены продажи.Если миссис Смит сможет получить 10% скидку по цене продажи, насколько больше будет общая стоимость, чем бюджет миссис Смит?",111200
"Мисс Джонсон ищет новую квартиру, которая не выходит за рамки ее бюджета в 490000 долларов.Она увидела недвижимость, которая имеет цену продажи 640000 долларов.Кроме того, покупатель должен заплатить брокерский сбор, который составляет 3% от цены продажи, а также плата за перевод, которая составляет 14% от цены продажи.Если г -жа Джонсон сможет получить скидку на 25% по цене продажи, насколько больше будет общая стоимость, чем бюджет г -жи Джонсон?",71600
"Мисс Джонсон ищет новую квартиру, которая не выходит за рамки ее бюджета в 400000 долларов.Она увидела недвижимость, которая имеет цену продажи в 480000 долларов.Кроме того, покупатель должен заплатить брокерскую комиссию, которая составляет 7% от цены на продажу, а также плата за трансфер, которая составляет 12% от цены продажи.Если г -жа Джонсон сможет получить скидку на 25% по цене продажи, насколько больше будет общая стоимость, чем бюджет г -жи Джонсон?",28400
"Миссис Ли ищет новый таунхаус, который не выходит за рамки ее бюджета в 440000 долларов.Она увидела недвижимость, которая имеет цену продажи в 400000 долларов.Кроме того, покупатель должен заплатить брокерскую комиссию, которая составляет 7% от цены на продажу, а также плата за трансфер, которая составляет 12% от цены продажи.Если миссис Ли сможет получить скидку на 5% по цене продажи, насколько больше будет общая стоимость, чем бюджет миссис Ли?",12200
"Мисс Джонсон ищет новую квартиру, которая не выходит за рамки ее бюджета в 470000 долларов.Она увидела недвижимость, которая имеет цену продажи в 650000 долларов.Кроме того, покупатель должен заплатить брокерский сбор, который составляет 4% от цены продажи, а также плата за перевод, которая составляет 13% от цены продажи.Если г -жа Джонсон сможет получить скидку на 20% по цене продажи, насколько больше будет общая стоимость, чем бюджет г -жи Джонсон?",138400
"Надя пошла в пекарню и купила различные виды выпечки.Она купила 60 пончиков по 14 долларов за дюжину, 60 мини -кексов по цене 25 долларов за дюжину и 24 мини -чизкейки.После 20% скидки она заплатила в общей сложности 1540 долларов.Какова стоимость мини -чизкейков за дюжину?",865
"Ниа пошла в кондитерскую и купила различные виды выпечки.Она купила 60 круассанов по 19 долларов за дюжину, 72 макарона по 20 долларов за дюжину и 36 пирожных.После 5% скидки она заплатила в общей сложности 1330 долларов.Какова стоимость пирожных за дюжину?",395
"Ава пошла в кондитерские изделия и купила различные виды десертов.Она купила 36 Eclairs за 13 долларов за дюжину, 60 печенья по 26 долларов за дюжину и 24 кекса.После 20% скидки она заплатила в общей сложности 980 долларов.Какова стоимость кексов за дюжину?",528
"Роя отправилась в кондитерскую и купила различные виды выпечки.Она купила 48 круассанов по 19 долларов за дюжину, 48 макаронов по 31 доллар за дюжину и 24 пирожных.После 25% скидки она заплатила в общей сложности 1530 долларов.Какова стоимость пирожных за дюжину?",920
"Айша пошла в кондитерскую и купила различные виды выпечки.Она купила 24 круассана по 12 долларов за дюжину, 48 макарон по 20 долларов за дюжину и 24 пирожных.После 20% скидки она заплатила в общей сложности 1520 долларов.Какова стоимость пирожных за дюжину?",898
"София пошла в пекарню и купила различные виды выпечки.Она купила 48 пончиков по 19 долларов за дюжину, 48 мини -кексов по 24 доллара за дюжину и 48 мини -чизкейков.После 25% скидки она заплатила в общей сложности 1440 долларов.Какова стоимость мини -чизкейков за дюжину?",437
"Ума пошла в кафе и купила различные типы угощений.Она купила 48 датчиков по 16 долларов за дюжину, 48 пирожных за 25 долларов за дюжину и 48 лепешек.После 25% скидки она заплатила в общей сложности 1050 долларов.Какова стоимость лепешек за дюжину?",309
"Миа пошла в кафе и купила различные типы угощений.Она купила 48 датчиков по 20 долларов за дюжину, 60 пирожных за 24 доллара за дюжину и 24 лепешки.После 25% скидки она заплатила в общей сложности 1140 долларов.Какова стоимость лепешек за дюжину?",660
"Дафна пошла в пекарню и купила различные виды выпечки.Она купила 48 пончиков по 18 долларов за дюжину, 72 мини -кекса за 29 долларов за дюжину и 72 мини -чизкейки.После 20% скидки она заплатила в общей сложности 1200 долларов.Какова стоимость мини -чизкейков за дюжину?",209
"Эмма пошла в кондитерскую и купила различные виды выпечки.Она купила 60 круассанов по 16 долларов за дюжину, 48 макарон по 30 долларов за дюжину и 60 пирожных.После 20% скидки она заплатила в общей сложности 1400 долларов.Какова стоимость пирожных за дюжину?",310
"В этом году Sunnyside High провела выпускной на своей спортивной арене, которая имеет место для 7500 человек.После учета 600 мест для выпускников, 250 мест для участвующих преподавателей и резервирования 50 мест для персонала мероприятия, сколько билетов получит каждый выпускник, чтобы дать своим друзьям и семье, если билеты будут разделены одинаково?",11
"В этом году средняя школа Гринвилля проводит выпускной в своем конференц -центре, в котором есть место для 7700 человек.После учета 550 мест для выпускников, 450 мест для учащихся на факультете и резервирования 100 мест для персонала мероприятия, сколько билетов получит каждый выпускник, чтобы дать своим друзьям и семье, если билеты будут разделены одинаково?",12
"В этом году Riverside Academy провела выпускной в своем гимназии, в которой есть место для 7800 человек.После учета 1050 мест для выпускников, 350 мест для участвующих преподавателей и резервирования 100 мест для персонала мероприятия, сколько билетов получит каждый выпускник, чтобы дать своим друзьям и семье, если билеты будут разделены одинаково?",6
"В этом году средняя школа Гринвилля провела выпускной в своем конференц -центре, в котором есть место для 3900 человек.После учета 1150 мест для выпускников, 400 мест для участвующих преподавателей и резервирования 50 мест для сотрудников мероприятия, сколько билетов получит каждый выпускник, чтобы дать своим друзьям и семье, если билеты будут разделены одинаково?",2
"В этом году Riverside Academy провела выпускной в своем гимназии, где есть место для 8900 человек.После учета 1050 мест для выпускников, 400 мест для учащихся на факультете и резервирования 100 мест для персонала мероприятия, сколько билетов получит каждый выпускник, чтобы дать своим друзьям и семье, если билеты будут разделены одинаково?",7
"В этом году Riverside Academy провела выпускной в своем гимназии, в которой есть место для 7300 человек.После учета 700 мест для выпускников, 200 мест для учащихся на факультете, и зарезервировать 100 мест для сотрудников мероприятия, сколько билетов получит каждый выпускник, чтобы дать своим друзьям и семье, если билеты будут разделены одинаково?",9
"В этом году Sunnyside High провела выпускной на своей спортивной арене, которая имеет место для 6700 человек.После учета 1250 мест для выпускников, 350 мест для учащихся на факультете и резервирования 100 мест для персонала мероприятия, сколько билетов получит каждый выпускник, чтобы дать своим друзьям и семье, если билеты будут разделены одинаково?",4
"В этом году Sunnyside High провела выпускной на своей спортивной арене, которая имеет место для 4100 человек.После учета 750 мест для выпускников, 250 мест для участвующих преподавателей и резервирования 100 мест для персонала мероприятия, сколько билетов получит каждый выпускник, чтобы дать своим друзьям и семье, если билеты будут разделены одинаково?",4
"В этом году средняя школа Гринвилля провела выпускной в своем конференц -центре, в котором есть место для 7200 человек.После учета 750 мест для выпускников, 400 мест для участвующих преподавателей и резервирования 50 мест для персонала мероприятия, сколько билетов получит каждый выпускник, чтобы дать своим друзьям и семье, если билеты будут разделены одинаково?",8
"В этом году High School High School проведет выпускной в своем аудитории, где есть место для 3500 человек.После учета 750 мест для выпускников, 400 мест для учащихся на факультете и резервирования 100 мест для персонала мероприятия, сколько билетов получит каждый выпускник, чтобы дать своим друзьям и семье, если билеты будут разделены одинаково?",3
"Бодхи идет в магазин, чтобы купить рис.Обычная марка риса, которую он покупает, стоит 15 долларов за фунт.Он должен купить более дорогой бренд, который стоит на 20% больше, так как его любимый бренд был продан.Он решает купить рис на неделю, и он использует 2 фунта риса в день.В магазине есть 20% скидка на рис, которая применяется всего до 10 фунтов;Любой дополнительный рис продается по обычной цене.Бодхи также решает купить себе печенье за ​​1 доллар.Сколько нужно платить Бодхи?",217
"Оливер идет в магазин, чтобы купить муку.Нормальная марка муки он покупает затраты на 16 за килограмм.Он должен купить более дорогой бренд, который стоит на 25% больше, так как его любимый бренд был продан.Он решает купить муку на неделю, и он использует 2 килограмма муки в день.В магазине есть 5% скидка на муку, которая применяется только до 10 килограммов;Любая дополнительная мука продается по обычной цене.Оливер также решает купить себе кекс для 4.Сколько Оливер должен платить?",274
"Арджун идет в магазин, чтобы купить чай.Нормальная марка чая он покупает 10 иен за килограмм.Он должен купить более дорогой бренд, который стоит на 40% дороже, так как его любимый бренд был продан.Он решает купить чай на неделю, и он использует 2 килограмма чая в день.В магазине есть 10% скидка на чай, который применяется только до 10 килограммов;Любой дополнительный чай продается по обычной цене.Арджун также решает купить себе кекс за 4 ¥.Сколько нужно заплатить Арджуну?",186
"Бенджамин идет в магазин, чтобы купить сахар.Нормальный бренд сахара он покупает затраты ₺10 за кг.Он должен купить более дорогой бренд, который стоит на 20% больше, так как его любимый бренд был продан.Он решает купить сахар на неделю, и он использует 3 кг сахара в день.В магазине есть 30% скидка на сахар, которая применяется всего до 10 кг;Любой дополнительный сахар продается по обычной цене.Бенджамин также решает купить себе бублик за 1.Сколько Бенджамин должен заплатить?",217
"Мухаммед идет в магазин, чтобы купить сахар.Обычный бренд сахара, который он покупает, стоит 15 долларов за кг.Он должен купить более дорогой бренд, который стоит на 40% дороже, так как его любимый бренд был продан.Он решает купить сахар на неделю, и он использует 3 кг сахара в день.В магазине есть 10% скидка на сахар, которая применяется только до 20 кг;Любой дополнительный сахар продается по обычной цене.Мухаммед также решает купить себе бублик за 1 доллар.Сколько должен заплатить Мухаммеду?",400
"Тео идет в магазин, чтобы купить рис.Нормальная марка риса он покупает 5 фунтов стерлингов за кг.Он должен купить более дорогой бренд, который стоит на 20% больше, так как его любимый бренд был продан.Он решает купить рис на неделю, и он использует 2 кг риса в день.В магазине есть 40% скидка на рис, которая применяется всего до 10 кг;Любой дополнительный рис продается по обычной цене.Тео также решает купить себе бублик за 4 иен.Сколько нужно платить Тео?",64
"Фейсал идет в магазин, чтобы купить сахар.Обычная марка сахара, которую он покупает, стоит 10 долларов за фунт.Он должен купить более дорогой бренд, который стоит на 20% больше, так как его любимый бренд был продан.Он решает купить сахар на неделю, и он использует 2 фунта сахара в день.В магазине есть 10% скидка на сахар, которая применяется всего до 10 фунтов;Любой дополнительный сахар продается по обычной цене.Фейсал также решает купить себе печенье за ​​3 доллара.Сколько нужно платить Фейсал?",159
"Матео идет в магазин, чтобы купить сахар.Нормальная марка сахара он покупает стоимость 5 за килограмм.Он должен купить более дорогой бренд, который стоит на 40% дороже, так как его любимый бренд был продан.Он решает купить сахар на неделю, и он использует 3 килограмма сахара в день.В магазине есть 20% скидка на сахар, которая применяется только до 20 килограммов;Любой дополнительный сахар продается по обычной цене.Матео также решает купить себе кекс за 4 года.Сколько нужно заплатить Матео?",123
"Карлос идет в магазин, чтобы купить муку.Нормальная марка муки он покупает затраты ₣ 10 за кг.Он должен купить более дорогой бренд, который стоит на 40% дороже, так как его любимый бренд был продан.Он решает купить муку на неделю, и он использует 2 кг муки в день.В магазине есть 45% скидка на муку, которая применяется только до 10 кг;Любая дополнительная мука продается по обычной цене.Карлос также решает купить себе бублик за 2.Сколько нужно платить Карлосу?",135
"Вэй идет в магазин, чтобы купить рис.Нормальная марка риса, которую он покупает, стоит 15 долларов за кг.Он должен купить более дорогой бренд, который стоит на 20% больше, так как его любимый бренд был продан.Он решает купить рис на неделю, и он использует 3 кг риса в день.В магазине есть 5% скидка на рис, которая применяется только до 20 кг;Любой дополнительный рис продается по обычной цене.Вэй также решает купить себе бублик за 4 доллара.Сколько должен заплатить Вей?",364
"Валентина готовилась к игровой ночи в своем доме, где она намеревалась подавать овощную лазанью.Она заметила, что у нее нет пластиковых вилок, поэтому она купила новый пакет вилок.Позже ее муж также купил пакет из 19 новых вилок и передал их Валентине.В то время как Валентина делала овощную лазанью, она использовала шесть вилок, чтобы попробовать свою овощную лазанью, а затем выбросила 8 дефектных вилок.Гости также принесли 2 пачки вилок, каждая из которых имела 8 внутри них.Позже, когда она пошла на стол, у нее было в общей сложности 49 вилок.Сколько вилок было в пакете, которую купила Валентина?",28
"Ума готовилась к вечеринке в своем доме, где она намеревалась подавать креветки.Она заметила, что у нее нет пластиковых ложек, поэтому она купила новый пакет ложки.Позже ее муж также купил посылку из 11 новых ложек и передал их UMA.В то время как Ума делала креветки Скарпи, она использовала семь ложек, чтобы попробовать свои креветки, а затем выбросила 5 дефектных ложек.Гости также принесли 2 пачки ложек, каждая из которых имела 5 внутри.Позже, когда она пошла на стол, у нее было в общей сложности 36 ложек.Сколько ложков было в пакете, который купил UMA?",27
"Зена готовилась к вечеринке по случаю дня рождения в своем доме, где она намеревалась служить Creme Brulee.Она заметила, что у нее нет пластиковых вилок, поэтому она купила новый пакет вилок.Позже ее муж также купил пакет из 16 новых вилок и передал их Зене.В то время как Зена делала крем -брюле, она использовала семь вилок, чтобы попробовать свой крем -брюле, а затем выбросила 8 дефектных вилок.Гости также принесли 2 пачки вилок, каждая из которых имела 8 внутри них.Позже, когда она пошла на стол, у нее было в общей сложности 39 вилок.Сколько вилок было в пакете, которую купила Xena?",22
"Чен готовилась на вечеринку по случаю дня рождения в своем доме, где она намеревалась подавать тушеное мясо говядины.Она заметила, что у нее нет пластиковых вилок, поэтому она купила новый пакет вилок.Позже ее муж также купил пакет из 9 новых вилок и передал их Чену.В то время как Чен делала тушеное мясо говядины, она использовала шестнадцать вилок, чтобы попробовать тушеное мясо из говядины, а затем выбросила 12 дефектных вилок.Гости также принесли 2 пачки вилок, каждый из которых имел 12 внутри.Позже, когда она пошла на стол, у нее было в общей сложности 32 вилка.Сколько вилок было в пакете, которые купил Чен?",27
"Сакура готовилась к вечеринке по случаю дня рождения в своем доме, где она намеревалась подавать лосося на гриле.Она заметила, что у нее нет пластиковых тарелок, поэтому она купила новый пакет тарелок.Позже ее муж также купил пакет из 7 новых тарелок и передал их Сакуре.В то время как Сакура готовила лосося на гриле, она использовала восемь тарелок, чтобы попробовать ее лосося на гриле, а затем выбросила 15 дефектных тарелок.Гости также принесли 2 пачки тарелок, каждая из которых имела 15 внутри.Позже, когда она пошла на стол, у нее было 56 тарелок.Сколько тарелок было в пакете, который купил Сакура?",42
"Изабелла готовилась на обед в своем доме, где она намеревалась подавать овощную лазанью.Она заметила, что у нее нет пластиковых вилок, поэтому она купила новый пакет вилок.Позже ее муж также купил пакет из 14 новых вилок и дал их Изабелле.В то время как Изабелла делала овощную лазанью, она использовала семь вилок, чтобы попробовать свою овощную лазанью, а затем выбросила 7 дефектных вилок.Гости также принесли 4 пачки вилок, каждый из которых имел 7 внутри них.Позже, когда она пошла на стол, у нее было 66 вилок.Сколько вилок было в пакете, которую купила Изабелла?",38
"Оливия готовилась на обед в своем доме, где она намеревалась подавать жареную курицу.Она заметила, что у нее нет пластиковых тарелок, поэтому она купила новый пакет тарелок.Позже ее муж также купил пакет из 8 новых тарелок и передал их Оливии.В то время как Оливия делала жареную курицу, она использовала тринадцать из тарелок, чтобы попробовать ее жареную курицу, а затем выбросила 14 дефектных тарелок.Гости также принесли 3 пачки тарелок, каждая из которых имела 14 внутри.Позже, когда она пошла на стол, у нее было в общей сложности 60 тарелок.Сколько тарелок было в пакете, которую Оливия купила?",37
"София готовилась к игре в своем доме, где она намеревалась подавать чучело перца.Она заметила, что у нее нет пластиковых ложек, поэтому она купила новый пакет ложки.Позже ее муж также купил посылку из 6 новых ложек и передал их Софии.В то время как София делала фаршированные перцы, она использовала семнадцать ложков, чтобы попробовать свои фаршированные перцы, а затем выбросила 9 дефектных ложек.Гости также принесли 2 пачки ложек, каждая из которых имела 9 внутри.Позже, когда она пошла на стол, у нее было в общей сложности 25 ложек.Сколько ложков было в пакете, которую купила София?",27
"Аиша готовилась на обед в своем доме, где она намеревалась подавать чучело перца.Она заметила, что у нее нет пластиковых вилок, поэтому она купила новый пакет вилок.Позже ее муж также купил посылку из 8 новых вилок и передал их Айше.В то время как Аиша делала фаршированный перец, она использовала шестнадцать вилок, чтобы попробовать ее фаршированный перец, а затем выбросила 6 дефектных вилок.Гости также принесли 2 пачки вилок, каждая из которых имела 6 внутри них.Позже, когда она пошла на стол, у нее было в общей сложности 32 вилка.Сколько вилок было в пакете, который купил Аиша?",34
"Эмма готовилась к вечеринке в своем доме, где она намеревалась служить крем -брюле.Она заметила, что у нее нет пластиковых тарелок, поэтому она купила новый пакет тарелок.Позже ее муж также купил пакет из 19 новых тарелок и передал их Эмме.В то время как Эмма делала крем -брюле, она использовала десять листов, чтобы попробовать свой крем -брюле, а затем выбросила 10 дефектных тарелок.Гости также принесли 4 пачки тарелок, каждая из которых имела 10 внутри них.Позже, когда она пошла на стол, у нее было 59 тарелок.Сколько тарелок было в пакете, которую купила Эмма?",20
"Диего выбирает 67 ананасов в среду.Затем он выбирает 176 ананасов в четверг.В пятницу он выбирает Quintuple количество ананасов, которые он сделал в среду.В субботу он выбирает половину количества того, что он выбрал за последние 3 дня вместе взятых.В воскресенье Диего собирается продавать ананасы в коробках по 17 ананасов каждый.Он собирается продать каждую коробку за 12 долларов.Сколько будет заработать Диего?",612
"Deshawn выбирает 142 груши в субботу.Затем он выбирает 172 груши в воскресенье.В понедельник он выбирает тройной количество груш, которые он сделал в субботу.Во вторник он выбирает половину количества того, что он выбрал за последние 3 дня вместе взятых.В среду Deshawn собирается продавать груши в коробках по 15 груш каждая.Он собирается продать каждую коробку за 14 долларов.Сколько будет заработать Deshawn?",1036
"Леон выбирает 80 яблок в четверг.Затем он выбирает 50 яблок в пятницу.В субботу он выбирает тройной количество яблок, которые он сделал в четверг.В воскресенье он выбирает половину количества того, что он выбрал за последние 3 дня вместе взятых.В понедельник Леон собирается продавать яблоки в коробках по 15 яблок каждый.Он собирается продать каждую коробку за 12 долларов.Сколько будет заработать Леон?",444
"Луис выбирает 55 винограда в пятницу.Затем он выбирает 170 винограда в субботу.В воскресенье он выбирает Quintuple количество винограда, которые он сделал в пятницу.В понедельник он выбирает половину количества того, что он выбрал за последние 3 дня вместе взятых.Во вторник Луис собирается продавать виноград в коробках по 15 виноград каждый.Он собирается продать каждую коробку за 10 долларов.Сколько будет заработать Луис?",500
"Оливер выбирает 111 апельсинов во вторник.Затем он выбирает 170 апельсинов в среду.В четверг он выбирает Quintuple количество апельсинов, которые он сделал во вторник.В пятницу он выбирает половину количества того, что он выбрал за последние 3 дня вместе взятых.В субботу Оливер собирается продать апельсины в коробках по 19 апельсинам каждый.Он собирается продать каждую коробку за 9 долларов.Сколько будет заработать Оливер?",594
"Умар выбирает 147 яблок в воскресенье.Затем он выбирает 99 яблок в понедельник.Во вторник он выбирает вдвое больше количества яблок в воскресенье.В среду он выбирает половину количества того, что он выбрал за последние 3 дня вместе взятых.В четверг Умар собирается продавать яблоки в коробках по 27 яблок каждый.Он собирается продать каждую коробку за 11 долларов.Сколько будет заработать Умар?",330
"Матео выбирает 45 яблок во вторник.Затем он выбирает 105 яблок в среду.В четверг он выбирает вдвое больше количества яблок, которые он сделал во вторник.В пятницу он выбирает половину количества того, что он выбрал за последние 3 дня вместе взятых.В субботу Матео собирается продавать яблоки в коробках по 24 яблока каждый.Он собирается продать каждую коробку за 13 долларов.Сколько будет заработать Матео?",195
"Санджай выбирает 179 сливов в пятницу.Затем он выбирает 185 сливов в субботу.В воскресенье он выбирает в четыре раза количество сливы, которые он сделал в пятницу.В понедельник он выбирает половину количества того, что он выбрал за последние 3 дня вместе взятых.Во вторник Санджай собирается продавать сливы в коробках по 20 сливы каждый.Он собирается продать каждую коробку за 11 долларов.Сколько будет заработать Санджай?",891
"Карлос выбирает 129 яблок во вторник.Затем он выбирает 129 яблок в среду.В четверг он выбирает вдвое больше количества яблок, которые он сделал во вторник.В пятницу он выбирает половину количества того, что он выбрал за последние 3 дня вместе взятых.В субботу Карлос собирается продавать яблоки в коробках по 18 яблок каждый.Он собирается продать каждую коробку за 12 долларов.Сколько будет заработать Карлос?",516
"Виктор выбирает 142 банана в четверг.Затем он выбирает 92 банана в пятницу.В субботу он выбирает тройной количество бананов, которые он сделал в четверг.В воскресенье он выбирает половину количества того, что он выбрал за последние 3 дня вместе взятых.В понедельник Виктор собирается продавать бананы в коробках по 22 бананам каждый.Он собирается продать каждую коробку за 10 долларов.Сколько будет заработать Виктор?",450
"Уход за уходом имеет вместимость 1700 номеров с 1/5 занятым и одной пятой всех комнат, выходящих из эксплуатации.Из -за пандемии 20 пациентов господствуют в учреждение по уходу каждый день.Рассчитайте общее количество незанятых комнат в учреждении по уходу через 2 недели.",740
"Уход за уходом имеет вместимость 1800 номеров с 1/6 занятым, а один девятый от всех комнат вышел из эксплуатации.Из -за пандемии 25 пациентов годится в учреждение по уходу каждый день.Рассчитайте общее количество незанятых комнат в учреждении по уходу через 2 недели.",950
"Клиника имеет вместимость 1600 номеров с 1/10 занятым и двумя пятым из всех комнат, выходящих из эксплуатации.Из -за стихийного бедствия 30 пациентов господствуют в клинику каждый день.Рассчитайте общее количество незанятых комнат в клинике через 3 недели.",170
"Медицинский центр имеет вместимость 1300 коек с 1/5 занятым, а одна четверть всех кроватей, выходящих из эксплуатации.Из -за основной аварии 30 пациентов господствуют в медицинский центр каждый день.Рассчитайте общее количество незанятых кроватей в медицинском центре через 2 недели.",295
"В больнице есть вместимость 1300 коек с 1/6 занятых и двух шестой всех кроватей, выходящих из эксплуатации.Из -за сезона гриппа 30 пациентов госпитализируются каждый день.Рассчитайте общее количество незанятых кроватей в больнице через 2 недели.",230
"Медицинский центр имеет вместимость 1200 коек с 2/4 занятыми и на одну восьмую от всех кроватей, выходящих из эксплуатации.Из -за основной аварии 20 пациентов господствуют в медицинский центр каждый день.Рассчитайте общее количество незанятых кроватей в медицинском центре через 2 недели.",170
"Клиника имеет вместимость 1700 номеров с 1/10 оккупированной и четверти всех комнат, выходящих из эксплуатации.Из -за стихийного бедствия 20 пациентов годится в клинику каждый день.Рассчитайте общее количество незанятых комнат в клинике через 2 недели.",825
"Уход за уходом имеет емкость 1400 номеров с 1/7 занятой и одной десятой от всех комнат, выходящих из эксплуатации.Из -за пандемии 35 пациентов господствуют в учреждение по уходу каждый день.Рассчитайте общее количество незанятых комнат в учреждении по уходу через 2 недели.",570
"В больнице есть вместимость 1800 коек с 1/9 оккупированными, а один девятый от всех кроватей-нет.Из -за сезона гриппа 20 пациентов госпитализируются в больницу каждый день.Рассчитайте общее количество незанятых кроватей в больнице через 2 недели.",1120
"В больнице есть вместимость 1400 коек с 1/3 оккупированными и одной шестой из всех кроватей, выходящих из эксплуатации.Из -за сезона гриппа 25 пациентов госпитализируются каждый день.Рассчитайте общее количество незанятых кроватей в больнице через 3 недели.",175
"Валерия и Виктор пошли в магазин строительства.Виктор является членом, а Валерия - нет.Валерия имеет 97,37 и хочет купить 15 якоря в мусорном ведре в магазине.Ей также нужно 8 гвоздей, каждая из которых стоит 0,64.Каждый якорь стоит ₣ 0,35.Кроме того, Валерия собирает 8 галлонов краски.Виктор начинается с ₣ 90 и хочет 10 галлонов краски, каждая по цене ₣ 7,0 и 4 карандаша плотника, каждый из которых стоил ₣ 2.Магазин предлагает 10% скидку на краску для участников.Насколько больше денег оставила Валерия, чем Виктор после того, как они покинут магазин?",12
"Габриель и Араш отправились в магазин строительства.Араш является участником, но Габриель нет.Габриель имеет 92,27 евро и хочет купить 15 гвоздей в мусорном ведре в магазине.Ей также нужно 8 шайбы, каждая стоимостью 0,64 евро.Каждый гвоздь стоит 0,21 евро.Кроме того, Габриель поднимает 8 галлонов краски.Араш начинается с 100 евро и хочет 12 галлонов краски, каждый по цене 7,5 евро и 3 карандаша для плотника, каждый из которых стоит 3 евро.Магазин предлагает 10% скидку на краску для участников.Насколько больше денег у Габриель осталась, чем Араш после того, как они покинут магазин?",14
"Кимия и Юсуф отправились в магазин строительства.Юсуф - член, но Кимия нет.Кимия имеет 91,25 иен и хочет купить 16 гвоздей в мусорном ведре в магазине.Ей также нужно 9 шайбы, каждая стоимостью 0,65 иен.Каждый гвоздь стоит 0,4.Кроме того, Кимия поднимает 8 галлонов краски.Yusuf начинается с 80 ¥ и хочет 10 галлонов краски, каждая по цене по цене ¥ 7,0 и 4 карандаша для плотника, каждый из которых стоил 2 ¥ 2.Магазин предлагает 10% скидку на краску для участников.Насколько больше денег у Кимиа осталось, чем Юсуф после того, как они покинут магазин?",14
"Валентина и Лиам отправились в строительный магазин.Лиам является членом, а Валентина - нет.Валентина имеет 99,41 иен и хочет купить 17 винтов в мусорном ведре в магазине.Ей также нужно 9 шайбы, каждая стоимостью 0,59 иен.Каждый винт стоит 0,3.Кроме того, Валентина поднимает 8 галлонов краски.Лиам начинается с 90 иен и хочет 10 галлонов краски, каждый по цене по цене 8,0 и 3 и 3 карандаша для плотника, каждый из которых стоит 2 ¥ 2.Магазин предлагает 10% скидку на краску для участников.Насколько больше денег оставила Валентина, чем Лиам после того, как они покинут магазин?",13
"Куинн и Фейсал отправились в магазин строительства.Фейсал - член, но Куинн нет.Куинн имеет 98,39 и хочет купить 17 орехов в мусорном ведре в магазине.Ей также нужны 9 якоря, каждый из которых стоил 0,68.Каждая гайка стоит ₣ 0,31.Кроме того, Куинн поднимает 8 галлонов краски.Фейсал начинается с ₣ 80 и хочет 10 галлонов краски, каждый по цене 7,0 и 3 карандаша плотника, каждый из которых стоил ₣ 2.Магазин предлагает 10% скидку на краску для участников.Насколько больше денег у Куинна осталось, чем Фейсал после того, как они покинут магазин?",20
"Кайла и Лука отправились в магазин строительства.Лука является членом, но Кайла нет.Кайла имеет ₣ 90,23 и хочет купить 17 гвоздей в мусорном ведре в магазине.Ей также нужно 8 шайбы, каждая из которых стоила 0,62.Каждый гвоздь стоит ₣ 0,31.Кроме того, Кайла поднимает 8 галлонов краски.Лука начинается с ₣ 80 и хочет 10 галлонов краски, каждая по цене 7,0 и 4 карандаша для плотника, каждый из которых стоил ₣ 2.Магазин предлагает 10% скидку на краску для участников.Насколько больше денег у Кайлы осталась, чем Лука после того, как они покинут магазин?",15
"Габриель и Сантьяго отправились в магазин строительства.Сантьяго является членом, но Габриель нет.Габриель имеет 86,15 евро и хочет купить 16 винтов из мусорного ведра в магазине.Ей также нужно 9 гвоздей, каждый из которых стоит 0,59 евро.Каждый винт стоит 0,24 евро.Кроме того, Габриель поднимает 8 галлонов краски.Сантьяго начинается с 100 евро и хочет 12 галлонов краски, каждая по цене 7,5 евро и 4 карандаша для плотника, каждый из которых стоит 2 евро.Магазин предлагает 10% скидку на краску для участников.Насколько больше денег Габриель ушла, чем Сантьяго после того, как они покинут магазин?",6
"Беатрис и Джин отправились в магазин строительства.Джин является участником, но Беатрис - нет.Беатрис имеет 82,07 и хочет купить 15 орехов в мусорном ведре в магазине.Ей также нужно 8 винтов, каждая стоимость ₺0,64.Каждая гайка стоит ₺0,33.Кроме того, Беатрис поднимает 8 галлонов краски.Джин начинается с 100 и хочет 12 галлонов краски, каждый по цене 7,5 и 4 карандаша плотника, каждый из которых стоит ₺2.Магазин предлагает 10% скидку на краску для участников.Насколько больше денег оставил Беатрис, чем Джин после того, как они покинут магазин?",1
"Яра и Умар отправились в магазин строительства.Умар является членом, а Яра - нет.Яра имеет ₣ 90,23 и хочет купить 17 винтов из мусорного ведра в магазине.Ей также нужны 9 якоря, каждый из которых стоил 0,61.Каждый винт стоит ₣ 0,22.Кроме того, Яра поднимает 8 галлонов краски.Умар начинает с 100 и хочет 10 галлонов краски, каждый по цене 8,0 и 3 карандаша для плотника, каждый из которых стоит ₣ 4.Магазин предлагает 10% скидку на краску для участников.Насколько больше денег у Яра осталась, чем Умар после того, как они покинут магазин?",1
"Кимия и Арджун отправились в магазин строительства.Арджун является членом, а Кимия - нет.Кимия имеет 100,43 иен и хочет купить 17 орехов в бункере в магазине.Ей также нужно 8 винтов, каждый из которых стоил 0,69 иен.Каждая гайка стоит 0,23.Кроме того, Кимия поднимает 10 галлонов краски.Арджун начинается с 90 ¥ и хочет 10 галлонов краски, каждый по цене по цене 7,0 ¥ и 3 карандаша для плотника, каждый из которых стоит 3.Магазин предлагает 10% скидку на краску для участников.Насколько больше денег у Кимиа осталась, чем Арджун после того, как они покинут магазин?",3
"Пирамида сделана из 9 зеленых кубиков, в два раза больше белых кубиков и неизвестного количества розовых кубиков.Если в общей сложности в пирамиде 45 кубиков, какой процент кубиков розовый?",40
"Стек изготовлен из 5 апельсиновых плиток, в два раза больше розовых плиток и неизвестного количества зеленых плиток.Если в общей сложности есть 20 плиток, какой процент плиток зеленый?",25
"Стек составлен из 8 розовых плиток, в два раза больше зеленых плиток и неизвестного количества апельсиновых плиток.Если в общей сложности 48 плиток, какой процент плиток является оранжевым?",50
"Здание состоит из 4 белых кирпичей, в два раза больше апельсиновых кирпичей и неизвестного количества фиолетовых кирпичей.Если в здании всего 40 кирпичей, какой процент кирпичей фиолетовый?",70
"Пирамида сделана из 4 фиолетовых кубиков, в семь раз больше белых кубиков и неизвестного числа черных кубиков.Если в общей сложности в пирамиде 40 кубиков, какой процент кубиков черный?",20
"Стек составлен из 4 черных плиток, в два раза больше белых плиток и неизвестного количества розовых плиток.Если в общей сложности есть 24 плитки, какой процент плиток розовый?",50
"Стек составлен из 9 апельсиновых плиток, в три раза больше розовых плиток и неизвестного количества зеленых плиток.Если в общей сложности в стеке 40 плиток, какой процент плиток зеленый?",10
"Здание состоит из 2 фиолетовых кирпичей, в восемь раз больше черных кирпичей и неизвестного количества апельсиновых кирпичей.Если в здании всего 45 кирпичей, какой процент кирпичей является оранжевым?",60
"Здание состоит из 7 фиолетовых кирпичей, в два раза больше розовых кирпичей и неизвестного количества белых кирпичей.Если в здании всего 25 кирпичей, какой процент кирпичей белый?",16
"Здание состоит из 4 фиолетовых кирпичей, в четыре раза больше черных кирпичей и неизвестного количества розовых кирпичей.Если в здании в здании 25 кирпичей, какой процент кирпичей розовый?",20
"Ольга может очистить 12 моллюсков в минуту и ​​обжарить 30 моллюсков за 9 минут.Сколько минут она понадобится, чтобы очистить и обтянуть 180 моллюсков, если потребуется 19 секунд, чтобы вымыть каждый моллюсков, прежде чем его очистить?Обратите внимание, что Ольга не может работать параллельно, и ей нужно сделать 11-минутный перерыв после того, как она очистила моллюски, прежде чем она сможет начать их обливать.",137
"Айша может очистить 10 моллюсков в минуту и ​​обжарить 30 моллюсков за 6 минут.Сколько минут она понадобится, чтобы очистить и обжарить 120 моллюсков, если потребуется 14 секунд, чтобы вымыть каждый моллюсков, прежде чем его очистить?Обратите внимание, что Айша не может работать параллельно и должна сделать 7-минутный перерыв после того, как она очистила моллюски, прежде чем она сможет начать их жарить.",71
"Чен может очистить 5 моллюсков в минуту и ​​обжарить 20 моллюсков за 16 минут.Сколько минут она понадобится, чтобы очистить и обтянуть 120 моллюсков, если потребуется 15 секунд, чтобы вымыть каждый моллюсков, прежде чем его очистить?Обратите внимание, что Чен не может работать параллельно и должен сделать 6-минутный перерыв после того, как она очистила моллюсков, прежде чем она сможет начать их обливать.",156
"Ава может очистить 5 цуккини в минуту и ​​обжарить 20 цуккини за 6 минут.Сколько минут потребуется ее, чтобы очистить и обтянуть 140 цуккини, если потребуется 24 секунды, чтобы вымыть каждый цуккини, прежде чем его очистить?Обратите внимание, что Ava не может работать параллельно, и ей нужно сделать 15-минутный перерыв после того, как она очистила цуккини, прежде чем она сможет начать их насыщать.",141
"Роя может очистить 6 моллюсков в минуту и ​​обжарить 30 моллюсков за 11 минут.Сколько минут потребуется ей, чтобы очистить и обтянуть 90 моллюсков, если потребуется 14 секунд, чтобы вымыть каждый моллюсков, прежде чем его очистить?Обратите внимание, что Роя не может работать параллельно, и ему нужно сделать 7-минутный перерыв после того, как она очистила моллюски, прежде чем она сможет начать их жарить.",76
"Кимия может очистить 6 креветок в минуту и ​​обжарить 20 креветок за 17 минут.Сколько минут она понадобится, чтобы очистить и обжарить 60 креветков, если потребуется 15 секунд, чтобы вымыть каждый креветку, прежде чем его очистить?Обратите внимание, что Кимия не может работать параллельно и должна сделать 8-минутный перерыв после того, как она очистила креветки, прежде чем она сможет начать их жарить.",84
"Надя может очистить 4 морковь в минуту и ​​обжарить 20 морковь за 11 минут.Сколько минут она понадобится, чтобы очистить и обжарить 160 морковь, если потребуется 18 секунд, чтобы вымыть каждую морковь, прежде чем ее очистить?Обратите внимание, что Надя не может работать параллельно и должна сделать 6-минутный перерыв после того, как она очистила морковь, прежде чем она сможет начать их обливать.",182
"Беатрис может очистить 8 морковь в минуту и ​​обжарить 20 морковь за 12 минут.Сколько минут она понадобится, чтобы очистить и обтянуть 160 морковью, если потребуется 12 секунд, чтобы вымыть каждую морковь, прежде чем ее очистить?Обратите внимание, что Беатрис не может работать параллельно и должен сделать 5-минутный перерыв после того, как она очистила морковь, прежде чем она сможет начать их обливать.",153
"Ниа может очистить 12 морковей в минуту и ​​обжарить 30 морковей за 10 минут.Сколько минут потребуется ее, чтобы очистить и обжарить 180 морковь, если потребуется 25 секунд, чтобы вымыть каждую морковь, прежде чем ее очистить?Обратите внимание, что NIA не может работать параллельно, и ей нужно сделать 13-минутный перерыв после того, как она очистила морковь, прежде чем она сможет начать их жарить.",163
"Фатима может очистить 12 цуккини в минуту и ​​обжарить 30 цуккини за 14 минут.Сколько минут потребуется ей, чтобы очистить и обжарить 60 цуккини, если потребуется 11 секунд, чтобы вымыть каждый цуккини, прежде чем очистить его?Обратите внимание, что Фатима не может работать параллельно, и ей нужно сделать 12-минутный перерыв после того, как она очистила цуккини, прежде чем она сможет начать их насыщать.",56
"Ума и Захра - сестры из Марракеша, которые любят собирать подписи от политиков.Во время их весенних каникул в школе сестры проводят каждый день, собирая подписи.Через 6 недель UMA и Zahra сравнивают свои книги по автографам, рассчитывая количество подписей, которую собрала каждая сестра.Ума имеет 29 подписей в ее книге, а у Захра 37 лет. Сестры имеют еще 4 недели весенних каникул, и они решают, что хотят достичь 130 подписей между ними к концу перерыва.Однако в течение оставшихся 4 недель UMA может собирать подписи только по выходным, уменьшая свою еженедельную коллекцию на 5 в неделю, в то время как Захра решает увеличить свою еженедельную коллекцию.Сколько подписей нужно Zahra, чтобы собирать в неделю, чтобы убедиться, что они достигают своей цели?",11
"Дафна и Оливия - сестры из Каира, которые любят собирать подписи из кинозвезд.Во время их весенних каникул в школе сестры проводят каждый день, собирая подписи.Через 3 недели Дафна и Оливия сравнивают свои книги по автографам, подсчитывая количество подписей, которую собрала каждая сестра.У Дафны в ее книге 17 подписей, а у Оливии есть 31. Сестры имеют еще 3 недели весенних каникул, и они решают, что хотят достичь 120 подписей между ними к концу перерыва.Однако в течение оставшихся 3 недель Дафни может собирать подписи только по выходным, уменьшая свою еженедельную коллекцию на 5 в неделю, в то время как Оливия решает увеличить свою еженедельную коллекцию.Сколько подписей нужно собирать Оливии в неделю, чтобы убедиться, что они достигают своей цели?",19
"Ава и Куинн - сестры из Хельсинки, которые любят собирать подписи от авторов.Во время их весенних каникул в школе сестры проводят каждый день, собирая подписи.Через 3 недели Ava и Quinn сравнивают свои книги по автографам, рассчитывая количество подписей, которую собрала каждая сестра.У Авы есть 30 подписей в ее книге, а у Куинна 37. Сестры имеют еще 2 недели весенних каникул, и они решают, что хотят достичь 135 подписей между ними к концу перерыва.Однако в течение оставшихся 2 недель AVA может собирать подписи только по выходным, уменьшая свою еженедельную коллекцию на 5 в неделю, в то время как Куинн решает увеличить свою еженедельную коллекцию.Сколько подписей нужно собирать в неделю, чтобы убедиться, что они достигают своей цели?",29
"Мэй и Харука - сестры из Сингапура, которые любят собирать подписи от политиков.Во время летнего перерыва в школе сестры проводят каждый день, собирая подписи.Через 5 недель Мэй и Харука сравнивают свои книги по автографам, подсчитывая количество подписей, которую собрала каждая сестра.У Мэй в ее книге есть 24 подписи, и у Харуки 51 год. Сестры имеют еще 3 недели летних каникул, и они решают, что хотят достичь 135 подписей между ними к концу перерыва.Однако в течение оставшихся 3 недель Мэй может собирать подписи только по выходным, уменьшая свою еженедельную коллекцию на 5 в неделю, в то время как Харука решает увеличить свою еженедельную коллекцию.Сколько подписей нужно собирать Харуке в неделю, чтобы убедиться, что они достигают своей цели?",15
"Ума и Ольга - сестры из Лиссабона, которые любят собирать подписи от политиков.Во время летнего перерыва в школе сестры проводят каждый день, собирая подписи.Через 3 недели Ума и Ольга сравнивают свои книги по автографам, подсчитывая количество подписей, которую собрала каждая сестра.Ума имеет 25 подписей в ее книге, а у Олги 59. Сестры имеют еще 2 недели летних каникул, и они решают, что хотят достичь 140 подписей между ними к концу перерыва.Однако в течение оставшихся 2 недель UMA может собирать подписи только по выходным, уменьшая свою еженедельную коллекцию на 5 в неделю, в то время как Ольга решает увеличить свою еженедельную коллекцию.Сколько подписей нужно собирать Олге в неделю, чтобы убедиться, что они достигают своей цели?",23
"Чен и Тара - сестры из Лиссабона, которые любят собирать подписи от политиков.Во время их зимних каникул в школе сестры проводят каждый день, собирая подписи.Через 5 недель Чен и Тара сравнивают свои автограф -книги, подсчитывая количество подписей, которую собрала каждая сестра.У Чена в ее книге 36 подписей, а у Тары 32 года. У сестер есть еще 4 недели зимних каникул, и они решают, что хотят достичь 140 подписей между ними к концу перерыва.Однако в течение оставшихся 4 недель Чен может собирать подписи только по выходным, уменьшая свою еженедельную коллекцию на 5 в неделю, в то время как Тара решает увеличить свою еженедельную коллекцию.Сколько подписей нужно собирать Тару в неделю, чтобы убедиться, что они достигают своей цели?",13
"Захра и Яра - сестры из Кейптауна, которые любят собирать подписи от авторов.Во время их весенних каникул в школе сестры проводят каждый день, собирая подписи.Через 7 недель Zahra и Yara сравнивают свои книги по автографам, рассчитывая количество подписей, которую собрала каждая сестра.У Захры в ее книге есть 20 подписей, а у Яры 30. Сестрам есть еще 3 недели весенних каникул, и они решают, что хотят достичь 140 подписей между ними к концу перерыва.Однако в течение оставшихся 3 недель Захра может собирать подписи только по выходным, уменьшая свою еженедельную коллекцию на 5 в неделю, в то время как Яра решает увеличить свою еженедельную коллекцию.Сколько подписей нужно собирать в неделю, чтобы убедиться, что они достигают своей цели?",25
"Ава и Кайла - сестры из Бангкока, которые любят собирать подписи у спортсменов.Во время их зимних каникул в школе сестры проводят каждый день, собирая подписи.Через 3 недели Ава и Кайла сравнивают свои книги по автографам, подсчитывая количество подписей, которую собрала каждая сестра.У Авы есть 38 подписей в ее книге, а у Кайлы 41 год. Сестры имеют еще 4 недели зимних каникул, и они решают, что хотят достичь 135 подписей между ними к концу перерыва.Однако в течение оставшихся 4 недель AVA может собирать подписи только по выходным, уменьшая свою еженедельную коллекцию на 5 в неделю, в то время как Кайла решает увеличить свою еженедельную коллекцию.Сколько подписей нужно Кайле собирать в неделю, чтобы убедиться, что они достигают своей цели?",9
"София и Елена - сестры из Окленда, которые любят собирать подписи от музыкантов.Во время их весенних каникул в школе сестры проводят каждый день, собирая подписи.Через 4 недели София и Елена сравнивают свои книги по автографам, рассчитывая количество подписей, которую собрала каждая сестра.В ее книге у Софии есть 32 подписи, а Елена имеет 56 лет. Сестры имеют еще 3 недели весенних каникул, и они решают, что хотят достичь 130 подписей между ними к концу перерыва.Однако в течение оставшихся 3 недель София может собирать подписи только по выходным, уменьшая свою еженедельную коллекцию на 5 в неделю, в то время как Елена решает увеличить свою еженедельную коллекцию.Сколько подписей нужно собирать Елене в неделю, чтобы убедиться, что они достигают своей цели?",9
"Захра и Ниа - сестры из Ханоя, которые любят собирать подписи из кинозвезд.Во время их осеннего перерыва в школе сестры проводят каждый день, собирая подписи.Через 3 недели Zahra и Nia сравнивают свои книги по автографам, рассчитывая количество подписей, которую собрала каждая сестра.У Захры в ее книге 28 подписей, а у Нии 46. Сестры имеют еще 2 недели осенних перерывов, и они решают, что хотят достичь 120 подписей между ними к концу перерыва.Однако в течение оставшихся 2 недель Захра может собирать подписи только по выходным, уменьшая свою еженедельную коллекцию на 5 в неделю, в то время как NIA решает увеличить свою еженедельную коллекцию.Сколько подписей нужно собирать NIA в неделю, чтобы убедиться, что они достигают своей цели?",18
"Леон пошел купить школьные принадлежности.Он купил 8 карандаша, которые стоили 7,0 ¥, 8 ноутбуков, которые стоили 13,75 иен каждая, и запасной бумаги, которая стоила 10 фунтов стерлингов.Он также купил 4 папки, которые стоили 11 иен.Леон может либо заплатить единовременную плату за 20 иен, чтобы стать участником, и получить 20% скидку на все покупки, либо не стать участником и получить только 5% скидку.Какое наименьшее количество может потратить Леон на все?",196
"Бодхи пошел купить школьные принадлежности.Он купил 24 папки, которые стоили 2,75 евро каждая, 12 карандашей, которые стоили 19,25 евро каждая, и запасной бумаги, которая стоила 23 евро.Он также купил 5 маркеров, которые стоят 8 евро каждая.Бодхи может либо заплатить единовременную плату за 20 евро, чтобы стать участником, и получить 20% скидку на все покупки, либо не стать участником и получить только 5% скидку.Какое наименьшее количество может потратить Бодхи на все?",308
"Дешон пошел, чтобы купить школьные принадлежности.Он купил 14 ластиков, которые стоили 7,5 рублей каждая, 4 правителя, которые стоят 18,5 фунтов стерлингов, и запасной бумаги, которая стоила 21 ₺21.Он также купил 8 папок, которые стоят 10 ₺10 каждая.Deshawn может либо заплатить единовременную плату за 20 ₺20, чтобы стать участником, и получить 20% скидку на все покупки, либо не стать участником и получить только 5% скидку.Какое наименьшее количество может потратить Deshawn на все?",244
"Андре пошел купить школьные принадлежности.Он купил 20 маркеров, которые стоят по 8,0 каждая, 10 карандашей, которые стоят 18,0 ₣ по 18,0, и еще много бумаги для облигации, которая стоит 15.Он также купил 5 правителей, которые стоят 9 фунтов стерлингов каждый.Андре может либо заплатить единовременную плату за 20, чтобы стать участником, и получить 20% скидку на все покупки, либо не стать участником и получить только 5% скидку.Какое наименьшее количество может потратить Андре на все?",340
"Фейсал пошел, чтобы купить школьные принадлежности.Он купил 18 карандашей, которые стоят 6,0 каждая, 14 правителей, которые стоят 14,5 ₣ 14,5, и привязанную бумагу, которая стоит 24.Он также купил 5 цветных карандашей, которые стоят 9 фунтов стерлингов.Faisal может либо заплатить единовременную плату за 20, чтобы стать участником, и получить 20% скидку на все покупки, либо не стать участником и получить только 5% скидку.Какое наименьшее количество может потратить Faisal на все?",324
"Оскар пошел, чтобы купить школьные принадлежности.Он купил 24 ноутбука, которые стоят 3,5, 6, 6 правителей, которые стоят по 12,0 фунтов стерлингов, и еще много бумаги для облигации, которая стоила 15 ₺15.Он также купил 7 карандашей, которые стоят 9 фунтов стерлингов каждый.Оскар может либо заплатить единовременную плату за 20 ₺20, чтобы стать участником, и получить 20% скидку на все покупки, либо не стать участником и получить только 5% скидку.Какое наименьшее количество может потратить Оскар на все?",212
"Касим пошел купить школьные принадлежности.Он купил 18 ноутбуков, которые стоили 9,0 иен каждая, 12 карандаша, которые стоили 18,75 иен каждая, и запасной бумаги, которая стоила 21 иен.Он также купил 8 карандашей, которые стоили 9 ¥ по 9.Касим может либо заплатить единовременную плату за 20 иен, чтобы стать участником, и получить 20% скидку на все покупки, либо не стать участником и получить только 5% скидку.Какое наименьшее количество может потратить Касим на все?",404
"Юки пошел купить школьные принадлежности.Он купил 22 карандаша, которые стоили 8,0 иен, каждая, 14 ластиков, которые стоят 17,0 иен каждая, и запасной бумаги, которая стоила 13 иен.Он также купил 3 маркера, которые стоили 11 иен каждый.Юки может либо заплатить единовременную плату за 20 иен, чтобы стать участником, и получить 20% скидку на все покупки, либо не стать участником и получить только 5% скидку.Какое наименьшее количество может потратить Юки на все?",388
"Джеймс пошел, чтобы купить школьные принадлежности.Он купил 12 маркеров, которые стоили 3,0 долл. США, 14 карандаша, которые стоят 8,5 долл. США каждая, и еще много бумаги для облигаций, которые стоят 17 долларов.Он также купил 6 цветных карандашей, которые стоят 8 долларов каждая.Джеймс может либо заплатить единовременную плату за 20 долларов, чтобы стать участником, и получить 20% скидку на все покупки, либо не стать участником и получить только 5% скидку.Какое наименьшее количество Джеймса может потратить на все?",196
"Джеймс пошел, чтобы купить школьные принадлежности.Он купил 6 ноутбуков, которые стоили 7,0 ¥ каждый, 14 карандашей, которые стоили 10,0 иен, и запасной бумаги, которая стоила 24 ¥.Он также купил 6 маркеров, которые стоили 9 ¥ каждый.Джеймс может либо заплатить единовременную плату за 20 иен, чтобы стать участником, и получить 20% скидку на все покупки, либо не стать участником и получить только 5% скидку.Какое наименьшее количество Джеймса может потратить на все?",228
"Яра пошла в свой сад, чтобы выбрать немного клубники, и обнаружила в девять раз больше жуков, чем гусеницы в саду.Затем Яра обнаружила 66 белых животных, половина из которых были кроликами.Кроме того, она увидела 24 пчел и 13 гусениц.Какой процент животных в саду был кроликами?",15
"Ава пошла на ее выделение, чтобы выбрать малину, и нашла на одну треть больше пчел, как осы в патче.Затем Ава обнаружила 60 белых животных, половина из которых были кроликами.Кроме того, она увидела 24 гусеницы и 12 ос.Какой процент животных в участке был кроликами?",30
"Жасмин пошла на свой задний двор, чтобы выбрать вишню, и обнаружила, что половина осе, как муравьи в поле.Затем Жасмин обнаружила 46 белых животных, половина из которых была кроликами.Кроме того, она увидела 39 пчел и 10 муравьев.Какой процент животных в поле был кроликами?",23
"Лейлани пошла на ее выделение, чтобы выбрать малину и обнаружила на две четверти, чем муравьях, как осы в патче.Затем Лейлани обнаружил 40 белых животных, половина из которых были кроликами.Кроме того, она увидела 36 кузнечиков и 16 ос.Какой процент животных в участке был кроликами?",20
"Габриель пошла на ее выделение, чтобы выбрать малину, и нашла две пятые столько осе, сколько пчел в патче.Затем Габриель нашла 38 белых животных, половина из которых были кроликами.Кроме того, она увидела 41 гусеницу и 15 пчел.Какой процент животных в участке был кроликами?",19
"Валерия пошла на ее выделение, чтобы выбрать малину, и нашла 4/5 столько муравьев, сколько жуков в патче.Затем Валерия обнаружила 18 белых животных, половина из которых были кроликами.Кроме того, она увидела 30 гусениц и 15 жуков.Какой процент животных в участке был кроликами?",12
"Кимия отправилась в свою теплицу, чтобы выбрать чернику, и нашла в шесть раз больше гусениц, чем осы на участке.Затем Кимия обнаружила 40 белых животных, половина из которых была кроликами.Кроме того, она увидела 25 божьей коровки и 5 ос.Какой процент животных на участке был кроликами?",20
"Елена пошла на ее выделение, чтобы выбрать малину, и нашла в шесть раз больше божьих коровки, чем осы в патче.Затем Елена нашла 74 белых животных, половина из которых были кроликами.Кроме того, она увидела 32 муравья и 6 ос.Какой процент животных в участке был кроликами?",25
"Валерия пошла на ее выделение, чтобы выбрать малину, и нашла 2/5 столько же гусениц, сколько пчел в патче.Затем Валерия обнаружила 42 белых животных, половина из которых были кроликами.Кроме того, она увидела 21 божья коровьи и 15 пчел.Какой процент животных в участке был кроликами?",25
"Надя пошла в свой сад, чтобы выбрать немного клубники, и нашла три шестой столько осе, сколько пчел в саду.Затем Надя обнаружила 26 белых животных, половина из которых были кроликами.Кроме того, она увидела 17 гусениц и 6 пчел.Какой процент животных в саду был кроликами?",25
"Яра увидела 32-футовый кит с 16 ремора, каждый из которых был прикреплен к нему 12 дюймов.Затем 1/2 от Remoras уплыл.Позже Яра увидела еще один 10-футовый кит с 6 Remoras, каждый 8 дюймов в длину.В среднем, какой процент длины тела каждого кита покрывается Remoras?",32
"Али увидел 30-футовый кит с 18 Remoras, каждый из которых был прикреплен к нему 15 дюймов.Затем 1/3 от Remoras уплыл.Позже Али увидел еще один 10-футовый кит с 6 Remoras, каждые 8 ​​дюймов в длину, к нему.В среднем, какой процент длины тела каждого кита покрывается Remoras?",45
"Жасмин увидел 32-футовый дельфин с 24 ремора, каждый из которых был прикреплен к нему 12 дюймов.Затем 1/3 от Remoras уплыл.Позже, Жасмин увидела еще 8-футовый дельфин с 4 Remoras, каждую 6 дюймов в длину, к нему.В среднем, какой процент от длины тела каждого дельфина покрывается Remoras?",37
"Луис увидел 48-футовый дельфин с 24 Remoras, каждый из которых был прикреплен к нему 18 дюймов.Затем треть Remoras выплыла.Позже Луис увидел еще один 10-футовый дельфин с 6 Remoras, каждую 8 дюймов в длину, к нему.В среднем, какой процент от длины тела каждого дельфина покрывается Remoras?",45
"Павел увидел 45-футовый кит с 18 Remoras, каждая в длину 12 дюймов, прикрепленных к нему.Затем 1/2 от Remoras уплыл.Позже Павел увидел еще 10-футовый кит с 4 ремора, каждая 3 дюйма в длину, к нему.В среднем, какой процент длины тела каждого кита покрывается Remoras?",15
"Габриель увидела 33-футовую акулу с 12 ремора, каждая в длину 22 дюйма, прикрепленную к ней.Затем четверть от Remoras пропала.Позже Габриель увидела еще одну 8-футовую акулу с 6 ремора, каждую 4 дюйма, прикрепленную к ней.В среднем, какой процент длины тела каждой акулы покрывается Remoras?",37
"Оскар увидел 38-футовую акулу с 16 Remoras, каждая в длину 19 дюймов.Затем четверть от Remoras пропала.Позже, Оскар увидел еще 10-футовую акулу с 6 Remoras, каждая 3 дюйма в длину, к ней.В среднем, какой процент длины тела каждой акулы покрывается Remoras?",32
"Оливер увидел 48-футовый кит с 12 Remoras, каждый 24 дюйма в длину прикреплен к нему.Затем 1/2 от Remoras уплыл.Позже Оливер увидел еще один 10-футовый кит с 6 Remoras, каждые 6 дюймов в длину, прикрепленный к нему.В среднем, какой процент длины тела каждого кита покрывается Remoras?",27
"Карлос увидел 34-футовую акулу с 18 Remoras, каждая в длину 17 дюймов.Затем треть Remoras выплыла.Позже Карлос увидел еще 10-футовую акулу с 4 ремора, каждая 3 дюйма в длину, к ней.В среднем, какой процент длины тела каждой акулы покрывается Remoras?",30
"Андре увидел 30-футовый кит с 18 Remoras, каждый из которых был прикреплен к нему 15 дюймов.Затем треть Remoras выплыла.Позже Андре увидел еще один 10-футовый кит с 6 Remoras, каждая 7 дюймов в длину, к нему.В среднем, какой процент длины тела каждого кита покрывается Remoras?",42
"Тиаго собирает деньги на 3-дневную научную ярмарку.Каждый день стоит 250 долларов за отель, 30 долларов за еду и 30 долларов на транспорт.У Тиаго есть только 35 долларов.Его друзья пробились и покроют стоимость всей еды для научной ярмарки.Тиаго также подал заявку на помощь в школе, которая решила покрыть 1/4 оставшейся стоимости научной ярмарки.Сколько денег Тиаго все еще отсутствует?",595
"Али собирает деньги на трехдневный спортивный турнир.Каждый день стоит ₣ 200 для отеля, 20 для еды и 10 ₣ 10 для транспорта.Али имеет только 40.Его друзья пробились и покроют стоимость всей еды для спортивного турнира.Али также подал заявку на помощь в местной благотворительной организации, которая решила покрыть 1/5 оставшейся стоимости спортивного турнира.Сколько денег Али все еще отсутствует?",464
"Бенджамин собирает деньги на 3-дневную научную ярмарку.Каждый день стоит 250 фунтов стерлингов для отеля, 30 ₺30 для еды и 20 ₺20 для транспортировки.Бенджамин имеет только 165 ₺165.Его друзья пробились и покроют стоимость всей еды для научной ярмарки.Бенджамин также подал заявку на помощь родительской ассоциации, которая решила охватить десятую часть оставшейся стоимости научной ярмарки.Сколько денег Бенджамин все еще отсутствует?",564
"Леон собирает деньги на 2-дневный семинар.Каждый день стоит 150 иен для отеля, 30 иен для еды и 10 иен для транспорта.Леон имеет только 155 иен.Его друзья пробились и покроют стоимость всей еды для мастерской.Леон также подал заявку на помощь молодежным клубом, который решил покрыть пятую часть оставшейся стоимости семинара.Сколько денег Леон все еще отсутствует?",101
"Юки собирает деньги на 2-дневный музыкальный фестиваль.Каждый день стоит 100 фунтов стерлингов для отеля, 40 лет для еды и 30 ₺30 для транспорта.Юки имеет только ₺10.Его друзья пробились и покроют стоимость всей еды на музыкальный фестиваль.Юки также подал заявку на помощь родительской ассоциации, которая решила охватить 1/2 оставшейся стоимости музыкального фестиваля.Сколько денег Юки все еще отсутствует?",120
"Ибрагим собирает деньги на двухдневную конференцию.Каждый день стоит 200 долларов за отель, 30 долларов за еду и 30 долларов на транспорт.Ибрагим имеет только 95 долларов.Его друзья вступили и покроют стоимость всей еды на конференцию.Ибрагим также подал заявку на помощь в школе, которая решила покрыть четверть оставшейся стоимости конференции.Сколько денег Ибрагим все еще отсутствует?",250
"Оскар собирает деньги на трехдневный музыкальный фестиваль.Каждый день стоит 250 ₣ для отеля, ₣ 40 для еды и 10 ₣ 10 для транспорта.Оскар имеет только ₣ 125.Его друзья пробились и покроют стоимость всей еды на музыкальный фестиваль.Оскар также подал заявку на помощь местной благотворительной организацией, которая решила охватить 1/6 оставшейся стоимости музыкального фестиваля.Сколько денег Оскар все еще отсутствует?",525
"Павел собирает деньги для двухдневной научной ярмарки.Каждый день стоит 150 ₺ для отеля, 20 ₺20 для еды и 10 ₺10 для транспортировки.Павел имеет только ₺25.Его друзья пробились и покроют стоимость всей еды для научной ярмарки.Павел также подал заявку на помощь родительской ассоциации, которая решила охватить половину оставшейся стоимости научной ярмарки.Сколько денег Павел все еще отсутствует?",135
"Али собирает деньги на двухдневный спортивный турнир.Каждый день стоит 150 ₺10 для отеля, 40 лет для еды и 10 ₺10 для транспортировки.Али имеет только ₺160.Его друзья пробились и покроют стоимость всей еды для спортивного турнира.Али также подал заявку на помощь родительской ассоциации, которая решила покрыть 1/8 оставшейся стоимости спортивного турнира.Сколько денег Али все еще отсутствует?",120
"Фейсал собирает деньги на 3-дневную конференцию.Каждый день стоит 200 иен для отеля, 30 иен для еды и 30 иен для транспорта.Фейсал имеет только 115 иен.Его друзья вступили и покроют стоимость всей еды на конференцию.Фейсал также подал заявку на помощь молодежным клубом, который решил покрыть 1/2 оставшейся стоимости конференции.Сколько денег Фейсал все еще отсутствует?",230
"Согласно своей питательной информации, мешок с хлебом имеет 225 калорий на порцию.Сумка из 300 унций имеет 5 порций.Здоровая ежедневная калорийная цель составляет 15 калорий на фунт массы тела.Карлос весит 200 фунтов, и он уже потреблял 900 калорий и сжег 150 калорий с помощью упражнений.Захра весит 150 фунтов, и она уже потребляла 900 в еде и 225 калорий в мороженое.Сколько еще унций хлеба нужно использовать Карлосу, чем Захра?",300
"Согласно своей питательной информации, пакет с попкорна имеет 300 калорий на порцию.Сумка 325 грамм имеет 5 порций.Здоровая ежедневная калорийная цель составляет 15 калорий на фунт массы тела.Ибрагим весит 190 фунтов, и он уже потреблял 950 калорий и сжигал 200 калорий с помощью упражнений.Прия весит 170 фунтов, и она уже потребляла 1100 в пищу и 250 калорий в мороженое.Сколько еще граммов попкорна нужно Ибрагиму потреблять, чем Прия?",195
"Согласно своей питательной информации, мешок с хлебом имеет 250 калорий на порцию.Сумка из 350 унций имеет 5 порций.Здоровая ежедневная калорийная цель составляет 15 калорий на фунт массы тела.Юки весит 210 фунтов, и он уже потреблял 1050 калорий и сжег 150 калорий с помощью упражнений.Жасмин весит 140 фунтов, и она уже потребляла 900 в пищу и 200 калорий в мороженое.Сколько еще унций хлеба нужно Юки потреблять, чем жасмин?",350
"Согласно своей питательной информации, мешок с печеньем имеет 175 калорий на порцию.Сумка 125 унций имеет 5 порций.Здоровая ежедневная калорийная цель составляет 15 калорий на фунт массы тела.Тео весит 250 фунтов, и он уже потреблял 1100 калорий и сжег 150 калорий с помощью упражнений.Сакура весит 130 фунтов, и она уже потребляла 900 в пищу и 175 калорий в мороженое.Сколько еще унций унции печенья нужно употреблять, чем сакура?",275
"Согласно его питательной информации, пакет с попкорна имеет 325 калорий на порцию.Сумка 100 граммов имеет 4 порции.Здоровая ежедневная калорийная цель составляет 15 калорий на фунт массы тела.Араш весит 200 фунтов, и он уже потреблял 1200 калорий и сжег 150 калорий с помощью упражнений.Мэй весит 180 фунтов, и она уже потребляла 900 в пищу и 175 калорий в мороженое.Сколько еще граммов попкорна нужно Араш потреблять, чем MEI?",25
"Согласно его питательной информации, мешок с попкорна имеет 150 калорий на порцию.Сумка 300 грамм имеет 5 порций.Здоровая ежедневная калорийная цель составляет 15 калорий на фунт массы тела.Арджун весит 210 фунтов, и он уже потреблял 1000 калорий и сжигал 100 калорий с помощью упражнений.Елена весит 180 фунтов, и она уже потребляла 900 в пищу и 150 калорий в мороженое.Сколько еще граммов попкорна нужно Арджун, чтобы потреблять, чем Елена?",240
"Согласно информации о питании, мешок с печеньем имеет 150 калорий на порцию.Сумка из 100 унций имеет 4 порции.Здоровая ежедневная калорийная цель составляет 15 калорий на фунт массы тела.Габриэль весит 200 фунтов, и он уже потреблял 900 калорий и сжег 150 калорий с помощью упражнений.Валентина весит 130 фунтов, и она уже потребляла 1100 в пищу и 250 калорий в мороженое.Сколько еще унций куки -файлов нужно потреблять Габриэлю, чем Валентина?",275
"Согласно информации о питании, пакет с попкорна имеет 450 калорий на порцию.У сумки 275 граммов 5 порций.Здоровая ежедневная калорийная цель составляет 15 калорий на фунт массы тела.Хироши весит 230 фунтов, и он уже потреблял 900 калорий и сжигал 150 калорий с помощью упражнений.Валентина весит 180 фунтов, и она уже потребляла 1100 в пищу и 250 калорий в мороженое.Сколько еще граммов попкорна нужно, чем Хироши потреблять, чем Валентина?",165
"Согласно своей питательной информации, мешок с печеньем имеет 200 калорий на порцию.Сумка 400 унций имеет 5 порций.Здоровая ежедневная калорийная цель составляет 15 калорий на фунт массы тела.Бодхи весит 230 фунтов, и он уже потреблял 1100 калорий и сжигал 50 калорий с помощью упражнений.NIA весит 130 фунтов, и она уже потребляла 1000 в пищу и 150 калорий в мороженое.Сколько еще унций унций печенья нужно потреблять Бодхи, чем NIA?",640
"Согласно своей питательной информации, мешок с хлебом имеет 175 калорий на порцию.Сумка 125 унций имеет 5 порций.Здоровая ежедневная калорийная цель составляет 15 калорий на фунт массы тела.Санджай весит 210 фунтов, и он уже потреблял 1150 калорий и сжигал 100 калорий с помощью упражнений.София весит 150 фунтов, и она уже потребляла 800 в пищу и 225 калорий в мороженое.Сколько еще унций хлеба нужно, чем Санджай потреблять, чем София?",125
"Чтобы позвонить из телефонной будки, вы должны заплатить 0,7 доллара за каждую минуту вашего звонка.Через 10 минут цена падает до 0,5 долларов в минуту.Через 30 минут после начала звонка цена падает еще больше до 0,1 доллара за две минуты.Если ваш общий счет составляет более 15 долларов, вы получите 15% скидку на общий счет.Сколько будет стоить 90-минутный вызов?",17
"Чтобы позвонить из телефонной будки, вы должны заплатить ₺0,9 за каждую минуту вашего звонка.Через 10 минут цена падает до 0,6 в минуту.Через 35 минут после начала звонка цена падает еще больше до 0,4 за две минуты.Если ваш общий счет составляет более 25 фунтов стерлингов, вы получаете 20% скидку на ваш общий счет.Сколько будет стоить 115-минутная вызов?",32
"Чтобы позвонить с телефона гостиничного номера, вы должны заплатить 0,4 евро за каждую минуту вашего звонка.Через 15 минут цена падает до 0,3 евро в минуту.Через 35 минут после начала звонка цена падает еще больше до 0,2 евро за две минуты.Если ваш общий счет составляет более 15 евро, вы получаете 10% скидку на ваш общий счет.Сколько будет стоить 115-минутная вызов?",18
"Чтобы позвонить из телефонной будки, вы должны заплатить ₺0,8 за каждую минуту вашего звонка.Через 10 минут цена падает до 0,7 в минуту.Через 30 минут после начала звонка цена падает еще больше до 0,4 за две минуты.Если ваш общий счет составляет более 155 фунтов стерлингов, вы получаете 15% скидку на ваш общий счет.Сколько будет стоить 120-минутный вызов?",34
"Чтобы позвонить с телефона в гостиничном номере, вы должны заплатить 0,6 за каждую минуту вашего звонка.Через 10 минут цена падает до 0,4,4 в минуту.Через 35 минут после начала звонка цена падает еще больше до 0,1 за две минуты.Если ваш общий счет составляет более 155 фунтов стерлингов, вы получаете 15% скидку на ваш общий счет.Сколько будет стоить 115-минутная вызов?",17
"Чтобы позвонить с телефона в гостиничном номере, вы должны заплатить 0,9 иен за каждую минуту вашего звонка.Через 10 минут цена падает до 0,6 иен в минуту.Через 35 минут после начала вызова цена падает еще больше до 0,4 иен за две минуты.Если ваш общий счет составляет более 15 иен, вы получаете 20% скидку на общий счет.Сколько будет стоить 65-минутная вызов?",24
"Чтобы позвонить с телефона гостиничного номера, вы должны заплатить 0,8 за каждую минуту вашего звонка.Через 10 минут цена падает до 0,4 в минуту.Через 30 минут после начала вызова цена падает еще больше до 0,1 за две минуты.Если ваш общий счет составляет более 15 фунтов стерлингов, вы получаете 20% скидку на ваш общий счет.Сколько будет стоить 110-минутный вызов?",16
"Чтобы позвонить из телефонной будки, вы должны заплатить 0,9 ¥ за каждую минуту вашего звонка.Через 10 минут цена падает до 0,4 иен в минуту.Через 35 минут после начала вызова цена падает еще больше до 0,1 иен за две минуты.Если ваш общий счет составляет более 15 иен, вы получите 10% скидку на ваш общий счет.Сколько будет стоить 55-минутный вызов?",18
"Чтобы позвонить с телефона гостиничного номера, вы должны заплатить 0,9 доллара за каждую минуту вашего звонка.Через 10 минут цена падает до 0,4 доллара в минуту.Через 30 минут после начала звонка цена падает еще больше до 0,1 доллара за две минуты.Если ваш общий счет составляет более 15 долларов, вы получите 15% скидку на общий счет.Сколько будет стоить 90-минутный вызов?",17
"Чтобы позвонить из телефонной будки, вы должны заплатить 0,7 доллара за каждую минуту вашего звонка.Через 10 минут цена падает до 0,3 доллара в минуту.Через 40 минут после начала звонка цена падает еще больше до 0,1 доллара за две минуты.Если ваш общий счет составляет более 15 долларов, вы получаете 10% скидку на общий счет.Сколько будет стоить 120-минутный вызов?",18
"Буханка закваски в кафе стоит 10 долларов.Стоимость кекса составляет одну восьмую от буханки закваски.В кафе есть продвижение, которое, если кто -то покупает 6 кексов или более, они получают 10% скидку на кексы.Сколько еще стоит 2 хлеба закваски, чем 8 кексов?",11
"Буханка хлеба в магазине стоит 5 иен.Стоимость круассана составляет 3/4 хлеба.В магазине есть продвижение по службе, которое, если он покупает 6 круассанов или более, они получают 10% скидку на круассаны.Сколько еще 10 хлеб, чем 8 круассанов?",23
"Буханка закваски в кафе стоит 15 иен.Стоимость кекса составляет 1/4 от буханки закваски.В кафе есть продвижение, которое, если кто -то покупает 6 кексов или более, они получают 20% скидку на кексы.Сколько больше 5 стоят 5 хлебов закваски, чем 8 кексов?",51
"Буханка хлеба в пекарне стоит 10 евро.Стоимость бублика составляет 1/8 хлеба.В пекарне есть повышение, которое, если он покупает 7 бубликов или больше, они получают 10% скидку на рогалики.Сколько еще 5 хлебных хлеб, чем 8 бубликов?",41
"Буханка закваски в кафе стоит 15 иен.Стоимость кекса составляет одну четвертую буханки закваски.В кафе есть продвижение, которое, если кто -то покупает 3 кекса или более, они получают 20% скидку на кексы.Сколько еще 10 баллов закваски, чем 8 кексов?",126
"Буханка закваски в кафе стоит ₣ 10.Стоимость кекса составляет одну восьмую от буханки закваски.В кафе есть продвижение, которое, если кто -то покупает 4 кекса или более, они получают 20% скидку на кексы.Сколько еще 3 стоят 3 хлеба закваски, чем 12 кексов?",18
"Буханка закваски на рыночных затратах ₣ 5.Стоимость печенья составляет четверть буханки закваски.Рынок обладает продвижением, который, если он покупает 4 печенья или больше, они получают 20% скидку на печенье.Сколько еще 9 хлеб закваски, чем 8 печенья?",37
"Буханка закваски на рынке стоит 5 долларов.Стоимость печенья составляет 3/4 от буханки закваски.Рынок обладает продвижением по службе, которое, если он покупает 5 печенья или более, они получают 10% скидку на печенье.Сколько еще 7 баллов закваски, чем 8 печенья?",8
"Буханка хлеба в магазине стоит 5 иен.Стоимость круассана составляет одну четвертую буханки хлеба.В магазине есть продвижение, которое, если кто -то покупает 5 круассанов или более, они получают 20% скидку на круассаны.Сколько еще 4 хлеба, чем 8 круассанов?",12
"Буханка хлеба в магазине стоит 5 ₣ 5.Стоимость круассана составляет 3/4 хлеба.В магазине есть продвижение, которое, если кто -то покупает 4 круассана или больше, они получают 20% скидку на круассаны.Сколько еще 9 хлеб, чем 8 круассанов?",21
"Дворник должен почистить здание с 80 комнатами.У них есть 4 дня, чтобы сделать это.Это занимает 6 минут на комнату.Однако из -за недавней травмы уборщик стал медленнее, и им потребуется вдвое больше времени, чтобы очистить комнату в наши дни.Если они работают по 10 часов в день, какой процент своего дня, в среднем, тратится на уборку?",40
"Работник по техническому обслуживанию должен очистить университет с 150 этажами.У них есть 6 дней, чтобы сделать это.Это занимает 6 минут на этаж.Тем не менее, из -за недавней травмы, работник по техническому обслуживанию стал медленнее, и им потребуется вдвое больше времени, чтобы очистить пол в наши дни.Если они работают по 10 часов в день, какой процент своего дня, в среднем, тратит на чистку пола?",50
"Дворник должен почистить здание с 135 этажами.У них есть 3 дня, чтобы сделать это.Это требует им 5 минут на этаж.Однако из -за недавней травмы уборщик стал медленнее, и им потребуется вдвое больше времени, чтобы очистить пол в наши дни.Если они работают 15 часов в день, какой процент своего дня, в среднем, тратится на чистку пола?",50
"Уборщик должен очистить больницу с 60 этажами.У них есть 3 дня, чтобы сделать это.Это занимает 6 минут на этаж.Однако из -за недавней травмы чистящее средство стало медленнее, и им потребуется вдвое больше времени, чтобы очистить пол в наши дни.Если они работают 8 часов в день, какой процент своего дня, в среднем, тратится на чистку пола?",50
"Уборщик должен очистить больницу с 90 этажами.У них есть 10 дней, чтобы сделать это.Это занимает у них 10 минут на этаж.Однако из -за недавней травмы чистящее средство стало медленнее, и им потребуется вдвое больше времени, чтобы очистить пол в наши дни.Если они работают 15 часов в день, какой процент своего дня, в среднем, тратится на чистку пола?",20
"Уборщик должен очистить больницу с 135 этажами.У них есть 5 дней, чтобы сделать это.Это требует им 5 минут на этаж.Однако из -за недавней травмы чистящее средство стало медленнее, и им потребуется вдвое больше времени, чтобы очистить пол в наши дни.Если они работают по 9 часов в день, какой процент своего дня, в среднем, тратит на чистку пола?",50
"Работник по техническому обслуживанию должен очистить университет с 160 этажами.У них есть 10 дней, чтобы сделать это.Это занимает 15 минут на этаж.Тем не менее, из -за недавней травмы, работник по техническому обслуживанию стал медленнее, и им потребуется вдвое больше времени, чтобы очистить пол в наши дни.Если они работают по 10 часов в день, какой процент своего дня, в среднем, тратит на чистку пола?",80
"Работник по техническому обслуживанию должен очистить университет с 120 этажами.У них есть 5 дней, чтобы сделать это.Это требует им 5 минут на этаж.Тем не менее, из -за недавней травмы, работник по техническому обслуживанию стал медленнее, и им потребуется вдвое больше времени, чтобы очистить пол в наши дни.Если они работают по 10 часов в день, какой процент своего дня, в среднем, тратит на чистку пола?",40
"Уборщик должен очистить больницу с 70 номерами.У них есть 10 дней, чтобы сделать это.Это занимает 15 минут на комнату.Однако из -за недавней травмы чистящее средство стало медленнее, и им потребуется вдвое больше времени, чтобы убрать комнату в наши дни.Если они работают по 7 часов в день, какой процент своего дня, в среднем, тратится на уборку?",50
"Уборщик должен очистить больницу с 165 номерами.У них есть 11 дней, чтобы сделать это.Это занимает 6 минут на комнату.Однако из -за недавней травмы чистящее средство стало медленнее, и им потребуется вдвое больше времени, чтобы убрать комнату в наши дни.Если они работают по 10 часов в день, какой процент своего дня, в среднем, тратится на уборку?",30
"Группа из 290 студентов имеет различные хобби.12 нравится рисовать, 8 любят играть в шахматы, 13 любят плавать, 39 любят играть в крикет, а остальные любят играть в видеоигры или поход.Какой процент студентов любит играть в видеоигры, если число студентов, которые любят путешествовать походами, на 5 меньше, чем в два раза больше, чем предпочитают играть в крикет?",50
"У класса из 230 студентов есть различные хобби.5 нравится танцевать, 8 любят играть в шахматы, 13 любят плавать, 32 любят играть в волейбол, а остальные любят играть в видеоигры или играть в музыку.Какой процент учащихся любит играть в видеоигры, если число студентов, которые любят играть в музыку, на 7 меньше, чем в два раза больше, чем предпочитают играть в волейбол?",50
"У класса из 150 студентов есть различные хобби.20 нравится рисовать, 8 любят играть в шахматы, 13 любят плавать, 17 любят играть в футбол, а остальные любят либо танцевать, либо читать.Какой процент студентов любит танцевать, если число студентов, которые любят читать, на 2 меньше, чем в два раза больше, чем предпочитают играть в футбол?",40
"У группы из 150 студентов есть различные увлечения.27 нравится играть музыку, 8 любят играть в шахматы, 13 любят плавать, 9 любят играть в футбол, а остальные любят либо рисовать, либо играть в видеоигры.Какой процент студентов любит рисовать, если число студентов, которые любят играть в видеоигры, на 3 меньше, чем в два раза больше, чем предпочитают играть в футбол?",52
"У класса из 100 студентов есть различные хобби.14 любят ходить, 8 любят играть в шахматы, 13 любят плавать, 2 любят играть в крикет, а остальные любят либо танцевать, либо играть музыку.Какой процент студентов любит танцевать, если число студентов, которые любят играть в музыку, на 5 меньше, чем в десять раз больше, что предпочитает играть в крикет?",48
"У класса из 150 студентов есть различные хобби.17 нравится испечь, 8 любят играть в шахматы, 13 любят плавать, 23 любят играть в футбол, а остальные любят читать или рисовать.Какой процент студентов любит читать, если число студентов, которые любят рисовать, на 4 меньше, чем трижды, число, предпочитающее играть в футбол?",16
"У группы из 100 студентов есть различные хобби.29 нравится танцевать, 8 любят играть в шахматы, 13 любят плавать, 4 любят играть в шервинг, а остальные любят читать или рисовать.Какой процент студентов любит читать, если число студентов, которые любят рисовать, на 5 меньше, чем в четыре раза больше, чем предпочитают играть в шервировка?",35
"У класса из 90 студентов есть различные хобби.11 нравится читать, 8 любят играть в шахматы, 13 любят плавать, 6 любят играть в шервинг, а остальные любят либо танцевать, либо испечь.Какой процент студентов любит танцевать, если число студентов, которые любят выпекать, на 2 меньше, чем в шесть раз больше, что предпочитает играть в шервировка?",20
"У группы из 150 студентов есть различные увлечения.59 нравится танцевать, 8 любят играть в шахматы, 13 любят плавать, 3 любят играть в Hurling, а остальные любят играть в музыку или играть в видеоигры.Какой процент студентов любит играть в музыку, если число студентов, которые любят играть в видеоигры, в 2 в десять раз больше, чем предпочитают играть в шарлинга?",26
"У группы из 200 студентов есть различные хобби.30 нравится испечь, 8 любят играть в шахматы, 13 любят плавать, 6 любят играть в шервинг, а остальные любят либо танцевать, либо рисовать.Какой процент студентов любит танцевать, если число студентов, которые любят рисовать, на 5 меньше, чем на девять раз больше, чем предпочитают играть в шервировка?",47
"Габриэль помещает миндаль на тарелки и миски.Каждая тарелка может удерживать 20 миндаль, в то время как каждая чаша может удерживать четыре раза больше.Габриэль имеет 675 миндаль, 9 тарелок и 3 миски.К сожалению, 2 чаши разрываются.Затем Габриэль ест одну пятую от всего миндаля.Сколько еще пластин нужно Габриэлю, чтобы он мог разместить весь оставшийся миндаль?",14
"Али помещает крекеры на миски и тарелки.Каждая чаша может удерживать 40 крекеров, в то время как каждая тарелка может удерживать в два раза больше.Али имеет 675 крекеров, 8 мисок и 5 тарелок.К сожалению, 2 пластины сломаются.Затем Али ест один девятый от всех крекеров.Сколько еще мисок нужно Али, чтобы он мог разместить все оставшиеся крекеры?",1
"Санджай помещает миндаль на миски и тарелки.Каждая чаша может удерживать 30 миндаль, в то время как каждая тарелка может удерживать три раза больше.У Санджая 675 миндаль, 12 мисок и 3 тарелки.К сожалению, 2 пластины сломаются.Затем Санджай ест один девятый от всего миндаля.Сколько еще мисок нужно Санджаю, чтобы он мог разместить весь оставшийся миндаль?",5
"Карлос помещает крекеры на миски и столы.Каждая чаша может удерживать 20 крекеров, в то время как каждый стол может удерживать три раза больше.У Карлоса 525 крекеров, 13 мисок и 4 столов.К сожалению, 2 таблицы сломаются.Затем Карлос ест одну пятую от всех крекеров.Сколько еще мисок нужно Карлосу, чтобы он мог разместить все оставшиеся крекеры?",2
"Бенджамин помещает крекеры на миски и тарелки.Каждая чаша может удерживать 21 крекеры, в то время как каждая тарелка может удерживать в два раза больше.Бенджамин имеет 720 крекеров, 9 мисок и 3 тарелки.К сожалению, 2 пластины сломаются.Затем Бенджамин ест один восьмой от всех крекеров.Сколько еще мисок нужно Бенджамину, чтобы он мог разместить все оставшиеся крекеры?",19
"Вэй помещает крекеры на миски и тарелки.Каждая чаша может удерживать 25 крекеров, в то время как каждая тарелка может удерживать четыре раза больше.Вей имеет 630 крекеров, 12 мисок и 3 тарелки.К сожалению, 2 пластины сломаются.Вей затем ест один шестой всех крекеров.Сколько еще мисок нужно Вей, чтобы он мог разместить все оставшиеся крекеры?",5
"Карлос помещает миндаль на миски и столы.Каждая чаша может содержать 24 миндаля, в то время как каждый стол может удерживать в три раза больше.У Карлоса 720 миндаля, 7 мисок и 3 столов.К сожалению, 2 таблицы сломаются.Затем Карлос ест одну пятую от всего миндаля.Сколько еще мисок нужно Карлосу, чтобы он мог разместить весь оставшийся миндаль?",14
"Араш помещает крекеры на столы и тарелки.Каждая таблица может удерживать 25 крекеров, в то время как каждая тарелка может удерживать шесть раз больше.Араш имеет 600 крекеров, 11 таблиц и 3 тарелки.К сожалению, 2 пластины сломаются.Затем Араш ест четверть всех крекеров.Сколько еще столов нужно Арашу, чтобы он мог разместить все оставшиеся крекеры?",1
"Тиаго помещает печенье на миски и столы.Каждая чаша может удерживать 20 печенья, в то время как каждый стол может удерживать в два раза больше.У Тиаго есть 600 печенья, 17 мисок и 5 столов.К сожалению, 2 таблицы сломаются.Затем Тиаго ест один пятую от всех печенья.Сколько еще мисок нужно Тиаго, чтобы он мог разместить все оставшиеся печенье?",1
"Юки помещает оливки на тарелки и миски.Каждая тарелка может удерживать 24 оливки, в то время как каждая чаша может удерживать в два раза больше.Юки имеет 720 оливок, 11 тарелок и 3 миски.К сожалению, 2 чаши разрываются.Затем Юки ест две пятой всех оливок.Сколько еще пластин нужно Юки, чтобы он мог разместить все оставшиеся оливки?",5
"Фейсал смотрит телевизор после того, как он заканчивает домашнее задание каждую ночь.В среду и четверг он смотрел 4-часовые эпизоды своего любимого шоу каждый вечер.В пятницу он посмотрел несколько эпизодов 30-минутного шоу.В субботу он закончил домашнее задание рано и смотрел 5-часовой эпизод и 15-минутное шоу.В воскресенье он поздно ложился спать, поэтому он смотрел четыре 3-часовых эпизода.В понедельник он смотрел три эпизода, каждые 45 минут.Если он все смотрел 28 часов телевизора, сколько 30-минутных эпизодов он смотрел в пятницу?",1
"Лиам смотрит телевизор после того, как он заканчивает домашнее задание каждую ночь.В субботу и воскресенье он смотрел 5-часовые эпизоды своего любимого шоу каждый вечер.В понедельник он смотрел несколько эпизодов 30-минутного шоу.Во вторник он закончил домашнее задание рано и смотрел 4-часовой эпизод и 60-минутное шоу.В среду он поздно ложился спать, поэтому он смотрел три 3-часовых эпизода.В четверг он смотрел пять эпизодов, каждые 30 минут.Если он все смотрел 28 часов телевизора, сколько 30-минутных эпизодов он смотрел в понедельник?",3
"Тиаго смотрит телевизор после того, как он заканчивает домашнее задание каждую ночь.Во вторник и среду он смотрел 5-часовые эпизоды своего любимого шоу каждый вечер.В четверг он смотрел несколько эпизодов 30-минутного шоу.В пятницу он закончил домашнее задание рано и смотрел 5-часовой эпизод и 30-минутное шоу.В субботу он поздно ложился спать, поэтому он смотрел три 4-часовых эпизода.В воскресенье он смотрел два эпизода, каждые 15 минут.Если он все смотрел 31 часа телевидения, сколько 30-минутных эпизодов он смотрел в четверг?",6
"Араш смотрит телевизор после того, как он заканчивает домашнее задание каждую ночь.В воскресенье и понедельник он смотрел 4-часовые эпизоды своего любимого шоу каждый вечер.Во вторник он смотрел несколько эпизодов 45-минутного шоу.В среду он закончил домашнее задание рано и смотрел 2-часовой эпизод и 15-минутное шоу.В четверг он не ложился спать поздно, поэтому он смотрел пять 2-часовых эпизодов.В пятницу он смотрел четыре эпизода, каждые 30 минут.Если он все смотрел 26 часов телевизора, сколько 45-минутных эпизодов он смотрел во вторник?",5
"Леон смотрит телевизор после того, как он заканчивает домашнее задание каждую ночь.В воскресенье и понедельник он смотрел 4-часовые эпизоды своего любимого шоу каждый вечер.Во вторник он смотрел несколько эпизодов 30-минутного шоу.В среду он закончил домашнее задание рано и смотрел 2-часовой эпизод и 60-минутное шоу.В четверг он поздно ложился спать, поэтому он смотрел три 3-часовых эпизода.В пятницу он смотрел три эпизода, каждые 30 минут.Если он все смотрел 24 часа телевидения, сколько 30-минутных эпизодов он смотрел во вторник?",5
"Бодхи смотрит телевизор после того, как он заканчивает домашнее задание каждую ночь.В среду и четверг он смотрел 3-часовые эпизоды своего любимого шоу каждый вечер.В пятницу он посмотрел несколько эпизодов 60-минутного шоу.В субботу он закончил домашнее задание рано и смотрел 5-часовой эпизод и 60-минутное шоу.В воскресенье он не ложился спать поздно, поэтому он смотрел четыре 4-часовых эпизода.В понедельник он смотрел четыре эпизода, каждые 30 минут.Если он все смотрел 31 часа телевидения, сколько 60-минутных эпизодов он смотрел в пятницу?",1
"Джеймс смотрит телевизор после того, как он заканчивает домашнее задание каждую ночь.Во вторник и среду он смотрел 4-часовые эпизоды своего любимого шоу каждый вечер.В четверг он смотрел несколько эпизодов 15-минутного шоу.В пятницу он закончил домашнее задание рано и смотрел 4-часовой эпизод и 15-минутное шоу.В субботу он не ложился спать поздно, поэтому он смотрел четыре 4-часовых эпизода.В воскресенье он смотрел три эпизода, каждые 45 минут.Если он все смотрел 31 часа телевидения, сколько 15-минутных эпизодов он смотрел в четверг?",2
"Алехандро смотрит телевизор после того, как каждый вечер заканчивает домашнее задание.В понедельник и вторник он смотрел 4-часовые эпизоды своего любимого шоу каждый вечер.В среду он смотрел несколько эпизодов 45-минутного шоу.В четверг он закончил домашнее задание рано и смотрел 4-часовой эпизод и 15-минутное шоу.В пятницу он поздно ложился спать, поэтому он смотрел четыре 3-часовых эпизода.В субботу он смотрел три эпизода, каждые 45 минут.Если он все смотрел 31 часа телевидения, сколько 45-минутных эпизодов он смотрел в среду?",6
"Матео смотрит телевизор после того, как он заканчивает домашнее задание каждую ночь.В воскресенье и понедельник он смотрел 3-часовые эпизоды своего любимого шоу каждый вечер.Во вторник он смотрел несколько эпизодов 60-минутного шоу.В среду он закончил домашнее задание рано и смотрел 5-часовой эпизод и 30-минутное шоу.В четверг он поздно ложился спать, поэтому он смотрел два 5-часовых эпизода.В пятницу он смотрел два эпизода, каждые 15 минут.Если он все смотрел 29 часов телевизора, сколько 60-минутных эпизодов он смотрел во вторник?",7
"Касим смотрит телевизор после того, как он заканчивает домашнее задание каждую ночь.В среду и четверг он смотрел 3-часовые эпизоды своего любимого шоу каждый вечер.В пятницу он посмотрел несколько эпизодов 60-минутного шоу.В субботу он закончил домашнее задание рано и смотрел 2-часовой эпизод и 15-минутное шоу.В воскресенье он поздно ложился спать, поэтому он смотрел четыре 3-часовых эпизода.В понедельник он смотрел три эпизода, каждые 15 минут.Если он все смотрел 28 часов телевизора, сколько 60-минутных эпизодов он смотрел в пятницу?",7
"Рави, Павел в настоящее время на 22 года по возрасту.Рави и Лейлани в настоящее время находятся в 10 лет.Рави, который моложе Павеля, но старше Лейлани, будет 47 за 8 лет.Насколько моложе Лейлани, чем средний возраст всех трех?",14
"Чен, Тео в настоящее время на 10 лет друг от друга.Чен и Тара в настоящее время 7 лет.Чен, который моложе Тео, но старше Тары, будет 60 за 7 лет.Насколько моложе Тара, чем средний возраст всех трех?",8
"Бенджамин, Лука в настоящее время занимает 29 лет в возрасте.Бенджамин и София в настоящее время 17 лет.Бенджамин, который моложе Луки, но старше Софии, будет 27 за 4 года.Насколько моложе София, чем средний возраст всех трех?",21
"Сакура, Араш, в настоящее время занимает 29 лет в возрасте.Сакура и Тара в настоящее время находятся на 11 лет.Сакура, которая моложе Араша, но старше Тары, будет 66 за 5 лет.Насколько моложе Тара, чем средний возраст всех трех?",17
"Лука, Лиам в настоящее время на 19 лет, а не в возрасте.Лука и Павел в настоящее время 10 лет.Лука, которая моложе Лиама, но старше Павеля, будет 59 за 6 лет.Насколько моложе Павел, чем средний возраст всех трех?",13
"София, Ибрагим в настоящее время на 27 лет друг от друга.София и Тео в настоящее время находятся в 15 лет.София, которая моложе Ибрагима, но старше Тео, будет 35 за 10 лет.Насколько моложе, чем средний возраст всех трех?",19
"Оливия, Бодхи в настоящее время с возрастом 24 года.Оливия и Кейша в настоящее время имеют 15 лет друг от друга.Оливия, которая моложе Бодхи, но старше Кейши, будет 42 за 7 лет.Насколько моложе - Кейша, чем средний возраст всех трех?",18
"Диего, Оскар, в настоящее время на 19 лет друг от друга.Диего и Леон в настоящее время 10 лет.Диего, который моложе Оскара, но старше Леона, будет 36 за 9 лет.Насколько моложе Леон, чем средний возраст всех трех?",13
"Эстебан, Оливер в настоящее время на 16 лет.Эстебан и Юки в настоящее время находятся в 13 лет.Эстебан, который моложе Оливера, но старше Юки, будет 70 за 6 лет.Насколько моложе Юки, чем средний возраст всех трех?",14
"Юки, Андре в настоящее время на 17 лет друг от друга.Юки и Диего в настоящее время находятся в 8 лет.Юки, который моложе Андре, но старше, чем Диего, будет 43 за 6 лет.Насколько моложе Диего, чем средний возраст всех трех?",11
"Вей продает кексы и сливы для сбора средств.В понедельник он продал 28 коробок с кексом и на 19 меньше коробок с сливовым пирогом, чем во вторник.Во вторник он продал на 14 коробок с кексами, чем в понедельник и 27 коробок с сливовым пирогом.В среду он продал столько же, сколько и за последние два дня вместе взятых.Если кекс стоил 11 долларов, а сливовый пирог стоил 23 доллара, какова среднестатистика WEI?",1050
"Бенджамин продает кексы и ананасовые пироги для сбора средств.В среду он продал 27 коробок с кексом и на 18 коробок с ананасовым пирогом, чем в четверг.В четверг он продал еще 12 коробок с кексами, чем в среду и 27 коробок с ананасовым пирогом.В пятницу он продал столько же, сколько и за последние два дня вместе взятых.Если кекс стоил 8 фунтов стерлингов и ананасовый пирог стоил 22 ¥, какова среднесуточная ежедневная заработка Бенджамина?",880
"Умар продает кексы и абрикосовые пироги для сбора средств.В четверг он продал 28 коробок с кексом и на 13 коробок с абрикосом, чем в пятницу.В пятницу он продал еще 13 ящиков с кексами, чем в четверг и 21 коробку с абрикосовым пирогом.В субботу он продал столько же, сколько и за последние два дня вместе взятых.Если кекс стоил 11 долларов, а абрикосовый пирог стоил 30 долларов, какова среднестатистика Умара?",1086
"Тарик продает пирожные и абрикосовые пироги для сбора средств.В четверг он продал 25 коробок с брауни и на 12 коробок с абрикосовым пирогом, чем в пятницу.В пятницу он продал на 14 коробок с пирожными, чем в четверг и 24 коробки с абрикосовым пирогом.В субботу он продал столько же, сколько и за последние два дня вместе взятых.Если стоимость брауни стоимостью 9 и абрикосовый пирог стоил 20, какова среднесуточная заработка Тарика?",864
"Али продает кексы и апельсиновые пироги для сбора средств.Во вторник он продал 22 коробки с кексом и на 13 коробок с апельсиновым пирогом, чем в среду.В среду он продал еще 13 ящиков с кексами, чем во вторник и 23 коробки с апельсиновым пирогом.В четверг он продал столько же, сколько и за последние два дня вместе взятых.Если кекс стоил 9 евро, а апельсиновый пирог стоил 32 евро, какова среднесуточная ежедневная заработка Али?",1046
"Тиаго продает печенье и абрикосовые пироги для сбора средств.Во вторник он продал 26 ящиков с печеньем и на 19 меньше коробок с абрикосовым пирогом, чем в среду.В среду он продал на 14 коробок с печеньем, чем во вторник и 24 коробки с абрикосовым пирогом.В четверг он продал столько же, сколько и за последние два дня вместе взятых.Если стоят печенья ₣ 11 и абрикосовый пирог стоимостью 24 года, какова среднесуточная заработка Тиаго?",948
"Карлос продает кексы и абрикосовые пироги для сбора средств.В четверг он продал 24 коробки с кексом и на 19 меньше ящиков с абрикосовым пирогом, чем в пятницу.В пятницу он продал еще 12 коробок с кексами, чем в четверг и 29 коробок с абрикосовым пирогом.В субботу он продал столько же, сколько и за последние два дня вместе взятых.Если кекс стоил 8 фунтов стерлингов и абрикосовый пирог стоил 21 ¥, какова среднесуточняя заработка Карлоса?",866
"Виктор продает печенье и пироги арбуза для сбора средств.Во вторник он продал 22 коробки с печеньем и на 14 коробок с арбузом, чем в среду.В среду он продал на 14 коробок с печеньем, чем во вторник и 23 коробки с арбузом.В четверг он продал столько же, сколько и за последние два дня вместе взятых.Если стоят печенья ₣ 10 и арбузы для пирога ₣ 22, какова среднесуточная ежедневная заработка Виктора?",856
"Габриэль продает кексы и пироги из сливы для сбора средств.В воскресенье он продал 28 коробок с кексом и на 11 коробок с сливовым пирогом, чем в понедельник.В понедельник он продал на 14 ящиков с кексами, чем в воскресенье и 22 коробки с сливовым пирогом.Во вторник он продал столько же, сколько и за последние два дня вместе взятых.Если кекс стоил 12 долларов, а сливовый пирог стоил 22 доллара, какова среднестатистические заработки Габриэля?",1044
"Виктор продает кексы и ананасовые пироги для сбора средств.В воскресенье он продал 24 коробки с кексом и на 15 коробок с ананасовым пирогом, чем в понедельник.В понедельник он продал еще 12 коробок с кексами, чем в воскресенье и 27 коробок с ананасовым пирогом.Во вторник он продал столько же, сколько и за последние два дня вместе взятых.Если кекс стоил ₺12 и ананасовый пирог стоимостью 23 года, какова средняя ежедневная заработка Виктора?",1078
"Диего 21 год.За 5 лет его двоюродный брат Прия будет в 2 раза старше, чем сейчас Диего.Брат Диего, Касим, на 9 лет моложе Диего, а сестра Прия Миа на 10 лет старше Касима.Что будет средним из всех четырех за 4 года?",27
"Оливеру 15 лет.За 8 лет его двоюродная сестра Оливия будет в 3 раза старше, чем Оливер сейчас.Брат Оливера, Габриэль, на 11 лет моложе Оливера, а сестра Оливии Фатима - на 8 лет старше Габриэля.Что будет средним из всех четырех за 5 лет?",22
"Кай 22 года.Через 5 лет его двоюродный брат Ума будет в 4 раза выше, чем сейчас Кай.Брат Кая, Джамал, на 6 лет моложе Кай, а сестра Умы Рания - на 11 лет старше Джамала.Что будет средним из всех четырех за 4 года?",41
"Карлосу 14 лет.За 8 лет его двоюродный брат Яра будет в 4 раза старше, чем Карлос сейчас.Брат Карлоса, Джин, на 11 лет моложе Карлоса, а сестра Яра Миа на 8 лет старше Джина.Что будет средним из всех четырех за 6 лет?",25
"Оскару 15 лет.За 9 лет его двоюродный брат Захра будет в 3 раза старше, чем сейчас Оскар.Брат Оскара, Оливер, на 12 лет моложе Оскара, а сестра Захра Эмма - на 11 лет старше Оливера.Что будет средним из всех четырех за 3 года?",20
"Тео 20 лет.За 7 лет его двоюродный брат Яра будет в 2 раза старше, чем сейчас.Брат Тео, Оскар, на 7 лет моложе Тео, а сестра Яра Тара - на 9 лет старше Оскара.Что будет средним из всех четырех за 6 лет?",28
"Оливеру 12 лет.За 9 лет его двоюродный брат Ананья будет в 3 раза старше, чем сейчас Оливер.Брат Оливера, Кай, на 9 лет моложе Оливера, а сестра Ананья Кимия - на 7 лет старше Кая.Что будет средним из всех четырех за 4 года?",17
"Деше 23 года.За 8 лет его двоюродный брат Ананья будет в 4 раза старше, чем Дешон сейчас.Брат Дешона, Диего, на 9 лет моложе Дешона, а сестра Ананья София на 9 лет старше, чем Диего.Что будет средним из всех четырех за 2 года?",38
"Бодхи 21 год.За 8 лет его двоюродный брат Валентина будет в 3 раза старше, чем сейчас Бодхи.Брат Бодхи, Касим, на 9 лет моложе Бодхи, а сестра Валентины Беатрис - на 8 лет старше Касима.Что будет средним из всех четырех за 2 года?",29
"Касиму 15 лет.Через 2 года его двоюродная сестра Елена будет в 3 раза старше, чем сейчас Касим.Брат Касима, Лиам, на 9 лет моложе Касима, а сестра Елены София на 10 лет старше Лиама.Что будет средним из всех четырех за 5 лет?",25
"Когда София наблюдает за своим братом, она выбирает для него множество игрушек.В мешке строительных блоков есть 33 блока.У корзина фаршированных животных есть 5 чучела животных внутри.Количество рисунков в пакете фигуры в два раза больше, чем блоки и чучела животных вместе взятых.Коробка Crayon имеет 12 различных цветов карандаша, а книга наклеек содержит 9 страниц, каждая с 13 наклейками.У башни укладки кольца есть 28 разноцветных колец.София недавно купила трубку с надувными шариками, принося общее количество предметов для своего брата до 320 лет. Сколько бодрых шаров пришло в трубке?",49
"Когда Надя наблюдает за своим двоюродным братом, она получает для него множество игрушек.В мешке строительных блоков есть 36 блоков.У корзина чучела животных есть 8 чучела животных внутри.Количество рисунков в пакете фигуры в два раза больше, чем блоки и чучела животных вместе взятых.Коробка Crayon имеет 12 различных цветов карандаша, а книга наклеек содержит 9 страниц, каждая с 12 наклейками.На укладке кольца башня содержит 30 разноцветных колец.Надя недавно купила трубку с надувными шариками, доставив ее общее количество предметов для ее двоюродного брата до 330. Сколько бодрых шаров пришло в трубке?",48
"Когда Ниа смотрит на своего двоюродного брата, она получает для него множество игрушек.В мешке строительных блоков есть 36 блоков.У корзина чучела животных есть 8 чучела животных внутри.Количество рисунков в пакете фигуры в два раза больше, чем блоки и чучела животных вместе взятых.Коробка Crayon имеет 12 различных цветов карандаша, а книга наклеек содержит 9 страниц, каждая с 11 наклейками.У башни укладки кольца есть 26 разноцветных колец.Недавно Ниа купила трубку с надувными шариками, принося ее общее количество предметов для ее двоюродного брата до 310. Сколько бодрых шаров было в трубе?",41
"Когда Кайла смотрит на своего брата, она получает для него множество игрушек.В мешке строительных блоков есть 32 блока.У корзина фаршированных животных есть 5 чучела животных внутри.Количество рисунков в пакете фигуры в два раза больше, чем блоки и чучела животных вместе взятых.Коробка Crayon имеет 12 различных цветов карандаша, а книга наклеек содержит 6 страниц, каждая с 11 наклейками.На башне укладки кольца есть 32 разноцветных кольца.Кайла недавно купила трубку с надувными мячами, принося ее общее количество предметов для своего брата до 270. Сколько бодрых шаров пришло в трубке?",49
"Когда Зена смотрит на своего двоюродного брата, она получает для него множество игрушек.В мешке строительных блоков есть 33 блока.У корзина чучела животных есть 8 чучела животных внутри.Количество рисунков в пакете фигуры в два раза больше, чем блоки и чучела животных вместе взятых.Коробка Crayon имеет 12 различных цветов карандаша, а книга наклеек содержит 7 страниц, каждая с 12 наклейками.У башни укладки кольца есть 26 разноцветных колец.Зена недавно купила трубку с надувными шариками, принося ее общее количество предметов для ее двоюродного брата до 300. Сколько бодрых шаров пришло в трубке?",55
"Когда Миа смотрит на своего брата, она получает для него множество игрушек.В мешке строительных блоков есть 42 блока.У корзина фаршированных животных есть 5 чучела животных внутри.Количество рисунков в пакете фигуры в два раза больше, чем блоки и чучела животных вместе взятых.Коробка Crayon имеет 12 различных цветов карандаша, а книга наклеек содержит 6 страниц, каждая с 9 наклейками.На укладке кольца башня содержит 34 разноцветных кольца.Миа недавно купила трубку с надувными шариками, принося ее общее количество предметов для своего брата до 290. Сколько бодрых шаров пришло в трубку?",49
"Когда Чен смотрит на своего племянника, она получает для него множество игрушек.В мешке строительных блоков есть 32 блока.У корзина чучела животных есть 6 чучела животных внутри.Количество рисунков в пакете фигуры в два раза больше, чем блоки и чучела животных вместе взятых.Коробка Crayon имеет 12 различных цветов карандаша, а книга наклеек содержит 8 страниц, каждая с 13 наклейками.У башни укладки кольца есть 28 разноцветных колец.Чен недавно купила трубку с надувными шариками, принося ее общее количество предметов для ее племянника до 300. Сколько бодрых шаров пришло в трубке?",42
"Когда Харука смотрит на своего брата, она получает для него множество игрушек.В мешке строительных блоков есть 34 блока.У корзина чучела животных есть 8 чучела животных внутри.Количество рисунков в пакете фигуры в два раза больше, чем блоки и чучела животных вместе взятых.Коробка Crayon имеет 12 различных цветов карандаша, а книга наклеек содержит 9 страниц, каждая с 9 наклейками.У башни укладки кольца есть 26 разноцветных колец.Харука недавно купила трубку с надувными шариками, принося общее количество предметов для своего брата до 300. Сколько бодрых шаров пришло в трубке?",55
"Когда Яра смотрит на своего племянника, она получает для него множество игрушек.В мешке строительных блоков есть 35 блоков.У корзина чучела животных есть 9 чучела животных внутри.Количество рисунков в пакете фигуры в два раза больше, чем блоки и чучела животных вместе взятых.Коробка Crayon имеет 12 различных цветов карандаша, а книга наклеек содержит 7 страниц, каждая с 13 наклейками.На укладке кольца есть 31 разноцветное кольца.Яра недавно купила трубку с надувными шариками, принося ее общее количество предметов для своего племянника до 340. Сколько бодрых шаров пришло в трубке?",74
"Когда Тара смотрит на своего племянника, она получает для него множество игрушек.В мешке строительных блоков есть 38 блоков.У корзина фаршированных животных есть 5 чучела животных внутри.Количество рисунков в пакете фигуры в два раза больше, чем блоки и чучела животных вместе взятых.Коробка Crayon имеет 12 различных цветов карандаша, а книга наклеек содержит 7 страниц, каждая с 11 наклейками.На укладке кольца башня содержит 30 разноцветных колец.Тара недавно купила трубку с надувными шариками, принося общее количество предметов для своего племянника до 290. Сколько бодрых шаров было в трубе?",42
"Дядя ест 16 пицц в день, его супруга ест 16 пицц в день, а их внук ест половину от комбинированного количества пиццы, которую они едят в день.Через месяц семья решает принять участие в диете во второй месяц, сократив потребление пищи на 25% в первую половину месяца, а затем еще на 50% во второй половине.Сколько пицц этой семьи ест через два месяца?",2250
"Дядя ест 24 гамбургера в день, его супруг ест 24 гамбургера в день, а их внук ест половину от общего числа гамбургеров, которые они едят в день.Через месяц семья решает приступить на диету во второй месяц, снизив потребление пищи на 75% в первую половину месяца, а затем еще на 50% во второй половине.Сколько гамбургеров занимается этой семьей за два месяца?",2565
"Отец ест 5 буррито в день, его жена ест 25 буррито в день, а их дочь ест одну треть от общего числа буррито, которые они едят в день.Через месяц семья решает приступить на диету во второй месяц, сократив потребление пищи на 60% в первую половину месяца, а затем на дополнительные 50% во второй половине.Сколько буррито в этой семье ест через два месяца?",1560
"Дедушка ест 10 суши в день, его партнер ест 15 суши в день, а их сын ест четыре пятых из совокупного количества суши, которые они едят в день.Через месяц семья решает приступить на диету во второй месяц, сократив потребление пищи на 20% в первую половину месяца, а затем еще на 25% во второй половине.Сколько булочек суши ест эту семью за два месяца?",2295
"Отец ест 20 пицц в день, его жена ест 5 пицц в день, а их дочь ест одну пятую часть комбинированного количества пицц, которую они едят в день.Через месяц семья решает приступить на диету во второй месяц, сократив потребление пищи на 20% в первую половину месяца, а затем еще на 75% во второй половине.Сколько пицц этой семьи ест через два месяца?",1350
"Отец ест 25 гамбургеров в день, его жена ест 20 гамбургеров в день, а их дочь ест две трети от комбинированного количества гамбургеров, которые они едят в день.Через месяц семья решает приступить на диету во второй месяц, сократив потребление пищи на 20% в первую половину месяца, а затем еще на 25% во второй половине.Сколько гамбургеров занимается этой семьей за два месяца?",3825
"Дядя ест 20 суши в день, его супруг ест 10 суши в день, а их внук ест две шестой из комбинированного количества суши, которые они едят в день.Через месяц семья решает приступить на диету во второй месяц, сократив потребление пищи на 60% в первую половину месяца, а затем еще на 75% во второй половине.Сколько булочек суши ест эту семью за два месяца?",1500
"Дядя ест 10 буррито в день, его супруг ест 20 буррито в день, а их внук ест три шестой от комбинированного количества буррито, которые они едят в день.Через месяц семья решает приступить на диету во второй месяц, сократив потребление пищи на 20% в первую половину месяца, а затем еще на 75% во второй половине.Сколько буррито в этой семье ест через два месяца?",2025
"Дедушка ест 20 гамбургеров в день, его партнер ест 20 гамбургеров в день, а их сын ест три шестой от комбинированного количества гамбургеров, которые они едят в день.Через месяц семья решает приступить на диету во второй месяц, снизив потребление пищи на 25% в первую половину месяца, а затем еще на 20% во второй половине.Сколько гамбургеров занимается этой семьей за два месяца?",3015
"Дедушка ест 10 тако в день, его партнер ест 20 тако в день, а их сын ест половину от комбинированного количества тако, которые они едят в день.Через месяц семья решает приступить на диету во второй месяц, сократив потребление пищи на 60% в первую половину месяца, а затем на дополнительные 50% во второй половине.Сколько тако ест эту семью за два месяца?",1755
"У Кимиа есть цветочная русло длиной 126 футов.Кимия хочет наполнить свою цветочную лодку растениями.Цветы Кимии растут на 7 футов в ширину, поэтому ей нужно оставить 14 футов между каждым растением (включая ширину растений).Кимия уже владеет 6 цветами.Каждое цветущее растение стоит ₣ 4 в магазине.Однако, если она купит более 2 растений, она получит скидку на 5 фунтов скидкой на всю покупку.Сколько денег Кимия потратит в магазине, чтобы заполнить свою цветочную кровать?",7
"У Габриель есть цветочная русло длиной 150 метров.Габриель хочет наполнить свою цветочную лость растениями.Цветы Габриель растут в ширину 3 метра, поэтому ей нужно оставить 15 метров между каждым растением (включая ширину растений).Габриель уже владеет 7 цветами.Каждое цветущее растение стоит 3 доллара в магазине.Однако, если она купит более 2 растений, она получит скидку на 8 долларов на всю покупку.Сколько денег Габриель потратит в магазине, чтобы заполнить свою цветочную кровать?",1
"У Мэй есть цветочная кровать длиной 120 метров.Мэй хочет наполнить ее цветочную лодку растениями.Цветы Мэй растут шириной 4 метра, поэтому ей нужно оставить 12 метров между каждым растением (включая ширину растений).Мэй уже владеет 6 цветами.Каждое цветущее растение стоит 5 долларов в магазине.Однако, если она купит более 2 растений, она получит скидку на 5 долларов на всю покупку.Сколько денег Мей потратит в магазине, чтобы заполнить ее цветочную кровать?",15
"У Харуки цветочная русло длиной 117 метров.Харука хочет наполнить свою цветочную лодку растениями.Цветы Харуки растут в ширину 3 метра, поэтому ей нужно оставить 13 метров между каждым растением (включая ширину растений).Харуке уже владеет 6 цветами.Каждое цветущее растение стоит 8 евро в магазине.Однако, если она купит более 2 растений, она получит скидку на 9 евро по всей покупке.Сколько денег будет потратить Харуку в магазине, чтобы заполнить ее цветочную кровать?",15
"У Валентины есть цветочная русло длиной 144 фута.Валентина хочет наполнить свою цветочную лодку растениями.Цветы Валентины растут на 7 футов в ширину, поэтому ей нужно оставить 18 футов между каждым растением (включая ширину растений).Валентина уже владеет 5 цветами.Каждое цветущее растение стоит 5 долларов в магазине.Однако, если она купит более 2 растений, она получит скидку на 8 долларов на всю покупку.Сколько денег Валентина проведет в магазине, чтобы заполнить ее цветочную кровать?",7
"У Захры цветочный кровать длиной 144 фута.Захра хочет наполнить свою цветочную лодку растениями.Цветы Захры растут шириной 4 фута, поэтому ей нужно оставить 12 футов между каждым растением (включая ширину растений).Захра уже владеет 5 цветами.Каждое цветущее растение стоит 13 ₣ 13 в магазине.Однако, если она купит более 2 растений, она получит скидку на 5 фунтов скидкой на всю покупку.Сколько денег Захра потратит в магазине, чтобы заполнить ее цветочную кровать?",86
"У Изабеллы есть цветочная кровать длиной 143 метра.Изабелла хочет наполнить свою цветочную лодку растениями.Цветы Изабеллы растут шириной на 2 межметрах, поэтому ей нужно оставить 13 метров между каждым растением (включая ширину растений).Изабелле уже владеет 5 цветами.Каждое цветущее растение стоит ₣ 10 в магазине.Однако, если она купит более 2 растений, она получит скидку на 7 ₣ 7 на всю покупку.Сколько денег будет потратить в магазине Изабелла, чтобы заполнить ее цветочную кровать?",53
"Дафна имеет цветочную лодку длиной 144 метра.Дафна хочет наполнить свою цветочную лодку растениями.Цветы Дафны растут шириной на 2 межметрах, поэтому ей нужно оставить 12 метров между каждым растением (включая ширину растений).Дафни уже владеет 7 цветами.Каждое цветущее растение стоит 3 иен в магазине.Однако, если она купит более 2 растений, она получит скидку на 9 иен на всю покупку.Сколько денег Дафни потратит в магазине, чтобы заполнить свою цветочную кровать?",6
"У Сакуры есть цветочная русло длиной 120 метров.Сакура хочет наполнить свою цветочную лость растениями.Цветы Сакуры растут шириной 7 метров, поэтому ей нужно оставить 12 метров между каждым растением (включая ширину растений).Сакуре уже владеет 7 цветами.Каждое цветущее растение стоит ₺9 в магазине.Однако, если она купит более 2 растений, она получит скидку на ₺6 по всей покупке.Сколько денег Сакура потратит в магазине, чтобы заполнить ее цветочную кровать?",21
"У MIA есть цветочная кровать длиной 128 футов.Миа хочет наполнить свою цветочную лодку растениями.Цветы Миа растут шириной 2 фута, поэтому ей нужно оставить 16 футов между каждым растением (включая ширину растений).Миа уже владеет 5 цветами.Каждое цветущее растение стоит 3 иен в магазине.Однако, если она купит более 2 растений, она получит скидку 8 иен на всю покупку.Сколько денег Миа потратит в магазине, чтобы заполнить ее цветочную кровать?",1
"Андре приносит попкорн для перекуса.Когда горшок ядер нагревается, ядра начинают выскочить быстрее.80 Поп на первые 10 секунд приготовления пищи, а затем в 4 раза больше, чем в следующие 10 секунд.Ядра увеличивается в 6 раз превышает начальную скорость всплеска в ближайшие 10 секунд.За последние 10 секунд всплеск замедляется до половины скорости, чем последние 10 секунд.После того, как Андре снимает горшок с жары, четверть количества ядер, которые появились в последних 10 секунд приготовления пищи, также выпадает из остаточного тепла.Андре дает 1/10 изготовленного попкорна своему брату Джину.Сколько еще кусочков попкорна нужно есть Андре, чем его брату?",944
"Бенджамин приносит попкорн для перекуса.Когда нагревается кастрюля ядра, ядра начинают быстрее.80 Поп на первые 26 секунд приготовления пищи, а затем в 2 раза больше, чем в следующие 26 секунд.Ядра увеличивается в 3 раза превышает начальную скорость всплеска в течение следующих 26 секунд.За последние 26 секунд всплеск замедляется до половины скорости, чем последние 26 секунд.После того, как Бенджамин снимает сковороду с жары, четверть количества ядер, которые появились в последних 26 секунд приготовления пищи, также выпадает из остаточного тепла.Бенджамин дает 1/7 изготовленного попкорна своему брату Юсуф.Сколько еще кусочков попкорна должен есть Бенджамину, чем его брату?",450
"Оливер закускает попкорн.По мере того, как нагревается сковорода ядра, ядра начинают быстрее.60 Поп на первые 22 секунды приготовления пищи, а затем в 3 раза больше, чем в следующие 22 секунды.Ядра увеличивается до 4 раза превышает начальную скорость всплеска в течение следующих 22 секунд.За последние 22 секунды всплеск замедляется до половины скорости, чем последние 22 секунды.После того, как Оливер снимает сковороду с жары, четверть количества ядер, которые появились в последних 22 секундах приготовления пищи, также выпадает из остаточного тепла.Оливер отдает одну десятую от сделанного попкорна своему брату Тиаго.Сколько еще кусочков попкорна нужно есть Оливеру, чем его брату?",504
"Тиаго приносит попкорн для перекуса.По мере того, как нагревается сковорода ядра, ядра начинают быстрее.40 поп -музыки за первые 26 секунд приготовления пищи, а затем в 3 раза больше, чем в следующие 26 секунд.Ядра увеличивается до 4 раза превышающей начальную скорость всплеска в течение следующих 26 секунд.За последние 26 секунд всплеск замедляется до половины скорости, чем последние 26 секунд.После того, как Тиаго снимает сковороду с жары, четверть количества ядер, которые выскочили в последние 26 секунд приготовления пищи, также выпадает из остаточной жары.Тиаго дает 1/10 изготовленного попкорна своему брату Санджай.Сколько еще кусочков попкорна должен есть Тиаго, чем его брат?",336
"Санджай закускивает попкорн.Когда нагревается кастрюля ядра, ядра начинают быстрее.80 Поп на первые 26 секунд приготовления пищи, а затем в 4 раза больше, чем в следующие 26 секунд.Ядра увеличивается до 6 раз превышает начальную скорость всплывающего завода в течение следующих 26 секунд.За последние 26 секунд всплеск замедляется до половины скорости, чем последние 26 секунд.После того, как Санджай снимает сковороду с жары, четверть количества ядер, которые появились в последних 26 секунд приготовления пищи, также выпадает из остаточной жары.Санджай дает 1/5 изготовленного попкорна своему брату Ною.Сколько еще кусочков попкорна нужно есть Санджаю, чем его брату?",708
"Оскар приносит попкорн для перекуса.Когда нагревается кастрюля ядра, ядра начинают быстрее.80 Поп на первые 16 секунд приготовления пищи, а затем в 3 раза больше, чем в следующие 16 секунд.Ядра увеличивается в 5 раз превышает начальную скорость всплывающего завода в ближайшие 16 секунд.За последние 16 секунд всплеск замедляется до половины скорости, чем последние 16 секунд.После того, как Оскар снимает сковороду с жары, четверть количества ядер, которые появились в последних 16 секунд приготовления пищи, также выпадает из остаточного тепла.Оскар дает два пятых из приготовленного попкорна своему брату Бенджамину.Сколько еще кусочков попкорна должен есть Оскар, чем его брат?",194
"Павел приносит попкорн для перекуса.Когда нагревается кастрюля ядра, ядра начинают быстрее.80 Поп на первые 12 секунд приготовления пищи, а затем в 2 раза больше, чем в ближайшие 12 секунд.Ядра увеличивается до 6 раз превышает начальную скорость всплеска в ближайшие 12 секунд.За последние 12 секунд всплеск замедляется до половины скорости, как и последние 12 секунд.После того, как Павел снимает сковороду с жары, четверть количества ядер, которые появились в последних 12 секунд приготовления пищи, также выпадает из остаточного тепла.Павел дает одну шестую от попкорна своему брату Луке.Сколько еще кусочков попкорна нужно есть Павелу, чем его брату?",680
"Леон закускает попкорн.Когда горшок ядер нагревается, ядра начинают выскочить быстрее.40 поп -музыки за первые 26 секунд приготовления пищи, а затем в 4 раза больше, чем в следующие 26 секунд.Ядра увеличивается до 5 раз превышает начальную скорость всплывающего завода в течение следующих 26 секунд.За последние 26 секунд всплеск замедляется до половины скорости, чем последние 26 секунд.После того, как Леон снимает горшок с жары, четверть количества ядер, которые появились в последних 26 секундах приготовления пищи, также выпадает из остаточной жары.Леон дает два пятых из приготовленного попкорна своему брату Ною.Сколько еще кусочков попкорна должен съесть Леону, чем его брату?",105
"Дешон приносит попкорн для перекуса.Когда нагревается кастрюля ядра, ядра начинают быстрее.100 POP за первые 30 секунд приготовления пищи, а затем в 2 раза больше, чем в следующие 30 секунд.Ядра увеличивается до 4 раза превышающей начальную скорость всплеска в течение следующих 30 секунд.За последние 30 секунд всплеск замедляется до половины скорости, чем последние 30 секунд.После того, как Дешон снимает сковороду с жары, четверть количества ядер, которые появились в последних 30 секунд приготовления пищи, также выпадает из остаточной жары.Дешон дает 2/5 изготовленного попкорна своему брату Ибрагиму.Сколько еще кусочков попкорна Дешон должен есть, чем его брату?",190
"Мухаммед приносит попкорн для перекуса.Когда горшок ядер нагревается, ядра начинают выскочить быстрее.20 Поп на первые 16 секунд приготовления пищи, а затем в 2 раза больше, чем в следующие 16 секунд.Ядра увеличивается до 4 раза превышающей начальную скорость всплеска в ближайшие 16 секунд.За последние 16 секунд всплеск замедляется до половины скорости, чем последние 16 секунд.После того, как Мохаммед снимает горшок с жары, четверть количества ядер, которые появились в последних 16 секунд приготовления пищи, также выпадает из остаточного тепла.Мухаммед дает 2/5 изготовленного попкорна своему брату Арашу.Сколько еще кусочков попкорна должен есть Мухаммеду, чем его брату?",38
"Лука хочет сделать кубики льда в разных размерах с 337 унциями воды.Он может сделать гигантские кубики, которые используют 14 унций на куб, средние кубики, которые используют 3 унции, небольшие кубики, которые используют 1/2 унции, и крошечные кубики, которые имеют половину размера мелких кубиков.Он делает 47 кубиков льда, в том числе 9 гигантских кубиков, 14 небольших кубиков, 12 средних кубиков и несколько крошечных кубиков.Сколько унций воды осталось Лукой?",165
"Deshawn хочет сделать кубики льда разных размеров с 312 унциями воды.Он может сделать гигантские кубики, которые используют 15 унций на куб, средние кубики, которые используют 5 унций, небольшие кубики, которые используют 1/2 унции, и крошечные кубики, которые имеют половину размера мелких кубиков.Он делает 46 кубиков льда, в том числе 8 гигантских кубиков, 14 маленьких кубиков, 12 средних кубиков и несколько крошечных кубиков.Сколько унций воды осталось Дешон?",122
"Ной хочет сделать кубики льда разных размеров с 336 унциями воды.Он может делать гигантские кубики, которые используют 15 унций на куб, средние кубики, которые используют 4 унции, небольшие кубики, которые используют 1/2 унции, и крошечные кубики, которые имеют половину размера мелких кубиков.Он делает 49 кубиков льда, в том числе 8 гигантских кубиков, 14 небольших кубиков, 15 средних кубиков и несколько крошечных кубиков.Сколько унций воды осталось Ноа?",146
"Виктор хочет сделать кубики льда разных размеров с 313 унциями воды.Он может делать гигантские кубики, которые используют 12 унций на куб, средние кубики, которые используют 4 унции, небольшие кубики, которые используют 1/2 унции, и крошечные кубики, которые имеют половину размера небольших кубиков.Он делает 50 кубиков льда, в том числе 12 гигантских кубиков, 14 небольших кубиков, 12 средних кубиков и несколько крошечных кубиков.Сколько унций воды осталось Виктором?",111
"Алехандро хочет сделать кубики льда в разных размерах с 309 унциями воды.Он может делать гигантские кубики, которые используют 14 унций на куб, средние кубики, которые используют 6 унций, небольшие кубики, которые используют 1/2 унции, и крошечные кубики, которые имеют половину размера небольших кубиков.Он делает 50 кубиков льда, в том числе 9 гигантских кубиков, 14 небольших кубиков, 15 средних кубиков и несколько крошечных кубиков.Сколько унций воды осталось Алехандро?",83
"Оливер хочет сделать кубики льда разных размеров с 326 унциями воды.Он может сделать гигантские кубики, которые используют 14 унций на куб, средние кубики, которые используют 4 унции, небольшие кубики, которые используют 2/4 унции, и крошечные кубики, которые имеют половину размера небольших кубиков.Он делает 48 кубиков льда, в том числе 10 гигантских кубиков, 14 небольших кубиков, 12 средних кубиков и несколько крошечных кубиков.Сколько унций воды осталось Оливером?",128
"Карлос хочет сделать кубики льда в разных размерах с 318 унциями воды.Он может сделать гигантские кубики, которые используют 13 унций на куб, средние кубики, которые используют 3 унции, небольшие кубики, которые используют 2/4 унции и крошечные кубики, которые имеют половину размера небольших кубиков.Он делает 47 кубиков льда, в том числе 9 гигантских кубиков, 14 небольших кубиков, 12 средних кубиков и несколько крошечных кубиков.Сколько унций воды осталось Карлосом?",155
"Матео хочет сделать кубики льда в разных размерах с 322 унциями воды.Он может сделать гигантские кубики, которые используют 12 унций на куб, средние кубики, которые используют 6 унций, небольшие кубики, которые используют 2/4 унции, и крошечные кубики, которые имеют половину размера мелких кубиков.Он делает 48 кубиков льда, в том числе 10 гигантских кубиков, 14 небольших кубиков, 12 средних кубиков и несколько крошечных кубиков.Сколько унций воды осталось Матео?",120
"Алехандро хочет сделать кубики льда в разных размерах с 341 унциями воды.Он может сделать гигантские кубики, которые используют 13 унций на куб, средние кубики, которые используют 3 унции, небольшие кубики, которые используют 1/2 унции, и крошечные кубики, которые имеют половину размера мелких кубиков.Он делает 50 кубиков льда, в том числе 9 гигантских кубиков, 14 небольших кубиков, 15 средних кубиков и несколько крошечных кубиков.Сколько унций воды осталось Алехандро?",169
"Али хочет сделать кубики льда разных размеров с 331 унциями воды.Он может делать гигантские кубики, которые используют 16 унций на куб, средние кубики, которые используют 4 унции, небольшие кубики, которые используют 1/2 унции, и крошечные кубики, которые имеют половину размера небольших кубиков.Он делает 48 кубиков льда, в том числе 10 гигантских кубиков, 14 небольших кубиков, 12 средних кубиков и несколько крошечных кубиков.Сколько унций воды осталось Али?",113
"В викторине в 100 пунктов 40% вопросов-химия, 20%-география, а остальные в равной степени разделены как история истории и алгебры.Если Аиша наверняка получит 25% вопросов о географии, 100% вопросов по химии и десятую из истории и алгебры правильно, сколько очков она наверняка получит?",49
"В викторине с 80 пунктами 50% вопросов-химия, 5%-биология, а остальные в равной степени разделены как геометрия и литературные вопросы.Если Кейша обязательно получит 25% вопросов о биологии, 70% вопросов о химии и треть вопросов о геометрии и литературе, сколько очков она наверняка получит?",41
"В викторине с 80 пунктами 55% вопросов-физика, 20%-геометрия, а остальные одинаково разделены как вопросы литературы и географии.Если Рания наверняка получит 25% вопросов о геометрии, 100% вопросов о физике и 1/2 вопросов литературы и географии правильно, сколько очков она обязательно получит?",58
"В викторине с 40 пунктами 50% вопросов-химия, 10%-история, а остальные в равной степени разделены как географические и биологические вопросы.Если Ольга обязательно получит 25% вопросов истории, 85% вопросов о химии и 1/8 вопросов о географии и биологии, сколько очков она наверняка получит?",20
"В викторине с 120 пунктами 5% вопросов-это экономика, 20%-биология, а остальные в равной степени разделены как физика и вопросы истории.Если Амелия обязательно получит 25% вопросов о биологии, 100% экономических вопросов и 1/3 вопросов о физике и истории, сколько очков она наверняка получит?",42
"В викторине с 80 пунктами 25% вопросов-это физика, 15%-биология, а остальные одинаково разделены как география и литературные вопросы.Если Фатима обязательно получит 25% вопросов о биологии, 40% вопросов о физике и восьмого вопроса о географии и литературе, сколько очков она наверняка получит?",17
"В викторине в 120 пунктов 30% вопросов-география, 20%-алгебра, а остальные в равной степени разделены как вопросы истории и химии.Если Габриель наверняка получит 25% вопросов алгебры, 50% вопросов о географии и десятую из вопросов истории и химии правильно, сколько очков она наверняка получит?",30
"В викторине с 80 пунктами 35% вопросов-это история, 15%-биология, а остальные одинаково разделены как вопросы алгебры и географии.Если Надия обязательно получит 25% вопросов о биологии, 75% вопросов истории и восьмого из алгебры и географических вопросов правильно, сколько очков она наверняка получит?",29
"В викторине с 80 пунктами 25% вопросов-это физика, 15%-геометрия, а остальные в равной степени разделены как химические и литературные вопросы.Если Чен наверняка получит 25% вопросов о геометрии, 75% вопросов о физике и 1/8 вопросов по химии и литературе, сколько очков она наверняка получит?",24
"В викторине в 120 пунктов 30% вопросов-это экономика, 20%-физика, а остальные в равной степени разделены как вопросы литературы и биологии.Если Haruka наверняка получит 25% вопросов о физике, 100% экономических вопросов и 1/2 вопросов литературы и биологии, сколько очков она наверняка получит?",72
"Сакура вязает зимнюю одежду для своих 4 внуков.Они в четыре раза, поэтому они все одинаковы.Она хочет сделать жилет, кардиган, шаль, перчатки и варежки для каждого из них.Требуется 5 мотков шерсти, чтобы приготовить жилет, 4 для кардигана, 10 для шаль, 12 за пару перчаток и 9 для пары варежек.Сакура хочет сделать для себя две теплые куртки, каждый из которых нуждается в 4 мотках шерсти.Каждая дюжина моток шерсти стоит 9 долларов.В магазине есть акция, где клиенты получают скидку на 20 долларов на покупку более 100 долларов.Сколько должна заплатить Сакура за все мотки шерсти, в которой она нуждается?",106
"Фатима вязает зимнюю одежду для своих 5 внуков.Они квинтоплы, поэтому они все одинакового размера.Она хочет сделать шапочку, жилет, кардиган, перчатки и варежки для каждого из них.Требуется 4 мотки шерсти, чтобы сделать шапочку, 6 для жилета, 8 для кардигана, 12 для пары перчаток и 10 для пары варежек.Фатима хочет сделать для себя две теплые куртки, каждый из которых нуждается в 8 мотках шерсти.Каждая дюжина моток шерсти стоит 8 долларов.В магазине есть акция, где клиенты получают скидку на 20 долларов на покупку более 100 долларов.Сколько должна платить Фатима за все мотки шерсти, в которой она нуждается?",124
"Валерия вязает зимнюю одежду для своих 4 внуков.Они в четыре раза, поэтому они все одинаковы.Она хочет сделать тунику, шляпу, шаль, пинетки и перчатки для каждого из них.Требуется 6 мотков шерсти, чтобы приготовить тунику, 6 для шляпы, 12 для шаль, 12 для пары пинеток и 13 для пары перчаток.Валерия хочет сделать для себя две теплые куртки, каждый из которых нуждается в 4 мотках шерсти.Каждая дюжина моток шерсти стоит 9 долларов.В магазине есть акция, где клиенты получают скидку на 20 долларов на покупку более 100 долларов.Сколько должна заплатить Валерию за все мотки шерсти, в которой она нуждается?",133
"Валентина вязает зимнюю одежду для своих 5 внуков.Они квинтоплы, поэтому они все одинакового размера.Она хочет сделать шаль, тунику, кардиган, пинетки и перчатки для каждого из них.Требуется 5 мотков шерсти, чтобы сделать платок, 3 для туники, 9 для кардигана, 10 для пары пинеток и 11 для пары перчаток.Валентина хочет сделать для себя две теплые куртки, каждый из которых нуждается в 7 мотках шерсти.Каждая дюжина моток шерсти стоит 7 долларов.В магазине есть акция, где клиенты получают скидку на 20 долларов на покупку более 100 долларов.Сколько должна заплатить Валентина за все мотки шерсти, в которой она нуждается?",99
"Ума вязает зимнюю одежду для своих 4 внуков.Они в четыре раза, поэтому они все одинаковы.Она хочет сделать шаль, шляпу, кардиган, теплые ножки и носки для каждого из них.Требуется 5 мотков шерсти, чтобы сделать шаль, 3 для шляпы, 12 для кардигана, 11 для пары ног и 15 для пары носков.Ума хочет сделать для себя две теплые куртки, каждый из которых нуждается в 10 мотках шерсти.Каждая дюжина моток шерсти стоит 9 долларов.В магазине есть акция, где клиенты получают скидку на 20 долларов на покупку более 100 долларов.Сколько должна заплатить UMA за все мотки шерсти, в которой она нуждается?",133
"Роя вязает зимнюю одежду для своих 5 внуков.Они квинтоплы, поэтому они все одинакового размера.Она хочет сделать кардиган, пончо, свитер, носки и варежки для каждого из них.Требуется 5 мотков шерсти, чтобы сделать кардиган, 3 для пончо, 8 для свитера, 10 за пару носков и 14 для пары варежек.Роя хочет сделать для себя две теплые куртки, каждый из которых нуждается в 8 мотках шерсти.Каждая дюжина моток шерсти стоит 8 долларов.В магазине есть акция, где клиенты получают скидку на 20 долларов на покупку более 100 долларов.Сколько должен заплатить Роя за все мотки шерсти, в которой она нуждается?",124
"Габриель вязает зимнюю одежду для своих 5 внуков.Они квинтоплы, поэтому они все одинакового размера.Она хочет сделать пончо, свитер, шляпу, варежки и теплые ноги для каждого из них.Требуется 6 мотков шерсти, чтобы сделать пончо, 3 для свитера, 12 для шляпы, 11 для пары варежек и 12 для пары ног.Габриель хочет сделать для себя две теплые куртки, каждый из которых нуждается в 10 мотках шерсти.Каждая дюжина моток шерсти стоит 7 долларов.В магазине есть акция, где клиенты получают скидку на 20 долларов на покупку более 100 долларов.Сколько должна заплатить Габриель за все мотки шерсти, в которой она нуждается?",120
"Жасмин вязает зимнюю одежду для своих 5 внуков.Они квинтоплы, поэтому они все одинакового размера.Она хочет сделать пончо, кардиган, тунику, пинетки и варежки для каждого из них.Требуется 6 мотков шерсти, чтобы сделать пончо, 4 для кардигана, 10 для туники, 12 для пары пинеток и 10 для пары варежек.Жасмин хочет сделать для себя две теплые куртки, каждый из которых нуждается в 9 мотках шерсти.Каждая дюжина моток шерсти стоит 6 долларов.В магазине есть акция, где клиенты получают скидку на 20 долларов на покупку более 100 долларов.Сколько Жасмин должна заплатить за все мотки шерсти, в которой она нуждается?",94
"Кайла вязает зимнюю одежду для своих 5 внуков.Они квинтоплы, поэтому они все одинакового размера.Она хочет сделать для каждого из них пончо, свитер, тунику, грелки ног и варежки.Требуется 3 мотки шерсти, чтобы сделать пончо, 3 для свитера, 10 для туники, 10 для пары ног и 10 для пары варежек.Кайла хочет сделать для себя две теплые куртки, каждый из которых нуждается в 6 мотках шерсти.Каждая дюжина моток шерсти стоит 8 долларов.В магазине есть акция, где клиенты получают скидку на 20 долларов на покупку более 100 долларов.Сколько должна платить Кайла за все мотки шерсти, в которой она нуждается?",108
"Тара вязает зимняя одежда для своих 4 внуков.Они в четыре раза, поэтому они все одинаковы.Она хочет сделать шапочку, кардиган, шаль, пинетки и перчатки для каждого из них.Требуется 5 мотков шерсти, чтобы сделать шапочку, 5 для кардигана, 12 для шаль, 8 для пары пинеток и 15 за пару перчаток.Тара хочет сделать для себя две теплые куртки, каждый из которых нуждается в 6 мотках шерсти.Каждая дюжина моток шерсти стоит 8 долларов.В магазине есть акция, где клиенты получают скидку на 20 долларов на покупку более 100 долларов.Сколько должна заплатить Тару за все мотки шерсти, в которой она нуждается?",108
"В классе из 100 учеников г -жи Джонсон 46% класса являются футболистами.Из оставшегося класса 50% студентов являются членами клуба робототехники или частью танцоров.Этим 3 группам студентов нужно уехать сегодня рано, чтобы поехать на выездную соревнования.Половина футболистов отсутствует за то, что заболел.Кроме того, 3 чирлидера будут сопровождать каждую из этих групп.Сколько студентов уезжают рано на соревнования?",59
"В классе мисс Джонсон из 150 учеников 40% класса - футболисты.Из оставшегося класса 30% студентов являются танцорами или являются частью членов хора.Этим 3 группам студентов нужно уехать сегодня рано, чтобы поехать на выездную соревнования.Половина футболистов отсутствует за то, что заболел.Кроме того, 3 чирлидера будут сопровождать каждую из этих групп.Сколько студентов уезжают рано на соревнования?",66
"В классе миссис Гарсия из 160 учеников 50% класса - пловцы.Из оставшегося класса 35% студентов являются членами дебатов или частью танцоров.Этим 3 группам студентов нужно уехать рано сегодня, чтобы поехать на выездной турнир.Половина пловцов отсутствует за то, что заболели.Кроме того, 3 чирлидера будут сопровождать каждую из этих групп.Сколько студентов уезжают рано на турнир?",77
"В классе мисс Джонсон из 20 учеников 20% класса являются футболистами.Из оставшегося класса 50% студентов являются членами дебатов или частью членов хора.Этим 3 группам студентов нужно уехать сегодня рано, чтобы поехать на выездную соревнования.Половина футболистов отсутствует за то, что заболел.Кроме того, 3 чирлидера будут сопровождать каждую из этих групп.Сколько студентов уезжают рано на соревнования?",19
"В классе доктора Ли из 104 учеников 50% класса - волейболисты.Из оставшегося класса 25% студентов являются членами клуба робототехники или являются частью членов хора.Этим 3 группам студентов нужно уехать сегодня рано, чтобы поехать на выездную соревнования.Половина волейболистов отсутствует за то, что заболели.Кроме того, 3 чирлидера будут сопровождать каждую из этих групп.Сколько студентов уезжают рано на соревнования?",48
"В классе мистера Смита из 80 учеников 20% класса - баскетболисты.Из оставшегося класса 50% студентов являются танцорами или являются частью членов дебатов.Этим 3 группам студентов нужно уехать рано сегодня, чтобы поехать на выездной турнир.Половина баскетболистов отсутствует за то, что заболели.Кроме того, 3 чирлидера будут сопровождать каждую из этих групп.Сколько студентов уезжают рано на турнир?",49
"В классе миссис Гарсия из 84 учеников 50% класса - пловцы.Из оставшегося класса 50% студентов являются членами дебатов или частью членов хора.Этим 3 группам студентов нужно уехать рано сегодня, чтобы поехать на выездной турнир.Половина пловцов отсутствует за то, что заболели.Кроме того, 3 чирлидера будут сопровождать каждую из этих групп.Сколько студентов уезжают рано на турнир?",51
"В классе мисс Джонсон из 50 учеников 52% класса являются футболистами.Из оставшегося класса 50% студентов являются членами команды дебатов или являются частью членов клуба робототехники.Этим 3 группам студентов нужно уехать сегодня рано, чтобы поехать на выездную соревнования.Половина футболистов отсутствует за то, что заболел.Кроме того, 3 чирлидера будут сопровождать каждую из этих групп.Сколько студентов уезжают рано на соревнования?",34
"В классе доктора Ли из 120 учеников 25% класса - волейболисты.Из оставшегося класса 30% студентов являются членами дебатов или частью танцоров.Этим 3 группам студентов нужно уехать сегодня рано, чтобы поехать на выездную соревнования.Половина волейболистов отсутствует за то, что заболели.Кроме того, 3 чирлидера будут сопровождать каждую из этих групп.Сколько студентов уезжают рано на соревнования?",51
"В классе мистера Смита из 125 учеников 40% класса - баскетболисты.Из оставшегося класса 24% студентов являются членами клуба робототехники или являются частью членов хора.Этим 3 группам студентов нужно уехать рано сегодня, чтобы поехать на выездной турнир.Половина баскетболистов отсутствует за то, что заболели.Кроме того, 3 чирлидера будут сопровождать каждую из этих групп.Сколько студентов уезжают рано на турнир?",52
