question,answer_number
"Sakura fue al paseo marítimo de vacaciones.Sus padres le dieron 1300 € para comprar lo que quisiera.En la tienda de regalos, Saltwater Taffy estaba a la venta para ""comprar 16 kg a € 22 por kg, obtener 4 kgs 1/4 de descuento"".Ella recogió 22 kgs.También compró una bolsa mixta de estrella de mar por € 11.0 y 12 llaves que tenían € 20.0 cada uno.Sakura luego donó 5 € en un puesto de caridad en el camino.¿Cuánto dinero le queda a Sakura?",582
"Kayla fue al muelle de vacaciones.Sus padres le dieron ₺1400 para comprar lo que quisiera.En la tienda de la playa, Rock Candy estaba a la venta para ""comprar 16 kgs a ₺22 por kg, obtener 6 kg 2/3 de descuento"".Ella recogió 23 kgs.También compró una bolsa mixta de vidrio marino para ₺11.0 y 14 pegatinas que fueron ₺20.5 cada una.Kayla luego donó ₺5 en un puesto de caridad en el camino.¿Cuánto dinero le queda a Kayla?",679
"Chen fue al paseo marítimo de vacaciones.Sus padres le dieron $ 1300 para comprar lo que quisiera.En la tienda de regalos, Saltwater Taffy estaba a la venta para ""comprar 16 kg a $ 22 por kg, obtener 6 kg 1/4 de descuento"".Ella recogió 23 kgs.También compró una bolsa mixta de estrella de mar por $ 11.0 y 11 llaves que costaban $ 21.0 cada uno.Chen luego donó $ 5 en un puesto de caridad en el camino.¿Cuánto dinero le queda a Chen?",580
"Fátima fue al muelle de vacaciones.Sus padres le dieron ₣ 1200 para comprar lo que quisiera.En la tienda de la playa, Rock Candy estaba a la venta para ""Comprar 16 kg a ₣ 20 por kg, obtener 6 kg 1/3 de descuento"".Ella recogió 23 kgs.También compró una bolsa mixta de vidrio marino para ₣ 11.0 y 13 pegatinas que fueron ₣ 20.0 cada una.Fatima luego donó ₣ 5 en un puesto de caridad en el camino.¿Cuánto dinero le queda Fatima?",504
"Ava fue a la costa de vacaciones.Sus padres le dieron $ 1400 para comprar lo que quisiera.En la tienda Seaside, el algodón de azúcar estaba a la venta por ""comprar 17 libras a $ 22 por libra, obtener 4 libras 1/2 de descuento"".Ella recogió 23 libras.También compró una bolsa mixta de piezas de coral por $ 11.0 y 18 alfileres que costaban $ 20.5 cada una.Ava luego donó $ 5 en un puesto de caridad en el camino.¿Cuánto dinero le queda Ava?",553
"Valeria fue a la costa de vacaciones.Sus padres le dieron 1300 € para comprar lo que quisiera.En la tienda Seaside, el algodón de azúcar estaba a la venta por ""comprar 15 libras a € 21 por libra, obtener 5 libras 1/3 de descuento"".Ella recogió 23 libras.También compró una bolsa mixta de piezas de coral por 11.0 € y 11 pines que tenían € 21.0 cada una.Valeria luego donó 5 € en un puesto de caridad en el camino.¿Cuánto dinero le queda Valeria?",605
"Sophia fue al muelle de vacaciones.Sus padres le dieron ₺1400 para comprar lo que quisiera.En la tienda de la playa, Rock Candy estaba a la venta para ""comprar 17 kg a ₺20 por kg, obtener 5 kg 1/2 de descuento"".Ella recogió 23 kgs.También compró una bolsa mixta de vidrio marino para ₺11.0 y 13 calcomanías que fueron ₺20.0 cada una.Sophia luego donó ₺5 en un puesto de caridad en el camino.¿Cuánto dinero le queda Sophia?",714
"Mei fue a la playa de vacaciones.Sus padres le dieron ¥ 1300 para comprar lo que quisiera.En la tienda de recuerdos, Fudge estaba a la venta para ""comprar 15 kilogramos a ¥ 23 por kilogramo, obtener 4 kilogramos 1/4 de descuento"".Ella recogió 20 kilogramos.También compró una bolsa mixta de dólares de arena por ¥ 11.0 y 14 postales que fueron ¥ 21.0 cada una.Mei luego donó ¥ 5 en un puesto de caridad en el camino.¿Cuánto dinero le queda mei?",553
"Sophia fue al muelle de vacaciones.Sus padres le dieron ₺1400 para comprar lo que quisiera.En la tienda de la playa, Rock Candy estaba a la venta para ""comprar 15 kilogramos a ₺23 por kilogramo, obtener 6 kilogramos 1/3 de descuento"".Ella recogió 23 kilogramos.También compró una bolsa mixta de vidrio marino para ₺11.0 y 18 pegatinas que fueron ₺20.5 cada una.Sophia luego donó ₺5 en un puesto de caridad en el camino.¿Cuánto dinero le queda Sophia?",532
"Tara fue al paseo marítimo de vacaciones.Sus padres le dieron ₣ 1200 para comprar lo que quisiera.En la tienda de regalos, Saltwater Taffy estaba a la venta para ""comprar 17 kg a ₣ 22 por kg, obtener 4 kgs 1/4 de descuento"".Ella recogió 23 kgs.También compró una bolsa mixta de estrella de mar para ₣ 11.0 y 12 llaves que fueron ₣ 20.0 cada uno.Tara luego donó ₣ 5 en un puesto de caridad en el camino.¿Cuánto dinero le queda Tara?",460
"Un agricultor está comprando alimento para sus vacas.Compra una variedad de manzanas, heno, pepinos y maíz.Dado que el maíz es un placer raro, solo compra cuatro cajas de 6 libras de ellas para todo el establo.Solo quiere suficientes pepinos para alimentar a las vacas mientras las verduras están frescas, por lo que compra catorce bolsas de 8 libras.Las manzanas son la dieta principal de sus vacas, por lo que compra treinta y cinco paquetes de 42 libras.El heno es un elemento básico para complementar las manzanas, por lo que compra dieciocho capturas de 18 libras.Finalmente, compra 43 libras de comestibles, y 27 libras de herramientas y 100 libras de madera.Un camión de granja puede transportar 140 libras a la vez.Si el agricultor tiene tres camiones, ¿cuántos viajes necesita el agricultor para transportar todos los artículos comprados?",5
"Un agricultor está comprando alimento para sus ovejas.Compra una variedad de trigo, maíz, remolacha y avena.Dado que la avena es un placer raro, solo compra cinco cajas de 3 kg de ellas para todo el establo.Solo quiere suficiente remolacha para alimentar a las ovejas mientras las verduras están frescas, por lo que compra once bolsas de 7 kg.El trigo es la dieta principal de sus ovejas, por lo que compra treinta y cuatro paquetes de 44 kg.El maíz es un elemento básico para complementar el trigo, por lo que compra dieciocho capturas de 19 kg.Finalmente, compra 43 kg de comestibles, y 27 kg de herramientas y 100 kg de madera.Un camión de granja puede transportar 140 kg a la vez.Si el agricultor tiene tres camiones, ¿cuántos viajes necesita el agricultor para transportar todos los artículos comprados?",5
"Un agricultor está comprando alimento para sus vacas.Compra una variedad de trigo, avena, zanahorias y maíz.Dado que el maíz es un placer raro, solo compra siete cajas de 5 kg de ellas para todo el establo.Solo quiere suficientes zanahorias para alimentar a las vacas mientras las verduras están frescas, por lo que compra once bolsas de 7 kg.El trigo es la dieta principal de sus vacas, por lo que compra treinta y cuatro paquetes de 39 kg.La avena es un elemento básico para complementar el trigo, por lo que compra diecinueve capturas de 18 kg.Finalmente, compra 43 kg de comestibles, y 27 kg de herramientas y 100 kg de madera.Un camión de granja puede transportar 130 kg a la vez.Si el agricultor tiene tres camiones, ¿cuántos viajes necesita el agricultor para transportar todos los artículos comprados?",5
"Un agricultor está comprando alimento para sus vacas.Compra una variedad de heno, trigo, zanahorias y manzanas.Dado que las manzanas son un placer raro, solo compra cinco cajas de 7 libras de ellas para todo el establo.Solo quiere suficientes zanahorias para alimentar a las vacas mientras las verduras están frescas, por lo que compra catorce bolsas de 5 libras.El heno es la dieta principal de sus vacas, por lo que compra treinta y cinco paquetes de 44 libras.El trigo es un elemento básico para complementar el heno, por lo que compra diecinueve capturas de 15 libras.Finalmente, compra 43 libras de comestibles, y 27 libras de herramientas y 100 libras de madera.Un camión de granja puede transportar 100 libras a la vez.Si el agricultor tiene tres camiones, ¿cuántos viajes necesita el agricultor para transportar todos los artículos comprados?",7
"Un agricultor está comprando alimento para sus ovejas.Compra una variedad de manzanas, trigo, zanahorias y avena.Dado que la avena es un placer raro, solo compra ocho cajas de 7 libras de ellas para todo el establo.Solo quiere suficientes zanahorias para alimentar a las ovejas mientras las verduras están frescas, por lo que compra doce bolsas de 6 libras.Las manzanas son la dieta principal de sus ovejas, por lo que compra treinta y dos paquetes de 43 libras.El trigo es un elemento básico para complementar las manzanas, por lo que compra dieciocho capturas de 17 libras.Finalmente, compra 43 libras de comestibles, y 27 libras de herramientas y 100 libras de madera.Un camión de granja puede transportar 110 libras a la vez.Si el agricultor tiene tres camiones, ¿cuántos viajes necesita el agricultor para transportar todos los artículos comprados?",6
"Un agricultor está comprando alimento para sus alpacas.Compra una variedad de manzanas, trigo, pepinos y heno.Como el heno es un placer raro, solo compra seis cajas de 3 libras para todo el establo.Solo quiere suficientes pepinos para alimentar a las alpacas mientras las verduras están frescas, por lo que compra quince bolsas de 8 libras.Las manzanas son la dieta principal de sus alpacas, por lo que compra treinta y cuatro paquetes de 43 libras.El trigo es un elemento básico para complementar las manzanas, por lo que compra dieciocho capturas de 15 libras.Finalmente, compra 43 libras de comestibles, y 27 libras de herramientas y 100 libras de madera.Un camión de granja puede transportar 170 libras a la vez.Si el agricultor tiene tres camiones, ¿cuántos viajes necesita el agricultor para transportar todos los artículos comprados?",4
"Un agricultor está comprando alimento para sus alpacas.Compra una variedad de manzanas, trigo, remolacha y heno.Dado que el heno es un placer raro, solo compra seis cajas de 7 libras para todo el establo.Solo quiere suficiente remolacha para alimentar a las alpacas mientras las verduras están frescas, por lo que compra once bolsas de 6 libras.Las manzanas son la dieta principal de sus alpacas, por lo que compra treinta y cuatro paquetes de 43 libras.El trigo es un elemento básico para complementar las manzanas, por lo que compra veinte capturas de 18 libras.Finalmente, compra 43 libras de comestibles, y 27 libras de herramientas y 100 libras de madera.Un camión de granja puede transportar 100 libras a la vez.Si el agricultor tiene tres camiones, ¿cuántos viajes necesita el agricultor para transportar todos los artículos comprados?",7
"Un agricultor está comprando alimento para sus ovejas.Compra una variedad de trigo, avena, zanahorias y manzanas.Dado que las manzanas son un placer raro, solo compra ocho cajas de 4 libras de ellas para todo el establo.Solo quiere suficientes zanahorias para alimentar a las ovejas mientras las verduras están frescas, por lo que compra doce bolsas de 6 libras.El trigo es la dieta principal de sus ovejas, por lo que compra treinta y tres paquetes de 42 libras.La avena es un elemento básico para complementar el trigo, por lo que compra veinte capturas de 16 libras.Finalmente, compra 43 libras de comestibles, y 27 libras de herramientas y 100 libras de madera.Un camión de granja puede transportar 110 libras a la vez.Si el agricultor tiene tres camiones, ¿cuántos viajes necesita el agricultor para transportar todos los artículos comprados?",6
"Un agricultor está comprando alimento para sus ovejas.Compra una variedad de manzanas, avena, zanahorias y heno.Dado que el heno es un placer raro, solo compra cinco cajas de 6 libras para todo el establo.Solo quiere suficientes zanahorias para alimentar a las ovejas mientras las verduras están frescas, por lo que compra catorce bolsas de 6 libras.Las manzanas son la dieta principal de sus ovejas, por lo que compra treinta y dos paquetes de 38 libras.La avena es un elemento básico para complementar las manzanas, por lo que compra veinte capturas de 15 libras.Finalmente, compra 43 libras de comestibles, y 27 libras de herramientas y 100 libras de madera.Un camión de granja puede transportar 150 libras a la vez.Si el agricultor tiene tres camiones, ¿cuántos viajes necesita el agricultor para transportar todos los artículos comprados?",4
"Un agricultor está comprando alimento para sus vacas.Compra una variedad de heno, trigo, pepinos y maíz.Dado que el maíz es un placer raro, solo compra seis cajas de 5 kg de ellas para todo el establo.Solo quiere suficientes pepinos para alimentar a las vacas mientras las verduras están frescas, por lo que compra quince bolsas de 8 kg.El heno es la dieta principal de sus vacas, por lo que compra treinta y cinco paquetes de 35 kg.El trigo es un elemento básico para complementar el heno, por lo que compra diecisiete capturas de 15 kg.Finalmente, compra 43 kg de comestibles, y 27 kg de herramientas y 100 kg de madera.Un camión de granja puede transportar 120 kg a la vez.Si el agricultor tiene tres camiones, ¿cuántos viajes necesita el agricultor para transportar todos los artículos comprados?",5
"Un banco de niebla llega desde el océano para cubrir una ciudad.Se necesitan 30 minutos para cubrir cada 3 millas de la ciudad.Sin embargo, sabemos que la velocidad del viento se reducirá a la mitad en una hora.Si la ciudad está a 72 millas desde el frente del mar hasta el límite interior opuesto, ¿cuántos minutos tardará en el banco de niebla para cubrir una cuarta parte de la ciudad?",300
"Un banco de niebla llega desde el océano para cubrir una ciudad.Se necesitan 75 minutos para cubrir cada 10 millas de la ciudad.Sin embargo, sabemos que la velocidad del viento se reducirá a la mitad en una hora.Si la ciudad está a 72 millas desde el frente del océano hasta la orilla del interior opuesto, ¿cuántos minutos tardará en el banco de niebla para cubrir 1/4 de la ciudad?",210
"Un banco de niebla llega desde el océano para cubrir una ciudad.Se tarda 60 minutos en cubrir cada 3 millas de la ciudad.Sin embargo, sabemos que la velocidad del viento se reducirá a la mitad en una hora.Si la ciudad está a 54 millas desde el frente del mar hasta el borde interior opuesto, ¿cuántos minutos tardará en el banco de niebla para cubrir 1/3 de la ciudad?",660
"Un banco de niebla llega desde el océano para cubrir una ciudad.Se necesitan 60 minutos para cubrir cada 6 millas de la ciudad.Sin embargo, sabemos que la velocidad del viento se reducirá a la mitad en una hora.Si la ciudad está a 72 millas desde el frente del mar hasta el borde interior opuesto, ¿cuántos minutos tardará en el banco de niebla para cubrir 1/3 de la ciudad?",420
"Un banco de niebla llega desde el océano para cubrir una ciudad.Se necesitan 25 minutos para cubrir cada 5 millas de la ciudad.Sin embargo, sabemos que la velocidad del viento se reducirá a la mitad en una hora.Si la ciudad está a 54 millas desde el frente del mar hasta la orilla del interior opuesto, ¿cuántos minutos tardará en el banco de niebla para cubrir 1/2 de la ciudad?",210
"Un banco de niebla llega desde el océano para cubrir una ciudad.Se necesitan 90 minutos para cubrir cada 3 millas de la ciudad.Sin embargo, sabemos que la velocidad del viento se reducirá a la mitad en una hora.Si la ciudad está a 78 millas desde el frente del océano hasta la orilla del interior opuesto, ¿cuántos minutos tardará en el banco de niebla para cubrir un tercio de la ciudad?",1500
"Un banco de niebla llega desde el océano para cubrir una ciudad.Se necesitan 30 minutos para cubrir cada 13 millas de la ciudad.Sin embargo, sabemos que la velocidad del viento se reducirá a la mitad en una hora.Si la ciudad está a 78 millas desde el frente del océano hasta la orilla del interior opuesto, ¿cuántos minutos tardará en el banco de niebla para cubrir 1/2 de la ciudad?",120
"Un banco de niebla llega desde el océano para cubrir una ciudad.Se necesitan 15 minutos para cubrir cada 3 millas de la ciudad.Sin embargo, sabemos que la velocidad del viento se reducirá a la mitad en una hora.Si la ciudad está a 96 millas desde el frente del mar hasta la orilla del interior opuesto, ¿cuántos minutos tardará en el banco de niebla para cubrir una cuarta parte de la ciudad?",180
"Un banco de niebla llega desde el océano para cubrir una ciudad.Se necesitan 20 minutos para cubrir cada 3 millas de la ciudad.Sin embargo, sabemos que la velocidad del viento se reducirá a la mitad en una hora.Si la ciudad está a 72 millas desde el frente del mar hasta el borde interior opuesto, ¿cuántos minutos tardará en el banco de niebla para cubrir un tercio de la ciudad?",260
"Un banco de niebla llega desde el océano para cubrir una ciudad.Se necesitan 15 minutos para cubrir cada 3 millas de la ciudad.Sin embargo, sabemos que la velocidad del viento se reducirá a la mitad en una hora.Si la ciudad está a 96 millas desde el frente del mar hasta el borde interior opuesto, ¿cuántos minutos tardará en el banco de niebla para cubrir 1/2 de la ciudad?",420
"Emma camina 32 kilómetros todos los días en su sendero favorito para caminar, que incluye 14 kilómetros de caminar por la playa y 18 kilómetros de caminar por la acera.En la acera, Emma camina a tres veces la velocidad de velocidad que hace en la playa.Sin embargo, debido a una lesión reciente, la velocidad de Emma ha disminuido a la mitad tanto en la playa como en la acera.Si se pasan 56 minutos de su caminata en la playa, ¿cuánto tiempo le tarda en completar la caminata completa de 32 kilómetros, en minutos?",80
"Olivia camina 29 millas todos los días en su sendero favorito, que incluye 13 millas de caminata por la playa y 16 millas de caminata por la acera.En la acera, Olivia camina a cuatro veces la velocidad de velocidad que hace en la playa.Sin embargo, debido a una lesión reciente, la velocidad de Olivia ha disminuido a la mitad tanto en la playa como en la acera.Si se pasan 65 minutos de su caminata en la playa, ¿cuánto tiempo le tarda en completar la caminata completa de 29 millas, en minutos?",85
"Fátima camina 26 millas todos los días en su sendero favorito, que incluye 11 millas de caminata en la playa y 15 millas de caminata por la acera.En la acera, Fátima camina a tres veces la velocidad de velocidad que hace en la playa.Sin embargo, debido a una lesión reciente, la velocidad de Fátima ha disminuido a la mitad tanto en la playa como en la acera.Si se pasan 44 minutos de su caminata en la playa, ¿cuánto tiempo le tarda en completar la caminata completa de 26 millas, en minutos?",64
"Rania camina 28 kilómetros todos los días en su sendero favorito para caminar, que incluye 14 kilómetros de caminar por la playa y 14 kilómetros de caminar por la acera.En la acera, Rania camina a dos veces la velocidad de velocidad que hace en la playa.Sin embargo, debido a una lesión reciente, la velocidad de Rania ha disminuido a la mitad tanto en la playa como en la acera.Si se pasa 42 minutos de su caminata en la playa, ¿cuánto tiempo le tarda en completar la caminata completa de 28 kilómetros, en minutos?",63
"Ananya camina 20 millas todos los días en su sendero favorito, que incluye 10 millas de caminata en la playa y 10 millas de caminata por la acera.En la acera, Ananya camina a dos veces la velocidad de velocidad que hace en la playa.Sin embargo, debido a una lesión reciente, la velocidad de Ananya ha disminuido a la mitad tanto en la playa como en la acera.Si se pasan 40 minutos de su caminata en la playa, ¿cuánto tiempo le tarda en completar la caminata completa de 20 millas, en minutos?",60
"Keisha camina 33 millas todos los días en su sendero favorito, que incluye 17 millas de caminata en la playa y 16 millas de caminata por la acera.En la acera, Keisha camina a dos veces la velocidad de velocidad que hace en la playa.Sin embargo, debido a una lesión reciente, la velocidad de Keisha ha disminuido a la mitad tanto en la playa como en la acera.Si se pasan 51 minutos de su caminata en la playa, ¿cuánto tiempo le tarda en completar la caminata completa de 33 millas, en minutos?",75
"Xena camina 24 kilómetros todos los días en su sendero favorito para caminar, que incluye 11 kilómetros de caminar por la playa y 13 kilómetros de caminar por la acera.En la acera, Xena camina a tres veces la velocidad de velocidad que hace en la playa.Sin embargo, debido a una lesión reciente, la velocidad de Xena ha disminuido a la mitad tanto en la playa como en la acera.Si se pasan 66 minutos de su caminata en la playa, ¿cuánto tiempo le tarda en completar la caminata completa de 24 kilómetros, en minutos?",92
"Gabrielle camina 29 kilómetros todos los días en su sendero favorito para caminar, que incluye 15 kilómetros de caminar por la playa y 14 kilómetros de caminar por la acera.En la acera, Gabrielle camina a dos veces la velocidad de velocidad que hace en la playa.Sin embargo, debido a una lesión reciente, la velocidad de Gabrielle ha disminuido a la mitad tanto en la playa como en la acera.Si se pasan 45 minutos de su caminata en la playa, ¿cuánto tiempo le tarda en completar la caminata completa de 29 kilómetros, en minutos?",66
"Roya camina 21 kilómetros todos los días en su sendero favorito para caminar, que incluye 11 kilómetros de caminar por la playa y 10 kilómetros de caminar por la acera.En la acera, Roya camina a dos veces la velocidad de velocidad que hace en la playa.Sin embargo, debido a una lesión reciente, la velocidad de Roya ha disminuido a la mitad tanto en la playa como en la acera.Si se pasan 44 minutos de su caminata en la playa, ¿cuánto tiempo le tarda en completar la caminata completa de 21 kilómetros, en minutos?",64
"Yara camina 28 kilómetros todos los días en su sendero favorito para caminar, que incluye 14 kilómetros de caminar por la playa y 14 kilómetros de caminar por la acera.En la acera, Yara camina a dos veces la velocidad de velocidad que hace en la playa.Sin embargo, debido a una lesión reciente, la velocidad de Yara ha disminuido a la mitad tanto en la playa como en la acera.Si se pasan 56 minutos de su caminata en la playa, ¿cuánto tiempo le tarda en completar la caminata completa de 28 kilómetros, en minutos?",84
"El perro de Mateo tiene 149 cachorros, 25 de los cuales tienen manchas.El perro de Mohammed tiene 49 cachorros, 12 de los cuales tienen manchas.Ibrahim tiene 54 perros, cada uno con 13 cachorros con manchas.Después de una visita al veterinario, Mateo descubrió que la mitad de sus cachorros no manchados en realidad tienen puntos que no eran visibles antes.¿Qué porcentaje de todos los cachorros tienen puntos?",89
"El perro de Oscar tiene 130 cachorros, 28 de los cuales tienen manchas.El perro de Andre tiene 44 cachorros, 14 de los cuales tienen manchas.Jin tiene 66 perros, cada uno con 11 cachorros con manchas.Después de una visita al veterinario, Oscar descubrió que la mitad de sus cachorros sin manchar en realidad tienen puntos que no eran visibles antes.¿Qué porcentaje de todos los cachorros tienen puntos?",91
"El perro de Leon tiene 99 cachorros, 23 de los cuales tienen manchas.El perro de James tiene 53 cachorros, 12 de los cuales tienen puntos.Hiroshi tiene 58 perros, cada uno con 11 cachorros con manchas.Después de una visita al veterinario, Leon descubrió que la mitad de sus cachorros sin manchar en realidad tienen puntos que no eran visibles antes.¿Qué porcentaje de todos los cachorros tienen puntos?",90
"El perro de Pavel tiene 100 cachorros, 22 de los cuales tienen manchas.El perro de Hiroshi tiene 40 cachorros, 15 de los cuales tienen manchas.Santiago tiene 55 perros, cada uno con 12 cachorros con manchas.Después de una visita al veterinario, Pavel descubrió que la mitad de sus cachorros no manchados en realidad tienen puntos que no eran visibles antes.¿Qué porcentaje de todos los cachorros tienen puntos?",92
"El perro de Kai tiene 135 cachorros, 17 de los cuales tienen manchas.El perro de Arash tiene 43 cachorros, 14 de los cuales tienen manchas.Carlos tiene 54 perros, cada uno con 13 cachorros con manchas.Después de una visita al veterinario, Kai descubrió que la mitad de sus cachorros sin manchar en realidad tienen puntos que no eran visibles antes.¿Qué porcentaje de todos los cachorros tienen puntos?",90
"El perro de DeShawn tiene 146 cachorros, 28 de los cuales tienen manchas.El perro de Mohammed tiene 43 cachorros, 12 de los cuales tienen manchas.Hiroshi tiene 51 perros, cada uno con 11 cachorros con manchas.Después de una visita al veterinario, Deshawn descubrió que la mitad de sus cachorros sin manchar en realidad tienen puntos que no eran visibles antes.¿Qué porcentaje de todos los cachorros tienen puntos?",88
"El perro de Luca tiene 103 cachorros, 25 de los cuales tienen manchas.El perro de Diego tiene 42 cachorros, 12 de los cuales tienen manchas.Noah tiene 67 perros, cada uno con 15 cachorros con manchas.Después de una visita al veterinario, Luca descubrió que la mitad de sus cachorros sin manchar en realidad tienen puntos que no eran visibles antes.¿Qué porcentaje de todos los cachorros tienen puntos?",94
"El perro de Noé tiene 113 cachorros, 23 de los cuales tienen manchas.El perro de Qasim tiene 47 cachorros, 15 de los cuales tienen manchas.Tariq tiene 60 perros, cada uno con 9 cachorros con manchas.Después de una visita al veterinario, Noah descubrió que la mitad de sus cachorros no manchados en realidad tienen puntos que no eran visibles antes.¿Qué porcentaje de todos los cachorros tienen puntos?",89
"El perro de Yuki tiene 95 cachorros, 23 de los cuales tienen manchas.El perro de Kai tiene 53 cachorros, 12 de los cuales tienen manchas.Faisal tiene 68 perros, cada uno con 14 cachorros con manchas.Después de una visita al veterinario, Yuki descubrió que la mitad de sus cachorros sin manchar en realidad tienen puntos que no eran visibles antes.¿Qué porcentaje de todos los cachorros tienen puntos?",93
"El perro de Jin tiene 100 cachorros, 28 de los cuales tienen manchas.El perro de Theo tiene 50 cachorros, 13 de los cuales tienen manchas.Noah tiene 58 perros, cada uno con 10 cachorros con manchas.Después de una visita al veterinario, Jin descubrió que la mitad de sus cachorros sin manchar en realidad tienen puntos que no eran visibles antes.¿Qué porcentaje de todos los cachorros tienen puntos?",90
"Fátima y Mei tienen 247 minutos para caminar juntos al gimnasio, comenzando desde su casa.Les lleva 26 minutos llegar a la esquina donde está la biblioteca.Les lleva otros 18 minutos llegar a la tienda de comestibles.Cuando llegan a la tienda de comestibles, recuerdan que olvidaron sus billeteras en casa, por lo que tienen que regresar para recoger sus billeteras y luego caminar de regreso a la tienda de comestibles nuevamente.Una vez que llegan a la tienda de comestibles por segunda vez, ¿cuánto más tienen que llegar al gimnasio sin llegar tarde?",115
"Gabriel y Pavel tienen 212 minutos para caminar juntos al gimnasio, comenzando desde su casa.Les lleva 29 minutos llegar a la esquina donde está la biblioteca.Les lleva otros 19 minutos llegar al cine.Cuando llegan al cine, recuerdan que olvidaron sus billeteras en casa, por lo que tienen que regresar para recoger sus billeteras y luego caminar de regreso al cine nuevamente.Una vez que llegan al cine por segunda vez, ¿cuánto más tienen que llegar al gimnasio sin llegar tarde?",68
"Nadia y Sanjay tienen 261 minutos para caminar juntos a la tienda de comestibles a partir de su casa.Les lleva 24 minutos llegar a la esquina donde está el gimnasio.Les lleva otros 27 minutos llegar al centro comercial.Cuando llegan al centro comercial, recuerdan que olvidaron sus billeteras en casa, por lo que tienen que regresar para recoger sus billeteras y luego caminar de regreso al centro comercial nuevamente.Una vez que llegan al centro comercial por segunda vez, ¿cuánto más tienen que llegar a la tienda de comestibles sin llegar tarde?",108
"Thiago y Ali tienen 163 minutos para caminar juntos al gimnasio, comenzando desde su casa.Les lleva 21 minutos llegar a la esquina donde está el banco.Les lleva otros 28 minutos llegar al cine.Cuando llegan al cine, recuerdan que olvidaron sus billeteras en casa, por lo que tienen que regresar para recoger sus billeteras y luego caminar de regreso al cine nuevamente.Una vez que llegan al cine por segunda vez, ¿cuánto más tienen que llegar al gimnasio sin llegar tarde?",16
"Gabriel y Kai tienen 137 minutos para caminar juntos al gimnasio a partir de su casa.Les lleva 16 minutos llegar a la esquina donde está el parque.Les lleva otros 22 minutos llegar al centro comercial.Cuando llegan al centro comercial, recuerdan que olvidaron sus billeteras en casa, por lo que tienen que regresar para recoger sus billeteras y luego caminar de regreso al centro comercial nuevamente.Una vez que llegan al centro comercial por segunda vez, ¿cuánto más tienen que llegar al gimnasio sin llegar tarde?",23
"Tara y Ananya tienen 163 minutos para caminar juntos a la tienda de comestibles a partir de su casa.Les lleva 16 minutos llegar a la esquina donde está la biblioteca.Les lleva otros 29 minutos llegar al centro comercial.Cuando llegan al centro comercial, recuerdan que olvidaron sus billeteras en casa, por lo que tienen que regresar para recoger sus billeteras y luego caminar de regreso al centro comercial nuevamente.Una vez que llegan al centro comercial por segunda vez, ¿cuánto más tienen que llegar a la tienda de comestibles sin llegar tarde?",28
"Bodhi y Kai tienen 267 minutos para caminar juntos a la biblioteca, comenzando desde su casa.Les lleva 17 minutos llegar a la esquina donde está el gimnasio.Les lleva otros 19 minutos llegar al cine.Cuando llegan al cine, recuerdan que olvidaron sus billeteras en casa, por lo que tienen que regresar para recoger sus billeteras y luego caminar de regreso al cine nuevamente.Una vez que llegan al cine por segunda vez, ¿cuánto más tienen que llegar a la biblioteca sin llegar tarde?",159
"Beatriz y Sakura tienen 253 minutos para caminar juntos al gimnasio, comenzando desde su casa.Les lleva 16 minutos llegar a la esquina donde está el centro comercial.Les lleva otros 58 minutos llegar al cine.Cuando llegan al cine, recuerdan que olvidaron sus billeteras en casa, por lo que tienen que regresar para recoger sus billeteras y luego caminar de regreso al cine nuevamente.Una vez que llegan al cine por segunda vez, ¿cuánto más tienen que llegar al gimnasio sin llegar tarde?",31
"Ravi e Isabella tienen 266 minutos para caminar juntos al cine a partir de su casa.Les lleva 14 minutos llegar a la esquina donde está el banco.Les lleva otros 38 minutos llegar a la biblioteca.Cuando llegan a la biblioteca, recuerdan que olvidaron sus billeteras en casa, por lo que tienen que regresar para recoger sus billeteras y luego caminar de regreso a la biblioteca nuevamente.Una vez que llegan a la biblioteca por segunda vez, ¿cuánto tiempo más tienen que llegar al cine sin llegar tarde?",110
"Chen y Diego tienen 221 minutos para caminar juntos al parque a partir de su casa.Les lleva 28 minutos llegar a la esquina donde está el centro comercial.Les lleva otros 22 minutos llegar al cine.Cuando llegan al cine, recuerdan que olvidaron sus billeteras en casa, por lo que tienen que regresar para recoger sus billeteras y luego caminar de regreso al cine nuevamente.Una vez que llegan al cine por segunda vez, ¿cuánto más tienen que llegar al parque sin llegar tarde?",71
"Un malabarista puede hacer malabarismos con 480 bolas.Una décima parte de las bolas son pelotas de golf, y el resto son bolas de tenis.1/2 de las pelotas de golf son moradas, de las cuales 1/6 están marcadas.1/9 de las bolas de tenis son índigo, y todos excepto un tercio de esas bolas de índigo están marcadas.¿Cuántas bolas marcadas hay en total?",36
"Un malabarista puede hacer malabarismos con 360 bolas.La mitad de las bolas son bolas de tenis, y el resto son pelotas de golf.Un tercio de las bolas de tenis son azules, de las cuales 1/4 están marcadas.1/3 de las pelotas de golf son de color rosa, y todos excepto un quinto de esas bolas rosadas están marcadas.¿Cuántas bolas marcadas hay en total?",63
"Un malabarista puede hacer malabarismos con 360 bolas.Una décima parte de las bolas son pelotas de golf, y el resto son bolas de tenis.1/3 de las pelotas de golf son blancas, de las cuales 1/4 están marcadas.La mitad de las pelotas de tenis son magenta, y todas, excepto la 1/2 de esas bolas magenta están marcadas.¿Cuántas bolas marcadas hay en total?",84
"Un malabarista puede hacer malabarismos con 240 bolas.1/4 de las bolas son bolas de tenis, y el resto son pelotas de golf.1/3 de las bolas de tenis son negras, de las cuales 1/5 están marcadas.Un tercio de las pelotas de golf son cian, y todos excepto la mitad de esas bolas de cian están marcadas.¿Cuántas bolas marcadas hay en total?",34
"Un malabarista puede hacer malabarismos con 300 bolas.Una décima parte de las bolas son bolas de tenis, y el resto son pelotas de golf.Un quinto de las bolas de tenis es magenta, de las cuales un tercio están marcados.1/3 de las pelotas de golf son moradas, y todas, excepto la mitad de esas bolas moradas, están marcadas.¿Cuántas bolas marcadas hay en total?",47
"Un malabarista puede hacer malabarismos con 160 bolas.Una cuarta parte de las bolas son pelotas de tenis, y el resto son pelotas de golf.1/5 de las bolas de tenis son moradas, de las cuales 1/4 están marcadas.1/8 de las pelotas de golf son índigo, y todas, excepto 1/5 de esas bolas de índigo, están marcadas.¿Cuántas bolas marcadas hay en total?",14
"Un malabarista puede hacer malabarismos con 160 bolas.Una cuarta parte de las bolas son pelotas de tenis, y el resto son pelotas de golf.Una cuarta parte de las pelotas de tenis son verde azulado, de las cuales 1/5 están marcadas.Una cuarta parte de las pelotas de golf son de color rosa, y todos excepto la mitad de esas bolas rosadas están marcadas.¿Cuántas bolas marcadas hay en total?",17
"Un malabarista puede hacer malabarismos con 120 bolas.Una cuarta parte de las bolas son pelotas de golf, y el resto son pelotas de tenis.1/5 de las pelotas de golf son amarillas, de las cuales 1/6 están marcadas.1/3 de las bolas de tenis son rosadas, y todas, excepto 1/6 de esas bolas rosadas, están marcadas.¿Cuántas bolas marcadas hay en total?",26
"Un malabarista puede hacer malabarismos con 540 bolas.1/9 de las bolas son pelotas de golf, y el resto son bolas de tenis.1/2 de las pelotas de golf son moradas, de las cuales una décima está marcada.Una octava de las bolas de tenis son marrones, y todos excepto 1/10 de esas bolas marrones están marcadas.¿Cuántas bolas marcadas hay en total?",57
"Un malabarista puede hacer malabarismos con 400 bolas.1/5 de las bolas son pelotas de golf, y el resto son bolas de tenis.1/4 de las pelotas de golf son verde azulado, de los cuales un quinto está marcado.Una octava de las bolas de tenis es azul, y todos excepto una décima parte de esas bolas azules están marcadas.¿Cuántas bolas marcadas hay en total?",40
"Hiroshi tiene 20 hectáreas de campo de albaricoque.Hay 28 albaricoques por dos cuartos de una hectárea.Hiroshi puede cosechar sus albaricoques cada 6 meses.Además, Hiroshi posee un campo de uva de 12 hectáreas que produce 14 uvas por hectárea.Las uvas se pueden cosechar cada 4 meses.En el lapso de dos años, ¿cuántos albaricoques más cosechan Hiroshi que las uvas?",3472
"Oliver tiene 15 hectáreas de campo de uva.Hay 15 uvas por 1/3 de una hectárea.Oliver puede cosechar sus uvas cada 4 meses.Además, Oliver posee un campo de Apple de 9 hectáreas que produce 16 manzanas por hectárea.Las manzanas se pueden cosechar cada 4 meses.En el lapso de dos años, ¿cuántas uvas más cosechan Oliver que las manzanas?",3186
"Mohammed tiene 35 metros cuadrados de campo de uva.Hay 12 uvas por 2/3 de un metro cuadrado.Mohammed puede cosechar sus uvas cada 6 meses.Además, Mohammed posee un campo de albaricoque de 11 metros cuadrados que produce 18 albaricoques por metro cuadrado.Los albaricoques se pueden cosechar cada 4 meses.En el lapso de dos años, ¿cuántas uvas más cosechan Mohammed que los albaricoques?",1332
"Yusuf tiene 10 yardas cuadradas de campo de sandía.Hay 19 sandías por dos sextos de un patio cuadrado.Yusuf puede cosechar sus sandías cada 2 meses.Además, Yusuf posee un campo de uva de 9 pies cuadrados que produce 14 uvas por yarda cuadrada.Las uvas se pueden cosechar cada 4 meses.En el lapso de dos años, ¿cuántas sandías más cosechan Yusuf que las uvas?",6084
"Ravi tiene 10 yardas cuadradas de campo de plátano.Hay 36 plátanos por cuatro quintos de un patio cuadrado.Ravi puede cosechar sus plátanos cada 4 meses.Además, Ravi posee un campo de albaricoque de 13 pies cuadrados que produce 12 albaricoques por patio cuadrado.Los albaricoques se pueden cosechar cada 4 meses.En el lapso de dos años, ¿cuántos plátanos más cosechan Ravi que los albaricoques?",1764
"Thiago tiene 25 yardas cuadradas de campo naranja.Hay 23 naranjas por un cuarto de un patio cuadrado.Thiago puede cosechar sus naranjas cada 12 meses.Además, Thiago posee un campo de uva de 9 pies cuadrados que produce 13 uvas por patio cuadrado.Las uvas se pueden cosechar cada 4 meses.En el lapso de dos años, ¿cuántas naranjas más cosechan Thiago que las uvas?",3898
"Carlos tiene 80 metros cuadrados de campo Kiwi.Hay 29 kiwis por cuatro sextos de un metro cuadrado.Carlos puede cosechar sus kiwis cada 12 meses.Además, Carlos posee un campo de albaricoque de 10 metros cuadrados que produce 17 albaricoques por metro cuadrado.Los albaricoques se pueden cosechar cada 4 meses.En el lapso de dos años, ¿cuántos kiwis más cosechan Carlos que albaricoques?",5940
"Deshawn tiene 10 hectáreas de campo de plátano.Hay 20 plátanos por 2/4 de una hectárea.Deshawn puede cosechar sus plátanos cada 3 meses.Además, Deshawn posee un campo naranja de 11 hectáreas que produce 14 naranjas por hectárea.Las naranjas se pueden cosechar cada 4 meses.En el lapso de dos años, ¿cuántos plátanos más cosechan deshawn que naranjas?",2276
"Deshawn tiene 10 hectáreas de campo de uva.Hay 33 uvas por un octavo de una hectárea.Deshawn puede cosechar sus uvas cada 12 meses.Además, Deshawn posee un campo de piña de 10 hectáreas que produce 18 piñas por hectárea.Las piñas se pueden cosechar cada 4 meses.En el lapso de dos años, ¿cuántas uvas más cosechan Deshawn que las piñas?",4200
"Noah tiene 85 hectáreas de Pear Field.Hay 13 peras por dos sextos de una hectárea.Noah puede cosechar sus peras cada 12 meses.Además, Noah posee un campo de albaricoque de 11 hectáreas que produce 12 albaricoques por hectárea.Los albaricoques se pueden cosechar cada 4 meses.En el lapso de dos años, ¿cuántas peras más cosechan Noah que los albaricoques?",5838
El Dr. Miller vendió su apartamento por $ 490000.Pagó los honorarios legales que ascendieron al 1% del precio de venta y también pagó una tarifa de agente inmobiliaria que es el 5% del precio de venta.También pagó $ 390000 por el monto del préstamo restante en el apartamento y $ 10000 por costos de cierre.El Dr. Miller utilizó los ingresos netos de la venta del apartamento para invertir en acciones.Las acciones ganaron un 10% cada año durante dos años.¿Cuánto fueron las ganancias netas del Dr. Miller después de dos años?,73326
El Sr. Martínez vendió su cabaña por $ 690000.Pagó las tarifas de transferencia que ascendieron al 3% del precio de venta y también pagó una tarifa de corretaje que es el 6% del precio de venta.También pagó $ 590000 por el monto del préstamo restante en la cabaña y $ 5000 por costos de cierre.El Sr. Martínez usó los ingresos netos de vender la cabaña para invertir en acciones.Las acciones ganaron un 10% cada año durante dos años.¿Cuánto fueron las ganancias netas del Sr. Martínez después de dos años?,39809
El profesor Miller vendió su apartamento por $ 810000.Pagó las tarifas de registro que ascendieron al 3% del precio de venta y también pagó una tarifa de agente que es el 3% del precio de venta.También pagó $ 670000 por el monto del préstamo restante en el apartamento y $ 20000 por costos de cierre.El profesor Miller utilizó los ingresos netos de la venta del apartamento para invertir en acciones.Las acciones ganaron un 10% cada año durante dos años.¿Cuánto fueron los procedimientos netos del Prof. Miller después de dos años?,86394
El profesor Miller vendió su apartamento por $ 760000.Pagó las tarifas de registro que ascendieron al 3% del precio de venta y también pagó una tarifa de agente que es el 4% del precio de venta.También pagó $ 570000 por el monto del préstamo restante en el apartamento y $ 15000 por costos de cierre.El profesor Miller utilizó los ingresos netos de la venta del apartamento para invertir en acciones.Las acciones ganaron un 10% cada año durante dos años.¿Cuánto fueron los procedimientos netos del Prof. Miller después de dos años?,147378
El Dr. Smith vendió su casa por $ 590000.Pagó los honorarios legales que ascendieron al 3% del precio de venta y también pagó una tarifa de agente inmobiliaria que es el 4% del precio de venta.También pagó $ 380000 por el monto del préstamo restante en la casa y $ 25000 por costos de cierre.El Dr. Smith usó los ingresos netos de vender la casa para invertir en acciones.Las acciones ganaron un 10% cada año durante dos años.¿Cuánto fueron las ganancias netas del Dr. Smith después de dos años?,173877
El profesor Smith vendió su casa por $ 560000.Pagó las tarifas de registro que ascendieron al 3% del precio de venta y también pagó una tarifa de agente que es el 4% del precio de venta.También pagó $ 440000 por el monto del préstamo restante en la casa y $ 15000 por costos de cierre.El profesor Smith utilizó los ingresos netos de vender la casa para invertir en acciones.Las acciones ganaron un 10% cada año durante dos años.¿Cuánto fueron las ganancias netas del Prof. Smith después de dos años?,79618
El Dr. Miller vendió su apartamento por $ 550000.Pagó los honorarios legales que ascendieron al 2% del precio de venta y también pagó una tarifa de agente inmobiliaria que es el 3% del precio de venta.También pagó $ 370000 por el monto del préstamo restante en el apartamento y $ 25000 por costos de cierre.El Dr. Miller utilizó los ingresos netos de la venta del apartamento para invertir en acciones.Las acciones ganaron un 10% cada año durante dos años.¿Cuánto fueron las ganancias netas del Dr. Miller después de dos años?,154275
El profesor Brown vendió su villa por $ 460000.Pagó las tarifas de registro que ascendieron al 3% del precio de venta y también pagó una tarifa de agente que es el 2% del precio de venta.También pagó $ 300000 por el monto del préstamo restante en la villa y $ 15000 por costos de cierre.El profesor Brown utilizó los ingresos netos de vender la villa para invertir en acciones.Las acciones ganaron un 10% cada año durante dos años.¿Cuánto fueron los procedimientos netos del Prof. Brown después de dos años?,147620
El profesor Martínez vendió su cabaña por $ 470000.Pagó las tarifas de registro que ascendieron al 2% del precio de venta y también pagó una tarifa de agente que es el 3% del precio de venta.También pagó $ 400000 por el monto del préstamo restante en la cabaña y $ 15000 por costos de cierre.El profesor Martínez utilizó los ingresos netos de vender la cabaña para invertir en acciones.Las acciones ganaron un 10% cada año durante dos años.¿Cuánto fueron los ingresos netos del Prof. Martínez después de dos años?,38115
El Dr. Brown vendió su villa por $ 300000.Pagó los honorarios legales que ascendieron al 3% del precio de venta y también pagó una tarifa de agente inmobiliaria que es el 3% del precio de venta.También pagó $ 200000 por el monto del préstamo restante en la villa y $ 20000 por los costos de cierre.El Dr. Brown usó los ingresos netos de vender la villa para invertir en acciones.Las acciones ganaron un 10% cada año durante dos años.¿Cuánto fueron los procedimientos netos del Dr. Brown después de dos años?,75020
"Olivia hace té con cucharaditas de azúcar y tazas de agua en una proporción de 51: 5.También usa 7 cucharadas de leche por cada 5 tazas de agua, y usa 2 cucharadas de crema espesa para cada cucharadita de azúcar.Usó un total de 220 cucharaditas de azúcar, tazas de agua, cucharadas de crema y cucharadas de leche.¿Cuántas cucharaditas de azúcar usó?",68
"Olga hace café con cucharaditas de azúcar y tazas de agua en una proporción de 48:10.También usa 6 cucharadas de leche por cada 10 tazas de agua, y usa 2 cucharadas de crema espesa para cada cucharadita de azúcar.Usó un total de 210 cucharaditas de azúcar, tazas de agua, cucharadas de crema y cucharadas de leche.¿Cuántas cucharaditas de azúcar usó?",63
"Gabrielle hace té con cucharaditas de azúcar y tazas de agua en una proporción de 54:12.También usa 7 cucharadas de leche por cada 2 tazas de agua, y usa 2 cucharadas de crema espesa para cada cucharadita de azúcar.Utilizó un total de 240 cucharaditas de azúcar, tazas de agua, cucharadas de crema y cucharadas de leche.¿Cuántas cucharaditas de azúcar usó?",60
"MIA hace café con cucharaditas de azúcar y tazas de agua en una proporción de 48: 7.También usa 9 cucharadas de leche por cada 7 tazas de agua, y usa 2 cucharadas de crema espesa para cada cucharadita de azúcar.Utilizó un total de 170 cucharaditas de azúcar, tazas de agua, cucharadas de crema y cucharadas de leche.¿Cuántas cucharaditas de azúcar usó?",51
"Kimia hace café con cucharaditas de azúcar y tazas de agua en una proporción de 55:44.También usa 6 cucharadas de leche por cada 24 tazas de agua, y usa 2 cucharadas de crema espesa para cada cucharadita de azúcar.Utilizó un total de 240 cucharaditas de azúcar, tazas de agua, cucharadas de crema y cucharadas de leche.¿Cuántas cucharaditas de azúcar usó?",60
"Uma hace té con cucharaditas de azúcar y tazas de agua en una proporción de 45: 5.También usa 8 cucharadas de leche por cada 4 tazas de agua, y usa 2 cucharadas de crema espesa para cada cucharadita de azúcar.Usó un total de 210 cucharaditas de azúcar, tazas de agua, cucharadas de crema y cucharadas de leche.¿Cuántas cucharaditas de azúcar usó?",63
"Fátima hace té con cucharaditas de azúcar y tazas de agua en una proporción de 52:30.También usa 6 cucharadas de leche por cada 20 tazas de agua, y usa 2 cucharadas de crema espesa para cada cucharadita de azúcar.Usó un total de 210 cucharaditas de azúcar, tazas de agua, cucharadas de crema y cucharadas de leche.¿Cuántas cucharaditas de azúcar usó?",56
"Beatriz hace café con cucharaditas de azúcar y tazas de agua en una proporción de 48:12.También usa 7 cucharadas de leche por cada 7 tazas de agua, y usa 2 cucharadas de crema espesa para cada cucharadita de azúcar.Usó un total de 210 cucharaditas de azúcar, tazas de agua, cucharadas de crema y cucharadas de leche.¿Cuántas cucharaditas de azúcar usó?",60
"Quinn hace café con cucharaditas de azúcar y tazas de agua en una proporción de 63: 9.También usa 7 cucharadas de leche por cada 7 tazas de agua, y usa 2 cucharadas de crema espesa para cada cucharadita de azúcar.Usó un total de 230 cucharaditas de azúcar, tazas de agua, cucharadas de crema y cucharadas de leche.¿Cuántas cucharaditas de azúcar usó?",70
"Zahra hace té con cucharaditas de azúcar y tazas de agua en una proporción de 60: 5.También usa 6 cucharadas de leche por cada 2 tazas de agua, y usa 2 cucharadas de crema espesa para cada cucharadita de azúcar.Usó un total de 210 cucharaditas de azúcar, tazas de agua, cucharadas de crema y cucharadas de leche.¿Cuántas cucharaditas de azúcar usó?",63
"Una pizza gigante tiene 87 porciones.Aisha puede comer 3 porciones al día, mientras que Amelia puede comer el doble y Ava puede comer cuatro veces más que Amelia.Después de 2 días, Ava decide hacer una dieta y reducir el consumo a la mitad.¿Cuántos días tardará en comer la pizza?",3
"Una lasaña gigante tiene 102 piezas.Leon puede comer 3 piezas al día, mientras que Mahoma puede comer tres veces y Sakura puede comer dos veces más que Mahoma.Después de 2 días, Sakura decide hacer una dieta y reducir el consumo a la mitad.¿Cuántos días tardará en comer la lasaña?",4
"Un pastel gigante tiene 122 piezas.Ananya puede comer 2 piezas al día, mientras que Kimia puede comer tres veces y Fatima puede comer cinco veces más que Kimia.Después de 2 días, Fátima decide hacer una dieta y reducir el consumo a la mitad.¿Cuántos días tardará en comer el pastel?",4
"Un pastel gigante tiene 126 porciones.Kimia puede comer 3 porciones al día, mientras que Fátima puede comer tres veces más y Daphne puede comer cuatro veces más que Fátima.Después de 2 días, Daphne decide hacer una dieta y reducir el consumo a la mitad.¿Cuántos días tardará en comer el pastel por completo?",3
"Un pastel gigante tiene 99 piezas.Luis puede comer 2 piezas al día, mientras que Amelia puede comer tres veces más y Aisha puede comer cinco veces más que Amelia.Después de 2 días, Aisha decide hacer una dieta y reducir el consumo a la mitad.¿Cuántos días tardará en comer el pastel?",3
"Una pizza gigante tiene 110 porciones.Tara puede comer 2 porciones al día, mientras que Bodhi puede comer tres veces más y Olivia puede comer el doble que Bodhi.Después de 2 días, Olivia decide hacer una dieta y reducir el consumo a la mitad.¿Cuántos días tardará en comer la pizza?",7
"Un pastel gigante tiene 126 porciones.Esteban puede comer 3 porciones al día, mientras que Theo puede comer tres veces y Gabriel puede comer cuatro veces más que Theo.Después de 2 días, Gabriel decide hacer una dieta y reducir el consumo a la mitad.¿Cuántos días tardará en comer el pastel?",3
"Una pizza gigante tiene 105 porciones.Haruka puede comer 3 porciones al día, mientras que Daphne puede comer cuatro veces más y ARASH puede comer el doble que Daphne.Después de 2 días, Arash decide hacer una dieta y reducir el consumo a la mitad.¿Cuántos días tardará en comer la pizza?",3
"Un pastel gigante tiene 87 porciones.Oliver puede comer 3 porciones al día, mientras que Pavel puede comer el doble y Mei puede comer dos veces más que Pavel.Después de 2 días, MEI decide hacer una dieta y reducir el consumo a la mitad.¿Cuántos días tardará en comer el pastel por completo?",5
"Un pastel gigante tiene 120 porciones.Jasmine puede comer 5 porciones al día, mientras que Roya puede comer el doble y Sophia puede comer el doble que Roya.Después de 2 días, Sophia decide hacer una dieta y reducir el consumo a la mitad.¿Cuántos días tardará en comer el pastel por completo?",4
"Sanjay recibe 32 correos electrónicos al día.El 25% de esos correos electrónicos no requieren ninguna respuesta.Desde el resto, Sanjay solo puede responder a 2 menos que el 1/2 de ellos.¿A cuántos correos electrónicos responde Sanjay en una semana laboral de 4 días?Sanjay trabaja en tiempo extra en el último día para que pueda responder al 20% más de correos electrónicos de lo habitual.",42
"Leon recibe 30 correos electrónicos al día.El 20% de esos correos electrónicos no requieren ninguna respuesta.Desde el resto, Leon solo puede responder a 2 menos de la mitad de ellos.¿A cuántos correos electrónicos responde Leon en una semana laboral de 6 días?Leon trabaja en tiempo extra en el último día para que pueda responder a un 50% más de correos electrónicos de lo habitual.",65
"Oliver recibe 32 correos electrónicos al día.El 25% de esos correos electrónicos no requieren ninguna respuesta.Desde el resto, Oliver solo puede responder a 2 menos que el 1/2 de ellos.¿A cuántos correos electrónicos responde Oliver en una semana laboral de 4 días?Oliver trabaja en tiempo extra en el último día para que pueda responder al 10% más de correos electrónicos de lo habitual.",41
"Luis recibe 30 correos electrónicos al día.El 20% de esos correos electrónicos no requieren ninguna respuesta.Desde el resto, Luis solo puede responder a 4 menos que el 1/2 de ellos.¿A cuántos correos electrónicos responde Luis en una semana laboral de 5 días?Luis trabaja en tiempo extra en el último día para que pueda responder a un 25% más de correos electrónicos de lo habitual.",42
"Hiroshi recibe 32 correos electrónicos al día.El 25% de esos correos electrónicos no requieren ninguna respuesta.Desde el resto, Hiroshi solo puede responder a 2 menos que el 1/2 de ellos.¿A cuántos correos electrónicos responde Hiroshi en una semana laboral de 5 días?Hiroshi trabaja en tiempo extra en el último día para que pueda responder a un 30% más de correos electrónicos de lo habitual.",53
"Carlos recibe 32 correos electrónicos al día.El 25% de esos correos electrónicos no requieren ninguna respuesta.Desde el resto, Carlos solo puede responder a 4 menos de la mitad de ellos.¿A cuántos correos electrónicos responde Carlos en una semana laboral de 4 días?Carlos trabaja en tiempo extra en el último día para que pueda responder al 75% más de correos electrónicos de lo habitual.",38
"Ravi recibe 25 correos electrónicos al día.El 12% de esos correos electrónicos no requieren ninguna respuesta.Desde el resto, Ravi solo puede responder a 3 menos de la mitad de ellos.¿A cuántos correos electrónicos responde Ravi en una semana laboral de 4 días?Ravi trabaja en tiempo extra en el último día para que pueda responder al 75% más de correos electrónicos de lo habitual.",38
"Yuki recibe 32 correos electrónicos al día.El 25% de esos correos electrónicos no requieren ninguna respuesta.Desde el resto, Yuki solo puede responder a 2 menos que el 1/2 de ellos.¿A cuántos correos electrónicos responde Yuki en una semana laboral de 6 días?Yuki trabaja en tiempo extra en el último día para que pueda responder al 10% más de correos electrónicos de lo habitual.",61
"Mohammed recibe 25 correos electrónicos al día.El 12% de esos correos electrónicos no requieren ninguna respuesta.Desde el resto, Mohammed solo puede responder a 3 menos de la mitad de ellos.¿A cuántos correos electrónicos responde Mohammed en una semana laboral de 5 días?Mohammed trabaja en tiempo extra en el último día para que pueda responder a un 25% más de correos electrónicos de lo habitual.",42
"Ibrahim recibe 32 correos electrónicos al día.El 25% de esos correos electrónicos no requieren ninguna respuesta.Desde el resto, Ibrahim solo puede responder a 2 menos de la mitad de ellos.¿A cuántos correos electrónicos responde Ibrahim en una semana laboral de 4 días?Ibrahim trabaja en tiempo extra en el último día para que pueda responder al 60% más de correos electrónicos de lo habitual.",46
"Gabriel está rodando un dado D4.¿Cuánto más probable es (expresado como una diferencia en los puntos porcentuales) que lanza un número más de 1 dos veces seguido, que que roda cuatro números impares seguidos?",50
"Tariq está rodando un dado de cuatro lados.¿Cuánto más probable es (expresado como una diferencia en los puntos porcentuales) que lanza un número más de 2 dos veces seguido, que que roda cuatro números incluso seguidos?",18
"Mohammed está rodando un dado de 20 lados.¿Cuánto más probable es (expresado como una diferencia en los puntos porcentuales) que lanza un número más de 10 dos veces seguido, que que roda cuatro números incluso seguidos?",18
"Viktor está rodando un dado de 20 lados.¿Cuánto más probable es (expresado como una diferencia en los puntos porcentuales) que lanza un número más de 2 dos veces seguido, que que roda cuatro números incluso seguidos?",74
"Deshawn está rodando un dado D10.¿Cuánto más probable es (expresado como una diferencia en los puntos porcentuales) que lanza un número más de 5 dos veces seguido, que en los dos números seguidos?",18
"Mateo está rodando un dado D6.¿Cuánto más probable es (expresado como una diferencia en los puntos porcentuales) que lanza un número más de 3 dos veces seguido, que que roda cuatro números impares seguidos?",18
"Yusuf está rodando un dado de 10 lados.¿Cuánto más probable es (expresado como una diferencia en los puntos porcentuales) que lanza un número más de 5 dos veces seguido, que en los dos números seguidos?",18
"Oliver está rodando un dado D8.¿Cuánto más probable es (expresado como una diferencia en los puntos porcentuales) que lanza un número más de 2 dos veces seguido, que en las que roda cuatro números impares seguidos?",50
"Arjun está rodando un dado D6.¿Cuánto más probable es (expresado como una diferencia en los puntos porcentuales) que lanza un número más de 3 dos veces seguido, que que roda cuatro números impares seguidos?",18
"Liam está rodando un dado D20.¿Cuánto más probable es (expresado como una diferencia en los puntos porcentuales) que lanza un número más de 1 dos veces seguido, que que roda cuatro números incluso seguidos?",84
"Inicialmente, Viktor tomó 9 docenas de panqueques, luego comió 3 panqueques para el desayuno, y luego escondió el resto en el patio para la búsqueda de huevos de Pascua.Liam encuentra 5 panqueques.Yusuf encuentra dos veces más que Liam.Pavel encuentra 4 menos que Yusuf.Daphne encuentra la mitad de Pavel, y James encuentra cuatro docenas de panqueques más que Yusuf y Liam combinados.¿Cuántos panqueques todavía están ocultos en el patio?",18
"Inicialmente, Ali tomó 11 docenas de galletas, luego comió 3 galletas para el desayuno, y luego escondió el resto en el patio para la búsqueda de huevos de Pascua.Faisal encuentra 5 galletas.Hiroshi encuentra tres veces más que Faisal.Benjamin encuentra 3 menos que Hiroshi.Wei encuentra un cuarto de tantos como Benjamin, y Quinn encuentra tres docenas de galletas más que Hiroshi y Faisal combinadas.¿Cuántas galletas todavía están ocultas en el patio?",38
"Inicialmente, Beatriz tomó 10 docenas de panqueques, luego comió 3 panqueques para el desayuno, y luego escondió el resto en el patio para la búsqueda de huevos de Pascua.Kimia encuentra 6 panqueques.Sophia encuentra tres veces más que Kimia.Mateo encuentra 2 menos que Sophia.Umar encuentra la mitad de Mateo, y Mei encuentra dos docenas de panqueques más que Sophia y Kimia combinados.¿Cuántos panqueques todavía están ocultos en el patio?",21
"Inicialmente, Zahra tomó 9 docenas de gofres, luego comió 5 gofres para el desayuno, y luego escondió el resto en el patio para la búsqueda de huevos de Pascua.Viktor encuentra 5 waffles.Andre encuentra tres veces más que Viktor.Rania encuentra 3 menos que Andre.Uma encuentra 1/4 tantos como Rania, y Arash encuentra tres docenas de gofres más que Andre y Viktor combinados.¿Cuántos gofres todavía están ocultos en el patio?",12
"Inicialmente, Kai tomó 7 docenas de panqueques, luego comió 2 panqueques para el desayuno, y luego escondió el resto en el patio para la búsqueda de huevos de Pascua.Nia encuentra 6 panqueques.Isabella encuentra dos veces más que NIA.Roya encuentra 4 menos que Isabella.Diego encuentra un cuarto de más que Roya, y Yara encuentra dos docenas de panqueques más que Isabella y NIA combinados.¿Cuántos panqueques todavía están ocultos en el patio?",12
"Inicialmente, Olga tomó 8 docenas de panqueques, luego comió 5 panqueques para el desayuno, y luego escondió el resto en el patio para la búsqueda de huevos de Pascua.Gabrielle encuentra 3 panqueques.Jasmine encuentra cuatro veces más que Gabrielle.Tariq encuentra 2 menos que el jazmín.Ravi encuentra 1/5 tantos como Tariq, y Alejandro encuentra dos docenas de panqueques más que Jasmine y Gabrielle combinados.¿Cuántos panqueques todavía están ocultos en el patio?",25
"Inicialmente, Isabella tomó 11 docenas de panqueques, luego comió 5 panqueques para el desayuno, y luego escondió el resto en el patio para la búsqueda de huevos de Pascua.Elena encuentra 5 panqueques.Qasim encuentra dos veces más que Elena.Sanjay encuentra 1 menos que Qasim.Winnie encuentra 1/9 tantos como Sanjay, y Faisal encuentra cuatro docenas de panqueques más que Qasim y Elena combinados.¿Cuántos panqueques todavía están ocultos en el patio?",39
"Inicialmente, Valeria tomó 11 docenas de panqueques, luego comió 2 panqueques para el desayuno, y luego escondió el resto en el patio para la búsqueda de huevos de Pascua.James encuentra 5 panqueques.Jamal encuentra tres veces más que James.Daphne encuentra 3 menos que Jamal.Nadia encuentra 1/2 tantos como Daphne, y Leon encuentra tres docenas de panqueques más que Jamal y James combinados.¿Cuántos panqueques todavía están ocultos en el patio?",36
"Inicialmente, Beatriz tomó 8 docenas de huevos, luego comió 3 huevos para el desayuno y luego escondió el resto en el patio para la búsqueda de huevos de Pascua.Mateo encuentra 3 huevos.Luis encuentra seis veces más que Mateo.Tariq encuentra 2 menos que Luis.Qasim encuentra la mitad de Tariq, y Noah encuentra dos docenas de huevos más que Luis y Mateo combinados.¿Cuántos huevos todavía están ocultos en el patio?",3
"Inicialmente, Diego tomó 8 docenas de gofres, luego comió 2 gofres para el desayuno, y luego escondió el resto en el patio para la búsqueda de huevos de Pascua.Roya encuentra 7 waffles.Yusuf encuentra el doble que Roya.Priya encuentra 2 menos que Yusuf.Keisha encuentra 1/3 tantos como Priya, y Ava encuentra dos docenas de gofres más que Yusuf y Roya combinados.¿Cuántos gofres todavía están ocultos en el patio?",12
"Qasim recoge basura de 5 complejos de apartamentos diferentes.Los primeros 4 tienen 100 apartamentos cada uno y el último es un 30% más grande que los otros 4 combinados.Sin embargo, esta semana, 5 apartamentos de cada uno de los primeros 4 complejos estaban vacantes y no requirieron servicio de recolección.Qasim recolecta basura 2 veces a la semana de cada lugar y se le paga ₣ 0.3 por colección por cada apartamento.También gana un 10% adicional en consejos.¿Cuánto dinero gana en una semana?",594
"Hiroshi recoge basura de 6 complejos de apartamentos diferentes.Los primeros 5 tienen 100 apartamentos cada uno y el último es un 40% más grande que los otros 5 combinados.Sin embargo, esta semana, 8 apartamentos de cada uno de los primeros 5 complejos estaban vacantes y no requirieron servicio de recolección.Hiroshi recolecta basura 2 veces a la semana de cada lugar y se le paga ₣ 0.25 por colección por cada apartamento.También gana un 10% adicional en consejos.¿Cuánto dinero gana en una semana?",638
"Tariq recolecta basura de 4 complejos de apartamentos diferentes.Los primeros 3 tienen 100 apartamentos cada uno y el último es un 30% más grande que los otros 3 combinados.Sin embargo, esta semana, 10 apartamentos de cada uno de los primeros 3 complejos estaban vacantes y no requirieron servicio de recolección.Tariq recolecta basura 3 veces a la semana de cada lugar y se le paga ₺0.5 por recolección por cada apartamento.También gana un 10% adicional en consejos.¿Cuánto dinero gana en una semana?",1089
"Pavel recoge basura de 6 complejos de apartamentos diferentes.Los primeros 5 tienen 100 apartamentos cada uno y el último es un 70% más grande que los otros 5 combinados.Sin embargo, esta semana, 10 apartamentos de cada uno de los primeros 5 complejos estaban vacantes y no requirieron servicio de recolección.Pavel recoge basura 2 veces a la semana de cada lugar y se le paga ₺0.45 por colección para cada apartamento.También gana un 10% adicional en consejos.¿Cuánto dinero gana en una semana?",1287
"Oliver recoge basura de 5 complejos de apartamentos diferentes.Los primeros 4 tienen 100 apartamentos cada uno y el último es un 50% más grande que los otros 4 combinados.Sin embargo, esta semana, 6 apartamentos de cada uno de los primeros 4 complejos estaban vacantes y no requirieron servicio de recolección.Oliver recolecta basura 5 veces a la semana de cada lugar y se le paga ₣ 0.25 por colección por cada apartamento.También gana un 10% adicional en consejos.¿Cuánto dinero gana en una semana?",1342
"Noah recoge basura de 5 complejos de apartamentos diferentes.Los primeros 4 tienen 100 apartamentos cada uno y el último es un 75% más grande que los otros 4 combinados.Sin embargo, esta semana, 5 apartamentos de cada uno de los primeros 4 complejos estaban vacantes y no requirieron servicio de recolección.Noah recolecta basura 2 veces a la semana de cada lugar y se le paga ₣ 0.25 por colección por cada apartamento.También gana un 10% adicional en consejos.¿Cuánto dinero gana en una semana?",594
"Esteban recoge basura de 3 complejos de apartamentos diferentes.Los primeros 2 tienen 150 apartamentos cada uno y el último es un 70% más grande que los otros 2 combinados.Sin embargo, esta semana, 5 apartamentos de cada uno de los primeros 2 complejos estaban vacantes y no requirieron servicio de recolección.Esteban recolecta basura 3 veces a la semana de cada lugar y le pagan € 0.45 por colección por cada apartamento.También gana un 10% adicional en consejos.¿Cuánto dinero gana en una semana?",1188
"Yusuf recolecta basura de 7 complejos de apartamentos diferentes.Los primeros 6 tienen 100 apartamentos cada uno y el último es un 35% más grande que los otros 6 combinados.Sin embargo, esta semana, 10 apartamentos de cada uno de los primeros 6 complejos estaban vacantes y no requirieron servicio de recolección.Yusuf recolecta basura 2 veces a la semana de cada lugar y le pagan ¥ 0.4 por colección por cada apartamento.También gana un 10% adicional en consejos.¿Cuánto dinero gana en una semana?",1188
"Wei recoge basura de 3 complejos de apartamentos diferentes.Los primeros 2 tienen 100 apartamentos cada uno y el último es un 70% más grande que los otros 2 combinados.Sin embargo, esta semana, 5 apartamentos de cada uno de los primeros 2 complejos estaban vacantes y no requirieron servicio de recolección.Wei recolecta basura 4 veces a la semana de cada lugar y se le paga ₺0.25 por colección para cada apartamento.También gana un 10% adicional en consejos.¿Cuánto dinero gana en una semana?",583
"Carlos recoge basura de 3 complejos de apartamentos diferentes.Los primeros 2 tienen 200 apartamentos cada uno y el último es un 40% más grande que los otros 2 combinados.Sin embargo, esta semana, 10 apartamentos de cada uno de los primeros 2 complejos estaban vacantes y no requirieron servicio de recolección.Carlos recoge basura 4 veces a la semana de cada lugar y se le paga ₣ 0.25 por colección por cada apartamento.También gana un 10% adicional en consejos.¿Cuánto dinero gana en una semana?",1034
"Sakura es un ávido jardinero.Hace dos días, recibió 49 nuevas plantas en macetas de su vivero de plantas favorita.Ella ya tiene 7 plantas en macetas en cada una de las 60 avientes de ventanas de su gran hogar en el campo.También compró 100 plantas nuevas ayer con un descuento del 50%.Sintiéndose generoso, ha decidido que dará 3 plantas en macetas de cada repisa a amigos y familiares mañana.¿Con cuántas plantas en macetas permanecerá Sakura?",389
"Daphne es un ávido jardinero.Hace dos días, recibió 23 nuevas plantas en macetas de su vivero de plantas favorita.Ella ya tiene 8 plantas en macetas en cada una de las 56 avances de ventanas de su gran hogar en el campo.También compró 200 nuevas plantas ayer con un descuento del 50%.Sintiéndose generoso, ha decidido que dará 6 plantas en macetas de cada repisa a amigos y familiares mañana.¿Con cuántas plantas en macetas permanecerá Daphne?",335
"Amelia es una ávida jardinera.La semana pasada, recibió 25 nuevas plantas en macetas de su guardería de planta favorita.Ella ya tiene 12 plantas en macetas en cada una de las 54 avances de ventanas de su gran hogar en el campo.También compró 110 plantas nuevas ayer con un descuento del 50%.Sintiéndose generoso, ha decidido que dará 4 plantas en macetas de cada repisa a amigos y familiares mañana.¿Con cuántas plantas en macetas permanecerá Amelia?",567
"Elena es una ávida jardinera.Hace dos días, recibió 38 nuevas plantas en macetas de su vivero de plantas favorita.Ella ya tiene 12 plantas en macetas en cada una de las 55 avances de ventanas de su gran hogar en el campo.También compró 70 plantas nuevas ayer con un descuento del 50%.Sintiéndose generoso, ha decidido que dará 3 plantas en macetas de cada repisa a amigos y familiares mañana.¿Con cuántas plantas en macetas permanecerá Elena?",603
"Yara es un ávido jardinero.Hace dos días, recibió 49 nuevas plantas en macetas de su vivero de plantas favorita.Ella ya tiene 12 plantas en macetas en cada una de las 54 avances de ventanas de su gran hogar en el campo.También compró 130 plantas nuevas ayer con un descuento del 50%.Sintiéndose generoso, ha decidido que dará 4 plantas en macetas de cada repisa a amigos y familiares mañana.¿Con cuántas plantas en macetas permanecerá Yara?",611
"Mei es un ávido jardinero.Hace dos días, recibió 38 nuevas plantas en macetas de su vivero de plantas favorita.Ella ya tiene 9 plantas en macetas en cada una de las 60 aveladas de ventanas de su gran hogar en el campo.También compró 170 nuevas plantas nuevas ayer con un descuento del 50%.Sintiéndose generoso, ha decidido que dará 6 plantas en macetas de cada repisa a amigos y familiares mañana.¿Con cuántas plantas en macetas permanecerá Mei?",388
"Valentina es un ávido jardinero.Anoche, recibió 48 nuevas plantas en macetas de su vivero de plantas favorita.Ella ya tiene 11 plantas en macetas en cada una de las 63 repisas de su gran hogar en el campo.También compró 100 plantas nuevas ayer con un descuento del 50%.Sintiéndose generoso, ha decidido que dará 6 plantas en macetas de cada repisa a amigos y familiares mañana.¿Con cuántas plantas en macetas permanecerá Valentina?",463
"Quinn es un ávido jardinero.Anoche, recibió 23 nuevas plantas en macetas de su vivero de plantas favorita.Ella ya tiene 8 plantas en macetas en cada una de las 57 ventanas de su gran hogar en el campo.También compró 20 plantas nuevas ayer con un descuento del 50%.Sintiéndose generoso, ha decidido que dará 4 plantas en macetas de cada repisa a amigos y familiares mañana.¿Con cuántas plantas en macetas permanecerán quinn?",271
"Amelia es una ávida jardinera.Anoche, recibió 42 nuevas plantas en macetas de su guardería de planta favorita.Ella ya tiene 7 plantas en macetas en cada una de las 56 avances de ventanas de su gran hogar en el campo.También compró 180 nuevas plantas ayer con un descuento del 50%.Sintiéndose generoso, ha decidido que dará 4 plantas en macetas de cada repisa a amigos y familiares mañana.¿Con cuántas plantas en macetas permanecerá Amelia?",390
"Sophia es una ávida jardinera.La semana pasada, recibió 26 nuevas plantas en macetas de su guardería de planta favorita.Ella ya tiene 11 plantas en macetas en cada una de las 55 ventanas de su gran hogar en el campo.También compró 130 plantas nuevas ayer con un descuento del 50%.Sintiéndose generoso, ha decidido que dará 3 plantas en macetas de cada repisa a amigos y familiares mañana.¿Con cuántas plantas en macetas permanecerá Sophia?",596
"Hay 24 chicas en el parque.Si hay un tercio del número de niños en el parque, ¿qué porcentaje de los niños en el parque son las niñas?",75
"Hay 39 chicas en el patio.Si hay dos sextos el número de niños en el patio, ¿qué porcentaje de los niños en el patio son las niñas?",75
"Hay 22 chicas en el jardín.Si hay tres veces el número de niños en el jardín, ¿qué porcentaje de los niños en el jardín son las niñas?",25
"Hay 20 chicas en el jardín.Si hay 1/4 del número de niños en el jardín, ¿qué porcentaje de los niños en el jardín son las niñas?",80
"Hay 24 chicas en el campo.Si hay cuatro veces el número de niños en el campo, ¿qué porcentaje de los niños en el campo son las niñas?",20
"Hay 16 chicas en el jardín.Si hay nueve veces el número de niños en el jardín, ¿qué porcentaje de los niños en el jardín son las niñas?",10
"Hay 21 chicas en el patio de recreo.Si hay cuatro veces el número de niños en el patio de recreo, ¿qué porcentaje de los niños en el patio de recreo son las niñas?",20
"Hay 18 chicas en el campo.Si hay cuatro veces el número de niños en el campo, ¿qué porcentaje de los niños en el campo son las niñas?",20
"Hay 31 chicas en el parque.Si hay cuatro veces el número de niños en el parque, ¿qué porcentaje de los niños en el parque son las niñas?",20
"Hay 19 chicas en el campo.Si hay nueve veces el número de niños en el campo, ¿qué porcentaje de los niños en el campo son las niñas?",10
"La Sra. Smith está buscando una nueva casa que no vaya más allá de su presupuesto de $ 410000.Ella vio una propiedad que tiene un precio de venta de $ 500000.Además de eso, el comprador tiene que pagar una tarifa de corretaje que es el 7% del precio de venta, y también la tarifa de transferencia que es el 12% del precio de venta.Si la Sra. Smith puede obtener un descuento del 20% en el precio de venta, ¿cuánto más será el costo total que el presupuesto de la Sra. Smith?",66000
"La Dra. Patel está buscando un nuevo condominio que no vaya más allá de su presupuesto de $ 390000.Ella vio una propiedad que tiene un precio de venta de $ 560000.Además de eso, el comprador tiene que pagar una tarifa de corretaje que es el 7% del precio de venta, y también la tarifa de transferencia que es el 14% del precio de venta.Si el Dr. Patel puede obtener un descuento del 25% en el precio de venta, ¿cuánto más será el costo total que el presupuesto del Dr. Patel?",118200
"La Sra. Johnson está buscando un nuevo apartamento que no vaya más allá de su presupuesto de $ 430000.Ella vio una propiedad que tiene un precio de venta de $ 400000.Además de eso, el comprador tiene que pagar una tarifa de corretaje que es el 7% del precio de venta, y también la tarifa de transferencia que es el 14% del precio de venta.Si la Sra. Johnson puede obtener un descuento del 5% en el precio de venta, ¿cuánto más será el costo total que el presupuesto de la Sra. Johnson?",29800
"La Sra. Smith está buscando una nueva casa que no vaya más allá de su presupuesto de $ 410000.Ella vio una propiedad que tiene un precio de venta de $ 480000.Además de eso, el comprador tiene que pagar una tarifa de corretaje que es el 3% del precio de venta, y también la tarifa de transferencia que es el 12% del precio de venta.Si la Sra. Smith puede obtener un descuento del 5% en el precio de venta, ¿cuánto más será el costo total que el presupuesto de la Sra. Smith?",114400
"La Sra. Lee está buscando una nueva casa que no vaya más allá de su presupuesto de $ 330000.Ella vio una propiedad que tiene un precio de venta de $ 440000.Además de eso, el comprador tiene que pagar una tarifa de corretaje que es el 5% del precio de venta, y también la tarifa de transferencia que es el 12% del precio de venta.Si la Sra. Lee puede obtener un descuento del 25% en el precio de venta, ¿cuánto más será el costo total que el presupuesto de la Sra. Lee?",56100
"La Sra. Smith está buscando una nueva casa que no vaya más allá de su presupuesto de $ 310000.Ella vio una propiedad que tiene un precio de venta de $ 400000.Además de eso, el comprador tiene que pagar una tarifa de corretaje que es el 5% del precio de venta, y también la tarifa de transferencia que es el 12% del precio de venta.Si la Sra. Smith puede obtener un 10% de descuento en el precio de venta, ¿cuánto más será el costo total que el presupuesto de la Sra. Smith?",111200
"La Sra. Johnson está buscando un nuevo apartamento que no vaya más allá de su presupuesto de $ 490000.Ella vio una propiedad que tiene un precio de venta de $ 640000.Además de eso, el comprador tiene que pagar una tarifa de corretaje que es el 3% del precio de venta, y también la tarifa de transferencia que es el 14% del precio de venta.Si la Sra. Johnson puede obtener un 25% de descuento en el precio de venta, ¿cuánto más será el costo total que el presupuesto de la Sra. Johnson?",71600
"La Sra. Johnson está buscando un nuevo apartamento que no vaya más allá de su presupuesto de $ 400000.Ella vio una propiedad que tiene un precio de venta de $ 480000.Además de eso, el comprador tiene que pagar una tarifa de corretaje que es el 7% del precio de venta, y también la tarifa de transferencia que es el 12% del precio de venta.Si la Sra. Johnson puede obtener un 25% de descuento en el precio de venta, ¿cuánto más será el costo total que el presupuesto de la Sra. Johnson?",28400
"La Sra. Lee está buscando una nueva casa que no vaya más allá de su presupuesto de $ 440000.Ella vio una propiedad que tiene un precio de venta de $ 400000.Además de eso, el comprador tiene que pagar una tarifa de corretaje que es el 7% del precio de venta, y también la tarifa de transferencia que es el 12% del precio de venta.Si la Sra. Lee puede obtener un descuento del 5% en el precio de venta, ¿cuánto más será el costo total que el presupuesto de la Sra. Lee?",12200
"La Sra. Johnson está buscando un nuevo apartamento que no vaya más allá de su presupuesto de $ 470000.Ella vio una propiedad que tiene un precio de venta de $ 650000.Además de eso, el comprador tiene que pagar una tarifa de corretaje que es el 4% del precio de venta, y también la tarifa de transferencia que es el 13% del precio de venta.Si la Sra. Johnson puede obtener un 20% de descuento en el precio de venta, ¿cuánto más será el costo total que el presupuesto de la Sra. Johnson?",138400
"Nadia fue a la panadería y compró varios tipos de pasteles.Compró 60 donas a $ 14 por docena, 60 mini cupcakes a $ 25 por docena y 24 mini pasteles de queso.Después de un descuento del 20%, pagó un total de $ 1540.¿Cuál fue el costo de los mini pasteles de queso por docena?",865
"Nia fue a la pastelería y compró varios tipos de productos horneados.Compró 60 croissants a $ 19 por docena, 72 macarons a $ 20 por docena y 36 brownies.Después de un descuento del 5%, pagó un total de $ 1330.¿Cuál fue el costo de los brownies por docena?",395
"Ava fue a la confitería y compró varios tipos de postres.Compró 36 eclairs a $ 13 por docena, 60 galletas a $ 26 por docena y 24 magdalenas.Después de un descuento del 20%, pagó un total de $ 980.¿Cuál fue el costo de los magdalenas por docena?",528
"Roya fue a la pastelería y compró varios tipos de productos horneados.Compró 48 croissants a $ 19 por docena, 48 macarons a $ 31 por docena y 24 brownies.Después de un descuento del 25%, pagó un total de $ 1530.¿Cuál fue el costo de los brownies por docena?",920
"Aisha fue a la pastelería y compró varios tipos de productos horneados.Compró 24 cruasanes a $ 12 por docena, 48 macarons a $ 20 por docena y 24 brownies.Después de un descuento del 20%, pagó un total de $ 1520.¿Cuál fue el costo de los brownies por docena?",898
"Sophia fue a la panadería y compró varios tipos de pasteles.Compró 48 donas a $ 19 por docena, 48 mini cupcakes a $ 24 por docena y 48 mini pasteles de queso.Después de un descuento del 25%, pagó un total de $ 1440.¿Cuál fue el costo de los mini pasteles de queso por docena?",437
"Uma fue al café y compró varios tipos de golosinas.Ella compró 48 daneses a $ 16 por docena, 48 tartas a $ 25 por docena y 48 bollos.Después de un descuento del 25%, pagó un total de $ 1050.¿Cuál fue el costo de los bollos por docena?",309
"Mia fue al café y compró varios tipos de golosinas.Ella compró 48 daneses a $ 20 por docena, 60 tartas a $ 24 por docena y 24 bollos.Después de un descuento del 25%, pagó un total de $ 1140.¿Cuál fue el costo de los bollos por docena?",660
"Daphne fue a la panadería y compró varios tipos de pasteles.Compró 48 donas a $ 18 por docena, 72 mini cupcakes a $ 29 por docena y 72 mini pasteles de queso.Después de un descuento del 20%, pagó un total de $ 1200.¿Cuál fue el costo de los mini pasteles de queso por docena?",209
"Emma fue a la pastelería y compró varios tipos de productos horneados.Compró 60 croissants a $ 16 por docena, 48 macarons a $ 30 por docena y 60 brownies.Después de un descuento del 20%, pagó un total de $ 1400.¿Cuál fue el costo de los brownies por docena?",310
"Sunnyside High se está graduando en su arena deportiva este año, que tiene espacio para 7500 personas.Después de contabilizar los 600 asientos para el graduado, 250 asientos para la facultad que asisten y reservando 50 asientos para el personal del evento, ¿cuántos boletos recibiría cada graduado para dar a sus amigos y familiares si los boletos se dividen por igual?",11
"Greenville High School se está graduando en su centro de convenciones este año, que tiene espacio para 7700 personas.Después de contabilizar los 550 asientos para el graduado, 450 asientos para la facultad que asisten y reservando 100 asientos para el personal del evento, ¿cuántos boletos recibiría cada graduado para dar a sus amigos y familiares si los boletos se dividen por igual?",12
"Riverside Academy se está graduando en su gimnasio este año, que tiene espacio para 7800 personas.Después de contabilizar los 1050 asientos para el graduado, 350 asientos para la facultad que asisten y reservando 100 asientos para el personal del evento, ¿cuántos boletos recibiría cada graduado para dar a sus amigos y familiares si los boletos se dividen por igual?",6
"Greenville High School se está graduando en su centro de convenciones este año, que tiene espacio para 3900 personas.Después de contabilizar los 1150 asientos para el graduado, 400 asientos para la facultad que asisten y reservando 50 asientos para el personal del evento, ¿cuántos boletos recibiría cada graduado para dar a sus amigos y familiares si los boletos se dividen por igual?",2
"Riverside Academy se está graduando en su gimnasio este año, que tiene espacio para 8900 personas.Después de contabilizar los 1050 asientos para el graduado, 400 asientos para la facultad que asisten y reservando 100 asientos para el personal del evento, ¿cuántos boletos recibiría cada graduado para dar a sus amigos y familiares si los boletos se dividen por igual?",7
"Riverside Academy se está graduando en su gimnasio este año, que tiene espacio para 7300 personas.Después de contabilizar los 700 asientos para el graduado, 200 asientos para la facultad que asisten y reservando 100 asientos para el personal del evento, ¿cuántos boletos recibiría cada graduado para dar a sus amigos y familiares si los boletos se dividen por igual?",9
"Sunnyside High se está graduando en su arena deportiva este año, que tiene espacio para 6700 personas.Después de contabilizar los 1250 asientos para el graduado, 350 asientos para la facultad que asisten y reservando 100 asientos para el personal del evento, ¿cuántos boletos recibiría cada graduado para dar a sus amigos y familiares si los boletos se dividen por igual?",4
"Sunnyside High se está graduando en su arena deportiva este año, que tiene espacio para 4100 personas.Después de contabilizar los 750 asientos para el graduado, 250 asientos para la facultad que asisten y reservando 100 asientos para el personal del evento, ¿cuántos boletos recibiría cada graduado para dar a sus amigos y familiares si los boletos se dividen por igual?",4
"Greenville High School se está graduando en su centro de convenciones este año, que tiene espacio para 7200 personas.Después de contabilizar los 750 asientos para el graduado, 400 asientos para la facultad que asisten y reservando 50 asientos para el personal del evento, ¿cuántos boletos recibiría cada graduado para dar a sus amigos y familiares si los boletos se dividen por igual?",8
"Oakwood High School se está graduando en su auditorio este año, que tiene espacio para 3500 personas.Después de contabilizar los 750 asientos para el graduado, 400 asientos para la facultad que asisten y reservando 100 asientos para el personal del evento, ¿cuántos boletos recibiría cada graduado para dar a sus amigos y familiares si los boletos se dividen por igual?",3
Bodhi va a la tienda a comprar un poco de arroz.La marca normal de arroz que compra cuesta $ 15 por libra.Tiene que comprar una marca más cara que cuesta un 20% más desde que su marca favorita estaba agotada.Decide comprar una semana de arroz y usa 2 libras de arroz por día.La tienda tiene un descuento del 20% en el arroz que se aplica solo hasta 10 libras;Cualquier arroz adicional se vende al precio regular.Bodhi también decide comprarse una galleta por $ 1.¿Cuánto tiene que pagar Bodhi?,217
Oliver va a la tienda a comprar algo de harina.La marca normal de harina que compra cuesta ₣ 16 por kilogramo.Tiene que comprar una marca más cara que cuesta un 25% más desde que su marca favorita se agotó.Decide comprar una semana de harina y usa 2 kilogramos de harina por día.La tienda tiene un descuento del 5% en la harina que se aplica solo hasta 10 kilogramos;Cualquier harina adicional se vende al precio regular.Oliver también decide comprarse un muffin para ₣ 4.¿Cuánto tiene que pagar Oliver?,274
Arjun va a la tienda a comprar un té.La marca normal de té que compra cuesta ¥ 10 por kilogramo.Tiene que comprar una marca más cara que cuesta un 40% más desde que su marca favorita estaba agotada.Decide comprar té de una semana y usa 2 kilogramos de té por día.La tienda tiene un 10% de descuento en el té que se aplica solo hasta 10 kilogramos;Cualquier té adicional se vende al precio regular.Arjun también decide comprarse un muffin por ¥ 4.¿Cuánto tiene que pagar Arjun?,186
Benjamin va a la tienda a comprar un poco de azúcar.La marca normal de azúcar que compra cuesta ₺10 por kg.Tiene que comprar una marca más cara que cuesta un 20% más desde que su marca favorita estaba agotada.Decide comprar una semana de azúcar y usa 3 kg de azúcar por día.La tienda tiene un descuento del 30% en azúcar que se aplica solo hasta 10 kgs;Cualquier azúcar adicional se vende al precio regular.Benjamin también decide comprarse un bagel para ₺1.¿Cuánto tiene que pagar Benjamin?,217
Mohammed va a la tienda a comprar un poco de azúcar.La marca normal de azúcar que compra cuesta $ 15 por kg.Tiene que comprar una marca más cara que cuesta un 40% más desde que su marca favorita estaba agotada.Decide comprar una semana de azúcar y usa 3 kg de azúcar por día.La tienda tiene un 10% de descuento en azúcar que se aplica solo hasta 20 kgs;Cualquier azúcar adicional se vende al precio regular.Mohammed también decide comprarse un bagel por $ 1.¿Cuánto tiene que pagar Mohammed?,400
Theo va a la tienda a comprar un poco de arroz.La marca normal de arroz que compra cuesta ¥ 5 por kg.Tiene que comprar una marca más cara que cuesta un 20% más desde que su marca favorita estaba agotada.Decide comprar una semana de arroz y usa 2 kg de arroz por día.La tienda tiene un descuento del 40% en el arroz que se aplica solo hasta 10 kgs;Cualquier arroz adicional se vende al precio regular.Theo también decide comprarse un bagel por ¥ 4.¿Cuánto tiene que pagar Theo?,64
Faisal va a la tienda para comprar un poco de azúcar.La marca normal de azúcar que compra cuesta $ 10 por libra.Tiene que comprar una marca más cara que cuesta un 20% más desde que su marca favorita estaba agotada.Decide comprar un valor de azúcar y usa 2 libras de azúcar por día.La tienda tiene un 10% de descuento en azúcar que se aplica solo hasta 10 libras;Cualquier azúcar adicional se vende al precio regular.Faisal también decide comprarse una galleta por $ 3.¿Cuánto tiene que pagar Faisal?,159
Mateo va a la tienda a comprar un poco de azúcar.La marca normal de azúcar que compra cuesta ₺5 por kilogramo.Tiene que comprar una marca más cara que cuesta un 40% más desde que su marca favorita estaba agotada.Decide comprar una semana de azúcar y usa 3 kilogramos de azúcar por día.La tienda tiene un descuento del 20% en azúcar que se aplica solo hasta 20 kilogramos;Cualquier azúcar adicional se vende al precio regular.Mateo también decide comprarse un muffin para ₺4.¿Cuánto tiene que pagar Mateo?,123
Carlos va a la tienda a comprar harina.La marca normal de harina que compra cuesta ₣ 10 por kg.Tiene que comprar una marca más cara que cuesta un 40% más desde que su marca favorita estaba agotada.Decide comprar una semana de harina y usa 2 kg de harina por día.La tienda tiene un descuento del 45% en harina que se aplica solo hasta 10 kgs;Cualquier harina adicional se vende al precio regular.Carlos también decide comprarse un bagel para ₣ 2.¿Cuánto tiene que pagar Carlos?,135
Wei va a la tienda a comprar un poco de arroz.La marca normal de arroz que compra cuesta $ 15 por kg.Tiene que comprar una marca más cara que cuesta un 20% más desde que su marca favorita estaba agotada.Decide comprar una semana de arroz y usa 3 kg de arroz por día.La tienda tiene un descuento del 5% en el arroz que se aplica solo hasta 20 kgs;Cualquier arroz adicional se vende al precio regular.Wei también decide comprarse un bagel por $ 4.¿Cuánto tiene que pagar Wei?,364
"Valentina se estaba preparando para una noche de caza en su casa, donde tenía la intención de servir lasaña de vegetales.Se dio cuenta de que estaba fuera de horquillas de plástico, por lo que compró un nuevo paquete de horquillas.Más tarde, su esposo también compró un paquete de 19 horquillas nuevas y se los dio a Valentina.Mientras Valentina estaba haciendo la lasaña de vegetales, usó seis de las horquillas para probar su lasaña de vegetales, luego tiró 8 horquillas defectuosas.Los invitados también trajeron 2 paquetes de tenedores, cada uno con 8 dentro de ellos.Más tarde, cuando fue a poner la mesa, tenía un total de 49 tenedores.¿Cuántos tenedores había en el paquete que Valentina compró?",28
"Uma se estaba preparando para una fiesta en su casa, donde tenía la intención de servir a Scampi de camarones.Se dio cuenta de que estaba sin cucharas de plástico, por lo que compró un nuevo paquete de cucharas.Más tarde, su esposo también compró un paquete de 11 cucharas nuevas y se los dio a Uma.Mientras Uma estaba haciendo el Scampi de camarones, usó siete de las cucharas para probar su Scampi de camarones, luego tiró 5 cucharas defectuosas.Los invitados también trajeron 2 paquetes de cucharas, cada uno con 5 dentro de ellas.Más tarde, cuando fue a poner la mesa, tenía un total de 36 cucharas.¿Cuántas cucharas había en el paquete que UMA compró?",27
"Xena se estaba preparando para una fiesta de cumpleaños en su casa, donde tenía la intención de servir a Creme Brulee.Se dio cuenta de que estaba fuera de horquillas de plástico, por lo que compró un nuevo paquete de horquillas.Más tarde, su esposo también compró un paquete de 16 horquillas nuevas y se los dio a Xena.Mientras Xena estaba haciendo el Creme Brulee, usó siete de las horquillas para probar su crema Brulee, luego tiró 8 horquillas defectuosas.Los invitados también trajeron 2 paquetes de tenedores, cada uno con 8 dentro de ellos.Más tarde, cuando fue a poner la mesa, tenía un total de 39 tenedores.¿Cuántos tenedores había en el paquete que Xena compró?",22
"Chen se estaba preparando para una fiesta de cumpleaños en su casa, donde tenía la intención de servir estofado de carne.Se dio cuenta de que estaba fuera de horquillas de plástico, por lo que compró un nuevo paquete de horquillas.Más tarde, su esposo también compró un paquete de 9 horquillas nuevas y se los dio a Chen.Mientras Chen estaba haciendo el guiso de carne, usó dieciséis de las horquillas para probar su estofado de carne, luego tiró 12 horquillas defectuosas.Los invitados también trajeron 2 paquetes de tenedores, cada uno con 12 dentro de ellos.Más tarde, cuando fue a poner la mesa, tenía un total de 32 tenedores.¿Cuántos tenedores había en el paquete que Chen compró?",27
"Sakura se estaba preparando para una fiesta de cumpleaños en su casa, donde tenía la intención de servir salmón a la parrilla.Se dio cuenta de que estaba fuera de platos de plástico, por lo que compró un nuevo paquete de platos.Más tarde, su esposo también compró un paquete de 7 platos nuevos y se los dio a Sakura.Mientras Sakura estaba haciendo el salmón a la parrilla, usó ocho de las placas para probar su salmón a la parrilla, luego arrojó 15 placas defectuosas.Los invitados también trajeron 2 paquetes de platos, cada uno con 15 dentro de ellos.Más tarde, cuando fue a poner la mesa, tenía un total de 56 placas.¿Cuántas placas había en el paquete que Sakura compró?",42
"Isabella se estaba preparando para un almuerzo en su casa, donde tenía la intención de servir lasaña de vegetales.Se dio cuenta de que estaba fuera de horquillas de plástico, por lo que compró un nuevo paquete de horquillas.Más tarde, su esposo también compró un paquete de 14 horquillas nuevas y se los dio a Isabella.Mientras Isabella estaba haciendo la lasaña de vegetales, usó siete de las horquillas para probar su lasaña de vegetales, luego tiró 7 horquillas defectuosas.Los invitados también trajeron 4 paquetes de tenedores, cada uno con 7 dentro de ellos.Más tarde, cuando fue a poner la mesa, tenía un total de 66 tenedores.¿Cuántos tenedores había en el paquete que compró Isabella?",38
"Olivia se estaba preparando para un almuerzo en su casa, donde tenía la intención de servir pollo asado.Se dio cuenta de que estaba fuera de platos de plástico, por lo que compró un nuevo paquete de platos.Más tarde, su esposo también compró un paquete de 8 platos nuevos y se los dio a Olivia.Mientras Olivia estaba haciendo el pollo asado, usó trece de los platos para probar su pollo asado, luego tiró 14 placas defectuosas.Los invitados también trajeron 3 paquetes de platos, cada uno con 14 dentro de ellos.Más tarde, cuando fue a poner la mesa, tenía un total de 60 placas.¿Cuántas placas había en el paquete que Olivia compró?",37
"Sophia se estaba preparando para una noche de juego en su casa, donde tenía la intención de servir pimientos rellenos.Se dio cuenta de que estaba sin cucharas de plástico, por lo que compró un nuevo paquete de cucharas.Más tarde, su esposo también compró un paquete de 6 cucharas nuevas y se los dio a Sophia.Mientras Sophia estaba haciendo los pimientos rellenos, usó diecisiete de las cucharas para probar sus pimientos rellenos, luego tiró 9 cucharas defectuosas.Los invitados también trajeron 2 paquetes de cucharas, cada uno con 9 dentro de ellas.Más tarde, cuando fue a poner la mesa, tenía un total de 25 cucharas.¿Cuántas cucharas había en el paquete que compró Sophia?",27
"Aisha se estaba preparando para un almuerzo en su casa, donde tenía la intención de servir pimientos rellenos.Se dio cuenta de que estaba fuera de horquillas de plástico, por lo que compró un nuevo paquete de horquillas.Más tarde, su esposo también compró un paquete de 8 horquillas nuevas y se los dio a Aisha.Mientras Aisha estaba haciendo los pimientos rellenos, usó dieciséis de las horquillas para probar sus pimientos rellenos, luego tiró 6 horquillas defectuosas.Los invitados también trajeron 2 paquetes de tenedores, cada uno con 6 dentro de ellos.Más tarde, cuando fue a poner la mesa, tenía un total de 32 tenedores.¿Cuántos tenedores había en el paquete que compró Aisha?",34
"Emma se estaba preparando para una fiesta en su casa, donde tenía la intención de servir a Creme Brulee.Se dio cuenta de que estaba fuera de platos de plástico, por lo que compró un nuevo paquete de platos.Más tarde, su esposo también compró un paquete de 19 platos nuevos y se los dio a Emma.Mientras Emma estaba haciendo la crema Brulee, usó diez de las placas para probar su crema Brulee, luego tiró 10 placas defectuosas.Los invitados también trajeron 4 paquetes de platos, cada uno con 10 dentro de ellos.Más tarde, cuando fue a poner la mesa, tenía un total de 59 placas.¿Cuántas placas había en el paquete que Emma compró?",20
"Diego elige 67 piñas el miércoles.Luego elige 176 piñas el jueves.El viernes, elige Quintuple la cantidad de piñas que hizo el miércoles.El sábado, elige la mitad de lo que eligió en los últimos 3 días combinados.El domingo, Diego venderá piñas en cajas de 17 piñas cada una.Va a vender cada caja por $ 12.¿Cuánto va a hacer Diego?",612
"Deshawn elige 142 peras el sábado.Luego elige 172 peras el domingo.El lunes, elige triplicar la cantidad de peras que hizo el sábado.El martes, elige la mitad de lo que eligió en los últimos 3 días combinados.El miércoles, Deshawn venderá peras en cajas de 15 peras cada una.Va a vender cada caja por $ 14.¿Cuánto va a ganar Deshawn?",1036
"Leon elige 80 manzanas el jueves.Luego elige 50 manzanas el viernes.El sábado, elige triplicar la cantidad de manzanas que hizo el jueves.El domingo, elige la mitad de lo que eligió en los últimos 3 días combinados.El lunes, Leon venderá manzanas en cajas de 15 manzanas cada una.Va a vender cada caja por $ 12.¿Cuánto va a ganar Leon?",444
"Luis elige 55 uvas el viernes.Luego elige 170 uvas el sábado.El domingo, elige Quintuple la cantidad de uvas que hizo el viernes.El lunes, elige la mitad de lo que eligió en los últimos 3 días combinados.El martes, Luis venderá uvas en cajas de 15 uvas cada una.Va a vender cada caja por $ 10.¿Cuánto va a ganar Luis?",500
"Oliver elige 111 naranjas el martes.Luego elige 170 naranjas el miércoles.El jueves, elige Quintuple la cantidad de naranjas que hizo el martes.El viernes, elige la mitad de lo que eligió en los últimos 3 días combinados.El sábado, Oliver venderá naranjas en cajas de 19 naranjas cada una.Va a vender cada caja por $ 9.¿Cuánto va a ganar Oliver?",594
"Umar elige 147 manzanas el domingo.Luego elige 99 manzanas el lunes.El martes, elige el doble de la cantidad de manzanas que hizo el domingo.El miércoles, elige la mitad de lo que eligió en los últimos 3 días combinados.El jueves, Umar venderá manzanas en cajas de 27 manzanas cada una.Va a vender cada caja por $ 11.¿Cuánto va a hacer Umar?",330
"Mateo elige 45 manzanas el martes.Luego elige 105 manzanas el miércoles.El jueves, elige el doble de la cantidad de manzanas que hizo el martes.El viernes, elige la mitad de lo que eligió en los últimos 3 días combinados.El sábado, Mateo venderá manzanas en cajas de 24 manzanas cada una.Va a vender cada caja por $ 13.¿Cuánto va a ganar Mateo?",195
"Sanjay elige 179 ciruelas el viernes.Luego elige 185 ciruelas el sábado.El domingo, elige cuádruple la cantidad de ciruelas que hizo el viernes.El lunes, elige la mitad de lo que eligió en los últimos 3 días combinados.El martes, Sanjay venderá ciruelas en cajas de 20 ciruelas cada una.Va a vender cada caja por $ 11.¿Cuánto va a ganar Sanjay?",891
"Carlos elige 129 manzanas el martes.Luego elige 129 manzanas el miércoles.El jueves, elige el doble de la cantidad de manzanas que hizo el martes.El viernes, elige la mitad de lo que eligió en los últimos 3 días combinados.El sábado, Carlos venderá manzanas en cajas de 18 manzanas cada una.Va a vender cada caja por $ 12.¿Cuánto va a ganar Carlos?",516
"Viktor elige 142 plátanos el jueves.Luego elige 92 plátanos el viernes.El sábado, elige triplicar la cantidad de plátanos que hizo el jueves.El domingo, elige la mitad de lo que eligió en los últimos 3 días combinados.El lunes, Viktor venderá plátanos en cajas de 22 plátanos cada uno.Va a vender cada caja por $ 10.¿Cuánto va a ganar Viktor?",450
"Un centro de atención tiene una capacidad de 1700 habitaciones con 1/5 ocupados y una quinta parte de todas las habitaciones que están fuera de servicio.Debido a la pandemia, 20 pacientes ingresan en el centro de atención cada día.Calcule el número total de habitaciones desocupadas en el centro de atención después de 2 semanas.",740
"Un centro de atención tiene una capacidad de 1800 habitaciones con 1/6 ocupados y un noveno de todas las habitaciones que están fuera de servicio.Debido a la pandemia, 25 pacientes ingresan en el centro de atención cada día.Calcule el número total de habitaciones desocupadas en el centro de atención después de 2 semanas.",950
"Una clínica tiene una capacidad de 1600 habitaciones con 1/10 ocupados y dos quintos de todas las habitaciones que están fuera de servicio.Debido al desastre natural, 30 pacientes ingresan a la clínica cada día.Calcule el número total de habitaciones desocupadas en la clínica después de 3 semanas.",170
"Un centro médico tiene una capacidad de 1300 camas con 1/5 ocupados y un cuarto de todas las camas que están fuera de servicio.Debido al accidente principal, 30 pacientes ingresan en el centro médico cada día.Calcule el número total de camas desocupadas en el centro médico después de 2 semanas.",295
"Un hospital tiene una capacidad de 1300 camas con 1/6 ocupados y dos sextos de todas las camas que están fuera de servicio.Debido a la temporada de gripe, 30 pacientes ingresan al hospital cada día.Calcule el número total de camas desocupadas en el hospital después de 2 semanas.",230
"Un centro médico tiene una capacidad de 1200 camas con 2/4 ocupados y un octavo de todas las camas que están fuera de servicio.Debido al accidente principal, 20 pacientes ingresan al centro médico cada día.Calcule el número total de camas desocupadas en el centro médico después de 2 semanas.",170
"Una clínica tiene una capacidad de 1700 habitaciones con 1/10 ocupados y un cuarto de todas las habitaciones que están fuera de servicio.Debido al desastre natural, 20 pacientes ingresan a la clínica cada día.Calcule el número total de habitaciones desocupadas en la clínica después de 2 semanas.",825
"Un centro de atención tiene una capacidad de 1400 habitaciones con 1/7 ocupados y una décima parte de todas las habitaciones que están fuera de servicio.Debido a la pandemia, 35 pacientes ingresan en el centro de atención cada día.Calcule el número total de habitaciones desocupadas en el centro de atención después de 2 semanas.",570
"Un hospital tiene una capacidad de 1800 camas con 1/9 ocupados y un noveno de todas las camas que están fuera de servicio.Debido a la temporada de gripe, 20 pacientes ingresan al hospital cada día.Calcule el número total de camas desocupadas en el hospital después de 2 semanas.",1120
"Un hospital tiene una capacidad de 1400 camas con 1/3 ocupados y un sexto de todas las camas fuera de servicio.Debido a la temporada de gripe, 25 pacientes ingresan al hospital cada día.Calcule el número total de camas desocupadas en el hospital después de 3 semanas.",175
"Valeria y Viktor fueron a una tienda de suministros de construcción.Viktor es miembro, pero Valeria no lo es.Valeria tiene ₣ 97.37 y quiere comprar 15 anclajes de un contenedor en la tienda.Ella también necesita 8 uñas, cada una costo ₣ 0.64.Cada ancla cuesta ₣ 0.35.Además, Valeria recoge 8 galones de pintura.Viktor comienza con ₣ 90 y quiere 10 galones de pintura, cada uno con un precio de ₣ 7.0 y 4 lápices de carpintero, cada uno costo ₣ 2.La tienda ofrece un 10% de descuento en pintura para miembros.¿Cuánto más dinero le queda Valeria que Viktor después de que salgan de la tienda?",12
"Gabrielle y Arash fueron a una tienda de suministros de construcción.Arash es miembro, pero Gabrielle no lo es.Gabrielle tiene € 92.27 y quiere comprar 15 uñas de un contenedor en la tienda.Ella también necesita 8 lavadoras, cada una con un costo de € 0.64.Cada uña cuesta € 0.21.Además, Gabrielle recoge 8 galones de pintura.Arash comienza con 100 € y quiere 12 galones de pintura, cada uno con un precio de € 7.5 y 3 lápices carpinteros, cada uno con un costo de 3 €.La tienda ofrece un 10% de descuento en pintura para miembros.¿Cuánto más dinero le queda Gabrielle que Arash después de que salgan de la tienda?",14
"Kimia y Yusuf fueron a una tienda de suministros de construcción.Yusuf es miembro, pero Kimia no.Kimia tiene ¥ 91.25 y quiere comprar 16 uñas de un contenedor en la tienda.Ella también necesita 9 lavadoras, cada una con un costo de ¥ 0.65.Cada uña cuesta ¥ 0.4.Además, Kimia recoge 8 galones de pintura.Yusuf comienza con ¥ 80 y quiere 10 galones de pintura, cada uno con un precio de ¥ 7.0 y 4 lápices de carpintero, cada uno con un costo de ¥ 2.La tienda ofrece un 10% de descuento en pintura para miembros.¿Cuánto más dinero le queda Kimia que Yusuf después de que salgan de la tienda?",14
"Valentina y Liam fueron a una tienda de suministros de construcción.Liam es miembro, pero Valentina no.Valentina tiene ¥ 99.41 y quiere comprar 17 tornillos de un contenedor en la tienda.Ella también necesita 9 lavadoras, cada una con un costo de ¥ 0.59.Cada tornillo cuesta ¥ 0.3.Además, Valentina recoge 8 galones de pintura.Liam comienza con ¥ 90 y quiere 10 galones de pintura, cada uno con un precio de ¥ 8.0 y 3 lápices carpinteros, cada uno con un costo de ¥ 2.La tienda ofrece un 10% de descuento en pintura para miembros.¿Cuánto más dinero le queda Valentina que Liam después de que salgan de la tienda?",13
"Quinn y Faisal fueron a una tienda de suministros de construcción.Faisal es miembro, pero Quinn no lo es.Quinn tiene ₣ 98.39 y quiere comprar 17 nueces de un contenedor en la tienda.Ella también necesita 9 anclajes, cada uno costo ₣ 0.68.Cada tuerca cuesta ₣ 0.31.Además, Quinn recoge 8 galones de pintura.Faisal comienza con ₣ 80 y quiere 10 galones de pintura, cada uno con un precio de ₣ 7.0 y 3 lápices de carpintero, cada uno costo ₣ 2.La tienda ofrece un 10% de descuento en pintura para miembros.¿Cuánto más dinero le queda Quinn que Faisal después de salir de la tienda?",20
"Kayla y Luca fueron a una tienda de suministros de construcción.Luca es miembro, pero Kayla no lo es.Kayla tiene ₣ 90.23 y quiere comprar 17 uñas de un contenedor en la tienda.Ella también necesita 8 lavadoras, cada una costo ₣ 0.62.Cada uña cuesta ₣ 0.31.Además, Kayla recoge 8 galones de pintura.Luca comienza con ₣ 80 y quiere 10 galones de pintura, cada uno con un precio de ₣ 7.0 y 4 lápices carpinteros, cada uno costo ₣ 2.La tienda ofrece un 10% de descuento en pintura para miembros.¿Cuánto más dinero le queda a Kayla que Luca después de que salgan de la tienda?",15
"Gabrielle y Santiago fueron a una tienda de suministros de construcción.Santiago es miembro, pero Gabrielle no lo es.Gabrielle tiene € 86.15 y quiere comprar 16 tornillos de un contenedor en la tienda.Ella también necesita 9 uñas, cada una con un costo de € 0.59.Cada tornillo cuesta € 0.24.Además, Gabrielle recoge 8 galones de pintura.Santiago comienza con 100 € y quiere 12 galones de pintura, cada uno con un precio de € 7.5 y 4 lápices de carpintero, cada uno con un costo de € 2.La tienda ofrece un 10% de descuento en pintura para miembros.¿Cuánto más dinero le queda Gabrielle que Santiago después de que salgan de la tienda?",6
"Beatriz y Jin fueron a una tienda de suministros de construcción.Jin es miembro, pero Beatriz no lo es.Beatriz tiene ₺82.07 y quiere comprar 15 nueces de un contenedor en la tienda.Ella también necesita 8 tornillos, cada uno costo ₺0.64.Cada tuerca cuesta ₺0.33.Además, Beatriz recoge 8 galones de pintura.Jin comienza con ₺100 y quiere 12 galones de pintura, cada uno con un precio de ₺7.5, y 4 lápices de carpintero, cada uno costo ₺2.La tienda ofrece un 10% de descuento en pintura para miembros.¿Cuánto más dinero le queda Beatriz que Jin después de que salgan de la tienda?",1
"Yara y Umar fueron a una tienda de suministros de construcción.Umar es miembro, pero Yara no.Yara tiene ₣ 90.23 y quiere comprar 17 tornillos de un contenedor en la tienda.Ella también necesita 9 anclajes, cada uno costo ₣ 0.61.Cada tornillo cuesta ₣ 0.22.Además, Yara recoge 8 galones de pintura.Umar comienza con ₣ 100 y quiere 10 galones de pintura, cada uno con un precio de ₣ 8.0 y 3 lápices carpinteros, cada uno costo ₣ 4.La tienda ofrece un 10% de descuento en pintura para miembros.¿Cuánto más dinero le queda Yara que Umar después de que salgan de la tienda?",1
"Kimia y Arjun fueron a una tienda de suministros de construcción.Arjun es miembro, pero Kimia no lo es.Kimia tiene ¥ 100.43 y quiere comprar 17 nueces de un contenedor en la tienda.Ella también necesita 8 tornillos, cada uno con un costo de ¥ 0.69.Cada tuerca cuesta ¥ 0.23.Además, Kimia recoge 10 galones de pintura.Arjun comienza con ¥ 90 y quiere 10 galones de pintura, cada uno con un precio de ¥ 7.0 y 3 lápices de carpintero, cada uno con un costo de ¥ 3.La tienda ofrece un 10% de descuento en pintura para miembros.¿Cuánto más dinero le queda Kimia que Arjun después de que salgan de la tienda?",3
"Una pirámide está hecha de 9 cubos verdes, el doble de cubos blancos y un número desconocido de cubos rosados.Si hay 45 cubos en la pirámide en total, ¿qué porcentaje de cubos son rosados?",40
"Una pila está hecha de 5 azulejos de naranja, dos veces más mosaicos rosados ​​y un número desconocido de azulejos verdes.Si hay 20 mosaicos en la pila en total, ¿qué porcentaje de fichas son verdes?",25
"Una pila está hecha de 8 baldosas rosadas, dos veces más baldosas verdes y un número desconocido de baldosas naranjas.Si hay 48 mosaicos en la pila en total, ¿qué porcentaje de fichas son naranja?",50
"Un edificio está hecho de 4 ladrillos blancos, el doble de ladrillos de naranja y un número desconocido de ladrillos morados.Si hay 40 ladrillos en el edificio en total, ¿qué porcentaje de ladrillos son morados?",70
"Una pirámide está hecha de 4 cubos morados, siete veces más cubitos blancos y un número desconocido de cubos negros.Si hay 40 cubos en la pirámide en total, ¿qué porcentaje de cubos son negros?",20
"Una pila está hecha de 4 azulejos negros, dos veces más baldosas blancas y un número desconocido de baldosas rosadas.Si hay 24 azulejos en la pila en total, ¿qué porcentaje de fichas son rosados?",50
"Una pila está hecha de 9 azulejos de naranja, tres veces más mosaicos rosados ​​y un número desconocido de baldosas verdes.Si hay 40 mosaicos en la pila en total, ¿qué porcentaje de fichas son verdes?",10
"Un edificio está hecho de 2 ladrillos morados, ocho veces más ladrillos negros y un número desconocido de ladrillos de naranja.Si hay 45 ladrillos en el edificio en total, ¿qué porcentaje de ladrillos son naranja?",60
"Un edificio está hecho de 7 ladrillos morados, dos veces más ladrillos rosados ​​y un número desconocido de ladrillos blancos.Si hay 25 ladrillos en el edificio en total, ¿qué porcentaje de ladrillos son blancos?",16
"Un edificio está hecho de 4 ladrillos morados, cuatro veces más ladrillos negros y un número desconocido de ladrillos rosados.Si hay 25 ladrillos en el edificio en total, ¿qué porcentaje de ladrillos son rosados?",20
Olga puede pelar 12 almejas por minuto y saltear 30 almejas en 9 minutos.¿Cuántos minutos la llevará pelar y saltear 180 almejas si tarda 19 segundos en lavar cada almeja antes de pelarla?Tenga en cuenta que Olga no puede trabajar en paralelo y necesita tomar un descanso de 11 minutos después de pelar las almejas antes de que pueda comenzar a saltearlos.,137
Aisha puede pelar 10 almejas por minuto y saltear 30 almejas en 6 minutos.¿Cuántos minutos la llevará pelar y saltear 120 almejas si tarda 14 segundos en lavar cada almeja antes de pelarla?Tenga en cuenta que Aisha no puede trabajar en paralelo y necesita tomar un descanso de 7 minutos después de pelar las almejas antes de que pueda comenzar a saltearlos.,71
Chen puede pelar 5 almejas por minuto y saltear 20 almejas en 16 minutos.¿Cuántos minutos la llevará pelar y saltear 120 almejas si tarda 15 segundos en lavar cada almeja antes de pelarla?Tenga en cuenta que Chen no puede trabajar en paralelo y necesita tomar un descanso de 6 minutos después de pelar las almejas antes de que pueda comenzar a saltearlos.,156
AVA puede pelar 5 calucchinis por minuto y saltear 20 calucchinis en 6 minutos.¿Cuántos minutos la llevará pelar y saltear 140 calabacines si tarda 24 segundos en lavar cada calabacín antes de pelarlo?Tenga en cuenta que Ava no puede trabajar en paralelo y necesita tomar un descanso de 15 minutos después de pelar los calabacines antes de que pueda comenzar a saltearlos.,141
Roya puede pelar 6 almejas por minuto y saltear 30 almejas en 11 minutos.¿Cuántos minutos la llevará pelar y saltear 90 almejas si tarda 14 segundos en lavar cada almeja antes de pelarla?Tenga en cuenta que Roya no puede trabajar en paralelo y necesita tomar un descanso de 7 minutos después de pelar las almejas antes de que pueda comenzar a saltearlos.,76
Kimia puede pelar 6 camarones por minuto y saltear 20 camarones en 17 minutos.¿Cuántos minutos la llevará pelar y saltear 60 camarones si tarda 15 segundos en lavar cada camarón antes de pelarlo?Tenga en cuenta que Kimia no puede trabajar en paralelo y necesita tomar un descanso de 8 minutos después de pelar los camarones antes de que pueda comenzar a saltearlos.,84
Nadia puede pelar 4 zanahorias por minuto y saltear 20 zanahorias en 11 minutos.¿Cuántos minutos la llevará pelar y saltear 160 zanahorias si tarda 18 segundos en lavar cada zanahoria antes de pelarla?Tenga en cuenta que Nadia no puede trabajar en paralelo y necesita tomar un descanso de 6 minutos después de pelar las zanahorias antes de que pueda comenzar a saltearlas.,182
Beatriz puede pelar 8 zanahorias por minuto y saltear 20 zanahorias en 12 minutos.¿Cuántos minutos le llevará pelar y saltear 160 zanahorias si tarda 12 segundos en lavar cada zanahoria antes de pelarla?Tenga en cuenta que Beatriz no puede trabajar en paralelo y necesita tomar un descanso de 5 minutos después de pelar las zanahorias antes de que pueda comenzar a saltearlas.,153
NIA puede pelar 12 zanahorias por minuto y saltear 30 zanahorias en 10 minutos.¿Cuántos minutos la llevará pelar y saltear 180 zanahorias si tarda 25 segundos en lavar cada zanahoria antes de pelarla?Tenga en cuenta que NIA no puede trabajar en paralelo y necesita tomar un descanso de 13 minutos después de pelar las zanahorias antes de que pueda comenzar a saltearlas.,163
Fátima puede pelar 12 calucchinis por minuto y saltear 30 calucchinis en 14 minutos.¿Cuántos minutos la llevará pelar y saltear 60 calabacines si tarda 11 segundos en lavar cada calabacín antes de pelarlo?Tenga en cuenta que Fátima no puede trabajar en paralelo y necesita tomar un descanso de 12 minutos después de pelar los calabacines antes de que pueda comenzar a saltearlos.,56
"Uma y Zahra son hermanas de Marrakech a quienes les encanta recolectar firmas de políticos.Durante sus vacaciones de primavera de la escuela, las hermanas pasan todas las tardes recolectando firmas.Después de 6 semanas, Uma y Zahra comparan sus libros de autógrafos, contando el número de firmas que cada hermana ha recolectado.Uma tiene 29 firmas en su libro, y Zahra tiene 37. Las hermanas tienen 4 semanas más de vacaciones de primavera, y deciden que quieren alcanzar 130 firmas entre ellas al final del descanso.Sin embargo, durante las 4 semanas restantes, UMA solo puede recolectar firmas los fines de semana, reduciendo su colección semanal por 5 por semana, mientras que Zahra decide aumentar su colección semanal.¿Cuántas firmas necesitará recolectar por semana para asegurarse de que alcancen su objetivo?",11
"Daphne y Olivia son hermanas de El Cairo a las que les encanta coleccionar firmas de estrellas de cine.Durante sus vacaciones de primavera de la escuela, las hermanas pasan todas las tardes recolectando firmas.Después de 3 semanas, Daphne y Olivia comparan sus libros de autógrafos, contando el número de firmas que cada hermana ha recolectado.Daphne tiene 17 firmas en su libro, y Olivia tiene 31. Las hermanas tienen 3 semanas más de vacaciones de primavera, y deciden que quieren alcanzar 120 firmas entre ellas al final del descanso.Sin embargo, durante las 3 semanas restantes, Daphne solo puede recolectar firmas los fines de semana, reduciendo su colección semanal por 5 por semana, mientras que Olivia decide aumentar su colección semanal.¿Cuántas firmas necesitará Olivia para recolectar por semana para asegurarse de que alcancen su objetivo?",19
"Ava y Quinn son hermanas de Helsinki a quienes les encanta coleccionar firmas de autores.Durante sus vacaciones de primavera de la escuela, las hermanas pasan todas las tardes recolectando firmas.Después de 3 semanas, Ava y Quinn comparan sus libros de autógrafos, contando el número de firmas que cada hermana ha recolectado.Ava tiene 30 firmas en su libro, y Quinn tiene 37. Las hermanas tienen 2 semanas más de vacaciones de primavera, y deciden que quieren alcanzar 135 firmas entre ellas al final del descanso.Sin embargo, durante las 2 semanas restantes, AVA solo puede recolectar firmas los fines de semana, reduciendo su colección semanal por 5 por semana, mientras que Quinn decide aumentar su colección semanal.¿Cuántas firmas necesitarán Quinn para recolectar por semana para asegurarse de que alcancen su objetivo?",29
"Mei y Haruka son hermanas de Singapur a las que les encanta coleccionar firmas de políticos.Durante sus vacaciones de verano de la escuela, las hermanas pasan todas las tardes recolectando firmas.Después de 5 semanas, Mei y Haruka comparan sus libros de autógrafos, contando el número de firmas que cada hermana ha recolectado.Mei tiene 24 firmas en su libro, y Haruka tiene 51. Las hermanas tienen 3 semanas más de vacaciones de verano, y deciden que quieren alcanzar 135 firmas entre ellas al final del descanso.Sin embargo, durante las 3 semanas restantes, MEI solo puede recolectar firmas los fines de semana, reduciendo su colección semanal por 5 por semana, mientras que Haruka decide aumentar su colección semanal.¿Cuántas firmas necesitarán Haruka para recolectar por semana para asegurarse de que alcancen su objetivo?",15
"Uma y Olga son hermanas de Lisboa a las que les encanta coleccionar firmas de políticos.Durante sus vacaciones de verano de la escuela, las hermanas pasan todas las tardes recolectando firmas.Después de 3 semanas, Uma y Olga comparan sus libros de autógrafos, contando el número de firmas que cada hermana ha recolectado.Uma tiene 25 firmas en su libro, y Olga tiene 59. Las hermanas tienen 2 semanas más de vacaciones de verano, y deciden que quieren alcanzar 140 firmas entre ellas al final del descanso.Sin embargo, durante las 2 semanas restantes, UMA solo puede recolectar firmas los fines de semana, reduciendo su colección semanal por 5 por semana, mientras que OLGA decide aumentar su colección semanal.¿Cuántas firmas necesitará Olga para recolectar por semana para asegurarse de que alcancen su objetivo?",23
"Chen y Tara son hermanas de Lisboa a las que les encanta coleccionar firmas de políticos.Durante sus vacaciones de invierno de la escuela, las hermanas pasan todas las tardes recolectando firmas.Después de 5 semanas, Chen y Tara comparan sus libros de autógrafos, contando el número de firmas que cada hermana ha recolectado.Chen tiene 36 firmas en su libro, y Tara tiene 32. Las hermanas tienen 4 semanas más de vacaciones de invierno, y deciden que quieren alcanzar 140 firmas entre ellas al final del descanso.Sin embargo, durante las 4 semanas restantes, Chen solo puede recolectar firmas los fines de semana, reduciendo su colección semanal por 5 por semana, mientras que Tara decide aumentar su colección semanal.¿Cuántas firmas necesitará recolectar por semana para asegurarse de que alcancen su objetivo?",13
"Zahra y Yara son hermanas de Ciudad del Cabo a las que les encanta coleccionar firmas de autores.Durante sus vacaciones de primavera de la escuela, las hermanas pasan todas las tardes recolectando firmas.Después de 7 semanas, Zahra y Yara comparan sus libros de autógrafos, contando el número de firmas que cada hermana ha recolectado.Zahra tiene 20 firmas en su libro, y Yara tiene 30. Las hermanas tienen 3 semanas más de vacaciones de primavera, y deciden que quieren alcanzar 140 firmas entre ellas al final del descanso.Sin embargo, durante las 3 semanas restantes, Zahra solo puede recolectar firmas los fines de semana, reduciendo su colección semanal por 5 por semana, mientras que Yara decide aumentar su colección semanal.¿Cuántas firmas necesitará yara necesitará recolectar por semana para asegurarse de que alcancen su objetivo?",25
"Ava y Kayla son hermanas de Bangkok a quienes les encanta coleccionar firmas de atletas.Durante sus vacaciones de invierno de la escuela, las hermanas pasan todas las tardes recolectando firmas.Después de 3 semanas, Ava y Kayla comparan sus libros de autógrafos, contando el número de firmas que cada hermana ha recolectado.Ava tiene 38 firmas en su libro, y Kayla tiene 41. Las hermanas tienen 4 semanas más de vacaciones de invierno, y deciden que quieren alcanzar 135 firmas entre ellas al final del descanso.Sin embargo, durante las 4 semanas restantes, AVA solo puede recolectar firmas los fines de semana, reduciendo su colección semanal por 5 por semana, mientras que Kayla decide aumentar su colección semanal.¿Cuántas firmas necesitará recolectar Kayla por semana para asegurarse de que alcancen su objetivo?",9
"Sophia y Elena son hermanas de Auckland a las que les encanta coleccionar firmas de músicos.Durante sus vacaciones de primavera de la escuela, las hermanas pasan todas las tardes recolectando firmas.Después de 4 semanas, Sophia y Elena comparan sus libros de autógrafos, contando el número de firmas que cada hermana ha recolectado.Sophia tiene 32 firmas en su libro, y Elena tiene 56. Las hermanas tienen 3 semanas más de vacaciones de primavera, y deciden que quieren alcanzar 130 firmas entre ellas al final del descanso.Sin embargo, durante las 3 semanas restantes, Sophia solo puede recolectar firmas los fines de semana, reduciendo su colección semanal por 5 por semana, mientras que Elena decide aumentar su colección semanal.¿Cuántas firmas necesitará recolectar por semana para asegurarse de que alcancen su objetivo?",9
"Zahra y NIA son hermanas de Hanoi a las que les encanta coleccionar firmas de estrellas de cine.Durante su descanso de otoño de la escuela, las hermanas pasan todas las tardes recolectando firmas.Después de 3 semanas, Zahra y Nia comparan sus libros de autógrafos, contando el número de firmas que cada hermana ha recolectado.Zahra tiene 28 firmas en su libro, y NIA tiene 46. Las hermanas tienen 2 semanas más de descanso de otoño, y deciden que quieren alcanzar 120 firmas entre ellas al final del descanso.Sin embargo, durante las 2 semanas restantes, Zahra solo puede recolectar firmas los fines de semana, reduciendo su colección semanal por 5 por semana, mientras que NIA decide aumentar su colección semanal.¿Cuántas firmas necesitará recolectar NIA por semana para asegurarse de que alcancen su objetivo?",18
"Leon fue a comprar algunos suministros escolares.Compró 8 crayones que cuestan ¥ 7.0 cada uno, 8 cuadernos que cuestan ¥ 13.75 cada uno, y una resma de papel de bono que cuesta ¥ 10.También compró 4 carpetas que cuestan ¥ 11 cada una.Leon puede pagar una tarifa única de ¥ 20 para convertirse en miembro y obtener un descuento del 20% en todas las compras, o no convertirse en miembro y recibir solo un descuento del 5%.¿Cuál es la menor cantidad que Leon puede gastar en todo?",196
"Bodhi fue a comprar algunos suministros escolares.Compró 24 carpetas que costaron 2.75 € cada una, 12 lápices que cuestan € 19.25 cada una, y una resma de papel de enlace que cuesta € 23.También compró 5 marcadores que cuestan 8 € cada uno.Bodhi puede pagar una tarifa única para convertirse en miembro y obtener un descuento del 20% en todas las compras, o no convertirse en miembro y recibir solo un descuento del 5%.¿Cuál es la menor cantidad que Bodhi puede gastar en todo?",308
"Deshawn fue a comprar algunos suministros escolares.Compró 14 borradores que cuestan ₺7.5 cada uno, 4 reglas que cuestan ₺18.5 cada uno, y una resma de papel de bonificación que cuesta ₺21.También compró 8 carpetas que cuestan ₺10 cada una.Deshawn puede pagar una tarifa única ₺20 para convertirse en miembro y obtener un descuento del 20% en todas las compras, o no convertirse en miembro y recibir solo un descuento del 5%.¿Cuál es la menor cantidad que Deshawn puede gastar en todo?",244
"Andre fue a comprar algunos suministros escolares.Compró 20 marcadores que cuestan ₣ 8.0 cada uno, 10 lápices que cuestan ₣ 18.0 cada uno, y una resma de papel de enlace que cuesta ₣ 15.También compró 5 reglas que cuestan ₣ 9 cada uno.Andre puede pagar una tarifa única para convertirse en miembro y obtener un descuento del 20% en todas las compras, o no convertirse en miembro y recibir solo un descuento del 5%.¿Cuál es la menor cantidad que Andre puede gastar en todo?",340
"Faisal fue a comprar algunos suministros escolares.Compró 18 lápices que cuestan ₣ 6.0 cada uno, 14 reglas que cuestan ₣ 14.5 cada uno, y una resma de papel de enlace que cuesta ₣ 24.También compró 5 lápices de colores que cuestan ₣ 9 cada uno.Faisal puede pagar una tarifa única de ₣ 20 para convertirse en miembro y obtener un descuento del 20% en todas las compras, o no convertirse en miembro y recibir solo un descuento del 5%.¿Cuál es la menor cantidad que Faisal puede gastar en todo?",324
"Oscar fue a comprar algunos suministros escolares.Compró 24 portátiles que cuestan ₺3.5 cada uno, 6 reglas que cuestan ₺13.0 cada una, y una ream de papel de bono que cuesta ₺15.También compró 7 lápices que cuestan ₺9 cada uno.Oscar puede pagar una tarifa única ₺20 para convertirse en miembro y obtener un descuento del 20% en todas las compras, o no convertirse en miembro y recibir solo un descuento del 5%.¿Cuál es la menor cantidad que Oscar puede gastar en todo?",212
"Qasim fue a comprar algunos suministros escolares.Compró 18 portátiles que costaron ¥ 9.0 cada uno, 12 crayones que cuestan ¥ 18.75 cada uno, y una resma de papel de bono que cuesta ¥ 21.También compró 8 lápices que cuestan ¥ 9 cada uno.Qasim puede pagar una tarifa única de ¥ 20 para convertirse en miembro y obtener un descuento del 20% en todas las compras, o no convertirse en miembro y recibir solo un descuento del 5%.¿Cuál es la menor cantidad que Qasim puede gastar en todo?",404
"Yuki fue a comprar algunos suministros escolares.Compró 22 crayones que cuestan ¥ 8.0 cada uno, 14 borradores que cuestan ¥ 17.0 cada uno, y una resma de papel de bono que cuesta ¥ 13.También compró 3 marcadores que cuestan ¥ 11 cada uno.Yuki puede pagar una tarifa única de ¥ 20 para convertirse en miembro y obtener un descuento del 20% en todas las compras, o no convertirse en miembro y recibir solo un descuento del 5%.¿Cuál es la menor cantidad que Yuki puede gastar en todo?",388
"James fue a comprar algunos suministros escolares.Compró 12 marcadores que costaron $ 3.0 cada uno, 14 crayones que cuestan $ 8.5 cada uno, y una ream de papel de bono que costó $ 17.También compró 6 lápices de colores que cuestan $ 8 cada uno.James puede pagar una tarifa única de $ 20 para convertirse en miembro y obtener un descuento del 20% en todas las compras, o no convertirse en miembro y recibir solo un descuento del 5%.¿Cuál es la menor cantidad que James puede gastar en todo?",196
"James fue a comprar algunos suministros escolares.Compró 6 portátiles que cuestan ¥ 7.0 cada uno, 14 lápices que cuestan ¥ 10.0 cada uno, y una ream de papel de bonificación que cuesta ¥ 24.También compró 6 marcadores que cuestan ¥ 9 cada uno.James puede pagar una tarifa única de ¥ 20 para convertirse en miembro y obtener un descuento del 20% en todas las compras, o no convertirse en miembro y recibir solo un descuento del 5%.¿Cuál es la menor cantidad que James puede gastar en todo?",228
"Yara fue a su huerto para elegir algunas fresas y encontró nueve veces más escarabajos que las orugas en el jardín.Yara luego encontró 66 animales blancos, la mitad de los cuales eran conejos.Además, vio 24 abejas y 13 orugas.¿Qué porcentaje de animales en el jardín eran conejos?",15
"Ava fue a su asignación para elegir algunas frambuesas y encontró un tercio de tantas abejas como las avispas en el parche.Ava luego encontró 60 animales blancos, la mitad de los cuales eran conejos.Además, vio 24 orugas y 12 avispas.¿Qué porcentaje de animales en el parche eran conejos?",30
"Jasmine fue a su patio trasero para elegir algunas cerezas y encontró la mitad de tantas avispas como las hormigas en el campo.Jasmine luego encontró 46 animales blancos, la mitad de los cuales eran conejos.Además, vio 39 abejas y 10 hormigas.¿Qué porcentaje de animales en el campo eran conejos?",23
"Leilani fue a su asignación para elegir algunas frambuesas y encontró dos cuartos tantas hormigas como las avispas en el parche.Leilani luego encontró 40 animales blancos, la mitad de los cuales eran conejos.Además, vio 36 saltamontes y 16 avispas.¿Qué porcentaje de animales en el parche eran conejos?",20
"Gabrielle fue a su asignación para elegir algunas frambuesas y encontró dos quintos tantas avispas como las abejas en el parche.Gabrielle luego encontró 38 animales blancos, la mitad de los cuales eran conejos.Además, vio 41 orugas y 15 abejas.¿Qué porcentaje de animales en el parche eran conejos?",19
"Valeria fue a su asignación para elegir algunas frambuesas y encontró 4/5 tantas hormigas como escarabajos en el parche.Valeria luego encontró 18 animales blancos, la mitad de los cuales eran conejos.Además, vio 30 orugas y 15 escarabajos.¿Qué porcentaje de animales en el parche eran conejos?",12
"Kimia fue a su invernadero para elegir algunos arándanos y encontró seis veces más orugas que las avispas en la trama.Kimia luego encontró 40 animales blancos, la mitad de los cuales eran conejos.Además, vio 25 mariquitas y 5 avispas.¿Qué porcentaje de animales en la trama eran conejos?",20
"Elena fue a su asignación para elegir algunas frambuesas y encontró seis veces más mariquitas que las avispas en el parche.Elena luego encontró 74 animales blancos, la mitad de los cuales eran conejos.Además, vio 32 hormigas y 6 avispas.¿Qué porcentaje de animales en el parche eran conejos?",25
"Valeria fue a su asignación para elegir algunas frambuesas y encontró 2/5 tantas orugas como las abejas en el parche.Valeria luego encontró 42 animales blancos, la mitad de los cuales eran conejos.Además, vio 21 mariquitas y 15 abejas.¿Qué porcentaje de animales en el parche eran conejos?",25
"Nadia fue a su huerto para elegir algunas fresas y encontró tres sextos tantas avispas como las abejas en el jardín.Nadia luego encontró 26 animales blancos, la mitad de los cuales eran conejos.Además, vio 17 orugas y 6 abejas.¿Qué porcentaje de animales en el jardín eran conejos?",25
"Yara vio una ballena de 32 pies con 16 remoras, cada una de 12 pulgadas de largo.Luego, 1/2 de las remoras nadó.Más tarde, Yara vio otra ballena de 10 pies con 6 remoras, cada una de 8 pulgadas de largo, unidas a ella.En promedio, ¿qué porcentaje de la longitud del cuerpo de cada ballena está cubierto por las remoras?",32
"Ali vio una ballena de 30 pies con 18 remoras, cada una de 15 pulgadas de largo.Luego, 1/3 de las remoras nadaron.Más tarde, Ali vio otra ballena de 10 pies con 6 remoras, cada una de 8 pulgadas de largo, unidas a ella.En promedio, ¿qué porcentaje de la longitud del cuerpo de cada ballena está cubierto por las remoras?",45
"Jasmine vio un delfín de 32 pies con 24 remoras, cada una de 12 pulgadas de largo unida a él.Luego, 1/3 de las remoras nadaron.Más tarde, Jasmine vio otro delfín de 8 pies con 4 remoras, cada una de 6 pulgadas de largo, unidas a él.En promedio, ¿qué porcentaje de la longitud del cuerpo de cada delfín está cubierto por las remoras?",37
"Luis vio un delfín de 48 pies con 24 remoras, cada una de 18 pulgadas de largo.Luego, un tercio de las remoras nadó.Más tarde, Luis vio otro delfín de 10 pies con 6 remoras, cada una de 8 pulgadas de largo, unidas a él.En promedio, ¿qué porcentaje de la longitud del cuerpo de cada delfín está cubierto por las remoras?",45
"Pavel vio una ballena de 45 pies con 18 remoras, cada una de 12 pulgadas de largo unida a ella.Luego, 1/2 de las remoras nadó.Más tarde, Pavel vio otra ballena de 10 pies con 4 remoras, cada una de 3 pulgadas de largo, unidas a ella.En promedio, ¿qué porcentaje de la longitud del cuerpo de cada ballena está cubierto por las remoras?",15
"Gabrielle vio un tiburón de 33 pies con 12 remoras, cada una de 22 pulgadas de largo.Luego, una cuarta parte de las remoras nadó.Más tarde, Gabrielle vio otro tiburón de 8 pies con 6 remoras, cada una de 4 pulgadas de largo, unidas a él.En promedio, ¿qué porcentaje de la longitud del cuerpo de cada tiburón está cubierto por las remoras?",37
"Oscar vio un tiburón de 38 pies con 16 remoras, cada una de 19 pulgadas de largo.Luego, una cuarta parte de las remoras nadó.Más tarde, Oscar vio otro tiburón de 10 pies con 6 remoras, cada una de 3 pulgadas de largo, unidas a él.En promedio, ¿qué porcentaje de la longitud del cuerpo de cada tiburón está cubierto por las remoras?",32
"Oliver vio una ballena de 48 pies con 12 remoras, cada una de 24 pulgadas de largo.Luego, 1/2 de las remoras nadó.Más tarde, Oliver vio otra ballena de 10 pies con 6 remoras, cada una de 6 pulgadas de largo, unidas a ella.En promedio, ¿qué porcentaje de la longitud del cuerpo de cada ballena está cubierto por las remoras?",27
"Carlos vio un tiburón de 34 pies con 18 remoras, cada una de 17 pulgadas de largo adjunto.Luego, un tercio de las remoras nadó.Más tarde, Carlos vio otro tiburón de 10 pies con 4 remoras, cada una de 3 pulgadas de largo, unidas a él.En promedio, ¿qué porcentaje de la longitud del cuerpo de cada tiburón está cubierto por las remoras?",30
"Andre vio una ballena de 30 pies con 18 remoras, cada una de 15 pulgadas de largo.Luego, un tercio de las remoras nadó.Más tarde, Andre vio otra ballena de 10 pies con 6 remoras, cada una de 7 pulgadas de largo, unidas a ella.En promedio, ¿qué porcentaje de la longitud del cuerpo de cada ballena está cubierto por las remoras?",42
"Thiago está recaudando dinero para una feria de ciencias de 3 días.Cada día cuesta $ 250 para hotel, $ 30 por comida y $ 30 para el transporte.Thiago solo tiene $ 35.Sus amigos han intervenido y cubrirán el costo de toda la comida para la Feria de Ciencias.Thiago también ha solicitado la ayuda de la escuela, que ha decidido cubrir 1/4 del costo restante de la feria de ciencias.¿Cuánto dinero todavía falta Thiago?",595
"Ali está recaudando dinero para un torneo deportivo de 3 días.Cada día cuesta ₣ 200 para el hotel, ₣ 20 para alimentos y ₣ 10 para el transporte.Ali solo tiene ₣ 40.Sus amigos han intervenido y cubrirán el costo de toda la comida para el torneo deportivo.Ali también ha solicitado la ayuda de la organización benéfica local, que ha decidido cubrir 1/5 del costo restante del torneo deportivo.¿Cuánto dinero todavía falta Ali?",464
"Benjamin está recaudando dinero para una feria de ciencias de 3 días.Cada día cuesta ₺250 para el hotel, ₺30 para alimentos y ₺20 para el transporte.Benjamin solo tiene ₺165.Sus amigos han intervenido y cubrirán el costo de toda la comida para la Feria de Ciencias.Benjamin también ha solicitado la ayuda de la Asociación de Padres, que ha decidido cubrir una décima parte del costo restante de la Feria de Ciencias.¿Cuánto dinero todavía falta Benjamin?",564
"Leon está recaudando dinero para un taller de 2 días.Cada día cuesta ¥ 150 para el hotel, ¥ 30 por comida y ¥ 10 para el transporte.Leon solo tiene ¥ 155.Sus amigos han intervenido y cubrirán el costo de toda la comida para el taller.Leon también ha solicitado la ayuda del club juvenil, que ha decidido cubrir una quinta parte del costo restante del taller.¿Cuánto dinero todavía falta Leon?",101
"Yuki está recaudando dinero para un festival de música de 2 días.Cada día cuesta ₺100 para el hotel, ₺40 para alimentos y ₺30 para el transporte.Yuki solo tiene ₺10.Sus amigos han intervenido y cubrirán el costo de toda la comida para el festival de música.Yuki también ha solicitado la ayuda de la Asociación de Padres, que ha decidido cubrir 1/2 del costo restante del festival de música.¿Cuánto dinero todavía falta Yuki?",120
"Ibrahim está recaudando dinero para una conferencia de 2 días.Cada día cuesta $ 200 para hotel, $ 30 por comida y $ 30 para el transporte.Ibrahim solo tiene $ 95.Sus amigos han intervenido y cubrirán el costo de toda la comida para la conferencia.Ibrahim también ha solicitado ayuda de la escuela, que ha decidido cubrir una cuarta parte del costo restante de la conferencia.¿Cuánto dinero todavía falta Ibrahim?",250
"Oscar está recaudando dinero para un festival de música de 3 días.Cada día cuesta ₣ 250 para el hotel, ₣ 40 para alimentos y ₣ 10 para el transporte.Oscar solo tiene ₣ 125.Sus amigos han intervenido y cubrirán el costo de toda la comida para el festival de música.Oscar también ha solicitado la ayuda de la organización benéfica local, que ha decidido cubrir 1/6 del costo restante del festival de música.¿Cuánto dinero todavía falta Oscar?",525
"Pavel está recaudando dinero para una feria de ciencias de 2 días.Cada día cuesta ₺150 para el hotel, ₺20 para alimentos y ₺10 para el transporte.Pavel solo tiene ₺25.Sus amigos han intervenido y cubrirán el costo de toda la comida para la Feria de Ciencias.Pavel también ha solicitado la ayuda de la Asociación de Padres, que ha decidido cubrir la mitad del costo restante de la Feria de Ciencias.¿Cuánto dinero todavía falta Pavel?",135
"Ali está recaudando dinero para un torneo deportivo de 2 días.Cada día cuesta ₺150 para el hotel, ₺40 para alimentos y ₺10 para el transporte.Ali solo tiene ₺160.Sus amigos han intervenido y cubrirán el costo de toda la comida para el torneo deportivo.Ali también ha solicitado la ayuda de la Asociación de Padres, que ha decidido cubrir 1/8 del costo restante del torneo deportivo.¿Cuánto dinero todavía falta Ali?",120
"Faisal está recaudando dinero para una conferencia de 3 días.Cada día cuesta ¥ 200 para hotel, ¥ 30 para comida y ¥ 30 para transporte.Faisal solo tiene ¥ 115.Sus amigos han intervenido y cubrirán el costo de toda la comida para la conferencia.Faisal también ha solicitado ayuda del club juvenil, que ha decidido cubrir 1/2 del costo restante de la conferencia.¿Cuánto dinero todavía falta Faisal?",230
"Según su información nutricional, una bolsa de panes tiene 225 calorías por porción.Una bolsa de 300 onzas tiene 5 porciones.El objetivo saludable de calorías diarias es de 15 calorías por libra de peso corporal.Carlos pesa 200 libras, y ya ha consumido 900 calorías y quemó 150 calorías a través del ejercicio.Zahra pesa 150 libras, y ya ha consumido 900 en alimentos y 225 calorías en helado.¿Cuántas onzas más de panes necesita consumir Carlos que Zahra?",300
"Según su información nutricional, una bolsa de palomitas de maíz tiene 300 calorías por porción.Una bolsa de 325 gramos tiene 5 porciones.El objetivo saludable de calorías diarias es de 15 calorías por libra de peso corporal.Ibrahim pesa 190 libras, y ya ha consumido 950 calorías y quemó 200 calorías a través del ejercicio.Priya pesa 170 libras, y ya ha consumido 1100 en alimentos y 250 calorías en helado.¿Cuántos gramos más de palomitas de maíz necesita consumir que Priya?",195
"Según su información nutricional, una bolsa de panes tiene 250 calorías por porción.Una bolsa de 350 onzas tiene 5 porciones.El objetivo saludable de calorías diarias es de 15 calorías por libra de peso corporal.Yuki pesa 210 libras, y ya ha consumido 1050 calorías y quemó 150 calorías a través del ejercicio.Jasmine pesa 140 libras y ya ha consumido 900 en alimentos y 200 calorías en helado.¿Cuántas onzas más de panes necesita consumir Yuki que Jasmine?",350
"Según su información nutricional, una bolsa de galletas tiene 175 calorías por porción.Una bolsa de 125 oz tiene 5 porciones.El objetivo saludable de calorías diarias es de 15 calorías por libra de peso corporal.Theo pesa 250 libras, y ya ha consumido 1100 calorías y quemó 150 calorías a través del ejercicio.Sakura pesa 130 libras, y ya ha consumido 900 en alimentos y 175 calorías en helado.¿Cuántas oz más de galletas necesita consumir que Sakura?",275
"Según su información nutricional, una bolsa de palomitas de maíz tiene 325 calorías por porción.Una bolsa de 100 gramos tiene 4 porciones.El objetivo saludable de calorías diarias es de 15 calorías por libra de peso corporal.Arash pesa 200 libras, y ya ha consumido 1200 calorías y quemó 150 calorías a través del ejercicio.Mei pesa 180 libras, y ya ha consumido 900 en alimentos y 175 calorías en helado.¿Cuántos gramos más de palomitas de maíz necesita consumir que Mei?",25
"Según su información nutricional, una bolsa de palomitas de maíz tiene 150 calorías por porción.Una bolsa de 300 gramos tiene 5 porciones.El objetivo saludable de calorías diarias es de 15 calorías por libra de peso corporal.Arjun pesa 210 libras, y ya ha consumido 1000 calorías y quemó 100 calorías a través del ejercicio.Elena pesa 180 libras, y ya ha consumido 900 en alimentos y 150 calorías en helado.¿Cuántos gramos más de palomitas de maíz necesita consumir que Elena?",240
"Según su información nutricional, una bolsa de galletas tiene 150 calorías por porción.Una bolsa de 100 oz tiene 4 porciones.El objetivo saludable de calorías diarias es de 15 calorías por libra de peso corporal.Gabriel pesa 200 libras, y ya ha consumido 900 calorías y quemó 150 calorías a través del ejercicio.Valentina pesa 130 libras, y ya ha consumido 1100 en alimentos y 250 calorías en helado.¿Cuántas oz más de cookies necesita consumir que Valentina?",275
"Según su información nutricional, una bolsa de palomitas de maíz tiene 450 calorías por porción.Una bolsa de 275 gramos tiene 5 porciones.El objetivo saludable de calorías diarias es de 15 calorías por libra de peso corporal.Hiroshi pesa 230 libras, y ya ha consumido 900 calorías y quemó 150 calorías a través del ejercicio.Valentina pesa 180 libras, y ya ha consumido 1100 en alimentos y 250 calorías en helado.¿Cuántos gramos más de palomitas de maíz necesita consumir que Valentina?",165
"Según su información nutricional, una bolsa de galletas tiene 200 calorías por porción.Una bolsa de 400 oz tiene 5 porciones.El objetivo saludable de calorías diarias es de 15 calorías por libra de peso corporal.Bodhi pesa 230 libras, y ya ha consumido 1100 calorías y quemó 50 calorías a través del ejercicio.NIA pesa 130 libras, y ya ha consumido 1000 en alimentos y 150 calorías en helado.¿Cuántas oz más de galletas necesita consumir Bodhi que NIA?",640
"Según su información nutricional, una bolsa de panes tiene 175 calorías por porción.Una bolsa de 125 onzas tiene 5 porciones.El objetivo saludable de calorías diarias es de 15 calorías por libra de peso corporal.Sanjay pesa 210 libras, y ya ha consumido 1150 calorías y quemó 100 calorías a través del ejercicio.Sofía pesa 150 libras, y ya ha consumido 800 en alimentos y 225 calorías en helado.¿Cuántas onzas más de panes necesita consumir Sanjay que Sofía?",125
"Para hacer una llamada desde una cabina telefónica, debe pagar $ 0.7 por cada minuto de su llamada.Después de 10 minutos, el precio cae a $ 0.5 por minuto.Después de 30 minutos desde el inicio de la llamada, el precio cae aún más a $ 0.1 por dos minutos.Si su factura total es de más de $ 15, obtiene un descuento del 15% en su factura total.¿Cuánto costaría una llamada de 90 minutos?",17
"Para hacer una llamada desde una cabina telefónica, debe pagar ₺0.9 por cada minuto de su llamada.Después de 10 minutos, el precio cae a ₺0.6 por minuto.Después de 35 minutos desde el inicio de la llamada, el precio cae aún más a ₺0.4 por dos minutos.Si su factura total es más de ₺25, obtiene un descuento del 20% en su factura total.¿Cuánto costaría una llamada de 115 minutos?",32
"Para hacer una llamada desde un teléfono de la habitación de hotel, debe pagar € 0.4 por cada minuto de su llamada.Después de 15 minutos, el precio cae a € 0.3 por minuto.Después de 35 minutos desde el inicio de la llamada, el precio cae aún más a € 0.2 por dos minutos.Si su factura total es de más de € 15, obtiene un 10% de descuento en su factura total.¿Cuánto costaría una llamada de 115 minutos?",18
"Para hacer una llamada desde una cabina telefónica, debe pagar ₺0.8 por cada minuto de su llamada.Después de 10 minutos, el precio cae a ₺0.7 por minuto.Después de 30 minutos desde el inicio de la llamada, el precio cae aún más a ₺0.4 por dos minutos.Si su factura total es más de ₺15, obtiene un descuento del 15% en su factura total.¿Cuánto costaría una llamada de 120 minutos?",34
"Para hacer una llamada desde un teléfono de la habitación de hotel, debe pagar ₺0.6 por cada minuto de su llamada.Después de 10 minutos, el precio cae a ₺0.4 por minuto.Después de 35 minutos desde el inicio de la llamada, el precio cae aún más a ₺0.1 por dos minutos.Si su factura total es más de ₺15, obtiene un descuento del 15% en su factura total.¿Cuánto costaría una llamada de 115 minutos?",17
"Para hacer una llamada desde un teléfono de la habitación de hotel, debe pagar ¥ 0.9 por cada minuto de su llamada.Después de 10 minutos, el precio cae a ¥ 0.6 por minuto.Después de 35 minutos desde el inicio de la llamada, el precio cae aún más a ¥ 0.4 por dos minutos.Si su factura total es más de ¥ 15, obtiene un descuento del 20% en su factura total.¿Cuánto costaría una llamada de 65 minutos?",24
"Para hacer una llamada desde un teléfono de la habitación de hotel, debe pagar ₣ 0.8 por cada minuto de su llamada.Después de 10 minutos, el precio cae a ₣ 0.4 por minuto.Después de 30 minutos desde el inicio de la llamada, el precio cae aún más a ₣ 0.1 por dos minutos.Si su factura total es más de ₣ 15, obtiene un descuento del 20% en su factura total.¿Cuánto costaría una llamada de 110 minutos?",16
"Para hacer una llamada desde una cabina telefónica, debe pagar ¥ 0.9 por cada minuto de su llamada.Después de 10 minutos, el precio cae a ¥ 0.4 por minuto.Después de 35 minutos desde el inicio de la llamada, el precio cae aún más a ¥ 0.1 por dos minutos.Si su factura total es más de ¥ 15, obtiene un 10% de descuento en su factura total.¿Cuánto costaría una llamada de 55 minutos?",18
"Para hacer una llamada desde un teléfono de la habitación de hotel, debe pagar $ 0.9 por cada minuto de su llamada.Después de 10 minutos, el precio cae a $ 0.4 por minuto.Después de 30 minutos desde el inicio de la llamada, el precio cae aún más a $ 0.1 por dos minutos.Si su factura total es de más de $ 15, obtiene un descuento del 15% en su factura total.¿Cuánto costaría una llamada de 90 minutos?",17
"Para hacer una llamada desde una cabina telefónica, debe pagar $ 0.7 por cada minuto de su llamada.Después de 10 minutos, el precio cae a $ 0.3 por minuto.Después de 40 minutos desde el inicio de la llamada, el precio cae aún más a $ 0.1 por dos minutos.Si su factura total es de más de $ 15, obtiene un 10% de descuento en su factura total.¿Cuánto costaría una llamada de 120 minutos?",18
"Una barra de masa madre en el café cuesta $ 10.El costo de un muffin es una octava de una barra de masa madre.El café tiene una promoción de que si uno compra 6 magdalenas o más, obtienen un 10% de descuento en magdalenas.¿Cuánto más cuestan 2 panes de masa madre que 8 magdalenas?",11
"Una barra de pan en la tienda cuesta ¥ 5.El costo de un croissant es de 3/4 de una barra de pan.La tienda tiene una promoción de que si uno compra 6 cruasanes o más, obtienen un 10% de descuento en cruasanes.¿Cuánto más cuestan 10 panes de pan que 8 cruasanes?",23
"Una barra de masa madre en el café cuesta ¥ 15.El costo de un muffin es 1/4 de una barra de masa madre.El café tiene una promoción de que si uno compra 6 magdalenas o más, obtienen un descuento del 20% en magdalenas.¿Cuánto más cuestan 5 panes de masa madre que 8 magdalenas?",51
"Una barra de pan en la panadería cuesta 10 €.El costo de un bagel es 1/8 de una barra de pan.La panadería tiene una promoción de que si uno compra 7 bagels o más, obtienen un 10% de descuento en bagels.¿Cuánto más cuestan 5 panes de pan que 8 bagels?",41
"Una barra de masa madre en el café cuesta ¥ 15.El costo de un muffin es un cuarto de una barra de masa madre.El café tiene una promoción de que si uno compra 3 magdalenas o más, obtienen un descuento del 20% en magdalenas.¿Cuánto más cuestan 10 panes de masa madre que 8 magdalenas?",126
"Una barra de masa madre en el café cuesta ₣ 10.El costo de un muffin es una octava de una barra de masa madre.El café tiene una promoción de que si uno compra 4 magdalenas o más, obtienen un descuento del 20% en magdalenas.¿Cuánto más cuestan 3 panes de masa madre que 12 magdalenas?",18
"Una hogaza de masa madre en el mercado cuesta ₣ 5.El costo de una galleta es un cuarto de una barra de masa madre.El mercado tiene una promoción de que si uno compra 4 galletas o más, obtienen un descuento del 20% en galletas.¿Cuánto más cuestan 9 panes de masa madre que 8 galletas?",37
"Una barra de masa madre en el mercado cuesta $ 5.El costo de una galleta es de 3/4 de una barra de masa madre.El mercado tiene una promoción de que si uno compra 5 galletas o más, obtienen un 10% de descuento en galletas.¿Cuánto más cuestan 7 panes de masa madre que 8 galletas?",8
"Una barra de pan en la tienda cuesta ¥ 5.El costo de un croissant es un cuarto de una barra de pan.La tienda tiene una promoción de que si uno compra 5 cruasanes o más, obtienen un descuento del 20% en los cruasanes.¿Cuánto más cuestan 4 panes de pan que 8 cruasanes?",12
"Una barra de pan en la tienda cuesta ₣ 5.El costo de un croissant es de 3/4 de una barra de pan.La tienda tiene una promoción de que si uno compra 4 cruasanes o más, obtienen un descuento del 20% en los cruasanes.¿Cuánto más cuestan 9 panes de pan que 8 cruasanes?",21
"Un conserje tiene que limpiar un edificio con 80 habitaciones.Tienen 4 días para hacerlo.Les toma 6 minutos por habitación.Sin embargo, debido a una lesión reciente, el conserje se ha vuelto más lento y les llevará el doble de tiempo limpiar una habitación en estos días.Si trabajan durante 10 horas al día, ¿qué porcentaje de su día, en promedio, se gasta en las salas de limpieza?",40
"Un trabajador de mantenimiento tiene que limpiar una universidad con 150 pisos.Tienen 6 días para hacerlo.Les toma 6 minutos por piso.Sin embargo, debido a una lesión reciente, el trabajador de mantenimiento se ha vuelto más lento y les llevará el doble de tiempo limpiar un piso en estos días.Si trabajan durante 10 horas al día, ¿qué porcentaje de su día, en promedio, se gasta limpiando pisos?",50
"Un conserje tiene que limpiar un edificio con 135 pisos.Tienen 3 días para hacerlo.Les toma 5 minutos por piso.Sin embargo, debido a una lesión reciente, el conserje se ha vuelto más lento y les llevará el doble de tiempo limpiar un piso en estos días.Si trabajan durante 15 horas al día, ¿qué porcentaje de su día, en promedio, se gasta limpiando pisos?",50
"Un limpiador tiene que limpiar un hospital con 60 pisos.Tienen 3 días para hacerlo.Les toma 6 minutos por piso.Sin embargo, debido a una lesión reciente, el limpiador se ha vuelto más lento y les llevará el doble de tiempo limpiar un piso en estos días.Si trabajan durante 8 horas al día, ¿qué porcentaje de su día, en promedio, se gasta limpiando pisos?",50
"Un limpiador tiene que limpiar un hospital con 90 pisos.Tienen 10 días para hacerlo.Les lleva 10 minutos por piso.Sin embargo, debido a una lesión reciente, el limpiador se ha vuelto más lento y les llevará el doble de tiempo limpiar un piso en estos días.Si trabajan durante 15 horas al día, ¿qué porcentaje de su día, en promedio, se gasta limpiando pisos?",20
"Un limpiador tiene que limpiar un hospital con 135 pisos.Tienen 5 días para hacerlo.Les toma 5 minutos por piso.Sin embargo, debido a una lesión reciente, el limpiador se ha vuelto más lento y les llevará el doble de tiempo limpiar un piso en estos días.Si trabajan durante 9 horas al día, ¿qué porcentaje de su día, en promedio, se gasta limpiando pisos?",50
"Un trabajador de mantenimiento tiene que limpiar una universidad con 160 pisos.Tienen 10 días para hacerlo.Les toma 15 minutos por piso.Sin embargo, debido a una lesión reciente, el trabajador de mantenimiento se ha vuelto más lento y les llevará el doble de tiempo limpiar un piso en estos días.Si trabajan durante 10 horas al día, ¿qué porcentaje de su día, en promedio, se gasta limpiando pisos?",80
"Un trabajador de mantenimiento tiene que limpiar una universidad con 120 pisos.Tienen 5 días para hacerlo.Les toma 5 minutos por piso.Sin embargo, debido a una lesión reciente, el trabajador de mantenimiento se ha vuelto más lento y les llevará el doble de tiempo limpiar un piso en estos días.Si trabajan durante 10 horas al día, ¿qué porcentaje de su día, en promedio, se gasta limpiando pisos?",40
"Un limpiador tiene que limpiar un hospital con 70 habitaciones.Tienen 10 días para hacerlo.Les toma 15 minutos por habitación.Sin embargo, debido a una lesión reciente, el limpiador se ha vuelto más lento y les llevará el doble de tiempo limpiar una habitación en estos días.Si trabajan durante 7 horas al día, ¿qué porcentaje de su día, en promedio, se gasta en salas de limpieza?",50
"Un limpiador tiene que limpiar un hospital con 165 habitaciones.Tienen 11 días para hacerlo.Les toma 6 minutos por habitación.Sin embargo, debido a una lesión reciente, el limpiador se ha vuelto más lento y les llevará el doble de tiempo limpiar una habitación en estos días.Si trabajan durante 10 horas al día, ¿qué porcentaje de su día, en promedio, se gasta en las salas de limpieza?",30
"Un grupo de 290 estudiantes tiene varios pasatiempos.12 Me gusta pintar, 8 les gusta jugar al ajedrez, 13 les gusta nadar, 39 les gusta jugar al cricket, y al resto le gusta jugar videojuegos o caminar.¿Qué porcentaje de los estudiantes les gusta jugar videojuegos si el número de estudiantes a los que les gusta caminar es 5 menos de dos veces el número que prefiere jugar al cricket?",50
"Una clase de 230 estudiantes tiene varios pasatiempos.5 A que me gusta bailar, a 8 les gusta jugar al ajedrez, 13 les gusta nadar, a 32 les gusta jugar voleibol, y al resto les gusta jugar videojuegos o jugar música.¿Qué porcentaje de los estudiantes les gusta jugar videojuegos si el número de estudiantes a los que les gusta jugar música es 7 menos de dos veces el número que prefiere jugar voleibol?",50
"Una clase de 150 estudiantes tiene varios pasatiempos.20 Como pintar, 8 les gusta jugar al ajedrez, 13 les gusta nadar, 17 les gusta jugar al fútbol, ​​y al resto le gusta bailar o leer.¿Qué porcentaje de los estudiantes les gusta bailar si el número de estudiantes a los que les gusta leer es 2 menos de dos veces el número que prefiere jugar al fútbol?",40
"Un grupo de 150 estudiantes tiene varios pasatiempos.A 27 les gusta tocar música, 8 les gusta jugar al ajedrez, 13 les gusta nadar, 9 les gusta jugar al fútbol, ​​y al resto le gusta pintar o jugar videojuegos.¿Qué porcentaje de los estudiantes les gusta pintar si el número de estudiantes a los que les gusta jugar videojuegos es 3 menos de dos veces el número que prefiere jugar al fútbol?",52
"Una clase de 100 estudiantes tiene varios pasatiempos.14 Me gusta caminar, 8 les gusta tocar el ajedrez, 13 les gusta nadar, 2 les gusta tocar el cricket, y al resto le gusta bailar o tocar música.¿Qué porcentaje de los estudiantes les gusta bailar si el número de estudiantes a los que les gusta tocar música es 5 menos de diez veces el número que prefiere tocar el cricket?",48
"Una clase de 150 estudiantes tiene varios pasatiempos.A 17 me gusta hornear, 8 les gusta jugar al ajedrez, 13 les gusta nadar, 23 les gusta jugar al fútbol, ​​y al resto le gusta leer o pintar.¿Qué porcentaje de los estudiantes les gusta leer si el número de estudiantes a los que les gusta pintar es 4 menos de tres veces el número que prefiere jugar al fútbol?",16
"Un grupo de 100 estudiantes tiene varios pasatiempos.A 29 les gusta bailar, 8 les gusta jugar al ajedrez, 13 les gusta nadar, 4 les gusta jugar a Hurling, y al resto le gusta leer o pintar.¿Qué porcentaje de los estudiantes les gusta leer si el número de estudiantes a los que les gusta pintar es 5 menos de cuatro veces el número que prefiere jugar el lanzamiento?",35
"Una clase de 90 estudiantes tiene varios pasatiempos.11 Me gusta leer, 8 me gusta jugar al ajedrez, 13 les gusta nadar, 6 les gusta jugar a Hurling, y al resto le gusta bailar o hornear.¿Qué porcentaje de los estudiantes les gusta bailar si el número de estudiantes a los que les gusta hornear es 2 menos de seis veces el número que prefiere jugar el lanzamiento?",20
"Un grupo de 150 estudiantes tiene varios pasatiempos.A 59 les gusta bailar, 8 les gusta jugar al ajedrez, 13 les gusta nadar, 3 les gusta jugar a Hurling, y al resto le gusta jugar música o jugar videojuegos.¿Qué porcentaje de los estudiantes les gusta reproducir música si el número de estudiantes a los que les gusta jugar videojuegos es 2 menos de diez veces el número que prefiere jugar a Hurling?",26
"Un grupo de 200 estudiantes tiene varios pasatiempos.A 30 le gusta hornear, 8 les gusta jugar al ajedrez, 13 les gusta nadar, 6 les gusta jugar a Hurling, y al resto le gusta bailar o pintar.¿Qué porcentaje de los estudiantes les gusta bailar si el número de estudiantes a los que les gusta pintar es 5 menos de nueve veces el número que prefiere jugar el lanzamiento?",47
"Gabriel coloca almendras en platos y tazones.Cada plato puede contener 20 almendras, mientras que cada tazón puede contener cuatro veces eso.Gabriel tiene 675 almendras, 9 platos y 3 tazones.Desafortunadamente, se rompen 2 tazones.Gabriel luego come un quinto de todas las almendras.¿Cuántas placas más necesita Gabriel para poder colocar todas las almendras restantes?",14
"Ali coloca galletas en tazones y platos.Cada tazón puede contener 40 galletas, mientras que cada plato puede contener dos veces eso.Ali tiene 675 galletas, 8 tazones y 5 platos.Desafortunadamente, se rompen 2 placas.Ali luego come un noveno de todas las galletas.¿Cuántos tazones más necesita Ali para que pueda colocar todas las galletas restantes?",1
"Sanjay coloca almendras en tazones y platos.Cada tazón puede contener 30 almendras, mientras que cada plato puede contener tres veces eso.Sanjay tiene 675 almendras, 12 tazones y 3 platos.Desafortunadamente, se rompen 2 placas.Sanjay luego come un noveno de todas las almendras.¿Cuántos tazones más necesita Sanjay para poder colocar todas las almendras restantes?",5
"Carlos coloca galletas en tazones y mesas.Cada tazón puede contener 20 galletas, mientras que cada mesa puede contener tres veces eso.Carlos tiene 525 galletas, 13 tazones y 4 mesas.Desafortunadamente, 2 mesas se rompen.Carlos luego come un quinto de todas las galletas.¿Cuántos tazones más necesita Carlos para poder colocar todas las galletas restantes?",2
"Benjamin coloca galletas en tazones y platos.Cada tazón puede contener 21 galletas, mientras que cada plato puede contener dos veces eso.Benjamin tiene 720 galletas, 9 tazones y 3 platos.Desafortunadamente, se rompen 2 placas.Benjamin luego come un octavo de todas las galletas.¿Cuántos tazones más necesita Benjamin para poder colocar todas las galletas restantes?",19
"Wei coloca galletas en tazones y platos.Cada tazón puede contener 25 galletas, mientras que cada plato puede contener cuatro veces eso.Wei tiene 630 galletas, 12 tazones y 3 platos.Desafortunadamente, se rompen 2 placas.Wei luego come un sexto de todas las galletas.¿Cuántos tazones más necesita Wei para que pueda colocar todas las galletas restantes?",5
"Carlos coloca almendras en tazones y mesas.Cada tazón puede contener 24 almendras, mientras que cada mesa puede contener tres veces eso.Carlos tiene 720 almendras, 7 tazones y 3 mesas.Desafortunadamente, 2 mesas se rompen.Carlos luego come un quinto de todas las almendras.¿Cuántos tazones más necesita Carlos para poder colocar todas las almendras restantes?",14
"Arash coloca galletas en mesas y placas.Cada mesa puede contener 25 galletas, mientras que cada placa puede contener seis veces eso.Arash tiene 600 galletas, 11 mesas y 3 placas.Desafortunadamente, se rompen 2 placas.Arash luego come un cuarto de todas las galletas.¿Cuántas mesas más necesita arash para que pueda colocar todas las galletas restantes?",1
"Thiago coloca galletas en tazones y mesas.Cada tazón puede contener 20 galletas, mientras que cada mesa puede contener dos veces eso.Thiago tiene 600 galletas, 17 tazones y 5 mesas.Desafortunadamente, 2 mesas se rompen.Thiago luego come un quinto de todas las galletas.¿Cuántos tazones más necesita Thiago para poder colocar todas las galletas restantes?",1
"Yuki coloca aceitunas en platos y tazones.Cada plato puede contener 24 aceitunas, mientras que cada tazón puede contener dos veces eso.Yuki tiene 720 aceitunas, 11 platos y 3 tazones.Desafortunadamente, se rompen 2 tazones.Yuki luego come dos quintos de todas las aceitunas.¿Cuántas placas más necesita Yuki para poder colocar todas las aceitunas restantes?",5
"Faisal mira la televisión después de terminar su tarea todas las noches.El miércoles y jueves, vio episodios de 4 horas de su programa favorito cada noche.El viernes, vio algunos episodios de un programa de 30 minutos.El sábado, terminó la tarea temprano y vio un episodio de 5 horas y un espectáculo de 15 minutos.El domingo, se quedó despierto hasta tarde, por lo que vio cuatro episodios de 3 horas.El lunes, vio tres episodios, cada 45 minutos.Si vio 28 horas de televisión en total, ¿cuántos episodios de 30 minutos vio el viernes?",1
"Liam mira la televisión después de terminar su tarea todas las noches.El sábado y el domingo, vio episodios de 5 horas de su programa favorito cada noche.El lunes, vio algunos episodios de un programa de 30 minutos.El martes, terminó la tarea temprano y vio un episodio de 4 horas y un programa de 60 minutos.El miércoles, se quedó despierto hasta tarde, por lo que vio tres episodios de 3 horas.El jueves, vio cinco episodios, cada uno de 30 minutos.Si vio 28 horas de televisión en total, ¿cuántos episodios de 30 minutos vio el lunes?",3
"Thiago ve televisión después de terminar su tarea todas las noches.El martes y miércoles, vio episodios de 5 horas de su programa favorito cada noche.El jueves, vio algunos episodios de un programa de 30 minutos.El viernes, terminó la tarea temprano y vio un episodio de 5 horas y un espectáculo de 30 minutos.El sábado, se quedó despierto hasta tarde, por lo que vio tres episodios de 4 horas.El domingo, vio dos episodios, cada uno de 15 minutos.Si vio 31 horas de televisión en total, ¿cuántos episodios de 30 minutos vio el jueves?",6
"Arash mira la televisión después de terminar su tarea todas las noches.El domingo y el lunes, vio episodios de 4 horas de su programa favorito cada noche.El martes, vio algunos episodios de un programa de 45 minutos.El miércoles, terminó la tarea temprano y vio un episodio de 2 horas y un espectáculo de 15 minutos.El jueves, se quedó despierto hasta tarde, por lo que vio cinco episodios de 2 horas.El viernes, vio cuatro episodios, cada uno de 30 minutos.Si vio 26 horas de televisión en total, ¿cuántos episodios de 45 minutos vio el martes?",5
"Leon ve televisión después de terminar su tarea todas las noches.El domingo y el lunes, vio episodios de 4 horas de su programa favorito cada noche.El martes, vio algunos episodios de un programa de 30 minutos.El miércoles, terminó la tarea temprano y vio un episodio de 2 horas y un espectáculo de 60 minutos.El jueves, se quedó despierto hasta tarde, por lo que vio tres episodios de 3 horas.El viernes, vio tres episodios, cada uno de 30 minutos.Si vio 24 horas de televisión en total, ¿cuántos episodios de 30 minutos vio el martes?",5
"Bodhi mira la televisión después de terminar su tarea todas las noches.El miércoles y jueves, vio episodios de 3 horas de su programa favorito cada noche.El viernes, vio algunos episodios de un programa de 60 minutos.El sábado, terminó la tarea temprano y vio un episodio de 5 horas y un espectáculo de 60 minutos.El domingo, se quedó despierto hasta tarde, por lo que vio cuatro episodios de 4 horas.El lunes, vio cuatro episodios, cada uno de 30 minutos.Si vio 31 horas de televisión en total, ¿cuántos episodios de 60 minutos vieron el viernes?",1
"James mira la televisión después de terminar su tarea todas las noches.El martes y el miércoles, vio episodios de 4 horas de su programa favorito cada noche.El jueves, vio algunos episodios de un programa de 15 minutos.El viernes, terminó la tarea temprano y vio un episodio de 4 horas y un espectáculo de 15 minutos.El sábado, se quedó despierto hasta tarde, por lo que vio cuatro episodios de 4 horas.El domingo, vio tres episodios, cada uno de 45 minutos.Si vio 31 horas de televisión en total, ¿cuántos episodios de 15 minutos vio el jueves?",2
"Alejandro mira la televisión después de terminar su tarea todas las noches.El lunes y martes, vio episodios de 4 horas de su programa favorito cada noche.El miércoles, vio algunos episodios de un programa de 45 minutos.El jueves, terminó la tarea temprano y vio un episodio de 4 horas y un espectáculo de 15 minutos.El viernes, se quedó despierto hasta tarde, por lo que vio cuatro episodios de 3 horas.El sábado, vio tres episodios, cada 45 minutos.Si vio 31 horas de televisión en total, ¿cuántos episodios de 45 minutos vio el miércoles?",6
"Mateo mira la televisión después de terminar su tarea todas las noches.El domingo y el lunes, vio episodios de 3 horas de su programa favorito cada noche.El martes, vio algunos episodios de un programa de 60 minutos.El miércoles, terminó la tarea temprano y vio un episodio de 5 horas y un espectáculo de 30 minutos.El jueves, se quedó despierto hasta tarde, por lo que vio dos episodios de 5 horas.El viernes, vio dos episodios, cada uno de 15 minutos.Si vio 29 horas de televisión en total, ¿cuántos episodios de 60 minutos vieron el martes?",7
"Qasim mira televisión después de terminar su tarea todas las noches.El miércoles y jueves, vio episodios de 3 horas de su programa favorito cada noche.El viernes, vio algunos episodios de un programa de 60 minutos.El sábado, terminó la tarea temprano y vio un episodio de 2 horas y un espectáculo de 15 minutos.El domingo, se quedó despierto hasta tarde, por lo que vio cuatro episodios de 3 horas.El lunes, vio tres episodios, cada uno de 15 minutos.Si vio 28 horas de televisión en total, ¿cuántos episodios de 60 minutos vieron el viernes?",7
"Ravi, Pavel tiene actualmente con 22 años de edad.Ravi y Leilani están actualmente con 10 años de diferencia.Ravi, que es más joven que Pavel pero mayor que Leilani, tendrá 47 en 8 años.¿Cuánto más joven es Leilani que la edad promedio de los tres?",14
"Chen, Theo tiene actualmente 10 años de edad.Chen y Tara están actualmente con 7 años de diferencia.Chen, que es más joven que Theo pero mayor que Tara, tendrá 60 en 7 años.¿Cuánto más joven es Tara que la edad promedio de los tres?",8
"Benjamin, Luca tienen actualmente 29 años de edad.Benjamin y Sofía tienen actualmente 17 años de diferencia.Benjamin, que es más joven que Luca pero mayor que Sofía, tendrá 27 en 4 años.¿Cuánto más joven es Sofía que la edad promedio de los tres?",21
"Sakura, Arash tiene actualmente con 29 años de edad.Sakura y Tara están actualmente con 11 años de diferencia.Sakura, que es más joven que Arash pero mayor que Tara, tendrá 66 en 5 años.¿Cuánto más joven es Tara que la edad promedio de los tres?",17
"Luca, Liam tienen actualmente 19 años de edad.Luca y Pavel están actualmente con 10 años de diferencia.Luca, que es más joven que Liam pero mayor que Pavel, tendrá 59 en 6 años.¿Cuánto más joven es Pavel que la edad promedio de los tres?",13
"Sophia, Ibrahim tiene actualmente 27 años de edad.Sophia y Theo están actualmente con 15 años de diferencia.Sophia, que es más joven que Ibrahim pero mayor que Theo, tendrá 35 en 10 años.¿Cuánto más joven es Theo que la edad promedio de los tres?",19
"Olivia, Bodhi tienen actualmente 24 años de edad.Olivia y Keisha están actualmente con 15 años de diferencia.Olivia, que es más joven que Bodhi pero mayor que Keisha, tendrá 42 en 7 años.¿Cuánto más joven es Keisha que la edad promedio de los tres?",18
"Diego, Oscar tienen actualmente 19 años de edad.Diego y Leon están actualmente con 10 años de diferencia.Diego, que es más joven que Oscar pero mayor que Leon, tendrá 36 en 9 años.¿Cuánto más joven es Leon que la edad promedio de los tres?",13
"Esteban, Oliver, actualmente tiene 16 años de edad.Esteban y Yuki están actualmente con 13 años de diferencia.Esteban, que es más joven que Oliver pero mayor que Yuki, tendrá 70 en 6 años.¿Cuánto más joven es Yuki que la edad promedio de los tres?",14
"Yuki, Andre tienen actualmente 17 años de edad.Yuki y Diego tienen actualmente 8 años de diferencia.Yuki, que es más joven que Andre pero mayor que Diego, tendrá 43 en 6 años.¿Cuánto más joven es Diego que la edad promedio de los tres?",11
"Wei está vendiendo pastelitos y pasteles de ciruela para una recaudación de fondos.El lunes, vendió 28 cajas de cupcake y 19 menos cajas de pastel de ciruela, que el martes.El martes, vendió 14 cajas más de cupcakes que el lunes y 27 cajas de pastel de ciruela.El miércoles, vendió tanto como en los últimos dos días combinados.Si la magdalena cuesta $ 11 y el pastel de ciruela cuesta $ 23, ¿cuál fue la ganancia diaria promedio de Wei?",1050
"Benjamin está vendiendo pastelitos y pasteles de piña para una recaudación de fondos.El miércoles, vendió 27 cajas de cupcake y 18 cajas menos de pastel de piña, que el jueves.El jueves, vendió 12 cajas más de cupcakes que el miércoles y 27 cajas de pastel de piña.El viernes, vendió tanto como en los últimos dos días combinados.Si la magdalena cuesta ¥ 8 y el pastel de piña cuesta ¥ 22, ¿cuál fue la ganancia diaria promedio de Benjamin?",880
"Umar está vendiendo magdalenas y pasteles de albaricoque para una recaudación de fondos.El jueves, vendió 28 cajas de muffins y 13 cajas menos de tarta de albaricoque, que el viernes.El viernes, vendió 13 cajas más de muffins que el jueves y 21 cajas de pastel de albaricoque.El sábado, vendió tanto como en los últimos dos días combinados.Si el panecillo cuesta $ 11 y el pastel de albaricoque cuesta $ 30, ¿cuál fue la ganancia diaria promedio de Umar?",1086
"Tariq está vendiendo brownies y pasteles de albaricoque para una recaudación de fondos.El jueves, vendió 25 cajas de brownie y 12 cajas menos de tarta de albaricoque, que el viernes.El viernes, vendió 14 cajas más de brownies que el jueves y 24 cajas de pastel de albaricoque.El sábado, vendió tanto como en los últimos dos días combinados.Si el brownie costó ₣ 9 y el pastel de albaricoque costó ₣ 20, ¿cuál fue la ganancia diaria promedio de Tariq?",864
"Ali está vendiendo magdalenas y pasteles de naranja para un recaudador de fondos.El martes, vendió 22 cajas de muffins y 13 cajas menos de tarta de naranja, que el miércoles.El miércoles, vendió 13 cajas más de muffins que el martes y 23 cajas de pastel de naranja.El jueves, vendió tanto como en los últimos dos días combinados.Si el panecillo cuesta 9 € y el pastel de naranja cuesta 32 €, ¿cuál fue la ganancia diaria promedio de Ali?",1046
"Thiago está vendiendo galletas y pasteles de albaricoque para una recaudación de fondos.El martes, vendió 26 cajas de galletas y 19 menos cajas de tarta de albaricoque, que el miércoles.El miércoles, vendió 14 cajas más de galletas que el martes y 24 cajas de pastel de albaricoque.El jueves, vendió tanto como en los últimos dos días combinados.Si la galleta costó ₣ 11 y el pastel de albaricoque cuesta ₣ 24, ¿cuál fue la ganancia diaria promedio de Thiago?",948
"Carlos está vendiendo pastelitos y pasteles de albaricoque para una recaudación de fondos.El jueves, vendió 24 cajas de cupcake y 19 menos cajas de tarta de albaricoque, que el viernes.El viernes, vendió 12 cajas más de cupcakes que el jueves y 29 cajas de pastel de albaricoque.El sábado, vendió tanto como en los últimos dos días combinados.Si la magdalena cuesta ¥ 8 y el pastel de albaricoque costó ¥ 21, ¿cuál fue la ganancia diaria promedio de Carlos?",866
"Viktor está vendiendo galletas y pasteles de sandía para una recaudación de fondos.El martes, vendió 22 cajas de galletas y 14 cajas menos de pastel de sandía, que el miércoles.El miércoles, vendió 14 cajas más de galletas que el martes y 23 cajas de pastel de sandía.El jueves, vendió tanto como en los últimos dos días combinados.Si la galleta cuesta ₣ 10 y el pastel de sandía cuesta ₣ 22, ¿cuál fue la ganancia diaria promedio de Viktor?",856
"Gabriel está vendiendo magdalenas y pasteles de ciruela para una recaudación de fondos.El domingo, vendió 28 cajas de muffins y 11 cajas menos de pastel de ciruela, que el lunes.El lunes, vendió 14 cajas más de muffins que el domingo y 22 cajas de pastel de ciruela.El martes, vendió tanto como en los últimos dos días combinados.Si el panecillo costó $ 12 y el pastel de ciruela cuesta $ 22, ¿cuál fue la ganancia diaria promedio de Gabriel?",1044
"Viktor está vendiendo magdalenas y pasteles de piña para una recaudación de fondos.El domingo, vendió 24 cajas de muffins y 15 cajas menos de pastel de piña, que el lunes.El lunes, vendió 12 cajas más de muffins que el domingo y 27 cajas de pastel de piña.El martes, vendió tanto como en los últimos dos días combinados.Si el panecillo costó ₺12 y el pastel de piña cuestan ₺23, ¿cuál fue la ganancia diaria promedio de Viktor?",1078
"Diego tiene 21 años.En 5 años, su primo Priya será 2 veces más viejo que Diego ahora.El hermano de Diego, Qasim, es 9 años menor que Diego, y la hermana de Priya, Mia, es 10 años mayor que Qasim.¿Cuál será el promedio de los cuatro en 4 años?",27
"Oliver tiene 15 años.En 8 años, su prima Olivia será 3 veces más antigua que Oliver ahora.El hermano de Oliver, Gabriel, es 11 años menor que Oliver, y la hermana de Olivia Fatima es 8 años mayor que Gabriel.¿Cuál será el promedio de los cuatro en 5 años?",22
"Kai tiene 22 años.En 5 años, su primo Uma será 4 veces más viejo que Kai ahora.El hermano de Kai, Jamal, es 6 años menor que Kai, y la hermana de Uma Rania es 11 años mayor que Jamal.¿Cuál será el promedio de los cuatro en 4 años?",41
"Carlos tiene 14 años.En 8 años, su primo Yara será 4 veces más viejo que Carlos ahora.El hermano de Carlos, Jin, es 11 años menor que Carlos, y la hermana de Yara, Mia, es 8 años mayor que Jin.¿Cuál será el promedio de los cuatro en 6 años?",25
"Oscar tiene 15 años.En 9 años, su primo Zahra será 3 veces más viejo que Oscar ahora.El hermano de Oscar, Oliver, es 12 años menor que Oscar, y la hermana de Zahra, Emma, ​​es 11 años mayor que Oliver.¿Cuál será el promedio de los cuatro en 3 años?",20
"Theo tiene 20 años.En 7 años, su primo Yara será 2 veces más viejo que Theo ahora.El hermano de Theo, Oscar, es 7 años más joven que Theo, y la hermana de Yara Tara es 9 años mayor que Oscar.¿Cuál será el promedio de los cuatro en 6 años?",28
"Oliver tiene 12 años.En 9 años, su primo Ananya será 3 veces más viejo que Oliver ahora.El hermano de Oliver, Kai, es 9 años menor que Oliver, y la hermana de Ananya, Kimia, es 7 años mayor que Kai.¿Cuál será el promedio de los cuatro en 4 años?",17
"Deshawn tiene 23 años.En 8 años, su primo Ananya será 4 veces más viejo que Deshawn ahora.El hermano de DeShawn, Diego, es 9 años menor que Deshawn, y la hermana de Ananya Sophia es 9 años mayor que Diego.¿Cuál será el promedio de los cuatro en 2 años?",38
"Bodhi tiene 21 años.En 8 años, su primo Valentina será 3 veces más viejo que Bodhi ahora.El hermano de Bodhi, Qasim, es 9 años menor que Bodhi, y la hermana de Valentina, Beatriz, es 8 años mayor que Qasim.¿Cuál será el promedio de los cuatro en 2 años?",29
"Qasim tiene 15 años.En 2 años, su prima Elena será 3 veces más vieja que Qasim ahora.El hermano de Qasim, Liam, es 9 años menor que Qasim, y la hermana de Elena Sophia es 10 años mayor que Liam.¿Cuál será el promedio de los cuatro en 5 años?",25
"Cuando Sofía mira a su hermano, ella saca una variedad de juguetes para él.La bolsa de bloques de construcción tiene 33 bloques.El contenedor de animales de peluche tiene 5 animales de peluche adentro.El número de figuras de acción en el paquete de figuras de acción es el doble de bloques y animales rellenos combinados.La caja de Crayon tiene 12 colores diferentes de crayón, y el libro de pegatinas tiene 9 páginas, cada una con 13 pegatinas.La Torre de los Anillos de Atratación tiene 28 anillos multicolores.Sofía recientemente compró un tubo de bolas hinchables, lo que trajo su número total de artículos para su hermano hasta 320. ¿Cuántas bolas hinchadas llegaron en el tubo?",49
"Cuando Nadia mira a su prima, ella saca una variedad de juguetes para él.La bolsa de bloques de construcción tiene 36 bloques.El contenedor de animales de peluche tiene 8 animales de peluche adentro.El número de figuras de acción en el paquete de figuras de acción es el doble de bloques y animales rellenos combinados.La caja de Crayon tiene 12 colores diferentes de crayón, y el libro de pegatinas tiene 9 páginas, cada una con 12 pegatinas.La Torre de los Anillos de Atratación tiene 30 anillos multicolores.Nadia recientemente compró un tubo de bolas hinchables, lo que trajo su número total de artículos para su primo hasta 330. ¿Cuántas bolas hinchables entraron en el tubo?",48
"Cuando Nia mira a su prima, ella saca una variedad de juguetes para él.La bolsa de bloques de construcción tiene 36 bloques.El contenedor de animales de peluche tiene 8 animales de peluche adentro.El número de figuras de acción en el paquete de figuras de acción es el doble de bloques y animales rellenos combinados.La caja de Crayon tiene 12 colores diferentes de Crayon, y el libro de pegatinas tiene 9 páginas, cada una con 11 pegatinas.La Torre de los Anillos de Atratación tiene 26 anillos multicolores.Nia recientemente compró un tubo de bolas hinchables, lo que trajo su número total de artículos para su primo hasta 310. ¿Cuántas bolas hinchables llegaron en el tubo?",41
"Cuando Kayla mira a su hermano, ella saca una variedad de juguetes para él.La bolsa de bloques de construcción tiene 32 bloques.El contenedor de animales de peluche tiene 5 animales de peluche adentro.El número de figuras de acción en el paquete de figuras de acción es el doble de bloques y animales rellenos combinados.La caja de Crayon tiene 12 colores diferentes de Crayon, y el libro de pegatinas tiene 6 páginas, cada una con 11 pegatinas.La Torre de los Anillos de Atratación tiene 32 anillos multicolores.Kayla compró recientemente un tubo de bolas hinchables, trayendo su número total de artículos para su hermano hasta 270. ¿Cuántas bolas hinchables llegaron en el tubo?",49
"Cuando Xena mira a su prima, ella saca una variedad de juguetes para él.La bolsa de bloques de construcción tiene 33 bloques.El contenedor de animales de peluche tiene 8 animales de peluche adentro.El número de figuras de acción en el paquete de figuras de acción es el doble de bloques y animales rellenos combinados.La caja de Crayon tiene 12 colores diferentes de crayón, y el libro de pegatinas tiene 7 páginas, cada una con 12 pegatinas.La Torre de los Anillos de Atratación tiene 26 anillos multicolores.Xena recientemente compró un tubo de bolas hinchables, trayendo su número total de artículos para su primo hasta 300. ¿Cuántas bolas hinchables entraron en el tubo?",55
"Cuando Mia mira a su hermano, ella saca una variedad de juguetes para él.La bolsa de bloques de construcción tiene 42 bloques.El contenedor de animales de peluche tiene 5 animales de peluche adentro.El número de figuras de acción en el paquete de figuras de acción es el doble de bloques y animales rellenos combinados.La caja de Crayon tiene 12 colores diferentes de Crayon, y el libro de pegatinas tiene 6 páginas, cada una con 9 pegatinas.La Torre de los Anillos de Atratación tiene 34 anillos multicolores.Recientemente, Mia compró un tubo de bolas hinchables, lo que trajo su número total de artículos para su hermano hasta 290. ¿Cuántas bolas hinchadas llegaron en el tubo?",49
"Cuando Chen mira a su sobrino, ella saca una variedad de juguetes para él.La bolsa de bloques de construcción tiene 32 bloques.El contenedor de animales de peluche tiene 6 animales de peluche adentro.El número de figuras de acción en el paquete de figuras de acción es el doble de bloques y animales rellenos combinados.La caja de Crayon tiene 12 colores diferentes de crayón, y el libro de pegatinas tiene 8 páginas, cada una con 13 pegatinas.La Torre de los Anillos de Atratación tiene 28 anillos multicolores.Chen recientemente compró un tubo de bolas hinchables, trayendo su número total de artículos para su sobrino hasta 300. ¿Cuántas bolas hinchables entraron en el tubo?",42
"Cuando Haruka mira a su hermano, ella saca una variedad de juguetes para él.La bolsa de bloques de construcción tiene 34 bloques.El contenedor de animales de peluche tiene 8 animales de peluche adentro.El número de figuras de acción en el paquete de figuras de acción es el doble de bloques y animales rellenos combinados.La caja de Crayon tiene 12 colores diferentes de crayón, y el libro de pegatinas tiene 9 páginas, cada una con 9 pegatinas.La Torre de los Anillos de Atratación tiene 26 anillos multicolores.Haruka recientemente compró un tubo de bolas hinchables, lo que trajo su número total de artículos para su hermano hasta 300. ¿Cuántas bolas hinchadas entraron en el tubo?",55
"Cuando Yara mira a su sobrino, ella saca una variedad de juguetes para él.La bolsa de bloques de construcción tiene 35 bloques.El contenedor de animales de peluche tiene 9 animales de peluche adentro.El número de figuras de acción en el paquete de figuras de acción es el doble de bloques y animales rellenos combinados.La caja de Crayon tiene 12 colores diferentes de crayón, y el libro de pegatinas tiene 7 páginas, cada una con 13 pegatinas.La Torre de los Anillos de Atratación tiene 31 anillos multicolores.Recientemente, Yara compró un tubo de bolas hinchables, trayendo su número total de artículos para su sobrino hasta 340. ¿Cuántas bolas hinchables entraron en el tubo?",74
"Cuando Tara mira a su sobrino, ella saca una variedad de juguetes para él.La bolsa de bloques de construcción tiene 38 bloqueos.El contenedor de animales de peluche tiene 5 animales de peluche adentro.El número de figuras de acción en el paquete de figuras de acción es el doble de bloques y animales rellenos combinados.La caja de Crayon tiene 12 colores diferentes de crayón, y el libro de pegatinas tiene 7 páginas, cada una con 11 pegatinas.La Torre de los Anillos de Atratación tiene 30 anillos multicolores.Tara recientemente compró un tubo de bolas hinchables, lo que trajo su número total de artículos para su sobrino hasta 290. ¿Cuántas bolas hinchables entraron en el tubo?",42
"Un tío come 16 pizzas por día, su cónyuge come 16 pizzas por día y su nieto come la mitad del número combinado de pizzas que comen por día.Después de un mes, la familia decide hacer una dieta en el segundo mes, reduciendo su consumo de alimentos en un 25% durante la primera mitad del mes, y luego en un 50% adicional para la segunda mitad.¿Cuántas pizzas come esta familia en dos meses?",2250
"Un tío come 24 hamburguesas por día, su cónyuge come 24 hamburguesas por día, y su nieto come la mitad del número combinado de hamburguesas que comen por día.Después de un mes, la familia decide hacer una dieta en el segundo mes, reduciendo su consumo de alimentos en un 75% durante la primera mitad del mes, y luego en un 50% adicional para la segunda mitad.¿Cuántas hamburguesas come esta familia en dos meses?",2565
"Un padre come 5 burritos por día, su esposa come 25 burritos por día y su hija come un tercio del número combinado de burritos que comen por día.Después de un mes, la familia decide hacer una dieta en el segundo mes, reduciendo su consumo de alimentos en un 60% durante la primera mitad del mes, y luego en un 50% adicional para la segunda mitad.¿Cuántos burritos come esta familia en dos meses?",1560
"Un abuelo come 10 rollos de sushi por día, su pareja come 15 rollos de sushi por día y su hijo come cuatro quintos del número combinado de rollos de sushi que comen por día.Después de un mes, la familia decide hacer una dieta en el segundo mes, reduciendo su consumo de alimentos en un 20% durante la primera mitad del mes, y luego en un 25% adicional para la segunda mitad.¿Cuántos rollos de sushi come esta familia en dos meses?",2295
"Un padre come 20 pizzas por día, su esposa come 5 pizzas por día y su hija come una quinta parte del número combinado de pizzas que comen por día.Después de un mes, la familia decide hacer una dieta en el segundo mes, reduciendo su consumo de alimentos en un 20% durante la primera mitad del mes, y luego en un 75% adicional para la segunda mitad.¿Cuántas pizzas come esta familia en dos meses?",1350
"Un padre come 25 hamburguesas por día, su esposa come 20 hamburguesas por día y su hija come dos tercios del número combinado de hamburguesas que comen por día.Después de un mes, la familia decide hacer una dieta en el segundo mes, reduciendo su consumo de alimentos en un 20% durante la primera mitad del mes, y luego en un 25% adicional para la segunda mitad.¿Cuántas hamburguesas come esta familia en dos meses?",3825
"Un tío come 20 rollos de sushi por día, su cónyuge come 10 rollos de sushi por día, y su nieto come dos sextos del número combinado de rollos de sushi que comen por día.Después de un mes, la familia decide hacer una dieta en el segundo mes, reduciendo su consumo de alimentos en un 60% durante la primera mitad del mes, y luego en un 75% adicional para la segunda mitad.¿Cuántos rollos de sushi come esta familia en dos meses?",1500
"Un tío come 10 burritos por día, su cónyuge come 20 burritos por día, y su nieto come tres sextos del número combinado de burritos que comen por día.Después de un mes, la familia decide hacer una dieta en el segundo mes, reduciendo su consumo de alimentos en un 20% durante la primera mitad del mes, y luego en un 75% adicional para la segunda mitad.¿Cuántos burritos come esta familia en dos meses?",2025
"Un abuelo come 20 hamburguesas por día, su compañero come 20 hamburguesas por día y su hijo come tres sextos del número combinado de hamburguesas que comen por día.Después de un mes, la familia decide hacer una dieta en el segundo mes, reduciendo su consumo de alimentos en un 25% durante la primera mitad del mes, y luego en un 20% adicional para la segunda mitad.¿Cuántas hamburguesas come esta familia en dos meses?",3015
"Un abuelo come 10 tacos por día, su pareja come 20 tacos por día y su hijo come la mitad del número combinado de tacos que comen por día.Después de un mes, la familia decide hacer una dieta en el segundo mes, reduciendo su consumo de alimentos en un 60% durante la primera mitad del mes, y luego en un 50% adicional para la segunda mitad.¿Cuántos tacos come esta familia en dos meses?",1755
"Kimia tiene un macizo de flores de 126 pies de largo.Kimia quiere llenar su cama de flores con plantas.Las flores de Kimia crecen 7 pies de ancho, por lo que necesita dejar 14 pies entre cada planta (incluido el ancho de las plantas).Kimia ya posee 6 flores.Cada planta de floración cuesta ₣ 4 en la tienda.Sin embargo, si compra más de 2 plantas, recibirá un descuento ₣ 5 en toda la compra.¿Cuánto dinero gastará Kimia en la tienda para llenar su cama de flores?",7
"Gabrielle tiene un macizo de flores de 150 metros de largo.Gabrielle quiere llenar su cama de flores con plantas.Las flores de Gabrielle cultivan 3 metros de ancho, por lo que necesita dejar 15 metros entre cada planta (incluido el ancho de las plantas).Gabrielle ya posee 7 flores.Cada planta de floración cuesta $ 3 en la tienda.Sin embargo, si compra más de 2 plantas, recibirá un descuento de $ 8 en toda la compra.¿Cuánto dinero gastará Gabrielle en la tienda para llenar su cama de flores?",1
"Mei tiene una cama de flores de 120 metros de largo.Mei quiere llenar su cama de flores con plantas.Las flores de MEI cultivan 4 metros de ancho, por lo que necesita dejar 12 metros entre cada planta (incluido el ancho de las plantas).Mei ya posee 6 flores.Cada planta de floración cuesta $ 5 en la tienda.Sin embargo, si compra más de 2 plantas, recibirá un descuento de $ 5 en toda la compra.¿Cuánto dinero gastará Mei en la tienda para llenar su cama de flores?",15
"Haruka tiene una cama de flores de 117 metros de largo.Haruka quiere llenar su cama de flores con plantas.Las flores de Haruka cultivan 3 metros de ancho, por lo que necesita dejar 13 metros entre cada planta (incluido el ancho de las plantas).Haruka ya posee 6 flores.Cada planta de floración cuesta 8 € en la tienda.Sin embargo, si compra más de 2 plantas, recibirá un descuento de 9 € en toda la compra.¿Cuánto dinero gastará Haruka en la tienda para llenar su cama de flores?",15
"Valentina tiene un macizo de flores de 144 pies de largo.Valentina quiere llenar su cama de flores con plantas.Las flores de Valentina crecen 7 pies de ancho, por lo que necesita dejar 18 pies entre cada planta (incluido el ancho de las plantas).Valentina ya posee 5 flores.Cada planta de floración cuesta $ 5 en la tienda.Sin embargo, si compra más de 2 plantas, recibirá un descuento de $ 8 en toda la compra.¿Cuánto dinero gastará Valentina en la tienda para llenar su cama de flores?",7
"Zahra tiene un macizo de flores de 144 pies de largo.Zahra quiere llenar su cama de flores con plantas.Las flores de Zahra crecen 4 pies de ancho, por lo que necesita dejar 12 pies entre cada planta (incluido el ancho de las plantas).Zahra ya posee 5 flores.Cada planta de floración cuesta ₣ 13 en la tienda.Sin embargo, si compra más de 2 plantas, recibirá un descuento ₣ 5 en toda la compra.¿Cuánto dinero gastará Zahra en la tienda para llenar su cama de flores?",86
"Isabella tiene un macizo de flores de 143 metros de largo.Isabella quiere llenar su cama de flores con plantas.Las flores de Isabella cultivan 2 metros de ancho, por lo que necesita dejar 13 metros entre cada planta (incluido el ancho de las plantas).Isabella ya posee 5 flores.Cada planta de floración cuesta ₣ 10 en la tienda.Sin embargo, si compra más de 2 plantas, recibirá un descuento ₣ 7 en toda la compra.¿Cuánto dinero gastará Isabella en la tienda para llenar su cama de flores?",53
"Daphne tiene una cama de flores de 144 metros de largo.Daphne quiere llenar su cama de flores con plantas.Las flores de Daphne cultivan 2 metros de ancho, por lo que necesita dejar 12 metros entre cada planta (incluido el ancho de las plantas).Daphne ya posee 7 flores.Cada planta de floración cuesta ¥ 3 en la tienda.Sin embargo, si compra más de 2 plantas, recibirá un descuento de ¥ 9 en toda la compra.¿Cuánto dinero gastará Daphne en la tienda para llenar su cama de flores?",6
"Sakura tiene un macizo de flores de 120 metros de largo.Sakura quiere llenar su cama de flores con plantas.Las flores de Sakura crecen 7 metros de ancho, por lo que necesita dejar 12 metros entre cada planta (incluido el ancho de las plantas).Sakura ya posee 7 flores.Cada planta de floración cuesta ₺9 en la tienda.Sin embargo, si compra más de 2 plantas, recibirá un descuento ₺6 en toda la compra.¿Cuánto dinero gastará Sakura en la tienda para llenar su cama de flores?",21
"Mia tiene un macizo de flores de 128 pies de largo.Mia quiere llenar su cama de flores con plantas.Las flores de Mia crecen 2 pies de ancho, por lo que necesita dejar 16 pies entre cada planta (incluido el ancho de las plantas).Mia ya posee 5 flores.Cada planta de floración cuesta ¥ 3 en la tienda.Sin embargo, si compra más de 2 plantas, recibirá un descuento de ¥ 8 en toda la compra.¿Cuánto dinero gastará Mia en la tienda para llenar su cama de flores?",1
"Andre está haciendo palomitas de maíz para un refrigerio.A medida que la olla de núcleos se calienta, los núcleos comienzan a aparecer más rápido.80 estallan en los primeros 10 segundos de cocción, luego 4 veces esa cantidad en los próximos 10 segundos.Los núcleos aumentan a 6 veces la tasa de estallido inicial en los próximos 10 segundos.En los últimos 10 segundos, el estallido disminuye a la mitad de la velocidad en los últimos 10 segundos.Después de que Andre quita la olla del calor, una cuarta parte del número de núcleos que aparecieron en los últimos 10 segundos de cocción también aparecen del calor residual.Andre da 1/10 de las palomitas de maíz hechas a su hermano Jin.¿Cuántas piezas más de palomitas de maíz tiene que comer Andre que su hermano?",944
"Benjamin está haciendo palomitas de maíz para un refrigerio.A medida que la sartén de los núcleos se calienta, los núcleos comienzan a aparecer más rápido.80 aparecen en los primeros 26 segundos de cocción, luego 2 veces esa cantidad en los siguientes 26 segundos.Los núcleos aumentan a 3 veces la tasa de estallido inicial en los próximos 26 segundos.En los últimos 26 segundos, el estallido disminuye a la mitad de la velocidad como los últimos 26 segundos.Después de que Benjamin quita la sartén del calor, una cuarta parte del número de núcleos que aparecieron en los últimos 26 segundos de cocción también aparecen del calor residual.Benjamin da 1/7 de las palomitas de maíz hechas a su hermano Yusuf.¿Cuántas piezas más de palomitas de maíz tiene que comer Benjamin que su hermano?",450
"Oliver está haciendo palomitas de maíz para un refrigerio.A medida que la sartén de los núcleos se calienta, los núcleos comienzan a aparecer más rápido.60 aparecen en los primeros 22 segundos de cocción, luego 3 veces esa cantidad en los próximos 22 segundos.Los núcleos aumentan a 4 veces la tasa de estallido inicial en los próximos 22 segundos.En los últimos 22 segundos, el estallido disminuye a la mitad de la velocidad como los últimos 22 segundos.Después de que Oliver quita la sartén del calor, una cuarta parte del número de núcleos que aparecieron en los últimos 22 segundos de cocción también aparecen del calor residual.Oliver da una décima parte de las palomitas de maíz a su hermano Thiago.¿Cuántas piezas más de palomitas de maíz tiene que comer Oliver que su hermano?",504
"Thiago está haciendo palomitas de maíz para un refrigerio.A medida que la sartén de los núcleos se calienta, los núcleos comienzan a aparecer más rápido.40 estallan en los primeros 26 segundos de cocción, luego 3 veces esa cantidad en los próximos 26 segundos.Los núcleos aumentan a 4 veces la tasa de estallido inicial en los próximos 26 segundos.En los últimos 26 segundos, el estallido disminuye a la mitad de la velocidad como los últimos 26 segundos.Después de que Thiago quita la sartén del calor, una cuarta parte del número de núcleos que aparecieron en los últimos 26 segundos de cocción también aparecen del calor residual.Thiago da 1/10 de las palomitas de maíz hechas a su hermano Sanjay.¿Cuántas piezas más de palomitas de maíz tiene que comer Thiago que su hermano?",336
"Sanjay está haciendo palomitas de maíz para un refrigerio.A medida que la sartén de los núcleos se calienta, los núcleos comienzan a aparecer más rápido.80 aparecen en los primeros 26 segundos de cocción, luego 4 veces esa cantidad en los próximos 26 segundos.Los núcleos aumentan a 6 veces la tasa de estallido inicial en los próximos 26 segundos.En los últimos 26 segundos, el estallido disminuye a la mitad de la velocidad como los últimos 26 segundos.Después de que Sanjay quita la sartén del calor, una cuarta parte del número de núcleos que aparecieron en los últimos 26 segundos de cocción también aparecen del calor residual.Sanjay da 1/5 de las palomitas de maíz hechas a su hermano Noah.¿Cuántas piezas más de palomitas de maíz tiene que comer Sanjay que su hermano?",708
"Oscar está haciendo palomitas de maíz para un refrigerio.A medida que la sartén de los núcleos se calienta, los núcleos comienzan a aparecer más rápido.80 aparecen en los primeros 16 segundos de cocción, luego 3 veces esa cantidad en los próximos 16 segundos.Los núcleos aumentan a 5 veces la tasa de estallido inicial en los próximos 16 segundos.En los últimos 16 segundos, el estallido disminuye a la mitad de la velocidad como los últimos 16 segundos.Después de que Oscar quita la sartén del calor, una cuarta parte del número de núcleos que aparecieron en los últimos 16 segundos de cocción también aparecen del calor residual.Oscar da dos quintos de las palomitas de maíz hechas a su hermano Benjamin.¿Cuántas piezas más de palomitas de maíz tiene que comer que su hermano?",194
"Pavel está haciendo palomitas de maíz para un refrigerio.A medida que la sartén de los núcleos se calienta, los núcleos comienzan a aparecer más rápido.80 aparecen en los primeros 12 segundos de cocción, luego 2 veces esa cantidad en los siguientes 12 segundos.Los núcleos aumentan a 6 veces la tasa de estallido inicial en los próximos 12 segundos.En los últimos 12 segundos, el estallido disminuye a la mitad de la velocidad como los últimos 12 segundos.Después de que Pavel quita la sartén del calor, una cuarta parte del número de núcleos que aparecieron en los últimos 12 segundos de cocción también aparecen del calor residual.Pavel da un sexto de las palomitas de maíz hechas a su hermano Luca.¿Cuántas piezas más de palomitas de maíz tiene que comer que su hermano?",680
"Leon está haciendo palomitas de maíz para un refrigerio.A medida que la olla de núcleos se calienta, los núcleos comienzan a aparecer más rápido.40 estallan en los primeros 26 segundos de cocción, luego 4 veces esa cantidad en los siguientes 26 segundos.Los núcleos aumentan a 5 veces la tasa de estallido inicial en los próximos 26 segundos.En los últimos 26 segundos, el estallido disminuye a la mitad de la velocidad como los últimos 26 segundos.Después de que Leon quita la olla del calor, una cuarta parte del número de núcleos que aparecieron en los últimos 26 segundos de cocción también aparecen del calor residual.Leon da dos quintos de las palomitas de maíz hechas a su hermano Noah.¿Cuántas piezas más de palomitas de maíz tiene que comer que su hermano?",105
"Deshawn está haciendo palomitas de maíz para un refrigerio.A medida que la sartén de los núcleos se calienta, los núcleos comienzan a aparecer más rápido.100 aparecen en los primeros 30 segundos de cocción, luego 2 veces esa cantidad en los siguientes 30 segundos.Los núcleos aumentan a 4 veces la tasa de estallido inicial en los siguientes 30 segundos.En los últimos 30 segundos, el estallido disminuye a la mitad de la velocidad como los últimos 30 segundos.Después de que Deshawn quita la sartén del calor, una cuarta parte del número de núcleos que aparecieron en los últimos 30 segundos de cocción también aparecen del calor residual.Deshawn da 2/5 de las palomitas de maíz hechas a su hermano Ibrahim.¿Cuántas piezas más de palomitas de maíz tiene que comer Deshawn que su hermano?",190
"Mohammed está haciendo palomitas de maíz para un refrigerio.A medida que la olla de núcleos se calienta, los núcleos comienzan a aparecer más rápido.20 estallan en los primeros 16 segundos de cocción, luego 2 veces esa cantidad en los próximos 16 segundos.Los núcleos aumentan a 4 veces la tasa de estallido inicial en los próximos 16 segundos.En los últimos 16 segundos, el estallido disminuye a la mitad de la velocidad como los últimos 16 segundos.Después de que Mohammed quita la olla del calor, una cuarta parte del número de núcleos que aparecieron en los últimos 16 segundos de cocción también aparecen del calor residual.Mohammed da 2/5 de las palomitas de maíz hechas a su hermano Arash.¿Cuántas piezas más de palomitas de maíz tiene que comer Mohammed que su hermano?",38
"Luca quiere hacer cubitos de hielo de diferentes tamaños con 337 onzas de agua.Puede hacer cubos gigantes que usan 14 onzas por cubo, cubos medios que usan 3 onzas, cubos pequeños que usan 1/2 de onza y pequeños cubos que son la mitad del tamaño de los cubos pequeños.Hace 47 cubitos de hielo en total, incluidos 9 cubos gigantes, 14 cubitos pequeños, 12 cubos medianos y algunos cubos pequeños.¿Cuántas onzas de agua le queda Luca?",165
"Deshawn quiere hacer cubitos de hielo de diferentes tamaños con 312 onzas de agua.Puede hacer cubos gigantes que usan 15 onzas por cubo, cubos medios que usan 5 onzas, pequeños cubos que usan 1/2 de onza y pequeños cubos que son la mitad del tamaño de los cubos pequeños.Hace 46 cubitos de hielo en total, incluidos 8 cubos gigantes, 14 cubos pequeños, 12 cubos medianos y algunos cubos pequeños.¿Cuántas onzas de agua le queda Deshawn?",122
"Noah quiere hacer cubitos de hielo de diferentes tamaños con 336 onzas de agua.Puede hacer cubos gigantes que usan 15 onzas por cubo, cubos medios que usan 4 onzas, pequeños cubos que usan 1/2 de onza y pequeños cubos que son la mitad del tamaño de los cubos pequeños.Hace 49 cubitos de hielo en total, incluidos 8 cubos gigantes, 14 cubos pequeños, 15 cubos medianos y algunos cubos pequeños.¿Cuántas onzas de agua le queda Noé?",146
"Viktor quiere hacer cubitos de hielo de diferentes tamaños con 313 onzas de agua.Puede hacer cubos gigantes que usan 12 onzas por cubo, cubos medios que usan 4 onzas, pequeños cubos que usan 1/2 de onza y pequeños cubos que son la mitad del tamaño de los cubos pequeños.Hace 50 cubitos de hielo en total, incluidos 12 cubos gigantes, 14 cubitos pequeños, 12 cubos medianos y algunos cubos pequeños.¿Cuántas onzas de agua le queda a Viktor?",111
"Alejandro quiere hacer cubitos de hielo de diferentes tamaños con 309 onzas de agua.Puede hacer cubos gigantes que usan 14 onzas por cubo, cubos medios que usan 6 onzas, pequeños cubos que usan 1/2 de onza y pequeños cubos que son la mitad del tamaño de los cubos pequeños.Hace 50 cubitos de hielo en total, incluidos 9 cubos gigantes, 14 cubos pequeños, 15 cubos medianos y algunos cubos pequeños.¿Cuántas onzas de agua le queda Alejandro?",83
"Oliver quiere hacer cubitos de hielo de diferentes tamaños con 326 onzas de agua.Puede hacer cubos gigantes que usan 14 onzas por cubo, cubos medios que usan 4 onzas, pequeños cubos que usan 2/4 de onza y pequeños cubos que son la mitad del tamaño de los cubos pequeños.Hace 48 cubitos de hielo en total, incluidos 10 cubos gigantes, 14 cubitos pequeños, 12 cubos medianos y algunos cubos pequeños.¿Cuántas onzas de agua le queda Oliver?",128
"Carlos quiere hacer cubitos de hielo de diferentes tamaños con 318 onzas de agua.Puede hacer cubos gigantes que usan 13 onzas por cubo, cubos medios que usan 3 onzas, pequeños cubos que usan 2/4 de onza y pequeños cubos que son la mitad del tamaño de los cubos pequeños.Hace 47 cubitos de hielo en total, incluidos 9 cubos gigantes, 14 cubitos pequeños, 12 cubos medianos y algunos cubos pequeños.¿Cuántas onzas de agua le queda a Carlos?",155
"Mateo quiere hacer cubitos de hielo de diferentes tamaños con 322 onzas de agua.Puede hacer cubos gigantes que usan 12 onzas por cubo, cubos medios que usan 6 onzas, pequeños cubos que usan 2/4 de onza y pequeños cubos que son la mitad del tamaño de los cubos pequeños.Hace 48 cubitos de hielo en total, incluidos 10 cubos gigantes, 14 cubitos pequeños, 12 cubos medianos y algunos cubos pequeños.¿Cuántas onzas de agua le queda a Mateo?",120
"Alejandro quiere hacer cubitos de hielo de diferentes tamaños con 341 onzas de agua.Puede hacer cubos gigantes que usan 13 onzas por cubo, cubos medios que usan 3 onzas, cubos pequeños que usan 1/2 de onza y pequeños cubos que son la mitad del tamaño de los cubos pequeños.Hace 50 cubitos de hielo en total, incluidos 9 cubos gigantes, 14 cubos pequeños, 15 cubos medianos y algunos cubos pequeños.¿Cuántas onzas de agua le queda Alejandro?",169
"Ali quiere hacer cubitos de hielo de diferentes tamaños con 331 onzas de agua.Puede hacer cubos gigantes que usan 16 onzas por cubo, cubos medios que usan 4 onzas, pequeños cubos que usan 1/2 de onza y pequeños cubos que son la mitad del tamaño de los cubos pequeños.Hace 48 cubitos de hielo en total, incluidos 10 cubos gigantes, 14 cubitos pequeños, 12 cubos medianos y algunos cubos pequeños.¿Cuántas onzas de agua le queda Ali?",113
"En una prueba de 100 ítems, el 40% de las preguntas son química, el 20% son geografía, y el resto se dividen igualmente como cuestiones de historia y álgebra.Si Aisha seguramente obtendrá el 25% de las preguntas de geografía, el 100% de las preguntas de química y una décima parte de la historia y las preguntas de álgebra correctamente, ¿cuántos puntos seguramente obtendrá?",49
"En una prueba de 80 ítems, el 50% de las preguntas son química, el 5% son biología, y el resto se dividen igualmente como geometría y preguntas de literatura.Si Keisha seguramente obtendrá el 25% de las preguntas de biología, el 70% de las preguntas de química y un tercio de las preguntas de geometría y literatura correctamente, ¿cuántos puntos seguramente obtendrá?",41
"En una prueba de 80 ítems, el 55% de las preguntas son física, el 20% son geometría, y el resto se dividen igualmente como preguntas de literatura y geografía.Si Rania seguramente obtendrá el 25% de las preguntas de geometría, el 100% de las preguntas de física y la 1/2 de las preguntas de literatura y geografía correctamente, ¿cuántos puntos seguramente obtendrá?",58
"En una prueba de 40 ítems, el 50% de las preguntas son química, el 10% son historia, y el resto se dividen igualmente como preguntas de geografía y biología.Si OLGA seguramente obtendrá el 25% de las preguntas de la historia, el 85% de las preguntas de química y 1/8 de las preguntas de geografía y biología correctamente, ¿cuántos puntos seguramente obtendrá?",20
"En un cuestionario de 120 ítems, el 5% de las preguntas son economía, el 20% son biología, y el resto están igualmente divididos como preguntas físicas e historia.Si Amelia seguramente obtendrá el 25% de las preguntas de biología, el 100% de las preguntas económicas y 1/3 de las preguntas de física e historia correctamente, ¿cuántos puntos seguramente obtendrá?",42
"En una prueba de 80 ítems, el 25% de las preguntas son física, el 15% son biología, y el resto se dividen igualmente como preguntas de geografía y literatura.Si Fátima seguramente obtendrá el 25% de las preguntas de biología, el 40% de las preguntas de física y una octava de las preguntas de geografía y literatura, ¿cuántos puntos seguramente obtendrá?",17
"En una prueba de 120 ítems, el 30% de las preguntas son geografía, el 20% son álgebra y el resto se dividen igualmente como preguntas de historia y química.Si Gabrielle seguramente obtendrá el 25% de las preguntas de álgebra, el 50% de las preguntas de geografía y una décima parte de las preguntas de historia y química correctamente, ¿cuántos puntos seguramente obtendrá?",30
"En una prueba de 80 ítems, el 35% de las preguntas son historia, el 15% son biología, y el resto se dividen igualmente como preguntas de álgebra y geografía.Si Nadia seguramente obtendrá el 25% de las preguntas de biología, el 75% de las preguntas de la historia y una octava de las preguntas de álgebra y geografía correctamente, ¿cuántos puntos seguramente obtendrá?",29
"En una prueba de 80 ítems, el 25% de las preguntas son física, el 15% son geometría, y el resto se dividen igualmente como preguntas de química y literatura.Si Chen seguramente obtendrá el 25% de las preguntas de geometría, el 75% de las preguntas de física y 1/8 de las preguntas de química y literatura correctamente, ¿cuántos puntos seguramente obtendrá?",24
"En una prueba de 120 ítems, el 30% de las preguntas son economía, el 20% son física, y el resto se dividen igualmente como preguntas de literatura y biología.Si Haruka seguramente obtendrá el 25% de las preguntas de física, el 100% de las preguntas económicas y la 1/2 de las preguntas de literatura y biología correctamente, ¿cuántos puntos seguramente obtendrá?",72
"Sakura está tejiendo ropa de invierno para sus 4 nietos.Son cuadrupletes, por lo que todos son del mismo tamaño.Ella quiere hacer un chaleco, cárdigan, chal, guantes y guantes para cada uno de ellos.Se necesitan 5 madejas de lana para hacer un chaleco, 4 para un cárdigan, 10 para un chal, 12 para un par de guantes y 9 para un par de guantes.Sakura quiere hacer dos chaquetas cálidas para sí misma, cada una que necesita 4 madejas de lana.Cada docena de madrices de lana cuesta $ 9.La tienda tiene una promoción en la que los clientes reciben un descuento de $ 20 en compras de más de $ 100.¿Cuánto debe pagar Sakura por todas las madejas de la lana que necesita?",106
"Fátima está tejiendo ropa de invierno para sus 5 nietos.Son quintuplets, por lo que todos son del mismo tamaño.Ella quiere hacer un gorro, chaleco, cárdigan, guantes y guantes para cada uno de ellos.Se necesitan 4 madejas de lana para hacer un gorro, 6 para un chaleco, 8 para un cárdigan, 12 para un par de guantes y 10 para un par de guantes.Fátima quiere hacer dos chaquetas cálidas para sí misma, cada una que necesita 8 madejas de lana.Cada docena de madrices de lana cuesta $ 8.La tienda tiene una promoción en la que los clientes reciben un descuento de $ 20 en compras de más de $ 100.¿Cuánto debe pagar Fátima por todas las madejas de la lana que necesita?",124
"Valeria está tejiendo ropa de invierno para sus 4 nietos.Son cuadrupletes, por lo que todos son del mismo tamaño.Ella quiere hacer una túnica, un sombrero, chal, botines y guantes para cada uno de ellos.Se necesitan 6 madejas de lana para hacer una túnica, 6 para un sombrero, 12 para un chal, 12 para un par de botines y 13 para un par de guantes.Valeria quiere hacer dos chaquetas cálidas para sí misma, cada una de las cuales necesita 4 madejas de lana.Cada docena de madrices de lana cuesta $ 9.La tienda tiene una promoción en la que los clientes reciben un descuento de $ 20 en compras de más de $ 100.¿Cuánto debería pagar Valeria por todas las madejas de la lana que necesita?",133
"Valentina está tejiendo ropa de invierno para sus 5 nietos.Son quintuplets, por lo que todos son del mismo tamaño.Ella quiere hacer una chal, túnica, cárdigan, botines y guantes para cada uno de ellos.Se necesitan 5 madres de lana para hacer un chal, 3 para una túnica, 9 para un cárdigan, 10 para un par de botines y 11 para un par de guantes.Valentina quiere hacer dos chaquetas cálidas para sí misma, cada una que necesita 7 madres de lana.Cada docena de madrices de lana cuesta $ 7.La tienda tiene una promoción en la que los clientes reciben un descuento de $ 20 en compras de más de $ 100.¿Cuánto debería pagar Valentina por todas las madejas de la lana que necesita?",99
"Uma está tejiendo ropa de invierno para sus 4 nietos.Son cuadrupletes, por lo que todos son del mismo tamaño.Ella quiere hacer un chal, un sombrero, cárdigan, calentadores de piernas y calcetines para cada uno de ellos.Se necesitan 5 madres de lana para hacer un chal, 3 para un sombrero, 12 para un cárdigan, 11 para un par de calentadores de piernas y 15 para un par de calcetines.Uma quiere hacer dos chaquetas cálidas para sí misma, cada una de las cuales necesita 10 madejas de lana.Cada docena de madrices de lana cuesta $ 9.La tienda tiene una promoción en la que los clientes reciben un descuento de $ 20 en compras de más de $ 100.¿Cuánto debe pagar Uma por todas las madejas de la lana que necesita?",133
"Roya está tejiendo ropa de invierno para sus 5 nietos.Son quintuplets, por lo que todos son del mismo tamaño.Ella quiere hacer un cárdigan, un poncho, un suéter, calcetines y guantes para cada uno de ellos.Se necesitan 5 madres de lana para hacer un cárdigan, 3 para un poncho, 8 para un suéter, 10 para un par de calcetines y 14 para un par de guantes.Roya quiere hacer dos chaquetas cálidas para sí misma, cada una necesita 8 madejas de lana.Cada docena de madrices de lana cuesta $ 8.La tienda tiene una promoción en la que los clientes reciben un descuento de $ 20 en compras de más de $ 100.¿Cuánto debería Roya pagar por todas las madejas de la lana que necesita?",124
"Gabrielle está tejiendo ropa de invierno para sus 5 nietos.Son quintuplets, por lo que todos son del mismo tamaño.Ella quiere hacer un poncho, suéter, sombrero, guantes y calentadores de piernas para cada uno de ellos.Se necesitan 6 madejas de lana para hacer un poncho, 3 para un suéter, 12 para un sombrero, 11 para un par de guantes y 12 para un par de calentadores de piernas.Gabrielle quiere hacer dos chaquetas cálidas para sí misma, cada una necesitar 10 madejas de lana.Cada docena de madrices de lana cuesta $ 7.La tienda tiene una promoción en la que los clientes reciben un descuento de $ 20 en compras de más de $ 100.¿Cuánto debería Gabrielle pagar por todas las madejas de la lana que necesita?",120
"Jasmine está tejiendo ropa de invierno para sus 5 nietos.Son quintuplets, por lo que todos son del mismo tamaño.Ella quiere hacer un poncho, cárdigan, túnica, botines y guantes para cada uno de ellos.Se necesitan 6 madejas de lana para hacer un poncho, 4 para un cárdigan, 10 para una túnica, 12 para un par de botines y 10 para un par de mitones.Jasmine quiere hacer dos chaquetas cálidas para sí misma, cada una que necesita 9 madejas de lana.Cada docena de madrices de lana cuesta $ 6.La tienda tiene una promoción en la que los clientes reciben un descuento de $ 20 en compras de más de $ 100.¿Cuánto debe pagar Jasmine por todas las madejas de la lana que necesita?",94
"Kayla está tejiendo ropa de invierno para sus 5 nietos.Son quintuplets, por lo que todos son del mismo tamaño.Ella quiere hacer un poncho, suéter, túnica, calentadores de piernas y guantes para cada uno de ellos.Se necesitan 3 madejas de lana para hacer un poncho, 3 para un suéter, 10 para una túnica, 10 para un par de calentadores de piernas y 10 para un par de guantes.Kayla quiere hacer dos chaquetas cálidas para sí misma, cada una necesitar 6 madejas de lana.Cada docena de madrices de lana cuesta $ 8.La tienda tiene una promoción en la que los clientes reciben un descuento de $ 20 en compras de más de $ 100.¿Cuánto debería Kayla pagar por todas las madejas de la lana que necesita?",108
"Tara está tejiendo ropa de invierno para sus 4 nietos.Son cuadrupletes, por lo que todos son del mismo tamaño.Ella quiere hacer un gorro, cárdigan, chal, botines y guantes para cada uno de ellos.Se necesitan 5 madres de lana para hacer un gorro, 5 para un cárdigan, 12 para un chal, 8 para un par de botines y 15 para un par de guantes.Tara quiere hacer dos chaquetas cálidas para sí misma, cada una necesitar 6 madejas de lana.Cada docena de madrices de lana cuesta $ 8.La tienda tiene una promoción en la que los clientes reciben un descuento de $ 20 en compras de más de $ 100.¿Cuánto debe pagar Tara por todas las madejas de la lana que necesita?",108
"En la clase de 100 estudiantes de la Sra. Johnson, el 46% de la clase son jugadores de fútbol.De la clase restante, el 50% de los estudiantes son miembros del club de robótica o parte de los bailarines.Estos 3 grupos de estudiantes deberán irse temprano hoy para viajar a una competencia fuera de casa.La mitad de los jugadores de fútbol están ausentes por estar enfermos.Además, 3 animadoras acompañarán a cada uno de estos grupos.¿Cuántos estudiantes se van temprano a la competencia?",59
"En la clase de 150 estudiantes de la Sra. Johnson, el 40% de la clase son jugadores de fútbol.De la clase restante, el 30% de los estudiantes son bailarines o parte de los miembros del coro.Estos 3 grupos de estudiantes deberán irse temprano hoy para viajar a una competencia fuera de casa.La mitad de los jugadores de fútbol están ausentes por estar enfermos.Además, 3 animadoras acompañarán a cada uno de estos grupos.¿Cuántos estudiantes se van temprano a la competencia?",66
"En la clase de 160 estudiantes de la Sra. García, el 50% de la clase son nadadores.De la clase restante, el 35% de los estudiantes son miembros del equipo de debate o parte de los bailarines.Estos 3 grupos de estudiantes deberán irse temprano hoy para viajar a un torneo fuera de casa.La mitad de los nadadores están ausentes por estar enfermos.Además, 3 animadoras acompañarán a cada uno de estos grupos.¿Cuántos estudiantes se van temprano al torneo?",77
"En la clase de 20 estudiantes de la Sra. Johnson, el 20% de la clase son jugadores de fútbol.De la clase restante, el 50% de los estudiantes son miembros del equipo de debate o parte de los miembros del coro.Estos 3 grupos de estudiantes deberán irse temprano hoy para viajar a una competencia fuera de casa.La mitad de los jugadores de fútbol están ausentes por estar enfermos.Además, 3 animadoras acompañarán a cada uno de estos grupos.¿Cuántos estudiantes se van temprano a la competencia?",19
"En la clase de 104 estudiantes del Dr. Lee, el 50% de la clase son jugadores de voleibol.De la clase restante, el 25% de los estudiantes son miembros del club de robótica o parte de los miembros del coro.Estos 3 grupos de estudiantes deberán irse temprano hoy para viajar a una competencia fuera de casa.La mitad de los jugadores de voleibol están ausentes por estar enfermos.Además, 3 animadoras acompañarán a cada uno de estos grupos.¿Cuántos estudiantes se van temprano a la competencia?",48
"En la clase de 80 estudiantes del Sr. Smith, el 20% de la clase son jugadores de baloncesto.De la clase restante, el 50% de los estudiantes son bailarines o parte de los miembros del equipo de debate.Estos 3 grupos de estudiantes deberán irse temprano hoy para viajar a un torneo fuera de casa.La mitad de los jugadores de baloncesto están ausentes por estar enfermos.Además, 3 animadoras acompañarán a cada uno de estos grupos.¿Cuántos estudiantes se van temprano al torneo?",49
"En la clase de 84 estudiantes de la Sra. García, el 50% de la clase son nadadores.De la clase restante, el 50% de los estudiantes son miembros del equipo de debate o parte de los miembros del coro.Estos 3 grupos de estudiantes deberán irse temprano hoy para viajar a un torneo fuera de casa.La mitad de los nadadores están ausentes por estar enfermos.Además, 3 animadoras acompañarán a cada uno de estos grupos.¿Cuántos estudiantes se van temprano al torneo?",51
"En la clase de 50 estudiantes de la Sra. Johnson, el 52% de la clase son jugadores de fútbol.Fuera de la clase restante, el 50% de los estudiantes son miembros del equipo de debate o parte de los miembros del Robotics Club.Estos 3 grupos de estudiantes deberán irse temprano hoy para viajar a una competencia fuera de casa.La mitad de los jugadores de fútbol están ausentes por estar enfermos.Además, 3 animadoras acompañarán a cada uno de estos grupos.¿Cuántos estudiantes se van temprano a la competencia?",34
"En la clase de 120 estudiantes del Dr. Lee, el 25% de la clase son jugadores de voleibol.De la clase restante, el 30% de los estudiantes son miembros del equipo de debate o parte de los bailarines.Estos 3 grupos de estudiantes deberán irse temprano hoy para viajar a una competencia fuera de casa.La mitad de los jugadores de voleibol están ausentes por estar enfermos.Además, 3 animadoras acompañarán a cada uno de estos grupos.¿Cuántos estudiantes se van temprano a la competencia?",51
"En la clase de 125 estudiantes del Sr. Smith, el 40% de la clase son jugadores de baloncesto.De la clase restante, el 24% de los estudiantes son miembros del club de robótica o parte de los miembros del coro.Estos 3 grupos de estudiantes deberán irse temprano hoy para viajar a un torneo fuera de casa.La mitad de los jugadores de baloncesto están ausentes por estar enfermos.Además, 3 animadoras acompañarán a cada uno de estos grupos.¿Cuántos estudiantes se van temprano al torneo?",52
