question,answer_number
"సాకురా సెలవు కోసం బోర్డువాక్ వెళ్ళాడు.ఆమె తల్లిదండ్రులు ఆమె కోరుకున్నది కొనడానికి ఆమెకు 00 1300 ఇచ్చారు.బహుమతి దుకాణంలో, సాల్ట్‌వాటర్ టాఫీ ""కిలోకు € 22 చొప్పున 16 కిలోలు కొనండి, 4 కిలోలు 1/4 ఆఫ్ పొందండి"" కోసం అమ్మకానికి ఉంది.ఆమె 22 కిలోలు పెరిగింది.ఆమె స్టార్ ఫిష్ యొక్క మిశ్రమ సంచిని .0 11.0 మరియు 12 కీచైన్లకు € 20.0 కు కొనుగోలు చేసింది.సాకురా అప్పుడు మార్గం వెంట ఒక ఛారిటీ స్టాండ్ వద్ద € 5 విరాళం ఇచ్చాడు.సాకురాకు ఎంత డబ్బు మిగిలి ఉంది?",582
"కైలా సెలవు కోసం పైర్ వద్దకు వెళ్ళాడు.ఆమె తల్లిదండ్రులు ఆమె కోరుకున్నది కొనడానికి ఆమెకు ₺1400 ఇచ్చారు.బీచ్ షాపులో, రాక్ కాండీ ""కిలోకు ₺22 చొప్పున 16 కిలోల కొనండి, 6 కిలోల 2/3 ఆఫ్ పొందండి"" కోసం అమ్మకానికి ఉంది.ఆమె 23 కిలోలు పెరిగింది.ఆమె ₺11.0 మరియు 14 స్టిక్కర్ల కోసం సముద్రపు గ్లాస్ మిశ్రమ సంచిని కూడా కొనుగోలు చేసింది.కైలా అప్పుడు మార్గం వెంట ఒక ఛారిటీ స్టాండ్ వద్ద ₺5 విరాళం ఇచ్చాడు.కైలాకు ఎంత డబ్బు మిగిలి ఉంది?",679
"చెన్ విహారయాత్ర కోసం బోర్డువాక్ వెళ్ళాడు.ఆమె తల్లిదండ్రులు ఆమె కోరుకున్నది కొనడానికి ఆమెకు 00 1300 ఇచ్చారు.బహుమతి దుకాణంలో, సాల్ట్‌వాటర్ టాఫీ ""కిలోకు $ 22 చొప్పున 16 కిలోలు కొనండి, 6 కిలోల 1/4 ఆఫ్ పొందండి"" కోసం అమ్మకానికి ఉంది.ఆమె 23 కిలోలు పెరిగింది.ఆమె స్టార్ ఫిష్ యొక్క మిశ్రమ సంచిని .0 11.0 మరియు 11 కీచైన్లకు .0 21.0 కు కొనుగోలు చేసింది.చెన్ అప్పుడు మార్గం వెంట ఒక ఛారిటీ స్టాండ్ వద్ద $ 5 విరాళం ఇచ్చాడు.చెన్ ఎంత డబ్బు వదిలివేసింది?",580
"ఫాతిమా సెలవు కోసం పైర్ వద్దకు వెళ్ళింది.ఆమె తల్లిదండ్రులు ఆమె కోరుకున్నది కొనడానికి ఆమెకు ₣ 1200 ఇచ్చారు.బీచ్ షాపులో, రాక్ కాండీ ""కిలోకు ₣ 20 చొప్పున 16 కిలోల కొనండి, 6 కిలోల 1/3 ఆఫ్ పొందండి"" కోసం అమ్మకానికి ఉంది.ఆమె 23 కిలోలు పెరిగింది.ఆమె .0 11.0 మరియు 13 స్టిక్కర్ల కోసం సముద్రపు గ్లాస్ మిశ్రమ సంచిని కూడా కొనుగోలు చేసింది.ఫాతిమా అప్పుడు మార్గం వెంట ఒక ఛారిటీ స్టాండ్ వద్ద ₣ 5 విరాళం ఇచ్చింది.ఫాతిమాకు ఎంత డబ్బు మిగిలి ఉంది?",504
"అవా సెలవు కోసం తీరానికి వెళ్ళింది.ఆమె తల్లిదండ్రులు ఆమె కోరుకున్నది కొనడానికి ఆమెకు 00 1400 ఇచ్చారు.సముద్రతీర దుకాణం వద్ద, కాటన్ మిఠాయి ""పౌండ్కు $ 22 చొప్పున 17 పౌండ్లను కొనండి, 4 పౌండ్ల 1/2 ఆఫ్ పొందండి"" కోసం అమ్మకానికి ఉంది.ఆమె 23 పౌండ్లను పైకి లేపింది.ఆమె పగడపు ముక్కల మిశ్రమ సంచిని .0 11.0 మరియు 18 పిన్‌లకు .5 20.5 చొప్పున కొనుగోలు చేసింది.అవా అప్పుడు మార్గం వెంట ఒక ఛారిటీ స్టాండ్ వద్ద $ 5 విరాళం ఇచ్చాడు.అవాకు ఎంత డబ్బు మిగిలి ఉంది?",553
"వలేరియా సెలవు కోసం తీరానికి వెళ్ళింది.ఆమె తల్లిదండ్రులు ఆమె కోరుకున్నది కొనడానికి ఆమెకు 00 1300 ఇచ్చారు.సముద్రతీర దుకాణం వద్ద, కాటన్ మిఠాయి ""పౌండ్కు € 21 చొప్పున 15 పౌండ్లను కొనండి, 5 పౌండ్ల 1/3 ఆఫ్ పొందండి"" కోసం అమ్మకానికి ఉంది.ఆమె 23 పౌండ్లను పైకి లేపింది.ఆమె పగడపు ముక్కల మిశ్రమ సంచిని .0 11.0 మరియు 11 పిన్స్ కోసం € 21.0.అప్పుడు వలేరియా దారిలో ఒక ఛారిటీ స్టాండ్ వద్ద € 5 విరాళం ఇచ్చింది.వలేరియాకు ఎంత డబ్బు మిగిలి ఉంది?",605
"సోఫియా సెలవు కోసం పైర్ వద్దకు వెళ్ళింది.ఆమె తల్లిదండ్రులు ఆమె కోరుకున్నది కొనడానికి ఆమెకు ₺1400 ఇచ్చారు.బీచ్ షాపులో, రాక్ కాండీ ""కిలోకు ₺20 చొప్పున 17 కిలోలు కొనండి, 5 కిలోల 1/2 ఆఫ్ పొందండి"" కోసం అమ్మకానికి ఉంది.ఆమె 23 కిలోలు పెరిగింది.ఆమె ₺11.0 మరియు 13 స్టిక్కర్ల కోసం సముద్రపు గ్లాస్ మిశ్రమ సంచిని కూడా కొనుగోలు చేసింది.సోఫియా అప్పుడు మార్గం వెంట ఒక ఛారిటీ స్టాండ్ వద్ద ₺5 విరాళం ఇచ్చింది.సోఫియాకు ఎంత డబ్బు మిగిలి ఉంది?",714
"మెయి సెలవు కోసం బీచ్ వెళ్ళాడు.ఆమె తల్లిదండ్రులు ఆమె కోరుకున్నది కొనడానికి ఆమెకు ¥ 1300 ఇచ్చారు.సావనీర్ స్టోర్ వద్ద, ఫడ్జ్ ""కిలోగ్రాముకు 15 కిలోగ్రాములు ¥ 23 చొప్పున కొనండి, 4 కిలోగ్రాముల 1/4 ఆఫ్ పొందండి"" కోసం అమ్మకానికి ఉంది.ఆమె 20 కిలోగ్రాములు పెట్టింది.ఆమె ఇసుక డాలర్ల మిశ్రమ సంచిని .0 11.0 మరియు 14 పోస్ట్‌కార్డ్‌లకు ¥ 21.0 కు కొనుగోలు చేసింది.అప్పుడు మెయి మార్గం వెంట ఒక ఛారిటీ స్టాండ్ వద్ద ¥ 5 విరాళం ఇచ్చాడు.MEI కి ఎంత డబ్బు మిగిలి ఉంది?",553
"సోఫియా సెలవు కోసం పైర్ వద్దకు వెళ్ళింది.ఆమె తల్లిదండ్రులు ఆమె కోరుకున్నది కొనడానికి ఆమెకు ₺1400 ఇచ్చారు.బీచ్ షాపులో, రాక్ కాండీ ""కిలోగ్రాముకు 15 కిలోగ్రాములు కొనండి, 6 కిలోగ్రాముల 1/3 ఆఫ్ పొందండి"" కోసం అమ్మకానికి ఉంది.ఆమె 23 కిలోగ్రాములు పెట్టింది.ఆమె ₺11.0 మరియు 18 స్టిక్కర్ల కోసం సముద్రపు గ్లాస్ మిశ్రమ సంచిని కూడా కొనుగోలు చేసింది.సోఫియా అప్పుడు మార్గం వెంట ఒక ఛారిటీ స్టాండ్ వద్ద ₺5 విరాళం ఇచ్చింది.సోఫియాకు ఎంత డబ్బు మిగిలి ఉంది?",532
"తారా విహారయాత్ర కోసం బోర్డువాక్ వద్దకు వెళ్ళాడు.ఆమె తల్లిదండ్రులు ఆమె కోరుకున్నది కొనడానికి ఆమెకు ₣ 1200 ఇచ్చారు.బహుమతి దుకాణంలో, సాల్ట్‌వాటర్ టాఫీ ""కిలోకు ₣ 22 చొప్పున 17 కిలోలు కొనండి, 4 కిలోలు 1/4 ఆఫ్ పొందండి"" కోసం అమ్మకానికి ఉంది.ఆమె 23 కిలోలు పెరిగింది.ఆమె ₣ 11.0 మరియు 12 కీచైన్ల కోసం మిశ్రమ బ్యాగ్ స్టార్ ఫిష్ కూడా కొన్నది.తారా అప్పుడు మార్గం వెంట ఒక ఛారిటీ స్టాండ్ వద్ద ₣ 5 విరాళం ఇచ్చాడు.తారాకు ఎంత డబ్బు మిగిలి ఉంది?",460
"ఒక రైతు తన ఆవులకు ఫీడ్ కొనుగోలు చేస్తున్నాడు.అతను వివిధ రకాల ఆపిల్ల, ఎండుగడ్డి, దోసకాయలు మరియు మొక్కజొన్నలను కొనుగోలు చేస్తాడు.మొక్కజొన్న అరుదైన ట్రీట్ కాబట్టి, అతను మొత్తం స్థిరంగా వాటిలో నాలుగు 6-పౌండ్ల పెట్టెలను మాత్రమే కొనుగోలు చేస్తాడు.కూరగాయలు తాజాగా ఉన్నప్పుడు ఆవులకు ఆహారం ఇవ్వడానికి తగినంత దోసకాయలను మాత్రమే అతను కోరుకుంటాడు, కాబట్టి అతను పద్నాలుగు 8-పౌండ్ల సంచులను కొనుగోలు చేస్తాడు.ఆపిల్ల అతని ఆవుల ప్రధాన ఆహారం, కాబట్టి అతను ముప్పై ఐదు 42-పౌండ్ల ప్యాక్‌లను కొనుగోలు చేస్తాడు.ఎండుగడ్డి ఆపిల్లను భర్తీ చేయడానికి ప్రధానమైనది, కాబట్టి అతను పద్దెనిమిది 18-పౌండ్ల బస్తాలు కొంటాడు.చివరగా, అతను 43 పౌండ్ల కిరాణా, మరియు 27 పౌండ్ల సాధనాలు మరియు 100 పౌండ్ల కలపను కొనుగోలు చేస్తాడు.ఒక ఫార్మ్ ట్రక్ ఒకేసారి 140 పౌండ్లను తీసుకెళ్లగలదు.రైతుకు మూడు ట్రక్కులు ఉంటే, కొనుగోలు చేసిన అన్ని వస్తువులను రైతుకు ఎన్ని ట్రిప్పులు రవాణా చేయాలి?",5
"ఒక రైతు తన గొర్రెలకు ఫీడ్ కొనుగోలు చేస్తున్నాడు.అతను రకరకాల గోధుమలు, మొక్కజొన్న, దుంపలు మరియు వోట్స్ కొంటాడు.వోట్స్ అరుదైన ట్రీట్ కాబట్టి, అతను మొత్తం స్థిరంగా వాటిలో ఐదు 3-కిలోల పెట్టెలను మాత్రమే కొనుగోలు చేస్తాడు.కూరగాయలు తాజాగా ఉన్నప్పుడు గొర్రెలను తినిపించడానికి తగినంత దుంపలను మాత్రమే అతను కోరుకుంటాడు, కాబట్టి అతను పదకొండు 7 కిలోల సంచులను కొనుగోలు చేస్తాడు.గోధుమలు అతని గొర్రెల యొక్క ప్రధాన ఆహారం, కాబట్టి అతను ముప్పై నాలుగు 44 కిలోల ప్యాక్లను కొనుగోలు చేస్తాడు.మొక్కజొన్న గోధుమలను భర్తీ చేయడానికి ఒక ప్రధానమైనది, కాబట్టి అతను పద్దెనిమిది 19 కిలోల బస్తాలు కొంటాడు.చివరగా, అతను 43 కిలోల కిరాణా, మరియు 27 కిలోల సాధనాలు మరియు 100 కిలోల కలపను కొనుగోలు చేస్తాడు.ఒక ఫార్మ్ ట్రక్ ఒకేసారి 140 కిలోల తీసుకెళ్లగలదు.రైతుకు మూడు ట్రక్కులు ఉంటే, కొనుగోలు చేసిన అన్ని వస్తువులను రైతుకు ఎన్ని ట్రిప్పులు రవాణా చేయాలి?",5
"ఒక రైతు తన ఆవులకు ఫీడ్ కొనుగోలు చేస్తున్నాడు.అతను రకరకాల గోధుమలు, వోట్స్, క్యారెట్లు మరియు మొక్కజొన్నలను కొనుగోలు చేస్తాడు.మొక్కజొన్న అరుదైన ట్రీట్ కాబట్టి, అతను మొత్తం స్థిరంగా వాటిలో ఏడు 5 కిలోల పెట్టెలను మాత్రమే కొనుగోలు చేస్తాడు.కూరగాయలు తాజాగా ఉన్నప్పుడు ఆవులకు ఆహారం ఇవ్వడానికి తగినంత క్యారెట్లు మాత్రమే అతను కోరుకుంటాడు, కాబట్టి అతను పదకొండు 7 కిలోల సంచులను కొనుగోలు చేస్తాడు.గోధుమలు అతని ఆవుల ప్రధాన ఆహారం, కాబట్టి అతను ముప్పై నాలుగు 39-కిలోల ప్యాక్లను కొనుగోలు చేస్తాడు.వోట్స్ గోధుమలకు అనుబంధంగా ఒక ప్రధానమైనవి, కాబట్టి అతను పంతొమ్మిది 18 కిలోల బస్తాలు కొంటాడు.చివరగా, అతను 43 కిలోల కిరాణా, మరియు 27 కిలోల సాధనాలు మరియు 100 కిలోల కలపను కొనుగోలు చేస్తాడు.ఒక ఫార్మ్ ట్రక్ ఒకేసారి 130 కిలోల తీసుకెళ్లగలదు.రైతుకు మూడు ట్రక్కులు ఉంటే, కొనుగోలు చేసిన అన్ని వస్తువులను రైతుకు ఎన్ని ట్రిప్పులు రవాణా చేయాలి?",5
"ఒక రైతు తన ఆవులకు ఫీడ్ కొనుగోలు చేస్తున్నాడు.అతను వివిధ రకాల ఎండుగడ్డి, గోధుమలు, క్యారెట్లు మరియు ఆపిల్లను కొనుగోలు చేస్తాడు.ఆపిల్ల ఒక అరుదైన ట్రీట్ కాబట్టి, అతను మొత్తం స్థిరంగా వాటిలో ఐదు 7-పౌండ్ల పెట్టెలను మాత్రమే కొనుగోలు చేస్తాడు.కూరగాయలు తాజాగా ఉన్నప్పుడు ఆవులకు ఆహారం ఇవ్వడానికి తగినంత క్యారెట్లు మాత్రమే అతను కోరుకుంటాడు, కాబట్టి అతను పద్నాలుగు 5-పౌండ్ల సంచులను కొనుగోలు చేస్తాడు.ఎండుగడ్డి అతని ఆవుల ప్రధాన ఆహారం, కాబట్టి అతను ముప్పై ఐదు 44-పౌండ్ల ప్యాక్లను కొనుగోలు చేస్తాడు.గోధుమలు ఎండుగడ్డిని భర్తీ చేయడానికి ఒక ప్రధానమైనవి, కాబట్టి అతను పంతొమ్మిది 15-పౌండ్ల బస్తాలు కొంటాడు.చివరగా, అతను 43 పౌండ్ల కిరాణా, మరియు 27 పౌండ్ల సాధనాలు మరియు 100 పౌండ్ల కలపను కొనుగోలు చేస్తాడు.ఒక వ్యవసాయ ట్రక్ ఒకేసారి 100 పౌండ్లను తీసుకెళ్లగలదు.రైతుకు మూడు ట్రక్కులు ఉంటే, కొనుగోలు చేసిన అన్ని వస్తువులను రైతుకు ఎన్ని ట్రిప్పులు రవాణా చేయాలి?",7
"ఒక రైతు తన గొర్రెలకు ఫీడ్ కొనుగోలు చేస్తున్నాడు.అతను వివిధ రకాల ఆపిల్ల, గోధుమలు, క్యారెట్లు మరియు వోట్స్ కొనుగోలు చేస్తాడు.వోట్స్ అరుదైన ట్రీట్ కాబట్టి, అతను మొత్తం స్థిరంగా వాటిలో ఎనిమిది 7-పౌండ్ల పెట్టెలను మాత్రమే కొనుగోలు చేస్తాడు.కూరగాయలు తాజాగా ఉన్నప్పుడు గొర్రెలను పోషించడానికి తగినంత క్యారెట్లు మాత్రమే అతను కోరుకుంటాడు, కాబట్టి అతను పన్నెండు 6-పౌండ్ల సంచులను కొనుగోలు చేస్తాడు.ఆపిల్ల అతని గొర్రెల యొక్క ప్రధాన ఆహారం, కాబట్టి అతను ముప్పై రెండు 43-పౌండ్ల ప్యాక్‌లను కొనుగోలు చేస్తాడు.గోధుమలు ఆపిల్లను భర్తీ చేయడానికి ప్రధానమైనవి, కాబట్టి అతను పద్దెనిమిది 17-పౌండ్ల బస్తాలు కొంటాడు.చివరగా, అతను 43 పౌండ్ల కిరాణా, మరియు 27 పౌండ్ల సాధనాలు మరియు 100 పౌండ్ల కలపను కొనుగోలు చేస్తాడు.ఒక ఫార్మ్ ట్రక్ ఒకేసారి 110 పౌండ్లను తీసుకెళ్లగలదు.రైతుకు మూడు ట్రక్కులు ఉంటే, కొనుగోలు చేసిన అన్ని వస్తువులను రైతుకు ఎన్ని ట్రిప్పులు రవాణా చేయాలి?",6
"ఒక రైతు తన అల్పాకాస్ కోసం ఫీడ్ కొనుగోలు చేస్తున్నాడు.అతను వివిధ రకాల ఆపిల్ల, గోధుమలు, దోసకాయలు మరియు ఎండుగడ్డి కొనుగోలు చేస్తాడు.ఎండుగడ్డి అరుదైన ట్రీట్ కాబట్టి, అతను మొత్తం స్థిరంగా వాటిలో ఆరు 3-పౌండ్ల పెట్టెలను మాత్రమే కొనుగోలు చేస్తాడు.కూరగాయలు తాజాగా ఉన్నప్పుడు అల్పాకాస్‌కు ఆహారం ఇవ్వడానికి తగినంత దోసకాయలను మాత్రమే అతను కోరుకుంటాడు, కాబట్టి అతను పదిహేను 8-పౌండ్ల సంచులను కొనుగోలు చేస్తాడు.ఆపిల్ల అతని అల్పాకాస్ యొక్క ప్రధాన ఆహారం, కాబట్టి అతను ముప్పై నాలుగు 43-పౌండ్ల ప్యాక్‌లను కొనుగోలు చేస్తాడు.గోధుమలు ఆపిల్లను భర్తీ చేయడానికి ప్రధానమైనవి, కాబట్టి అతను పద్దెనిమిది 15-పౌండ్ల బస్తాలు కొంటాడు.చివరగా, అతను 43 పౌండ్ల కిరాణా, మరియు 27 పౌండ్ల సాధనాలు మరియు 100 పౌండ్ల కలపను కొనుగోలు చేస్తాడు.ఒక ఫార్మ్ ట్రక్ ఒకేసారి 170 పౌండ్లను తీసుకెళ్లగలదు.రైతుకు మూడు ట్రక్కులు ఉంటే, కొనుగోలు చేసిన అన్ని వస్తువులను రైతుకు ఎన్ని ట్రిప్పులు రవాణా చేయాలి?",4
"ఒక రైతు తన అల్పాకాస్ కోసం ఫీడ్ కొనుగోలు చేస్తున్నాడు.అతను వివిధ రకాల ఆపిల్ల, గోధుమలు, దుంపలు మరియు ఎండుగడ్డి కొనుగోలు చేస్తాడు.ఎండుగడ్డి అరుదైన ట్రీట్ కాబట్టి, అతను మొత్తం స్థిరంగా వాటిలో ఆరు 7-పౌండ్ల పెట్టెలను మాత్రమే కొనుగోలు చేస్తాడు.కూరగాయలు తాజాగా ఉన్నప్పుడు అల్పాకాస్‌కు ఆహారం ఇవ్వడానికి తగినంత దుంపలను మాత్రమే అతను కోరుకుంటాడు, కాబట్టి అతను పదకొండు 6-పౌండ్ల సంచులను కొనుగోలు చేస్తాడు.ఆపిల్ల అతని అల్పాకాస్ యొక్క ప్రధాన ఆహారం, కాబట్టి అతను ముప్పై నాలుగు 43-పౌండ్ల ప్యాక్‌లను కొనుగోలు చేస్తాడు.గోధుమలు ఆపిల్లను భర్తీ చేయడానికి ప్రధానమైనవి, కాబట్టి అతను ఇరవై 18-పౌండ్ల బస్తాలు కొంటాడు.చివరగా, అతను 43 పౌండ్ల కిరాణా, మరియు 27 పౌండ్ల సాధనాలు మరియు 100 పౌండ్ల కలపను కొనుగోలు చేస్తాడు.ఒక వ్యవసాయ ట్రక్ ఒకేసారి 100 పౌండ్లను తీసుకెళ్లగలదు.రైతుకు మూడు ట్రక్కులు ఉంటే, కొనుగోలు చేసిన అన్ని వస్తువులను రైతుకు ఎన్ని ట్రిప్పులు రవాణా చేయాలి?",7
"ఒక రైతు తన గొర్రెలకు ఫీడ్ కొనుగోలు చేస్తున్నాడు.అతను రకరకాల గోధుమలు, వోట్స్, క్యారెట్లు మరియు ఆపిల్లను కొనుగోలు చేస్తాడు.ఆపిల్ల ఒక అరుదైన ట్రీట్ కాబట్టి, అతను మొత్తం స్థిరంగా వాటిలో ఎనిమిది 4-పౌండ్ల పెట్టెలను మాత్రమే కొనుగోలు చేస్తాడు.కూరగాయలు తాజాగా ఉన్నప్పుడు గొర్రెలను పోషించడానికి తగినంత క్యారెట్లు మాత్రమే అతను కోరుకుంటాడు, కాబట్టి అతను పన్నెండు 6-పౌండ్ల సంచులను కొనుగోలు చేస్తాడు.గోధుమలు అతని గొర్రెల యొక్క ప్రధాన ఆహారం, కాబట్టి అతను ముప్పై మూడు 42-పౌండ్ల ప్యాక్లను కొనుగోలు చేస్తాడు.వోట్స్ గోధుమలను భర్తీ చేయడానికి ప్రధానమైనవి, కాబట్టి అతను ఇరవై 16-పౌండ్ల బస్తాలు కొంటాడు.చివరగా, అతను 43 పౌండ్ల కిరాణా, మరియు 27 పౌండ్ల సాధనాలు మరియు 100 పౌండ్ల కలపను కొనుగోలు చేస్తాడు.ఒక ఫార్మ్ ట్రక్ ఒకేసారి 110 పౌండ్లను తీసుకెళ్లగలదు.రైతుకు మూడు ట్రక్కులు ఉంటే, కొనుగోలు చేసిన అన్ని వస్తువులను రైతుకు ఎన్ని ట్రిప్పులు రవాణా చేయాలి?",6
"ఒక రైతు తన గొర్రెలకు ఫీడ్ కొనుగోలు చేస్తున్నాడు.అతను వివిధ రకాల ఆపిల్ల, వోట్స్, క్యారెట్లు మరియు ఎండుగడ్డి కొనుగోలు చేస్తాడు.ఎండుగడ్డి అరుదైన ట్రీట్ కాబట్టి, అతను మొత్తం స్థిరంగా వాటిలో ఐదు 6-పౌండ్ల పెట్టెలను మాత్రమే కొనుగోలు చేస్తాడు.కూరగాయలు తాజాగా ఉన్నప్పుడు గొర్రెలను పోషించడానికి తగినంత క్యారెట్లు మాత్రమే అతను కోరుకుంటాడు, కాబట్టి అతను పద్నాలుగు 6-పౌండ్ల సంచులను కొనుగోలు చేస్తాడు.ఆపిల్ల అతని గొర్రెల యొక్క ప్రధాన ఆహారం, కాబట్టి అతను ముప్పై రెండు 38-పౌండ్ల ప్యాక్‌లను కొనుగోలు చేస్తాడు.ఓట్స్ ఆపిల్లను భర్తీ చేయడానికి ఒక ప్రధానమైనవి, కాబట్టి అతను ఇరవై 15-పౌండ్ల బస్తాలు కొంటాడు.చివరగా, అతను 43 పౌండ్ల కిరాణా, మరియు 27 పౌండ్ల సాధనాలు మరియు 100 పౌండ్ల కలపను కొనుగోలు చేస్తాడు.ఒక ఫార్మ్ ట్రక్ ఒకేసారి 150 పౌండ్లను తీసుకెళ్లగలదు.రైతుకు మూడు ట్రక్కులు ఉంటే, కొనుగోలు చేసిన అన్ని వస్తువులను రైతుకు ఎన్ని ట్రిప్పులు రవాణా చేయాలి?",4
"ఒక రైతు తన ఆవులకు ఫీడ్ కొనుగోలు చేస్తున్నాడు.అతను రకరకాల ఎండుగడ్డి, గోధుమలు, దోసకాయలు మరియు మొక్కజొన్నలను కొనుగోలు చేస్తాడు.మొక్కజొన్న అరుదైన ట్రీట్ కాబట్టి, అతను మొత్తం స్థిరంగా వాటిలో ఆరు 5 కిలోల పెట్టెలను మాత్రమే కొనుగోలు చేస్తాడు.కూరగాయలు తాజాగా ఉన్నప్పుడు ఆవులకు ఆహారం ఇవ్వడానికి తగినంత దోసకాయలను మాత్రమే అతను కోరుకుంటాడు, కాబట్టి అతను పదిహేను 8 కిలోల సంచులను కొనుగోలు చేస్తాడు.హే అతని ఆవుల ప్రధాన ఆహారం, కాబట్టి అతను ముప్పై ఐదు 35 కిలోల ప్యాక్‌లను కొనుగోలు చేస్తాడు.గోధుమలు ఎండుగడ్డిని భర్తీ చేయడానికి ఒక ప్రధానమైనవి, కాబట్టి అతను పదిహేడు 15-కిలోల బస్తాలు కొంటాడు.చివరగా, అతను 43 కిలోల కిరాణా, మరియు 27 కిలోల సాధనాలు మరియు 100 కిలోల కలపను కొనుగోలు చేస్తాడు.ఒక ఫార్మ్ ట్రక్ ఒకేసారి 120 కిలోల తీసుకెళ్లగలదు.రైతుకు మూడు ట్రక్కులు ఉంటే, కొనుగోలు చేసిన అన్ని వస్తువులను రైతుకు ఎన్ని ట్రిప్పులు రవాణా చేయాలి?",5
"ఒక పొగమంచు బ్యాంక్ ఒక నగరాన్ని కవర్ చేయడానికి సముద్రం నుండి తిరుగుతుంది.నగరానికి ప్రతి 3 మైళ్ళ దూరం కవర్ చేయడానికి 30 నిమిషాలు పడుతుంది.అయితే, ఒక గంటలో గాలి వేగం సగానికి తగ్గుతుందని మాకు తెలుసు.నగరం ఓషన్ ఫ్రంట్ నుండి ఎదురుగా ఉన్న లోతట్టు అంచు వరకు 72 మైళ్ళ దూరంలో ఉంటే, పొగమంచు బ్యాంక్ నగరం యొక్క పావు వంతు కవర్ చేయడానికి ఎన్ని నిమిషాలు పడుతుంది?",300
"ఒక పొగమంచు బ్యాంక్ ఒక నగరాన్ని కవర్ చేయడానికి సముద్రం నుండి తిరుగుతుంది.నగరానికి ప్రతి 10 మైళ్ళ దూరం కవర్ చేయడానికి 75 నిమిషాలు పడుతుంది.అయితే, ఒక గంటలో గాలి వేగం సగానికి తగ్గుతుందని మాకు తెలుసు.నగరం ఓషన్ ఫ్రంట్ నుండి ఎదురుగా ఉన్న లోతట్టు అంచు వరకు 72 మైళ్ళ దూరంలో ఉంటే, పొగమంచు బ్యాంక్ నగరం యొక్క 1/4 కవర్ చేయడానికి ఎన్ని నిమిషాలు పడుతుంది?",210
"ఒక పొగమంచు బ్యాంక్ ఒక నగరాన్ని కవర్ చేయడానికి సముద్రం నుండి తిరుగుతుంది.నగరానికి ప్రతి 3 మైళ్ళ దూరం కవర్ చేయడానికి 60 నిమిషాలు పడుతుంది.అయితే, ఒక గంటలో గాలి వేగం సగానికి తగ్గుతుందని మాకు తెలుసు.నగరం ఓషన్ ఫ్రంట్ నుండి ఎదురుగా ఉన్న లోతట్టు అంచు వరకు 54 మైళ్ళ దూరంలో ఉంటే, పొగమంచు బ్యాంక్ నగరం యొక్క 1/3 ని కవర్ చేయడానికి ఎన్ని నిమిషాలు పడుతుంది?",660
"ఒక పొగమంచు బ్యాంక్ ఒక నగరాన్ని కవర్ చేయడానికి సముద్రం నుండి తిరుగుతుంది.నగరానికి ప్రతి 6 మైళ్ళ దూరం కవర్ చేయడానికి 60 నిమిషాలు పడుతుంది.అయితే, ఒక గంటలో గాలి వేగం సగానికి తగ్గుతుందని మాకు తెలుసు.నగరం ఓషన్ ఫ్రంట్ నుండి ఎదురుగా ఉన్న లోతట్టు అంచు వరకు 72 మైళ్ళ దూరంలో ఉంటే, పొగమంచు బ్యాంక్ నగరం యొక్క 1/3 ని కవర్ చేయడానికి ఎన్ని నిమిషాలు పడుతుంది?",420
"ఒక పొగమంచు బ్యాంక్ ఒక నగరాన్ని కవర్ చేయడానికి సముద్రం నుండి తిరుగుతుంది.నగరానికి ప్రతి 5 మైళ్ళ దూరం కవర్ చేయడానికి 25 నిమిషాలు పడుతుంది.అయితే, ఒక గంటలో గాలి వేగం సగానికి తగ్గుతుందని మాకు తెలుసు.నగరం ఓషన్ ఫ్రంట్ నుండి ఎదురుగా ఉన్న లోతట్టు అంచు వరకు 54 మైళ్ళ దూరంలో ఉంటే, పొగమంచు బ్యాంక్ నగరం యొక్క 1/2 కవర్ చేయడానికి ఎన్ని నిమిషాలు పడుతుంది?",210
"ఒక పొగమంచు బ్యాంక్ ఒక నగరాన్ని కవర్ చేయడానికి సముద్రం నుండి తిరుగుతుంది.నగరం యొక్క ప్రతి 3 మైళ్ళ దూరం కవర్ చేయడానికి 90 నిమిషాలు పడుతుంది.అయితే, ఒక గంటలో గాలి వేగం సగానికి తగ్గుతుందని మాకు తెలుసు.నగరం ఓషన్ ఫ్రంట్ నుండి ఎదురుగా ఉన్న లోతట్టు అంచు వరకు 78 మైళ్ళ దూరంలో ఉంటే, పొగమంచు బ్యాంక్ నగరంలో మూడవ వంతును కవర్ చేయడానికి ఎన్ని నిమిషాలు పడుతుంది?",1500
"ఒక పొగమంచు బ్యాంక్ ఒక నగరాన్ని కవర్ చేయడానికి సముద్రం నుండి తిరుగుతుంది.నగరానికి ప్రతి 13 మైళ్ళ దూరం కవర్ చేయడానికి 30 నిమిషాలు పడుతుంది.అయితే, ఒక గంటలో గాలి వేగం సగానికి తగ్గుతుందని మాకు తెలుసు.నగరం ఓషన్ ఫ్రంట్ నుండి ఎదురుగా ఉన్న లోతట్టు అంచు వరకు 78 మైళ్ళ దూరంలో ఉంటే, పొగమంచు బ్యాంక్ నగరం యొక్క 1/2 కవర్ చేయడానికి ఎన్ని నిమిషాలు పడుతుంది?",120
"ఒక పొగమంచు బ్యాంక్ ఒక నగరాన్ని కవర్ చేయడానికి సముద్రం నుండి తిరుగుతుంది.నగరం యొక్క ప్రతి 3 మైళ్ళ దూరం కవర్ చేయడానికి 15 నిమిషాలు పడుతుంది.అయితే, ఒక గంటలో గాలి వేగం సగానికి తగ్గుతుందని మాకు తెలుసు.నగరం ఓషన్ ఫ్రంట్ నుండి ఎదురుగా ఉన్న లోతట్టు అంచు వరకు 96 మైళ్ళ దూరంలో ఉంటే, పొగమంచు బ్యాంక్ నగరం యొక్క పావు వంతు కవర్ చేయడానికి ఎన్ని నిమిషాలు పడుతుంది?",180
"ఒక పొగమంచు బ్యాంక్ ఒక నగరాన్ని కవర్ చేయడానికి సముద్రం నుండి తిరుగుతుంది.నగరానికి ప్రతి 3 మైళ్ళ దూరం కవర్ చేయడానికి 20 నిమిషాలు పడుతుంది.అయితే, ఒక గంటలో గాలి వేగం సగానికి తగ్గుతుందని మాకు తెలుసు.నగరం ఓషన్ ఫ్రంట్ నుండి ఎదురుగా ఉన్న లోతట్టు అంచు వరకు 72 మైళ్ళ దూరంలో ఉంటే, పొగమంచు బ్యాంక్ నగరంలో మూడవ వంతును కవర్ చేయడానికి ఎన్ని నిమిషాలు పడుతుంది?",260
"ఒక పొగమంచు బ్యాంక్ ఒక నగరాన్ని కవర్ చేయడానికి సముద్రం నుండి తిరుగుతుంది.నగరం యొక్క ప్రతి 3 మైళ్ళ దూరం కవర్ చేయడానికి 15 నిమిషాలు పడుతుంది.అయితే, ఒక గంటలో గాలి వేగం సగానికి తగ్గుతుందని మాకు తెలుసు.నగరం ఓషన్ ఫ్రంట్ నుండి ఎదురుగా ఉన్న లోతట్టు అంచు వరకు 96 మైళ్ళ దూరంలో ఉంటే, పొగమంచు బ్యాంక్ నగరం యొక్క 1/2 కవర్ చేయడానికి ఎన్ని నిమిషాలు పడుతుంది?",420
"ఎమ్మా ప్రతిరోజూ 32 కిలోమీటర్లు నడుస్తుంది, ఇందులో బీచ్‌లో 14 కిలోమీటర్ల నడక మరియు కాలిబాటలో 18 కిలోమీటర్ల నడక ఉన్నాయి.కాలిబాటలో, ఎమ్మా బీచ్‌లో చేసే వేగంతో మూడు రెట్లు నడుస్తుంది.ఏదేమైనా, ఇటీవలి గాయం కారణంగా, ఎమ్మా వేగం బీచ్ మరియు కాలిబాటలో సగం తగ్గింది.ఆమె నడక యొక్క 56 నిమిషాలు బీచ్‌లో గడిపినట్లయితే, మొత్తం 32 కిలోమీటర్ల నడకను, నిమిషాల్లో ఆమెకు ఎంత సమయం పడుతుంది?",80
"ఒలివియా ప్రతిరోజూ తన అభిమాన నడక బాటలో 29 మైళ్ళు నడుస్తుంది, ఇందులో బీచ్‌లో 13 మైళ్ల నడక మరియు కాలిబాటలో 16 మైళ్ల నడక ఉన్నాయి.కాలిబాటలో, ఒలివియా బీచ్‌లో ఆమె చేసే వేగంతో నాలుగు రెట్లు నడుస్తుంది.ఏదేమైనా, ఇటీవలి గాయం కారణంగా, ఒలివియా వేగం బీచ్ మరియు కాలిబాటలో సగం తగ్గింది.ఆమె నడక యొక్క 65 నిమిషాలు బీచ్‌లో గడిపినట్లయితే, మొత్తం 29-మైళ్ల నడకను, నిమిషాల్లో ఆమెకు ఎంత సమయం పడుతుంది?",85
"ఫాతిమా తన అభిమాన నడక ట్రయిల్‌లో ప్రతిరోజూ 26 మైళ్ల దూరం నడుస్తుంది, ఇందులో బీచ్‌లో 11 మైళ్ల నడక మరియు కాలిబాటలో 15 మైళ్ల నడక ఉన్నాయి.కాలిబాటలో, ఫాతిమా బీచ్‌లో ఆమె చేసే వేగంతో మూడు రెట్లు నడుస్తుంది.ఏదేమైనా, ఇటీవలి గాయం కారణంగా, ఫాతిమా వేగం బీచ్ మరియు కాలిబాటలో సగం తగ్గింది.ఆమె నడక 44 నిమిషాలు బీచ్‌లో గడిపినట్లయితే, మొత్తం 26-మైళ్ల నడకను, నిమిషాల్లో ఆమెకు ఎంత సమయం పడుతుంది?",64
"రానియా తన అభిమాన నడక బాటలో ప్రతిరోజూ 28 కిలోమీటర్లు నడుస్తుంది, ఇందులో బీచ్‌లో 14 కిలోమీటర్ల నడక మరియు కాలిబాటలో 14 కిలోమీటర్ల నడక ఉన్నాయి.కాలిబాటలో, రానియా బీచ్‌లో ఆమె చేసే వేగంతో రెండు రెట్లు నడుస్తుంది.ఏదేమైనా, ఇటీవలి గాయం కారణంగా, రానియా వేగం బీచ్ మరియు కాలిబాటలో సగం తగ్గింది.ఆమె నడక యొక్క 42 నిమిషాలు బీచ్‌లో గడిపినట్లయితే, మొత్తం 28 కిలోమీటర్ల నడకను, నిమిషాల్లో ఆమెకు ఎంత సమయం పడుతుంది?",63
"అనన్య తన అభిమాన నడక ట్రయిల్‌లో ప్రతిరోజూ 20 మైళ్ల దూరం నడుస్తుంది, ఇందులో బీచ్‌లో 10 మైళ్ల నడక మరియు కాలిబాటలో 10 మైళ్ల నడక ఉన్నాయి.కాలిబాటలో, అనన్య బీచ్‌లో ఆమె చేసే వేగం రేటు కంటే రెండు రెట్లు నడుస్తుంది.ఏదేమైనా, ఇటీవలి గాయం కారణంగా, అనన్య యొక్క వేగం బీచ్ మరియు కాలిబాటలో సగం తగ్గింది.ఆమె నడక 40 నిమిషాలు బీచ్‌లో గడిపినట్లయితే, మొత్తం 20-మైళ్ల నడకను, నిమిషాల్లో ఆమెకు ఎంత సమయం పడుతుంది?",60
"కీషా తన అభిమాన నడక బాటలో ప్రతిరోజూ 33 మైళ్ళు నడుస్తుంది, ఇందులో బీచ్‌లో 17 మైళ్ల నడక మరియు కాలిబాటలో 16 మైళ్ల నడక ఉన్నాయి.కాలిబాటలో, కీషా బీచ్‌లో చేసే వేగం రేటు కంటే రెండు రెట్లు నడుస్తుంది.ఏదేమైనా, ఇటీవలి గాయం కారణంగా, బీచ్ మరియు కాలిబాటలో కీషా వేగం సగం తగ్గింది.ఆమె నడక యొక్క 51 నిమిషాలు బీచ్‌లో గడిపినట్లయితే, మొత్తం 33-మైళ్ల నడకను, నిమిషాల్లో ఆమెకు ఎంత సమయం పడుతుంది?",75
"జేనా తన అభిమాన నడక బాటలో ప్రతిరోజూ 24 కిలోమీటర్లు నడుస్తుంది, ఇందులో బీచ్‌లో 11 కిలోమీటర్ల నడక మరియు కాలిబాటలో 13 కిలోమీటర్ల నడక ఉన్నాయి.కాలిబాటలో, జేనా బీచ్‌లో ఆమె చేసే వేగంతో మూడు రెట్లు నడుస్తుంది.ఏదేమైనా, ఇటీవలి గాయం కారణంగా, బీచ్ మరియు కాలిబాటలో జేనా వేగం సగం తగ్గింది.ఆమె నడక యొక్క 66 నిమిషాలు బీచ్‌లో గడిపినట్లయితే, మొత్తం 24 కిలోమీటర్ల నడకను, నిమిషాల్లో ఆమెకు ఎంత సమయం పడుతుంది?",92
"గాబ్రియేల్ తన అభిమాన నడక బాటలో ప్రతిరోజూ 29 కిలోమీటర్లు నడుస్తుంది, ఇందులో బీచ్‌లో 15 కిలోమీటర్ల నడక మరియు కాలిబాటలో 14 కిలోమీటర్ల నడక ఉన్నాయి.కాలిబాటలో, గాబ్రియేల్ బీచ్‌లో ఆమె చేసే వేగం రేటు కంటే రెండు రెట్లు నడుస్తుంది.ఏదేమైనా, ఇటీవలి గాయం కారణంగా, గాబ్రియేల్ యొక్క వేగం బీచ్ మరియు కాలిబాటలో సగం తగ్గింది.ఆమె నడక యొక్క 45 నిమిషాలు బీచ్‌లో గడిపినట్లయితే, మొత్తం 29 కిలోమీటర్ల నడకను, నిమిషాల్లో ఆమెకు ఎంత సమయం పడుతుంది?",66
"రోయా తన అభిమాన నడక బాటలో ప్రతిరోజూ 21 కిలోమీటర్లు నడుస్తుంది, ఇందులో బీచ్‌లో 11 కిలోమీటర్ల నడక మరియు కాలిబాటలో 10 కిలోమీటర్ల నడక ఉన్నాయి.కాలిబాటలో, రోయా బీచ్‌లో చేసే వేగం రేటు కంటే రెండు రెట్లు నడుస్తుంది.ఏదేమైనా, ఇటీవలి గాయం కారణంగా, రోయా యొక్క వేగం బీచ్ మరియు కాలిబాటలో సగం తగ్గింది.ఆమె నడక యొక్క 44 నిమిషాలు బీచ్‌లో గడిపినట్లయితే, మొత్తం 21 కిలోమీటర్ల నడకను, నిమిషాల్లో ఆమెకు ఎంత సమయం పడుతుంది?",64
"యారా తన అభిమాన నడక బాటలో ప్రతిరోజూ 28 కిలోమీటర్లు నడుస్తుంది, ఇందులో బీచ్‌లో 14 కిలోమీటర్ల నడక మరియు కాలిబాటలో 14 కిలోమీటర్ల దూరం నడవడం ఉన్నాయి.కాలిబాటలో, యారా బీచ్‌లో ఆమె చేసే వేగంతో రెండు రెట్లు నడుస్తుంది.ఏదేమైనా, ఇటీవలి గాయం కారణంగా, యారా వేగం బీచ్ మరియు కాలిబాటలో సగం తగ్గింది.ఆమె నడక యొక్క 56 నిమిషాలు బీచ్‌లో గడిపినట్లయితే, మొత్తం 28 కిలోమీటర్ల నడకను, నిమిషాల్లో ఆమెకు ఎంత సమయం పడుతుంది?",84
"మాటియో కుక్కకు 149 కుక్కపిల్లలు ఉన్నాయి, వాటిలో 25 మచ్చలు ఉన్నాయి.మొహమ్మద్ కుక్కలో 49 కుక్కపిల్లలు ఉన్నాయి, వాటిలో 12 లో మచ్చలు ఉన్నాయి.ఇబ్రహీమ్‌లో 54 కుక్కలు ఉన్నాయి, ఒక్కొక్కటి 13 కుక్కపిల్లలను మచ్చలతో కలిగి ఉన్నాయి.వెట్ సందర్శన తరువాత, మాటియో తన స్పాట్ చేయని కుక్కపిల్లలలో సగం వాస్తవానికి అంతకుముందు కనిపించని మచ్చలు ఉన్నాయని కనుగొన్నాడు.అన్ని కుక్కపిల్లలలో ఎంత శాతం మచ్చలు ఉన్నాయి?",89
"ఆస్కార్ కుక్కలో 130 కుక్కపిల్లలు ఉన్నాయి, వాటిలో 28 లో మచ్చలు ఉన్నాయి.ఆండ్రీ కుక్కలో 44 కుక్కపిల్లలు ఉన్నాయి, వాటిలో 14 లో మచ్చలు ఉన్నాయి.జిన్లో 66 కుక్కలు ఉన్నాయి, ఒక్కొక్కటి 11 కుక్కపిల్లలను మచ్చలతో కలిగి ఉన్నాయి.వెట్ సందర్శన తరువాత, ఆస్కార్ తన స్పాట్ చేయని కుక్కపిల్లలలో సగం మందికి అంతకుముందు కనిపించని మచ్చలు ఉన్నాయని కనుగొన్నాడు.అన్ని కుక్కపిల్లలలో ఎంత శాతం మచ్చలు ఉన్నాయి?",91
"లియోన్ కుక్కలో 99 కుక్కపిల్లలు ఉన్నాయి, వాటిలో 23 మచ్చలు ఉన్నాయి.జేమ్స్ కుక్కకు 53 కుక్కపిల్లలు ఉన్నాయి, వాటిలో 12 లో మచ్చలు ఉన్నాయి.హిరోషిలో 58 కుక్కలు ఉన్నాయి, ఒక్కొక్కటి 11 కుక్కపిల్లలను కలిగి ఉన్నాయి.వెట్ సందర్శన తరువాత, లియోన్ తన స్పాట్ చేయని కుక్కపిల్లలలో సగం మందికి అంతకుముందు కనిపించని మచ్చలు ఉన్నాయని కనుగొన్నాడు.అన్ని కుక్కపిల్లలలో ఎంత శాతం మచ్చలు ఉన్నాయి?",90
"పావెల్ యొక్క కుక్కలో 100 కుక్కపిల్లలు ఉన్నాయి, వాటిలో 22 మచ్చలు ఉన్నాయి.హిరోషి కుక్కలో 40 కుక్కపిల్లలు ఉన్నాయి, వాటిలో 15 మచ్చలు ఉన్నాయి.శాంటియాగోలో 55 కుక్కలు ఉన్నాయి, ఒక్కొక్కటి 12 కుక్కపిల్లలను కలిగి ఉన్నాయి.వెట్ సందర్శన తరువాత, పావెల్ తన స్పాట్ చేయని కుక్కపిల్లలలో సగం వాస్తవానికి అంతకుముందు కనిపించని మచ్చలు ఉన్నాయని కనుగొన్నాడు.అన్ని కుక్కపిల్లలలో ఎంత శాతం మచ్చలు ఉన్నాయి?",92
"కై యొక్క కుక్కలో 135 కుక్కపిల్లలు ఉన్నాయి, వాటిలో 17 మచ్చలు ఉన్నాయి.అరాష్ కుక్కలో 43 కుక్కపిల్లలు ఉన్నాయి, వాటిలో 14 లో మచ్చలు ఉన్నాయి.కార్లోస్‌లో 54 కుక్కలు ఉన్నాయి, ఒక్కొక్కటి 13 కుక్కపిల్లలను మచ్చలతో కలిగి ఉన్నాయి.వెట్ సందర్శన తరువాత, కై తన స్పాట్ చేయని కుక్కపిల్లలలో సగం మందికి అంతకుముందు కనిపించని మచ్చలు ఉన్నాయని కనుగొన్నాడు.అన్ని కుక్కపిల్లలలో ఎంత శాతం మచ్చలు ఉన్నాయి?",90
"దేశాన్ కుక్కలో 146 కుక్కపిల్లలు ఉన్నాయి, వాటిలో 28 లో మచ్చలు ఉన్నాయి.మొహమ్మద్ కుక్కలో 43 కుక్కపిల్లలు ఉన్నాయి, వాటిలో 12 లో మచ్చలు ఉన్నాయి.హిరోషిలో 51 కుక్కలు ఉన్నాయి, ఒక్కొక్కటి 11 కుక్కపిల్లలను కలిగి ఉన్నాయి.వెట్ సందర్శన తరువాత, డెషాన్ తన చెడిపోని కుక్కపిల్లలలో సగం వాస్తవానికి ఇంతకు ముందు కనిపించని మచ్చలు ఉన్నాయని కనుగొన్నాడు.అన్ని కుక్కపిల్లలలో ఎంత శాతం మచ్చలు ఉన్నాయి?",88
"లూకా యొక్క కుక్కలో 103 కుక్కపిల్లలు ఉన్నాయి, వాటిలో 25 మచ్చలు ఉన్నాయి.డియెగో కుక్కలో 42 కుక్కపిల్లలు ఉన్నాయి, వాటిలో 12 లో మచ్చలు ఉన్నాయి.నోహ్ 67 కుక్కలను కలిగి ఉంది, ఒక్కొక్కటి 15 కుక్కపిల్లలను మచ్చలతో కలిగి ఉంది.వెట్ సందర్శన తరువాత, లూకా తన స్పాట్ చేయని కుక్కపిల్లలలో సగం మందికి అంతకుముందు కనిపించని మచ్చలు ఉన్నాయని కనుగొన్నాడు.అన్ని కుక్కపిల్లలలో ఎంత శాతం మచ్చలు ఉన్నాయి?",94
"నోహ్ కుక్కకు 113 కుక్కపిల్లలు ఉన్నాయి, వాటిలో 23 మచ్చలు ఉన్నాయి.కసిమ్ కుక్కలో 47 కుక్కపిల్లలు ఉన్నాయి, వాటిలో 15 మచ్చలు ఉన్నాయి.తారిక్ 60 కుక్కలను కలిగి ఉంది, ఒక్కొక్కటి 9 కుక్కపిల్లలను కలిగి ఉంది.వెట్ సందర్శన తరువాత, నోహ్ తన స్పాట్ చేయని కుక్కపిల్లలలో సగం మందికి అంతకుముందు కనిపించని మచ్చలు ఉన్నాయని కనుగొన్నాడు.అన్ని కుక్కపిల్లలలో ఎంత శాతం మచ్చలు ఉన్నాయి?",89
"యుకీ కుక్కకు 95 కుక్కపిల్లలు ఉన్నాయి, వాటిలో 23 మచ్చలు ఉన్నాయి.కై యొక్క కుక్కలో 53 కుక్కపిల్లలు ఉన్నాయి, వాటిలో 12 లో మచ్చలు ఉన్నాయి.ఫైసల్‌లో 68 కుక్కలు ఉన్నాయి, ఒక్కొక్కటి 14 కుక్కపిల్లలను మచ్చలతో కలిగి ఉంటాయి.వెట్ సందర్శన తరువాత, యుకీ తన స్పాట్ చేయని కుక్కపిల్లలలో సగం మందికి అంతకుముందు కనిపించని మచ్చలు ఉన్నాయని కనుగొన్నాడు.అన్ని కుక్కపిల్లలలో ఎంత శాతం మచ్చలు ఉన్నాయి?",93
"జిన్ కుక్కకు 100 కుక్కపిల్లలు ఉన్నాయి, వాటిలో 28 మచ్చలు ఉన్నాయి.థియో యొక్క కుక్కలో 50 కుక్కపిల్లలు ఉన్నాయి, వాటిలో 13 మచ్చలు ఉన్నాయి.నోహ్ 58 కుక్కలను కలిగి ఉంది, ఒక్కొక్కటి 10 కుక్కపిల్లలను మచ్చలతో కలిగి ఉంది.వెట్ సందర్శన తరువాత, జిన్ తన స్పాట్ చేయని కుక్కపిల్లలలో సగం వాస్తవానికి అంతకుముందు కనిపించని మచ్చలు ఉన్నాయని కనుగొన్నాడు.అన్ని కుక్కపిల్లలలో ఎంత శాతం మచ్చలు ఉన్నాయి?",90
"ఫాతిమా మరియు మీ ఇంటి నుండి కలిసి జిమ్‌కు నడవడానికి 247 నిమిషాలు ఉన్నారు.లైబ్రరీ ఉన్న మూలకు చేరుకోవడానికి వారికి 26 నిమిషాలు పడుతుంది.కిరాణా దుకాణానికి వెళ్ళడానికి వారికి మరో 18 నిమిషాలు పడుతుంది.వారు కిరాణా దుకాణానికి చేరుకున్నప్పుడు, వారు ఇంట్లో తమ వాలెట్లను మరచిపోయారని వారు గుర్తుంచుకుంటారు, కాబట్టి వారు తమ వాలెట్లను తీయటానికి తిరిగి రావాలి, ఆపై తిరిగి కిరాణా దుకాణానికి తిరిగి నడవాలి.వారు రెండవ సారి కిరాణా దుకాణానికి చేరుకున్న తర్వాత, ఆలస్యం చేయకుండా వారు ఎంతసేపు జిమ్‌కు చేరుకోవాలి?",115
"గాబ్రియేల్ మరియు పావెల్ వారి ఇంటి నుండి కలిసి జిమ్‌కు నడవడానికి 212 నిమిషాలు ఉన్నారు.లైబ్రరీ ఉన్న మూలకు చేరుకోవడానికి వారికి 29 నిమిషాలు పడుతుంది.సినిమాకి వెళ్ళడానికి వారికి మరో 19 నిమిషాలు పడుతుంది.వారు సినిమాకి చేరుకున్నప్పుడు, వారు ఇంట్లో తమ పర్సులు మరచిపోయారని వారు గుర్తుంచుకుంటారు, కాబట్టి వారు తమ వాలెట్లను తీయటానికి తిరిగి రావాలి, ఆపై మళ్ళీ సినిమాకి తిరిగి నడవాలి.వారు రెండవ సారి సినిమాకు చేరుకున్న తర్వాత, ఆలస్యం చేయకుండా వారు ఎంతసేపు జిమ్‌కు చేరుకోవాలి?",68
"నాడియా మరియు సంజయ్ వారి ఇంటి నుండి ప్రారంభమయ్యే కిరాణా దుకాణానికి నడవడానికి 261 నిమిషాలు ఉన్నారు.జిమ్ ఉన్న మూలకు వెళ్ళడానికి వారికి 24 నిమిషాలు పడుతుంది.మాల్‌కు వెళ్లడానికి వారికి మరో 27 నిమిషాలు పడుతుంది.వారు మాల్‌కు చేరుకున్నప్పుడు, వారు ఇంట్లో తమ వాలెట్లను మరచిపోయారని వారు గుర్తుంచుకుంటారు, కాబట్టి వారు తమ వాలెట్లను తీయటానికి తిరిగి రావాలి, ఆపై మళ్ళీ మాల్ వరకు తిరిగి నడవాలి.వారు రెండవ సారి మాల్‌కు చేరుకున్న తర్వాత, వారు ఆలస్యం చేయకుండా కిరాణా దుకాణానికి ఎంతకాలం చేరుకోవాలి?",108
"థియాగో మరియు అలీ తమ ఇంటి నుండి కలిసి జిమ్‌కు నడవడానికి 163 నిమిషాలు ఉన్నారు.బ్యాంక్ ఉన్న మూలకు వెళ్ళడానికి వారికి 21 నిమిషాలు పడుతుంది.సినిమాకి వెళ్ళడానికి వారికి మరో 28 నిమిషాలు పడుతుంది.వారు సినిమాకి చేరుకున్నప్పుడు, వారు ఇంట్లో తమ పర్సులు మరచిపోయారని వారు గుర్తుంచుకుంటారు, కాబట్టి వారు తమ వాలెట్లను తీయటానికి తిరిగి రావాలి, ఆపై మళ్ళీ సినిమాకి తిరిగి నడవాలి.వారు రెండవ సారి సినిమాకు చేరుకున్న తర్వాత, ఆలస్యం చేయకుండా వారు ఎంతసేపు జిమ్‌కు చేరుకోవాలి?",16
"గాబ్రియేల్ మరియు కై వారి ఇంటి నుండి కలిసి జిమ్‌కు నడవడానికి 137 నిమిషాలు ఉన్నారు.పార్క్ ఉన్న మూలకు వెళ్ళడానికి వారికి 16 నిమిషాలు పడుతుంది.మాల్‌కు వెళ్లడానికి వారికి మరో 22 నిమిషాలు పడుతుంది.వారు మాల్‌కు చేరుకున్నప్పుడు, వారు ఇంట్లో తమ వాలెట్లను మరచిపోయారని వారు గుర్తుంచుకుంటారు, కాబట్టి వారు తమ వాలెట్లను తీయటానికి తిరిగి రావాలి, ఆపై మళ్ళీ మాల్ వరకు తిరిగి నడవాలి.వారు రెండవ సారి మాల్‌కు చేరుకున్న తర్వాత, ఆలస్యం చేయకుండా వారు ఎంతసేపు జిమ్‌కు చేరుకోవాలి?",23
"తారా మరియు అనన్య వారి ఇంటి నుండి ప్రారంభమయ్యే కిరాణా దుకాణానికి 163 నిమిషాలు ఉన్నారు.లైబ్రరీ ఉన్న మూలకు వెళ్ళడానికి వారికి 16 నిమిషాలు పడుతుంది.మాల్‌కు చేరుకోవడానికి వారికి మరో 29 నిమిషాలు పడుతుంది.వారు మాల్‌కు చేరుకున్నప్పుడు, వారు ఇంట్లో తమ వాలెట్లను మరచిపోయారని వారు గుర్తుంచుకుంటారు, కాబట్టి వారు తమ వాలెట్లను తీయటానికి తిరిగి రావాలి, ఆపై మళ్ళీ మాల్ వరకు తిరిగి నడవాలి.వారు రెండవ సారి మాల్‌కు చేరుకున్న తర్వాత, వారు ఆలస్యం చేయకుండా కిరాణా దుకాణానికి ఎంతకాలం చేరుకోవాలి?",28
"బోధి మరియు కై వారి ఇంటి నుండి కలిసి లైబ్రరీకి నడవడానికి 267 నిమిషాలు ఉన్నారు.జిమ్ ఉన్న మూలకు వెళ్ళడానికి వారికి 17 నిమిషాలు పడుతుంది.సినిమాకి వెళ్ళడానికి వారికి మరో 19 నిమిషాలు పడుతుంది.వారు సినిమాకి చేరుకున్నప్పుడు, వారు ఇంట్లో తమ పర్సులు మరచిపోయారని వారు గుర్తుంచుకుంటారు, కాబట్టి వారు తమ వాలెట్లను తీయటానికి తిరిగి రావాలి, ఆపై మళ్ళీ సినిమాకి తిరిగి నడవాలి.వారు రెండవ సారి సినిమాకు చేరుకున్న తర్వాత, ఆలస్యం చేయకుండా వారు ఎంతకాలం లైబ్రరీకి చేరుకోవాలి?",159
"బీట్రిజ్ మరియు సాకురా వారి ఇంటి నుండి కలిసి జిమ్‌కు నడవడానికి 253 నిమిషాలు ఉన్నారు.మాల్ ఉన్న మూలకు వెళ్ళడానికి వారికి 16 నిమిషాలు పడుతుంది.సినిమాకి వెళ్ళడానికి వారికి మరో 58 నిమిషాలు పడుతుంది.వారు సినిమాకి చేరుకున్నప్పుడు, వారు ఇంట్లో తమ పర్సులు మరచిపోయారని వారు గుర్తుంచుకుంటారు, కాబట్టి వారు తమ వాలెట్లను తీయటానికి తిరిగి రావాలి, ఆపై మళ్ళీ సినిమాకి తిరిగి నడవాలి.వారు రెండవ సారి సినిమాకు చేరుకున్న తర్వాత, ఆలస్యం చేయకుండా వారు ఎంతసేపు జిమ్‌కు చేరుకోవాలి?",31
"రవి మరియు ఇసాబెల్లాకు వారి ఇంటి నుండి ప్రారంభమయ్యే సినిమాకు నడవడానికి 266 నిమిషాలు ఉన్నాయి.బ్యాంక్ ఉన్న మూలకు వెళ్ళడానికి వారికి 14 నిమిషాలు పడుతుంది.లైబ్రరీకి వెళ్ళడానికి వారికి మరో 38 నిమిషాలు పడుతుంది.వారు లైబ్రరీకి చేరుకున్నప్పుడు, వారు ఇంట్లో తమ వాలెట్లను మరచిపోయారని వారు గుర్తుంచుకుంటారు, కాబట్టి వారు తమ వాలెట్లను తీయటానికి తిరిగి రావాలి, ఆపై మళ్ళీ లైబ్రరీకి తిరిగి వెళ్ళాలి.వారు రెండవ సారి లైబ్రరీకి చేరుకున్న తర్వాత, ఆలస్యం చేయకుండా వారు ఎంతసేపు సినిమాకి చేరుకోవాలి?",110
"చెన్ మరియు డియెగో వారి ఇంటి నుండి కలిసి పార్కుకు నడవడానికి 221 నిమిషాలు ఉన్నారు.మాల్ ఉన్న మూలకు వెళ్ళడానికి వారికి 28 నిమిషాలు పడుతుంది.సినిమాకి వెళ్ళడానికి వారికి మరో 22 నిమిషాలు పడుతుంది.వారు సినిమాకి చేరుకున్నప్పుడు, వారు ఇంట్లో తమ పర్సులు మరచిపోయారని వారు గుర్తుంచుకుంటారు, కాబట్టి వారు తమ వాలెట్లను తీయటానికి తిరిగి రావాలి, ఆపై మళ్ళీ సినిమాకి తిరిగి నడవాలి.వారు రెండవ సారి సినిమాకు చేరుకున్న తర్వాత, ఆలస్యం చేయకుండా వారు ఎంతసేపు పార్కుకు చేరుకోవాలి?",71
"ఒక గారడి విద్య 480 బంతులను మోసగించగలదు.బంతులలో పదవ వంతు గోల్ఫ్ బంతులు, మరియు మిగిలినవి టెన్నిస్ బంతులు.1/2 గోల్ఫ్ బంతులు ple దా రంగులో ఉంటాయి, వీటిలో 1/6 గుర్తించబడింది.టెన్నిస్ బంతులలో 1/9 ఇండిగో, మరియు ఆ ఇండిగో బంతుల్లో మూడింట ఒక వంతు మినహా మిగతావన్నీ గుర్తించబడ్డాయి.మొత్తం ఎన్ని గుర్తించబడిన బంతులు ఉన్నాయి?",36
"ఒక గారడి విద్య 360 బంతులను మోసగించగలదు.సగం బంతులు టెన్నిస్ బంతులు, మరియు మిగిలినవి గోల్ఫ్ బంతులు.టెన్నిస్ బంతులలో మూడవ వంతు టీల్, వీటిలో 1/4 గుర్తించబడింది.1/3 గోల్ఫ్ బంతులు గులాబీ రంగులో ఉన్నాయి, మరియు ఆ గులాబీ బంతులలో ఐదవ వంతు తప్ప అన్నీ గుర్తించబడ్డాయి.మొత్తం ఎన్ని గుర్తించబడిన బంతులు ఉన్నాయి?",63
"ఒక గారడి విద్య 360 బంతులను మోసగించగలదు.బంతులలో పదవ వంతు గోల్ఫ్ బంతులు, మరియు మిగిలినవి టెన్నిస్ బంతులు.1/3 గోల్ఫ్ బంతులు తెల్లగా ఉన్నాయి, వీటిలో 1/4 గుర్తించబడింది.టెన్నిస్ బంతులలో సగం మెజెంటా, మరియు ఆ మెజెంటా బంతుల్లో 1/2 మినహా మిగతావన్నీ గుర్తించబడ్డాయి.మొత్తం ఎన్ని గుర్తించబడిన బంతులు ఉన్నాయి?",84
"ఒక గారడి విద్య 240 బంతులను మోసగించగలదు.1/4 బంతులు టెన్నిస్ బంతులు, మరియు మిగిలినవి గోల్ఫ్ బంతులు.టెన్నిస్ బంతులలో 1/3 నల్లగా ఉన్నాయి, వీటిలో 1/5 గుర్తించబడింది.గోల్ఫ్ బంతుల్లో మూడవ వంతు సియాన్, మరియు ఆ సియాన్ బంతులలో సగం తప్ప అన్ని గుర్తించబడ్డాయి.మొత్తం ఎన్ని గుర్తించబడిన బంతులు ఉన్నాయి?",34
"ఒక గారడి విద్య 300 బంతులను మోసగించగలదు.బంతులలో పదవ వంతు టెన్నిస్ బంతులు, మరియు మిగిలినవి గోల్ఫ్ బంతులు.టెన్నిస్ బంతులలో ఐదవ వంతు మెజెంటా, వీటిలో మూడవది గుర్తించబడింది.1/3 గోల్ఫ్ బంతులు ple దా రంగులో ఉంటాయి మరియు ఆ ple దా బంతులలో సగం తప్ప అన్ని గుర్తించబడ్డాయి.మొత్తం ఎన్ని గుర్తించబడిన బంతులు ఉన్నాయి?",47
"ఒక గారడి విద్య 160 బంతులను మోసగించగలదు.బంతులలో నాలుగింట ఒక వంతు టెన్నిస్ బంతులు, మరియు మిగిలినవి గోల్ఫ్ బంతులు.టెన్నిస్ బంతులలో 1/5 ple దా రంగులో ఉంటుంది, వీటిలో 1/4 గుర్తించబడింది.గోల్ఫ్ బంతులలో 1/8 ఇండిగో, మరియు ఆ 1/5 మినహా అన్నీ ఇండిగో బంతులు గుర్తించబడ్డాయి.మొత్తం ఎన్ని గుర్తించబడిన బంతులు ఉన్నాయి?",14
"ఒక గారడి విద్య 160 బంతులను మోసగించగలదు.బంతులలో నాలుగింట ఒక వంతు టెన్నిస్ బంతులు, మరియు మిగిలినవి గోల్ఫ్ బంతులు.టెన్నిస్ బంతులలో నాలుగింట ఒక వంతు టీల్, వీటిలో 1/5 గుర్తించబడింది.గోల్ఫ్ బంతులలో నాలుగింట ఒక వంతు గులాబీ రంగులో ఉన్నాయి, మరియు ఆ పింక్ బంతులలో సగం తప్ప అన్ని గుర్తించబడ్డాయి.మొత్తం ఎన్ని గుర్తించబడిన బంతులు ఉన్నాయి?",17
"ఒక గారడి విద్య 120 బంతులను మోసగించగలదు.బంతులలో నాలుగింట ఒక వంతు గోల్ఫ్ బంతులు, మరియు మిగిలినవి టెన్నిస్ బంతులు.1/5 గోల్ఫ్ బంతులు పసుపు రంగులో ఉంటాయి, వీటిలో 1/6 గుర్తించబడింది.టెన్నిస్ బంతులలో 1/3 పింక్, మరియు ఆ పింక్ బంతులలో 1/6 మినహా అన్నీ గుర్తించబడ్డాయి.మొత్తం ఎన్ని గుర్తించబడిన బంతులు ఉన్నాయి?",26
"ఒక గారడి విద్య 540 బంతులను మోసగించగలదు.1/9 బంతులు గోల్ఫ్ బంతులు, మరియు మిగిలినవి టెన్నిస్ బంతులు.1/2 గోల్ఫ్ బంతులు ple దా రంగులో ఉంటాయి, వీటిలో పదవ వంతు గుర్తించబడింది.టెన్నిస్ బంతులలో ఎనిమిదవ వంతు గోధుమ రంగులో ఉంటుంది, మరియు ఆ గోధుమ బంతులలో 1/10 మినహా అన్నీ గుర్తించబడతాయి.మొత్తం ఎన్ని గుర్తించబడిన బంతులు ఉన్నాయి?",57
"ఒక గారడి విద్య 400 బంతులను మోసగించగలదు.1/5 బంతులు గోల్ఫ్ బంతులు, మరియు మిగిలినవి టెన్నిస్ బంతులు.గోల్ఫ్ బంతులలో 1/4 టీల్, వీటిలో ఐదవది గుర్తించబడింది.టెన్నిస్ బంతులలో ఎనిమిదవ వంతు నీలం, మరియు ఆ నీలిరంగు బంతుల్లో పదవ వంతు తప్ప అన్ని గుర్తించబడ్డాయి.మొత్తం ఎన్ని గుర్తించబడిన బంతులు ఉన్నాయి?",40
"హిరోషికి 20 హెక్టార్ల నేరేడు పండు క్షేత్రం ఉంది.హెక్టార్ యొక్క రెండు-నాలుగవ వంతుకు 28 ఆప్రికాట్లు ఉన్నాయి.ప్రతి 6 నెలలకు హిరోషి తన నేరేడు పండును కోయగలడు.అదనంగా, హిరోషి 12 హెక్టార్ల ద్రాక్ష క్షేత్రాన్ని కలిగి ఉంది, ఇది హెక్టారుకు 14 ద్రాక్షలను ఉత్పత్తి చేస్తుంది.ప్రతి 4 నెలలకు ద్రాక్షను పండించవచ్చు.రెండు సంవత్సరాల వ్యవధిలో, ద్రాక్ష కంటే హిరోషి ఎన్ని ఆప్రికాట్లను పండిస్తుంది?",3472
"ఆలివర్‌కు 15 హెక్టార్ల ద్రాక్ష క్షేత్రం ఉంది.హెక్టారులో 1/3 కు 15 ద్రాక్షలు ఉన్నాయి.ప్రతి 4 నెలలకు ఆలివర్ తన ద్రాక్షను పండించగలడు.అదనంగా, ఆలివర్ 9 హెక్టార్ల ఆపిల్ ఫీల్డ్‌ను కలిగి ఉంది, ఇది హెక్టారుకు 16 ఆపిల్లను ఉత్పత్తి చేస్తుంది.ప్రతి 4 నెలలకు ఆపిల్లను పండించవచ్చు.రెండు సంవత్సరాల వ్యవధిలో, ఆలివర్ ఆపిల్ల కంటే ఇంకా ఎన్ని ద్రాక్షను పండిస్తాడు?",3186
"మహ్మద్ 35 చదరపు మీటర్ల ద్రాక్ష క్షేత్రాన్ని కలిగి ఉంది.చదరపు మీటర్‌లో 2/3 కి 12 ద్రాక్షలు ఉన్నాయి.మొహమ్మద్ ప్రతి 6 నెలలకు తన ద్రాక్షను పండించగలడు.అదనంగా, మొహమ్మద్ 11 చదరపు మీటర్ ఆప్రికాట్ ఫీల్డ్‌ను కలిగి ఉన్నాడు, ఇది చదరపు మీటరుకు 18 ఆప్రికాట్లను ఉత్పత్తి చేస్తుంది.ప్రతి 4 నెలలకు ఆప్రికాట్లను పండించవచ్చు.రెండు సంవత్సరాల వ్యవధిలో, నేరేడు పండు కంటే మహమ్మద్ పంట ఎన్ని ద్రాక్షను కలిగి ఉంటాడు?",1332
"యూసుఫ్‌లో 10 చదరపు గజాల పుచ్చకాయ క్షేత్రం ఉంది.చదరపు యార్డ్ యొక్క రెండు ఆరవ వంతుకు 19 పుచ్చకాయలు ఉన్నాయి.యూసుఫ్ ప్రతి 2 నెలలకు తన పుచ్చకాయలను కోయగలడు.అదనంగా, యూసుఫ్ 9 చదరపు గజాల ద్రాక్ష క్షేత్రాన్ని కలిగి ఉంది, ఇది చదరపు గజానికి 14 ద్రాక్షలను ఉత్పత్తి చేస్తుంది.ప్రతి 4 నెలలకు ద్రాక్షను పండించవచ్చు.రెండు సంవత్సరాల వ్యవధిలో, ద్రాక్ష కంటే యూసుఫ్ ఎన్ని పుచ్చకాయలు పండిస్తాడు?",6084
"రవికి 10 చదరపు గజాల అరటి క్షేత్రం ఉంది.చదరపు యార్డ్ యొక్క నాలుగు ఐదవ వంతుకు 36 అరటిపండ్లు ఉన్నాయి.రవి ప్రతి 4 నెలలకు తన అరటిపండ్లను కోయగలడు.అదనంగా, RAVI 13 చదరపు యార్డ్ నేరేడు పండు క్షేత్రాన్ని కలిగి ఉంది, ఇది చదరపు గజానికి 12 ఆప్రికాట్లను ఉత్పత్తి చేస్తుంది.ప్రతి 4 నెలలకు ఆప్రికాట్లను పండించవచ్చు.రెండు సంవత్సరాల వ్యవధిలో, ఆప్రికాట్ల కంటే రవి ఎంత అరటిపండ్లు పండిస్తాడు?",1764
"థియాగోలో 25 చదరపు గజాల ఆరెంజ్ ఫీల్డ్ ఉంది.చదరపు యార్డ్ యొక్క నాలుగవ వంతుకు 23 నారింజలు ఉన్నాయి.థియాగో ప్రతి 12 నెలలకు తన నారింజను కోయగలదు.అదనంగా, థియాగో 9 చదరపు గజాల ద్రాక్ష క్షేత్రాన్ని కలిగి ఉంది, ఇది చదరపు గజానికి 13 ద్రాక్షలను ఉత్పత్తి చేస్తుంది.ప్రతి 4 నెలలకు ద్రాక్షను పండించవచ్చు.రెండు సంవత్సరాల వ్యవధిలో, ద్రాక్ష కంటే థియాగో ఎంత నారింజ పండిస్తుంది?",3898
"కార్లోస్ కివి ఫీల్డ్ యొక్క 80 చదరపు మీటర్ల దూరంలో ఉంది.చదరపు మీటర్‌లో నాలుగు ఆరవ వంతుకు 29 కివిస్ ఉన్నాయి.ప్రతి 12 నెలలకు కార్లోస్ తన కివీస్‌ను కోయగలడు.అదనంగా, కార్లోస్ 10 చదరపు మీటర్ ఆప్రికాట్ ఫీల్డ్‌ను కలిగి ఉంది, ఇది చదరపు మీటరుకు 17 ఆప్రికాట్లను ఉత్పత్తి చేస్తుంది.ప్రతి 4 నెలలకు ఆప్రికాట్లను పండించవచ్చు.రెండేళ్ల వ్యవధిలో, కైవిస్‌ను నేరేడు పండు కంటే ఎన్ని కివీస్ పండిస్తాడు?",5940
"డెషాన్‌కు 10 హెక్టార్ల అరటి క్షేత్రం ఉంది.హెక్టారులో 2/4 కి 20 అరటిపండ్లు ఉన్నాయి.దేశాన్ ప్రతి 3 నెలలకు తన అరటిపండ్లను కోయగలడు.అదనంగా, దేశాన్ 11 హెక్టార్ల నారింజ క్షేత్రాన్ని కలిగి ఉన్నాడు, ఇది హెక్టారుకు 14 నారింజను ఉత్పత్తి చేస్తుంది.ప్రతి 4 నెలలకు నారింజను పండించవచ్చు.రెండు సంవత్సరాల వ్యవధిలో, డెషాన్ నారింజ కన్నా ఇంకా ఎన్ని అరటిపండ్లు పండిస్తాడు?",2276
"దేశాన్ 10 హెక్టార్ల ద్రాక్ష క్షేత్రాన్ని కలిగి ఉంది.హెక్టారుకు ఎనిమిదవ వంతుకు 33 ద్రాక్షలు ఉన్నాయి.డెషాన్ ప్రతి 12 నెలలకు తన ద్రాక్షను పండించగలడు.అదనంగా, దేశాన్ 10 హెక్టార్ల పైనాపిల్ ఫీల్డ్‌ను కలిగి ఉంది, ఇది హెక్టారుకు 18 పైనాపిల్స్ ఉత్పత్తి చేస్తుంది.ప్రతి 4 నెలలకు పైనాపిల్స్ పండించవచ్చు.రెండు సంవత్సరాల వ్యవధిలో, పైనాపిల్స్ కంటే డెషాన్ ఎన్ని ద్రాక్ష పంటలు వేస్తాడు?",4200
"నోహ్‌కు 85 హెక్టార్ల పియర్ ఫీల్డ్ ఉంది.హెక్టార్లలో రెండు ఆరవ వంతుకు 13 బేరి ఉన్నాయి.నోహ్ ప్రతి 12 నెలలకు తన బేరిని పండించగలడు.అదనంగా, నోహ్ 11 హెక్టార్ల నేరేడు పండు క్షేత్రాన్ని కలిగి ఉన్నాడు, ఇది హెక్టారుకు 12 ఆప్రికాట్లను ఉత్పత్తి చేస్తుంది.ప్రతి 4 నెలలకు ఆప్రికాట్లను పండించవచ్చు.రెండు సంవత్సరాల వ్యవధిలో, ఆప్రికాట్ల కంటే నోహ్ ఎన్ని బేరిని పండిస్తాడు?",5838
"డాక్టర్ మిల్లెర్ తన అపార్ట్మెంట్ను 00 490000 కు అమ్మారు.అతను అమ్మకపు ధరలో 1% చట్టపరమైన రుసుము చెల్లించాడు మరియు రియల్టర్ ఫీజును కూడా చెల్లించాడు, అది అమ్మకపు ధరలో 5%.అతను అపార్ట్మెంట్లో మిగిలిన రుణ మొత్తానికి 00 390000, మరియు ముగింపు ఖర్చులకు 00 10000 చెల్లించాడు.డాక్టర్ మిల్లెర్ అపార్ట్మెంట్ అమ్మకం ద్వారా నికర ఆదాయాన్ని స్టాక్లలో పెట్టుబడులు పెట్టడానికి ఉపయోగించారు.స్టాక్స్ రెండు సంవత్సరాలు ప్రతి సంవత్సరం 10% పెరిగాయి.రెండేళ్ల తర్వాత డాక్టర్ మిల్లెర్ నికర ఆదాయం ఎంత?",73326
"మిస్టర్ మార్టినెజ్ తన కుటీరాన్ని 00 690000 కు అమ్మారు.అతను అమ్మకపు ధరలో 3% బదిలీ రుసుము చెల్లించాడు మరియు అమ్మకపు ధరలో 6% అయిన బ్రోకరేజ్ ఫీజును కూడా చెల్లించాడు.అతను కుటీరంలో మిగిలిన రుణ మొత్తానికి 00 590000, మరియు ముగింపు ఖర్చులకు $ 5000 చెల్లించాడు.మిస్టర్ మార్టినెజ్ కుటీర విక్రయించడం ద్వారా నికర ఆదాయాన్ని స్టాక్స్‌లో పెట్టుబడులు పెట్టడానికి ఉపయోగించారు.స్టాక్స్ రెండు సంవత్సరాలు ప్రతి సంవత్సరం 10% పెరిగాయి.మిస్టర్ మార్టినెజ్ నికర రెండేళ్ల తర్వాత ఎంత ఆదాయం వచ్చింది?",39809
"ప్రొఫెసర్ మిల్లెర్ తన అపార్ట్మెంట్ను 100 810000 కు విక్రయించాడు.అతను రిజిస్ట్రేషన్ ఫీజులను అమ్మకపు ధరలో 3% చెల్లించాడు మరియు ఏజెంట్ ఫీజును కూడా చెల్లించాడు, అది అమ్మకపు ధరలో 3%.అతను అపార్ట్మెంట్లో మిగిలిన రుణ మొత్తానికి 00 670000, మరియు ముగింపు ఖర్చులకు 00 20000 చెల్లించాడు.ప్రొఫెసర్ మిల్లెర్ అపార్ట్మెంట్ అమ్మకం ద్వారా నికర ఆదాయాన్ని స్టాక్స్లో పెట్టుబడులు పెట్టడానికి ఉపయోగించారు.స్టాక్స్ రెండు సంవత్సరాలు ప్రతి సంవత్సరం 10% పెరిగాయి.రెండు సంవత్సరాల తరువాత ప్రొఫెసర్ మిల్లెర్ నికర ఆదాయం ఎంత?",86394
"ప్రొఫెసర్ మిల్లెర్ తన అపార్ట్మెంట్ను 00 760000 కు విక్రయించాడు.అతను రిజిస్ట్రేషన్ ఫీజులను అమ్మకపు ధరలో 3% చెల్లించాడు మరియు ఏజెంట్ ఫీజును కూడా చెల్లించాడు, అది అమ్మకపు ధరలో 4%.అతను అపార్ట్మెంట్లో మిగిలిన రుణ మొత్తానికి 00 570000, మరియు ముగింపు ఖర్చులకు 000 15000 చెల్లించాడు.ప్రొఫెసర్ మిల్లెర్ అపార్ట్మెంట్ అమ్మకం ద్వారా నికర ఆదాయాన్ని స్టాక్స్లో పెట్టుబడులు పెట్టడానికి ఉపయోగించారు.స్టాక్స్ రెండు సంవత్సరాలు ప్రతి సంవత్సరం 10% పెరిగాయి.రెండు సంవత్సరాల తరువాత ప్రొఫెసర్ మిల్లెర్ నికర ఆదాయం ఎంత?",147378
"డాక్టర్ స్మిత్ తన ఇంటిని 00 590000 కు అమ్మారు.అతను అమ్మకపు ధరలో 3% చట్టపరమైన రుసుము చెల్లించాడు మరియు రియల్టర్ ఫీజును కూడా చెల్లించాడు, అది అమ్మకపు ధరలో 4%.అతను ఇంటిలో మిగిలిన రుణ మొత్తానికి 00 380000, మరియు ముగింపు ఖర్చులకు 000 25000 చెల్లించాడు.డాక్టర్ స్మిత్ ఇంటిని అమ్మడం ద్వారా నికర ఆదాయాన్ని స్టాక్స్‌లో పెట్టుబడులు పెట్టడానికి ఉపయోగించారు.స్టాక్స్ రెండు సంవత్సరాలు ప్రతి సంవత్సరం 10% పెరిగాయి.రెండేళ్ల తర్వాత డాక్టర్ స్మిత్ నికర ఆదాయం ఎంత?",173877
"ప్రొఫెసర్ స్మిత్ తన ఇంటిని $ 560000 కు విక్రయించాడు.అతను రిజిస్ట్రేషన్ ఫీజులను అమ్మకపు ధరలో 3% చెల్లించాడు మరియు ఏజెంట్ ఫీజును కూడా చెల్లించాడు, అది అమ్మకపు ధరలో 4%.అతను ఇంటిలో మిగిలిన రుణ మొత్తానికి 00 440000, మరియు ముగింపు ఖర్చుల కోసం 000 15000 చెల్లించాడు.ప్రొఫెసర్ స్మిత్ ఇంటిని అమ్మడం ద్వారా నికర ఆదాయాన్ని స్టాక్స్‌లో పెట్టుబడులు పెట్టడానికి ఉపయోగించారు.స్టాక్స్ రెండు సంవత్సరాలు ప్రతి సంవత్సరం 10% పెరిగాయి.రెండు సంవత్సరాల తరువాత ప్రొఫెసర్ స్మిత్ యొక్క నికర ఆదాయం ఎంత?",79618
"డాక్టర్ మిల్లెర్ తన అపార్ట్మెంట్ను 00 550000 కు అమ్మారు.అతను అమ్మకపు ధరలో 2% చట్టపరమైన రుసుము చెల్లించాడు మరియు రియల్టర్ ఫీజును కూడా చెల్లించాడు, అది అమ్మకపు ధరలో 3%.అతను అపార్ట్మెంట్లో మిగిలిన రుణ మొత్తానికి 00 370000, మరియు ముగింపు ఖర్చులకు 000 25000 చెల్లించాడు.డాక్టర్ మిల్లెర్ అపార్ట్మెంట్ అమ్మకం ద్వారా నికర ఆదాయాన్ని స్టాక్లలో పెట్టుబడులు పెట్టడానికి ఉపయోగించారు.స్టాక్స్ రెండు సంవత్సరాలు ప్రతి సంవత్సరం 10% పెరిగాయి.రెండేళ్ల తర్వాత డాక్టర్ మిల్లెర్ నికర ఆదాయం ఎంత?",154275
"ప్రొఫెసర్ బ్రౌన్ తన విల్లాను 00 460000 కు విక్రయించాడు.అతను రిజిస్ట్రేషన్ ఫీజులను అమ్మకపు ధరలో 3% చెల్లించాడు మరియు ఏజెంట్ ఫీజును కూడా చెల్లించాడు, అది అమ్మకపు ధరలో 2%.అతను విల్లాలో మిగిలిన రుణ మొత్తానికి 000 300000, మరియు ముగింపు ఖర్చులకు 000 15000 చెల్లించాడు.ప్రొఫెసర్ బ్రౌన్ విల్లా అమ్మకం ద్వారా నికర ఆదాయాన్ని స్టాక్స్‌లో పెట్టుబడులు పెట్టడానికి ఉపయోగించారు.స్టాక్స్ రెండు సంవత్సరాలు ప్రతి సంవత్సరం 10% పెరిగాయి.రెండు సంవత్సరాల తరువాత ప్రొఫెసర్ బ్రౌన్ యొక్క నికర ఆదాయం ఎంత?",147620
"ప్రొఫెసర్ మార్టినెజ్ తన కుటీరాన్ని 00 470000 కు అమ్మారు.అతను రిజిస్ట్రేషన్ ఫీజులను అమ్మకపు ధరలో 2% చెల్లించాడు మరియు ఏజెంట్ ఫీజును కూడా చెల్లించాడు, అది అమ్మకపు ధరలో 3%.అతను కుటీరంలో మిగిలిన రుణ మొత్తానికి, 000 400000, మరియు ముగింపు ఖర్చుల కోసం 000 15000 చెల్లించాడు.ప్రొఫెసర్ మార్టినెజ్ కుటీర విక్రయించడం ద్వారా నికర ఆదాయాన్ని స్టాక్స్‌లో పెట్టుబడులు పెట్టడానికి ఉపయోగించారు.స్టాక్స్ రెండు సంవత్సరాలు ప్రతి సంవత్సరం 10% పెరిగాయి.రెండు సంవత్సరాల తరువాత ప్రొఫెసర్ మార్టినెజ్ యొక్క నికర ఆదాయం ఎంత?",38115
"డాక్టర్ బ్రౌన్ తన విల్లాను 000 300000 కు అమ్మారు.అతను అమ్మకపు ధరలో 3% చట్టపరమైన రుసుము చెల్లించాడు మరియు రియల్టర్ ఫీజును కూడా చెల్లించాడు, అది అమ్మకపు ధరలో 3%.అతను విల్లాలో మిగిలిన రుణ మొత్తానికి 000 200000, మరియు ముగింపు ఖర్చుల కోసం 00 20000 చెల్లించాడు.డాక్టర్ బ్రౌన్ విల్లా అమ్మకం ద్వారా నికర ఆదాయాన్ని స్టాక్స్‌లో పెట్టుబడులు పెట్టడానికి ఉపయోగించారు.స్టాక్స్ రెండు సంవత్సరాలు ప్రతి సంవత్సరం 10% పెరిగాయి.రెండేళ్ల తర్వాత డాక్టర్ బ్రౌన్ యొక్క నికర ఆదాయం ఎంత?",75020
"ఒలివియా 51: 5 నిష్పత్తిలో చక్కెర మరియు కప్పుల నీటిలో టీస్పూన్లు ఉపయోగించి టీ చేస్తుంది.ఆమె ప్రతి 5 కప్పుల నీటికి 7 టేబుల్ స్పూన్ల పాలను కూడా ఉపయోగిస్తుంది మరియు ప్రతి టీస్పూన్ చక్కెర కోసం 2 టేబుల్ స్పూన్ల హెవీ క్రీమ్ ఉపయోగిస్తుంది.ఆమె మొత్తం 220 టీస్పూన్ల చక్కెర, కప్పుల నీరు, టేబుల్ స్పూన్ల క్రీమ్ మరియు టేబుల్ స్పూన్ల పాలు ఉపయోగించింది.ఆమె ఎన్ని టీస్పూన్ల చక్కెరను ఉపయోగించింది?",68
"ఓల్గా 48:10 నిష్పత్తిలో చక్కెర మరియు కప్పుల నీటిని ఉపయోగించి కాఫీ చేస్తుంది.ఆమె ప్రతి 10 కప్పుల నీటికి 6 టేబుల్ స్పూన్ల పాలను కూడా ఉపయోగిస్తుంది మరియు ప్రతి టీస్పూన్ చక్కెర కోసం 2 టేబుల్ స్పూన్ల హెవీ క్రీమ్ ఉపయోగిస్తుంది.ఆమె మొత్తం 210 టీస్పూన్ల చక్కెర, కప్పుల నీరు, టేబుల్ స్పూన్ల క్రీమ్ మరియు టేబుల్ స్పూన్ల పాలు ఉపయోగించింది.ఆమె ఎన్ని టీస్పూన్ల చక్కెరను ఉపయోగించింది?",63
"గాబ్రియేల్ 54:12 నిష్పత్తిలో చక్కెర మరియు కప్పుల నీటిని టీస్పూన్లను ఉపయోగించి టీ చేస్తుంది.ఆమె ప్రతి 2 కప్పుల నీటికి 7 టేబుల్ స్పూన్ల పాలను కూడా ఉపయోగిస్తుంది మరియు ప్రతి టీస్పూన్ చక్కెర కోసం 2 టేబుల్ స్పూన్ల హెవీ క్రీమ్ ఉపయోగిస్తుంది.ఆమె మొత్తం 240 టీస్పూన్ల చక్కెర, కప్పుల నీరు, టేబుల్ స్పూన్ల క్రీమ్ మరియు టేబుల్ స్పూన్ల పాలు ఉపయోగించింది.ఆమె ఎన్ని టీస్పూన్ల చక్కెరను ఉపయోగించింది?",60
"మియా 48: 7 నిష్పత్తిలో చక్కెర మరియు కప్పుల నీటిని ఉపయోగించి కాఫీ చేస్తుంది.ఆమె ప్రతి 7 కప్పుల నీటికి 9 టేబుల్ స్పూన్ల పాలను కూడా ఉపయోగిస్తుంది మరియు ప్రతి టీస్పూన్ చక్కెర కోసం 2 టేబుల్ స్పూన్ల హెవీ క్రీమ్ ఉపయోగిస్తుంది.ఆమె మొత్తం 170 టీస్పూన్ల చక్కెర, కప్పుల నీరు, టేబుల్ స్పూన్ల క్రీమ్ మరియు టేబుల్ స్పూన్ల పాలు ఉపయోగించింది.ఆమె ఎన్ని టీస్పూన్ల చక్కెరను ఉపయోగించింది?",51
"కిమియా 55:44 నిష్పత్తిలో చక్కెర మరియు కప్పుల నీటిని ఉపయోగించి కాఫీ చేస్తుంది.ఆమె ప్రతి 24 కప్పుల నీటికి 6 టేబుల్ స్పూన్ల పాలను కూడా ఉపయోగిస్తుంది మరియు ప్రతి టీస్పూన్ చక్కెర కోసం 2 టేబుల్ స్పూన్ల హెవీ క్రీమ్ ఉపయోగిస్తుంది.ఆమె మొత్తం 240 టీస్పూన్ల చక్కెర, కప్పుల నీరు, టేబుల్ స్పూన్ల క్రీమ్ మరియు టేబుల్ స్పూన్ల పాలు ఉపయోగించింది.ఆమె ఎన్ని టీస్పూన్ల చక్కెరను ఉపయోగించింది?",60
"45: 5 నిష్పత్తిలో చక్కెర మరియు కప్పుల నీటిని ఉపయోగించి ఉమా టీ చేస్తుంది.ఆమె ప్రతి 4 కప్పుల నీటికి 8 టేబుల్ స్పూన్ల పాలను కూడా ఉపయోగిస్తుంది మరియు ప్రతి టీస్పూన్ చక్కెర కోసం 2 టేబుల్ స్పూన్ల హెవీ క్రీమ్ ఉపయోగిస్తుంది.ఆమె మొత్తం 210 టీస్పూన్ల చక్కెర, కప్పుల నీరు, టేబుల్ స్పూన్ల క్రీమ్ మరియు టేబుల్ స్పూన్ల పాలు ఉపయోగించింది.ఆమె ఎన్ని టీస్పూన్ల చక్కెరను ఉపయోగించింది?",63
"ఫాతిమా 52:30 నిష్పత్తిలో చక్కెర మరియు కప్పుల నీటిని ఉపయోగించి టీ చేస్తుంది.ఆమె ప్రతి 20 కప్పుల నీటికి 6 టేబుల్ స్పూన్ల పాలను కూడా ఉపయోగిస్తుంది మరియు ప్రతి టీస్పూన్ చక్కెర కోసం 2 టేబుల్ స్పూన్ల హెవీ క్రీమ్ ఉపయోగిస్తుంది.ఆమె మొత్తం 210 టీస్పూన్ల చక్కెర, కప్పుల నీరు, టేబుల్ స్పూన్ల క్రీమ్ మరియు టేబుల్ స్పూన్ల పాలు ఉపయోగించింది.ఆమె ఎన్ని టీస్పూన్ల చక్కెరను ఉపయోగించింది?",56
"బీట్రిజ్ 48:12 నిష్పత్తిలో చక్కెర మరియు కప్పుల నీటిని ఉపయోగించి కాఫీ చేస్తుంది.ఆమె ప్రతి 7 కప్పుల నీటికి 7 టేబుల్ స్పూన్ల పాలను కూడా ఉపయోగిస్తుంది మరియు ప్రతి టీస్పూన్ చక్కెర కోసం 2 టేబుల్ స్పూన్ల హెవీ క్రీమ్ ఉపయోగిస్తుంది.ఆమె మొత్తం 210 టీస్పూన్ల చక్కెర, కప్పుల నీరు, టేబుల్ స్పూన్ల క్రీమ్ మరియు టేబుల్ స్పూన్ల పాలు ఉపయోగించింది.ఆమె ఎన్ని టీస్పూన్ల చక్కెరను ఉపయోగించింది?",60
"క్విన్ 63: 9 నిష్పత్తిలో చక్కెర మరియు కప్పుల నీటిలో టీస్పూన్లు మరియు కప్పుల నీటిని ఉపయోగించి కాఫీ తయారుచేస్తాడు.ఆమె ప్రతి 7 కప్పుల నీటికి 7 టేబుల్ స్పూన్ల పాలను కూడా ఉపయోగిస్తుంది మరియు ప్రతి టీస్పూన్ చక్కెర కోసం 2 టేబుల్ స్పూన్ల హెవీ క్రీమ్ ఉపయోగిస్తుంది.ఆమె మొత్తం 230 టీస్పూన్ల చక్కెర, కప్పుల నీరు, టేబుల్ స్పూన్ల క్రీమ్ మరియు టేబుల్ స్పూన్ల పాలు ఉపయోగించింది.ఆమె ఎన్ని టీస్పూన్ల చక్కెరను ఉపయోగించింది?",70
"60: 5 నిష్పత్తిలో జహ్రా టీస్పూన్ల చక్కెర మరియు కప్పుల నీటిని ఉపయోగించి టీ చేస్తుంది.ఆమె ప్రతి 2 కప్పుల నీటికి 6 టేబుల్ స్పూన్ల పాలను కూడా ఉపయోగిస్తుంది మరియు ప్రతి టీస్పూన్ చక్కెర కోసం 2 టేబుల్ స్పూన్ల హెవీ క్రీమ్ ఉపయోగిస్తుంది.ఆమె మొత్తం 210 టీస్పూన్ల చక్కెర, కప్పుల నీరు, టేబుల్ స్పూన్ల క్రీమ్ మరియు టేబుల్ స్పూన్ల పాలు ఉపయోగించింది.ఆమె ఎన్ని టీస్పూన్ల చక్కెరను ఉపయోగించింది?",63
"ఒక పెద్ద పిజ్జాలో 87 సేర్విన్గ్స్ ఉన్నాయి.ఈషా రోజుకు 3 సేర్విన్గ్స్ తినవచ్చు, అమేలియా రెండు రెట్లు ఎక్కువ తినవచ్చు మరియు అవా అమేలియా కంటే నాలుగు రెట్లు తినవచ్చు.2 రోజుల తరువాత, అవా డైట్ కి వెళ్లి వినియోగాన్ని సగానికి తగ్గించాలని నిర్ణయించుకుంటుంది.పిజ్జా పూర్తిగా తినడానికి ఎన్ని రోజులు పడుతుంది?",3
"ఒక పెద్ద లాసాగ్నాలో 102 ముక్కలు ఉన్నాయి.లియోన్ రోజుకు 3 ముక్కలు తినవచ్చు, అయితే మొహమ్మద్ మూడుసార్లు ఎక్కువ తినవచ్చు మరియు సాకురా మొహమ్మద్ కంటే రెండు రెట్లు తినవచ్చు.2 రోజుల తరువాత, సాకురా డైట్ కి వెళ్లి వినియోగాన్ని సగానికి తగ్గించాలని నిర్ణయించుకుంటాడు.లాసాగ్నా పూర్తిగా తినడానికి ఎన్ని రోజులు పడుతుంది?",4
"ఒక పెద్ద పై 122 ముక్కలు ఉన్నాయి.అనన్య రోజుకు 2 ముక్కలు తినవచ్చు, కిమియా మూడుసార్లు ఎక్కువ తినవచ్చు మరియు ఫాతిమా కిమియా కంటే ఐదు రెట్లు తినవచ్చు.2 రోజుల తరువాత, ఫాతిమా డైట్ కి వెళ్లి వినియోగాన్ని సగానికి తగ్గించాలని నిర్ణయించుకుంటుంది.పై పూర్తిగా తినడానికి ఎన్ని రోజులు పడుతుంది?",4
"ఒక పెద్ద కేకులో 126 భాగాలు ఉన్నాయి.కిమియా రోజుకు 3 భాగాలను తినవచ్చు, అయితే ఫాతిమా మూడు రెట్లు ఎక్కువ తినవచ్చు మరియు డాఫ్నే ఫాతిమా కంటే నాలుగు రెట్లు తినవచ్చు.2 రోజుల తరువాత, డాఫ్నే డైట్ కి వెళ్లి వినియోగాన్ని సగానికి తగ్గించాలని నిర్ణయించుకుంటాడు.కేక్ పూర్తిగా తినడానికి ఎన్ని రోజులు పడుతుంది?",3
"ఒక పెద్ద పై 99 ముక్కలు ఉన్నాయి.లూయిస్ రోజుకు 2 ముక్కలు తినవచ్చు, అమేలియా మూడు రెట్లు ఎక్కువ తినవచ్చు మరియు ఈషా అమేలియా కంటే ఐదు రెట్లు తినవచ్చు.2 రోజుల తరువాత, ఈషా డైట్ కి వెళ్లి వినియోగాన్ని సగానికి తగ్గించాలని నిర్ణయించుకుంటాడు.పై పూర్తిగా తినడానికి ఎన్ని రోజులు పడుతుంది?",3
"ఒక పెద్ద పిజ్జాలో 110 సేర్విన్గ్స్ ఉన్నాయి.తారా రోజుకు 2 సేర్విన్గ్స్ తినవచ్చు, బోధి మూడు రెట్లు ఎక్కువ తినవచ్చు మరియు ఒలివియా బోధి కంటే రెండు రెట్లు ఎక్కువ తినవచ్చు.2 రోజుల తరువాత, ఒలివియా డైట్ కి వెళ్లి వినియోగాన్ని సగానికి తగ్గించాలని నిర్ణయించుకుంటుంది.పిజ్జా పూర్తిగా తినడానికి ఎన్ని రోజులు పడుతుంది?",7
"ఒక పెద్ద పై 126 సేర్విన్గ్స్ ఉన్నాయి.ఎస్టెబాన్ రోజుకు 3 సేర్విన్గ్స్ తినవచ్చు, థియో మూడుసార్లు తినవచ్చు మరియు గాబ్రియేల్ థియో కంటే నాలుగు రెట్లు తినవచ్చు.2 రోజుల తరువాత, గాబ్రియేల్ డైట్ కి వెళ్లి వినియోగాన్ని సగానికి తగ్గించాలని నిర్ణయించుకుంటాడు.పై పూర్తిగా తినడానికి ఎన్ని రోజులు పడుతుంది?",3
"ఒక పెద్ద పిజ్జాలో 105 సేర్విన్గ్స్ ఉన్నాయి.హరుకా రోజుకు 3 సేర్విన్గ్స్ తినవచ్చు, అయితే డాఫ్నే నాలుగు రెట్లు ఎక్కువ తినవచ్చు మరియు అరష్ డాఫ్నే కంటే రెండు రెట్లు ఎక్కువ తినవచ్చు.2 రోజుల తరువాత, అరాష్ డైట్ కి వెళ్లి వినియోగాన్ని సగానికి తగ్గించాలని నిర్ణయించుకుంటాడు.పిజ్జా పూర్తిగా తినడానికి ఎన్ని రోజులు పడుతుంది?",3
"ఒక పెద్ద కేకులో 87 భాగాలు ఉన్నాయి.ఆలివర్ రోజుకు 3 భాగాలను తినవచ్చు, పావెల్ రెండు రెట్లు ఎక్కువ తినవచ్చు మరియు మీ పావెల్ కంటే రెండు రెట్లు ఎక్కువ తినవచ్చు.2 రోజుల తరువాత, MEI డైట్ కి వెళ్లి వినియోగాన్ని సగానికి తగ్గించాలని నిర్ణయించుకుంటాడు.కేక్ పూర్తిగా తినడానికి ఎన్ని రోజులు పడుతుంది?",5
"ఒక పెద్ద కేకులో 120 భాగాలు ఉన్నాయి.జాస్మిన్ రోజుకు 5 భాగాలు తినవచ్చు, అయితే రోయా రెండు రెట్లు ఎక్కువ తినగలదు మరియు సోఫియా రోయా కంటే రెండు రెట్లు ఎక్కువ తినవచ్చు.2 రోజుల తరువాత, సోఫియా డైట్ కి వెళ్లి వినియోగాన్ని సగానికి తగ్గించాలని నిర్ణయించుకుంటుంది.కేక్ పూర్తిగా తినడానికి ఎన్ని రోజులు పడుతుంది?",4
"సంజయ్ రోజుకు 32 ఇమెయిళ్ళను అందుకుంటాడు.ఆ ఇమెయిల్‌లలో 25% ఎటువంటి ప్రతిస్పందన అవసరం లేదు.మిగిలిన వారి నుండి, సంజయ్ వారిలో 1/2 కన్నా 2 తక్కువకు మాత్రమే స్పందించగలడు.4 రోజుల పని వారంలో సంజయ్ ఎన్ని ఇమెయిల్‌లకు స్పందిస్తాడు?సంజయ్ చివరి రోజున ఓవర్ టైం పని చేస్తుంది, తద్వారా అతను సాధారణం కంటే 20% ఎక్కువ ఇమెయిళ్ళకు ప్రతిస్పందించగలడు.",42
"లియోన్ రోజుకు 30 ఇమెయిళ్ళను అందుకుంటాడు.ఆ ఇమెయిల్‌లలో 20% ఎటువంటి ప్రతిస్పందన అవసరం లేదు.మిగిలిన వాటి నుండి, లియోన్ వాటిలో సగం కంటే తక్కువ 2 కి మాత్రమే స్పందించగలదు.6 రోజుల పని వారంలో లియోన్ ఎన్ని ఇమెయిల్‌లకు స్పందిస్తుంది?చివరి రోజున లియోన్ ఓవర్ టైం పని చేస్తుంది, తద్వారా అతను సాధారణం కంటే 50% ఎక్కువ ఇమెయిళ్ళకు ప్రతిస్పందించగలడు.",65
"ఆలివర్ రోజుకు 32 ఇమెయిళ్ళను అందుకుంటాడు.ఆ ఇమెయిల్‌లలో 25% ఎటువంటి ప్రతిస్పందన అవసరం లేదు.మిగిలిన వాటి నుండి, ఆలివర్ వాటిలో 1/2 కన్నా 2 తక్కువ 2 కి మాత్రమే స్పందించగలడు.4 రోజుల పని వారంలో ఆలివర్ ఎన్ని ఇమెయిల్‌లకు ప్రతిస్పందిస్తాడు?ఆలివర్ చివరి రోజున ఓవర్ టైం పని చేస్తుంది, తద్వారా అతను సాధారణం కంటే 10% ఎక్కువ ఇమెయిళ్ళకు ప్రతిస్పందించగలడు.",41
"లూయిస్ రోజుకు 30 ఇమెయిళ్ళను అందుకుంటాడు.ఆ ఇమెయిల్‌లలో 20% ఎటువంటి ప్రతిస్పందన అవసరం లేదు.మిగిలిన వాటి నుండి, లూయిస్ వాటిలో 1/2 కన్నా 4 తక్కువ మాత్రమే స్పందించగలడు.5 రోజుల పని వారంలో లూయిస్ ఎన్ని ఇమెయిల్‌లకు ప్రతిస్పందిస్తాడు?చివరి రోజున లూయిస్ ఓవర్ టైం పని చేస్తుంది, తద్వారా అతను సాధారణం కంటే 25% ఎక్కువ ఇమెయిళ్ళకు ప్రతిస్పందించగలడు.",42
"హిరోషి రోజుకు 32 ఇమెయిళ్ళను అందుకుంటాడు.ఆ ఇమెయిల్‌లలో 25% ఎటువంటి ప్రతిస్పందన అవసరం లేదు.మిగిలిన వాటి నుండి, హిరోషి వాటిలో 1/2 కన్నా 2 తక్కువ 2 కి మాత్రమే స్పందించగలడు.5 రోజుల పని వారంలో హిరోషి ఎన్ని ఇమెయిళ్ళకు ప్రతిస్పందిస్తాడు?హిరోషి చివరి రోజున ఓవర్ టైం పని చేస్తుంది, తద్వారా అతను సాధారణం కంటే 30% ఎక్కువ ఇమెయిళ్ళకు ప్రతిస్పందించగలడు.",53
"కార్లోస్ రోజుకు 32 ఇమెయిళ్ళను అందుకుంటాడు.ఆ ఇమెయిల్‌లలో 25% ఎటువంటి ప్రతిస్పందన అవసరం లేదు.మిగిలిన వాటి నుండి, కార్లోస్ వాటిలో సగం కంటే 4 తక్కువ మాత్రమే స్పందించగలడు.4 రోజుల పని వారంలో కార్లోస్ ఎన్ని ఇమెయిల్‌లకు ప్రతిస్పందిస్తాడు?కార్లోస్ చివరి రోజున ఓవర్ టైం పని చేస్తుంది, తద్వారా అతను సాధారణం కంటే 75% ఎక్కువ ఇమెయిళ్ళకు ప్రతిస్పందించగలడు.",38
"రవి రోజుకు 25 ఇమెయిళ్ళను అందుకుంటాడు.ఆ ఇమెయిల్‌లలో 12% ఎటువంటి ప్రతిస్పందన అవసరం లేదు.మిగిలిన వాటి నుండి, రవి వాటిలో సగం కంటే తక్కువ 3 కి మాత్రమే స్పందించగలడు.4 రోజుల పని వారంలో రవి ఎన్ని ఇమెయిళ్ళకు స్పందిస్తాడు?రవి చివరి రోజున ఓవర్ టైం పని చేస్తుంది, తద్వారా అతను సాధారణం కంటే 75% ఎక్కువ ఇమెయిళ్ళకు ప్రతిస్పందించగలడు.",38
"యుకీ రోజుకు 32 ఇమెయిళ్ళను అందుకుంటాడు.ఆ ఇమెయిల్‌లలో 25% ఎటువంటి ప్రతిస్పందన అవసరం లేదు.మిగిలిన వాటి నుండి, యుకీ వాటిలో 1/2 కన్నా 2 తక్కువకు మాత్రమే స్పందించగలడు.6 రోజుల పని వారంలో యుకీ ఎన్ని ఇమెయిల్‌లకు స్పందిస్తాడు?యుకీ చివరి రోజున ఓవర్ టైం పని చేస్తుంది, తద్వారా అతను సాధారణం కంటే 10% ఎక్కువ ఇమెయిళ్ళకు ప్రతిస్పందించగలడు.",61
"మహ్మద్ రోజుకు 25 ఇమెయిళ్ళను అందుకుంటాడు.ఆ ఇమెయిల్‌లలో 12% ఎటువంటి ప్రతిస్పందన అవసరం లేదు.మిగిలిన వాటి నుండి, మహ్మద్ వారిలో సగం కంటే తక్కువ 3 కి మాత్రమే స్పందించగలడు.5 రోజుల పని వారంలో మొహమ్మద్ ఎన్ని ఇమెయిల్‌లకు ప్రతిస్పందిస్తాడు?చివరి రోజున మొహమ్మద్ పని ఓవర్ టైం, తద్వారా అతను సాధారణం కంటే 25% ఎక్కువ ఇమెయిళ్ళకు ప్రతిస్పందించగలడు.",42
"ఇబ్రహీం రోజుకు 32 ఇమెయిళ్ళను అందుకుంటాడు.ఆ ఇమెయిల్‌లలో 25% ఎటువంటి ప్రతిస్పందన అవసరం లేదు.మిగిలిన వారి నుండి, ఇబ్రహీం వారిలో సగం కంటే తక్కువ 2 కి మాత్రమే స్పందించగలడు.4 రోజుల పని వారంలో ఇబ్రహీం ఎన్ని ఇమెయిళ్ళకు ప్రతిస్పందిస్తాడు?ఇబ్రహీం చివరి రోజున ఓవర్ టైం పని చేస్తుంది, తద్వారా అతను సాధారణం కంటే 60% ఎక్కువ ఇమెయిళ్ళకు ప్రతిస్పందించగలడు.",46
"గాబ్రియేల్ D4 డై రోలింగ్ చేస్తున్నాడు.అతను వరుసగా నాలుగు బేసి సంఖ్యలను చుట్టే దానికంటే, అతను వరుసగా 1 రెండుసార్లు కంటే ఎక్కువ సంఖ్యను చుట్టే అవకాశం ఎంత ఎక్కువ (శాతం పాయింట్లలో తేడాగా వ్యక్తీకరించబడింది)?",50
తారిక్ నాలుగు-వైపుల డైని రోల్ చేస్తోంది.అతను వరుసగా నాలుగు సంఖ్యలను రోల్ చేసే దానికంటే వరుసగా 2 కంటే ఎక్కువ సంఖ్యను అతను వరుసగా 2 కన్నా ఎక్కువ సంఖ్యను చుట్టే అవకాశం ఎంత ఎక్కువ (శాతం పాయింట్లలో తేడాగా వ్యక్తీకరించబడింది)?,18
"మహ్మద్ 20-వైపుల డైని రోల్ చేస్తున్నాడు.అతను వరుసగా నాలుగు సంఖ్యలను రోల్ చేసే దానికంటే, అతను వరుసగా 10 రెట్టింపు కంటే ఎక్కువ సంఖ్యను చుట్టే అవకాశం ఎంత ఎక్కువ (శాతం పాయింట్లలో తేడాగా వ్యక్తీకరించబడింది)?",18
విక్టర్ 20-వైపుల డైని రోల్ చేస్తున్నాడు.అతను వరుసగా నాలుగు సంఖ్యలను రోల్ చేసే దానికంటే వరుసగా 2 కంటే ఎక్కువ సంఖ్యను అతను వరుసగా 2 కన్నా ఎక్కువ సంఖ్యను చుట్టే అవకాశం ఎంత ఎక్కువ (శాతం పాయింట్లలో తేడాగా వ్యక్తీకరించబడింది)?,74
"డెషాన్ D10 డై రోలింగ్ చేస్తున్నాడు.అతను వరుసగా నాలుగు సంఖ్యలను రోల్ చేసే దానికంటే, వరుసగా 5 రెట్లు ఎక్కువ సంఖ్యను అతను వరుసగా 5 కంటే ఎక్కువ సంఖ్యలో చుట్టే అవకాశం ఎంత ఎక్కువ (శాతం పాయింట్లలో తేడాగా వ్యక్తీకరించబడింది)?",18
"మాటియో D6 డై రోలింగ్.అతను వరుసగా నాలుగు బేసి సంఖ్యలను చుట్టే దానికంటే, అతను వరుసగా 3 కంటే ఎక్కువ సంఖ్యను చుట్టే అవకాశం ఎంత ఎక్కువ (శాతం పాయింట్లలో తేడాగా వ్యక్తీకరించబడింది)?",18
"యూసుఫ్ 10-వైపుల డైని రోల్ చేస్తోంది.అతను వరుసగా నాలుగు సంఖ్యలను రోల్ చేసే దానికంటే, వరుసగా 5 రెట్లు ఎక్కువ సంఖ్యను అతను వరుసగా 5 కంటే ఎక్కువ సంఖ్యలో చుట్టే అవకాశం ఎంత ఎక్కువ (శాతం పాయింట్లలో తేడాగా వ్యక్తీకరించబడింది)?",18
"ఆలివర్ D8 డై రోలింగ్ చేస్తున్నాడు.అతను వరుసగా నాలుగు బేసి సంఖ్యలను చుట్టే దానికంటే, అతను వరుసగా 2 కంటే ఎక్కువ సంఖ్యను చుట్టే అవకాశం ఎంత ఎక్కువ (శాతం పాయింట్లలో తేడాగా వ్యక్తీకరించబడింది)?",50
"అర్జున్ డి 6 డై రోలింగ్ చేస్తున్నాడు.అతను వరుసగా నాలుగు బేసి సంఖ్యలను చుట్టే దానికంటే, అతను వరుసగా 3 కంటే ఎక్కువ సంఖ్యను చుట్టే అవకాశం ఎంత ఎక్కువ (శాతం పాయింట్లలో తేడాగా వ్యక్తీకరించబడింది)?",18
లియామ్ డి 20 డై రోలింగ్ చేస్తున్నాడు.అతను వరుసగా 1 రెట్టింపు సంఖ్యలను వరుసగా 1 కంటే ఎక్కువ సంఖ్యను చుట్టే అవకాశం ఎంత ఎక్కువ (శాతం పాయింట్లలో తేడాగా వ్యక్తీకరించబడింది)?,84
"విక్టర్ ప్రారంభంలో 9 డజన్ల పాన్కేక్లను కలిగి ఉంది, తరువాత అల్పాహారం కోసం 3 పాన్కేక్లను తిన్నది, ఆపై మిగిలిన వాటిని యార్డ్‌లో ఈస్టర్ గుడ్డు వేట కోసం దాచిపెట్టింది.లియామ్ 5 పాన్కేక్లను కనుగొంటుంది.యూసుఫ్ లియామ్ కంటే రెండు రెట్లు ఎక్కువ కనుగొంటాడు.పావెల్ యూసుఫ్ కంటే 4 తక్కువ కనుగొంటుంది.డాఫ్నే పావెల్ కంటే సగం ఎక్కువ కనుగొన్నాడు, మరియు జేమ్స్ యూసుఫ్ మరియు లియామ్ కలిపి కంటే నాలుగు డజన్ల పాన్కేక్లను ఎక్కువగా కనుగొన్నాడు.యార్డ్‌లో ఇంకా ఎన్ని పాన్‌కేక్‌లు దాచబడ్డాయి?",18
"అలీ ప్రారంభంలో 11 డజన్ల కుకీలను కలిగి ఉంది, తరువాత అల్పాహారం కోసం 3 కుకీలను తిన్నారు, ఆపై మిగిలిన వాటిని యార్డ్‌లో ఈస్టర్ గుడ్డు వేట కోసం దాచిపెట్టాడు.ఫైసల్ 5 కుకీలను కనుగొంటుంది.హిరోషికి మూడుసార్లు ఫైసల్ కనిపిస్తుంది.బెంజమిన్ హిరోషి కంటే 3 తక్కువగా ఉన్నాడు.వీ బెంజమిన్ కంటే పావు వంతును కనుగొంటాడు, మరియు క్విన్ హిరోషి మరియు ఫైసల్ కలిపి కంటే మూడు డజన్ల కుకీలను కనుగొంటాడు.యార్డ్‌లో ఇంకా ఎన్ని కుకీలు దాచబడ్డాయి?",38
"బీట్రిజ్ ప్రారంభంలో 10 డజన్ల పాన్కేక్లను కలిగి ఉంది, తరువాత అల్పాహారం కోసం 3 పాన్కేక్లను తిన్నది, ఆపై మిగిలిన వాటిని యార్డ్‌లో ఈస్టర్ గుడ్డు వేట కోసం దాచిపెట్టింది.కిమియా 6 పాన్కేక్లను కనుగొంటుంది.సోఫియా కిమియా కంటే మూడు రెట్లు ఎక్కువ కనుగొంటుంది.మాటియో సోఫియా కంటే 2 తక్కువ కనుగొంటుంది.ఉమర్ మాటియోలో సగం ఎక్కువ కనుగొంటాడు, మరియు మెయి సోఫియా మరియు కిమియా కలిపి కంటే రెండు డజన్ల పాన్‌కేక్‌లను ఎక్కువగా కనుగొన్నాడు.యార్డ్‌లో ఇంకా ఎన్ని పాన్‌కేక్‌లు దాచబడ్డాయి?",21
"జహ్రా మొదట్లో 9 డజన్ల వాఫ్ఫల్స్ కలిగి ఉంది, తరువాత అల్పాహారం కోసం 5 వాఫ్ఫల్స్ తిన్నారు, ఆపై మిగిలిన వాటిని ఈస్టర్ గుడ్డు వేట కోసం యార్డ్‌లో దాచిపెట్టాడు.విక్టర్ 5 వాఫ్ఫల్స్ కనుగొంటాడు.ఆండ్రీ విక్టర్ కంటే మూడు రెట్లు ఎక్కువ కనుగొంటాడు.రానియా ఆండ్రీ కంటే 3 తక్కువ కనుగొంటుంది.ఉమా రానియా వలె 1/4 ను కనుగొంటుంది, మరియు అరాష్ ఆండ్రీ మరియు విక్టర్ కలిపి కంటే మూడు డజన్ల వాఫ్ఫల్స్ ఎక్కువగా కనుగొన్నాడు.యార్డ్‌లో ఇంకా ఎన్ని వాఫ్ఫల్స్ దాచబడ్డాయి?",12
"కై ప్రారంభంలో 7 డజన్ల పాన్కేక్లను కలిగి ఉంది, తరువాత అల్పాహారం కోసం 2 పాన్కేక్లను తిన్నది, ఆపై మిగిలిన వాటిని యార్డ్‌లో ఈస్టర్ గుడ్డు వేట కోసం దాచిపెట్టింది.నియా 6 పాన్కేక్లను కనుగొంటుంది.ఇసాబెల్లా NIA కంటే రెండు రెట్లు ఎక్కువ కనుగొంటుంది.రోయా ఇసాబెల్లా కంటే 4 తక్కువగా ఉంది.డియెగో రోయా కంటే పావు వంతును కనుగొంటుంది, మరియు యారా ఇసాబెల్లా మరియు నియా కలిపి కంటే రెండు డజన్ల పాన్కేక్లను కనుగొంటుంది.యార్డ్‌లో ఇంకా ఎన్ని పాన్‌కేక్‌లు దాచబడ్డాయి?",12
"ఓల్గా ప్రారంభంలో 8 డజన్ల పాన్కేక్లను కలిగి ఉంది, తరువాత అల్పాహారం కోసం 5 పాన్కేక్లను తిన్నది, ఆపై మిగిలిన వాటిని యార్డ్‌లో ఈస్టర్ గుడ్డు వేట కోసం దాచిపెట్టింది.గాబ్రియేల్ 3 పాన్కేక్లను కనుగొంటాడు.జాస్మిన్ గాబ్రియేల్ కంటే నాలుగు రెట్లు ఎక్కువ కనుగొంటాడు.తారిక్ జాస్మిన్ కంటే 2 తక్కువ కనుగొంటాడు.రవి తారిక్ 1/5 ను కనుగొంటాడు, మరియు అలెజాండ్రో జాస్మిన్ మరియు గాబ్రియేల్ కలిపి కంటే రెండు డజన్ల పాన్కేక్లను కనుగొన్నాడు.యార్డ్‌లో ఇంకా ఎన్ని పాన్‌కేక్‌లు దాచబడ్డాయి?",25
"ఇసాబెల్లా మొదట్లో 11 డజన్ల పాన్కేక్లను కలిగి ఉంది, తరువాత అల్పాహారం కోసం 5 పాన్కేక్లను తిన్నది, ఆపై మిగిలిన వాటిని యార్డ్‌లో ఈస్టర్ గుడ్డు వేట కోసం దాచిపెట్టింది.ఎలెనా 5 పాన్కేక్లను కనుగొంటుంది.ఖాసిమ్ ఎలెనా కంటే రెండు రెట్లు ఎక్కువ కనుగొంటాడు.సంజయ్ కసిమ్ కంటే 1 తక్కువ కనుగొన్నాడు.విన్నీ సంజయ్ కంటే 1/9 ను కనుగొన్నాడు, మరియు ఫైసల్ ఖాసిమ్ మరియు ఎలెనా కలిపి కంటే నాలుగు డజన్ల పాన్కేక్లను కనుగొన్నాడు.యార్డ్‌లో ఇంకా ఎన్ని పాన్‌కేక్‌లు దాచబడ్డాయి?",39
"వలేరియా ప్రారంభంలో 11 డజన్ల పాన్కేక్లను కలిగి ఉంది, తరువాత అల్పాహారం కోసం 2 పాన్కేక్లను తిన్నది, ఆపై మిగిలిన వాటిని యార్డ్‌లో ఈస్టర్ గుడ్డు వేట కోసం దాచిపెట్టింది.జేమ్స్ 5 పాన్కేక్లను కనుగొన్నాడు.జమాల్ జేమ్స్ కంటే మూడు రెట్లు ఎక్కువ కనుగొంటాడు.డాఫ్నే జమాల్ కంటే 3 తక్కువ కనుగొన్నాడు.నాడియా డాఫ్నే వలె 1/2 ను కనుగొంటుంది, మరియు లియోన్ జమాల్ మరియు జేమ్స్ కలిపి మూడు డజన్ల పాన్కేక్లను కనుగొన్నాడు.యార్డ్‌లో ఇంకా ఎన్ని పాన్‌కేక్‌లు దాచబడ్డాయి?",36
"బీట్రిజ్ మొదట్లో 8 డజన్ల గుడ్లు కలిగి ఉంది, తరువాత అల్పాహారం కోసం 3 గుడ్లు తిన్నారు, ఆపై మిగిలిన వాటిని యార్డ్‌లో ఈస్టర్ గుడ్డు వేట కోసం దాచిపెట్టాడు.మాటియో 3 గుడ్లను కనుగొంటుంది.లూయిస్ మాటియో కంటే ఆరు రెట్లు ఎక్కువ కనుగొంటాడు.తారిక్ లూయిస్ కంటే 2 తక్కువ కనుగొంటాడు.కసిమ్ తారిక్ కంటే సగం ఎక్కువ కనుగొన్నాడు, మరియు నోహ్ లూయిస్ మరియు మాటియో కలిపి కంటే రెండు డజన్ల గుడ్లను ఎక్కువగా కనుగొన్నాడు.యార్డ్‌లో ఇంకా ఎన్ని గుడ్లు దాచబడ్డాయి?",3
"డియెగో ప్రారంభంలో 8 డజన్ల వాఫ్ఫల్స్ కలిగి ఉన్నాడు, తరువాత అల్పాహారం కోసం 2 వాఫ్ఫల్స్ తిన్నాడు, ఆపై మిగిలిన వాటిని ఈస్టర్ గుడ్డు వేట కోసం యార్డ్‌లో దాచాడు.రోయా 7 వాఫ్ఫల్స్ ను కనుగొంటుంది.యూసుఫ్ రోయా కంటే రెండు రెట్లు ఎక్కువ కనుగొంటాడు.ప్రియా యూసుఫ్ కంటే 2 తక్కువ కనుగొంటుంది.కీషా ప్రియా వలె 1/3 ను కనుగొంటాడు, మరియు అవా యూసుఫ్ మరియు రాయ్‌గా కలిపి రెండు డజన్ల వాఫ్ఫల్స్ను కనుగొన్నాడు.యార్డ్‌లో ఇంకా ఎన్ని వాఫ్ఫల్స్ దాచబడ్డాయి?",12
"ఖాసిమ్ 5 వేర్వేరు అపార్ట్మెంట్ కాంప్లెక్స్‌ల నుండి చెత్తను సేకరిస్తుంది.మొదటి 4 లో 100 అపార్ట్‌మెంట్లు ఉన్నాయి మరియు చివరిది మిగతా 4 కన్నా 30% పెద్దది.ఏదేమైనా, ఈ వారం, మొదటి 4 కాంప్లెక్స్‌ల నుండి 5 అపార్ట్‌మెంట్లు ఖాళీగా ఉన్నాయి మరియు సేకరణ సేవ అవసరం లేదు.ఖాసిమ్ ప్రతి ప్రదేశం నుండి వారానికి 2 సార్లు చెత్తను సేకరిస్తాడు మరియు అతను ప్రతి అపార్ట్మెంట్ కోసం ప్రతి సేకరణకు ₣ 0.3 చెల్లిస్తాడు.అతను చిట్కాలలో అదనంగా 10% సంపాదిస్తాడు.అతను వారంలో ఎంత డబ్బు సంపాదిస్తాడు?",594
"హిరోషి 6 వేర్వేరు అపార్ట్మెంట్ కాంప్లెక్స్‌ల నుండి చెత్తను సేకరిస్తాడు.మొదటి 5 లో 100 అపార్ట్‌మెంట్లు ఉన్నాయి మరియు చివరిది మిగతా 5 కన్నా 40% పెద్దది.ఏదేమైనా, ఈ వారం, మొదటి 5 కాంప్లెక్స్‌ల నుండి 8 అపార్ట్‌మెంట్లు ఖాళీగా ఉన్నాయి మరియు సేకరణ సేవ అవసరం లేదు.హిరోషి ప్రతి ప్రదేశం నుండి వారానికి 2 సార్లు చెత్తను సేకరిస్తాడు మరియు అతను ప్రతి అపార్ట్మెంట్ కోసం సేకరణకు .2 0.25 చెల్లిస్తాడు.అతను చిట్కాలలో అదనంగా 10% సంపాదిస్తాడు.అతను వారంలో ఎంత డబ్బు సంపాదిస్తాడు?",638
"తారిక్ 4 వేర్వేరు అపార్ట్మెంట్ కాంప్లెక్స్‌ల నుండి చెత్తను సేకరిస్తుంది.మొదటి 3 లో 100 అపార్ట్‌మెంట్లు ఉన్నాయి మరియు చివరిది మిగతా 3 కన్నా 30% పెద్దది.ఏదేమైనా, ఈ వారం, మొదటి 3 కాంప్లెక్స్‌ల నుండి 10 అపార్ట్‌మెంట్లు ఖాళీగా ఉన్నాయి మరియు సేకరణ సేవ అవసరం లేదు.తారిక్ ప్రతి ప్రదేశం నుండి వారానికి 3 సార్లు చెత్తను సేకరిస్తాడు మరియు ప్రతి అపార్ట్మెంట్ కోసం అతనికి ₺0.5 చెల్లించబడుతుంది.అతను చిట్కాలలో అదనంగా 10% సంపాదిస్తాడు.అతను వారంలో ఎంత డబ్బు సంపాదిస్తాడు?",1089
"పావెల్ 6 వేర్వేరు అపార్ట్మెంట్ కాంప్లెక్స్‌ల నుండి చెత్తను సేకరిస్తుంది.మొదటి 5 లో 100 అపార్ట్‌మెంట్లు ఉన్నాయి మరియు చివరిది మిగతా 5 కన్నా 70% పెద్దది.ఏదేమైనా, ఈ వారం, మొదటి 5 కాంప్లెక్స్‌ల నుండి 10 అపార్ట్‌మెంట్లు ఖాళీగా ఉన్నాయి మరియు సేకరణ సేవ అవసరం లేదు.పావెల్ ప్రతి ప్రదేశం నుండి వారానికి 2 సార్లు చెత్తను సేకరిస్తాడు మరియు ప్రతి అపార్ట్మెంట్ కోసం అతనికి ప్రతి సేకరణకు ₺0.45 చెల్లించబడుతుంది.అతను చిట్కాలలో అదనంగా 10% సంపాదిస్తాడు.అతను వారంలో ఎంత డబ్బు సంపాదిస్తాడు?",1287
"ఆలివర్ 5 వేర్వేరు అపార్ట్మెంట్ కాంప్లెక్స్‌ల నుండి చెత్తను సేకరిస్తాడు.మొదటి 4 లో 100 అపార్ట్‌మెంట్లు ఉన్నాయి మరియు చివరిది మిగతా 4 కన్నా 50% పెద్దది.ఏదేమైనా, ఈ వారం, మొదటి 4 కాంప్లెక్స్‌ల నుండి 6 అపార్ట్‌మెంట్లు ఖాళీగా ఉన్నాయి మరియు సేకరణ సేవ అవసరం లేదు.ఆలివర్ ప్రతి ప్రదేశం నుండి వారానికి 5 సార్లు చెత్తను సేకరిస్తాడు మరియు ప్రతి అపార్ట్మెంట్ కోసం అతనికి సేకరణకు .2 0.25 చెల్లించబడుతుంది.అతను చిట్కాలలో అదనంగా 10% సంపాదిస్తాడు.అతను వారంలో ఎంత డబ్బు సంపాదిస్తాడు?",1342
"నోహ్ 5 వేర్వేరు అపార్ట్మెంట్ కాంప్లెక్స్‌ల నుండి చెత్తను సేకరిస్తాడు.మొదటి 4 లో 100 అపార్ట్‌మెంట్లు ఉన్నాయి మరియు చివరిది మిగతా 4 కన్నా 75% పెద్దది.ఏదేమైనా, ఈ వారం, మొదటి 4 కాంప్లెక్స్‌ల నుండి 5 అపార్ట్‌మెంట్లు ఖాళీగా ఉన్నాయి మరియు సేకరణ సేవ అవసరం లేదు.నోహ్ ప్రతి ప్రదేశం నుండి వారానికి 2 సార్లు చెత్తను సేకరిస్తాడు మరియు అతను ప్రతి అపార్ట్మెంట్ కోసం సేకరణకు .2 0.25 చెల్లిస్తాడు.అతను చిట్కాలలో అదనంగా 10% సంపాదిస్తాడు.అతను వారంలో ఎంత డబ్బు సంపాదిస్తాడు?",594
"ఎస్టెబాన్ 3 వేర్వేరు అపార్ట్మెంట్ కాంప్లెక్స్‌ల నుండి చెత్తను సేకరిస్తుంది.మొదటి 2 లో 150 అపార్ట్‌మెంట్లు ఉన్నాయి మరియు చివరిది మిగతా 2 కన్నా 70% పెద్దది.ఏదేమైనా, ఈ వారం, మొదటి 2 కాంప్లెక్స్‌ల నుండి 5 అపార్ట్‌మెంట్లు ఖాళీగా ఉన్నాయి మరియు సేకరణ సేవ అవసరం లేదు.ఎస్టెబాన్ ప్రతి ప్రదేశం నుండి వారానికి 3 సార్లు చెత్తను సేకరిస్తుంది మరియు ప్రతి అపార్ట్‌మెంట్‌కు అతనికి 45 0.45 చెల్లించబడుతుంది.అతను చిట్కాలలో అదనంగా 10% సంపాదిస్తాడు.అతను వారంలో ఎంత డబ్బు సంపాదిస్తాడు?",1188
"యూసుఫ్ 7 వేర్వేరు అపార్ట్మెంట్ కాంప్లెక్స్‌ల నుండి చెత్తను సేకరిస్తుంది.మొదటి 6 లో 100 అపార్ట్‌మెంట్లు ఉన్నాయి మరియు చివరిది మిగతా 6 కన్నా 35% పెద్దది.ఏదేమైనా, ఈ వారం, మొదటి 6 కాంప్లెక్స్‌ల నుండి 10 అపార్ట్‌మెంట్లు ఖాళీగా ఉన్నాయి మరియు సేకరణ సేవ అవసరం లేదు.యూసుఫ్ ప్రతి ప్రదేశం నుండి వారానికి 2 సార్లు చెత్తను సేకరిస్తాడు మరియు ప్రతి అపార్ట్మెంట్ కోసం అతనికి సేకరణకు 4 0.4 చెల్లించబడుతుంది.అతను చిట్కాలలో అదనంగా 10% సంపాదిస్తాడు.అతను వారంలో ఎంత డబ్బు సంపాదిస్తాడు?",1188
"వీ 3 వేర్వేరు అపార్ట్మెంట్ కాంప్లెక్స్‌ల నుండి చెత్తను సేకరిస్తుంది.మొదటి 2 లో 100 అపార్ట్‌మెంట్లు ఉన్నాయి మరియు చివరిది మిగతా 2 కన్నా 70% పెద్దది.ఏదేమైనా, ఈ వారం, మొదటి 2 కాంప్లెక్స్‌ల నుండి 5 అపార్ట్‌మెంట్లు ఖాళీగా ఉన్నాయి మరియు సేకరణ సేవ అవసరం లేదు.వీ ప్రతి ప్రదేశం నుండి వారానికి 4 సార్లు చెత్తను సేకరిస్తాడు మరియు ప్రతి అపార్ట్‌మెంట్‌కు అతను ప్రతి సేకరణకు .20.25 డాలర్లు చెల్లిస్తాడు.అతను చిట్కాలలో అదనంగా 10% సంపాదిస్తాడు.అతను వారంలో ఎంత డబ్బు సంపాదిస్తాడు?",583
"కార్లోస్ 3 వేర్వేరు అపార్ట్మెంట్ కాంప్లెక్స్‌ల నుండి చెత్తను సేకరిస్తాడు.మొదటి 2 లో 200 అపార్ట్‌మెంట్లు ఉన్నాయి మరియు చివరిది మిగతా 2 కన్నా 40% పెద్దది.ఏదేమైనా, ఈ వారం, మొదటి 2 కాంప్లెక్స్‌ల నుండి 10 అపార్ట్‌మెంట్లు ఖాళీగా ఉన్నాయి మరియు సేకరణ సేవ అవసరం లేదు.కార్లోస్ ప్రతి ప్రదేశం నుండి వారానికి 4 సార్లు చెత్తను సేకరిస్తాడు మరియు అతను ప్రతి అపార్ట్మెంట్ కోసం ప్రతి సేకరణకు ₣ 0.25 చెల్లించబడుతుంది.అతను చిట్కాలలో అదనంగా 10% సంపాదిస్తాడు.అతను వారంలో ఎంత డబ్బు సంపాదిస్తాడు?",1034
"సాకురా ఆసక్తిగల తోటమాలి.రెండు రోజుల క్రితం, ఆమె తన అభిమాన ప్లాంట్ నర్సరీ నుండి 49 కొత్త జేబులో పెట్టిన మొక్కలను అందుకుంది.ఆమె ఇప్పటికే తన పెద్ద దేశం ఇంటి 60 విండో లెడ్జ్‌లలో 7 జేబులో పెట్టిన మొక్కలను కలిగి ఉంది.ఆమె నిన్న 100 కొత్త మొక్కలను 50% తగ్గింపుతో కొనుగోలు చేసింది.ఉదారంగా ఉన్నట్లు, ఆమె ప్రతి లెడ్జ్ నుండి 3 జేబులో పెట్టిన మొక్కలను రేపు స్నేహితులు మరియు కుటుంబ సభ్యులకు ఇవ్వాలని నిర్ణయించుకుంది.సాకురాతో ఎన్ని జేబులో పెట్టిన మొక్కలు ఉంటాయి?",389
"డాఫ్నే ఆసక్తిగల తోటమాలి.రెండు రోజుల క్రితం, ఆమె తన అభిమాన మొక్కల నర్సరీ నుండి 23 కొత్త జేబులో పెట్టిన మొక్కలను అందుకుంది.ఆమె ఇప్పటికే తన పెద్ద దేశంలోని 56 విండో లెడ్జెస్‌లో 8 జేబులో పెట్టిన మొక్కలను కలిగి ఉంది.ఆమె నిన్న 200 కొత్త మొక్కలను 50% తగ్గింపుతో కొనుగోలు చేసింది.ఉదారంగా ఉన్నట్లు, ఆమె ప్రతి లెడ్జ్ నుండి 6 జేబులో పెట్టిన మొక్కలను రేపు స్నేహితులు మరియు కుటుంబ సభ్యులకు ఇవ్వాలని నిర్ణయించుకుంది.డాఫ్నే ఎన్ని జేబులో పెట్టిన మొక్కలతో ఉంటుంది?",335
"అమేలియా ఆసక్తిగల తోటమాలి.గత వారం, ఆమె తన అభిమాన ప్లాంట్ నర్సరీ నుండి 25 కొత్త జేబులో పెట్టిన మొక్కలను అందుకుంది.ఆమె ఇప్పటికే తన పెద్ద దేశం ఇంటి 54 విండో లెడ్జెస్‌లో 12 జేబులో పెట్టిన మొక్కలను కలిగి ఉంది.ఆమె నిన్న 110 కొత్త మొక్కలను 50% తగ్గింపుతో కొనుగోలు చేసింది.ఉదారంగా ఉన్నట్లు, ఆమె ప్రతి లెడ్జ్ నుండి 4 జేబులో పెట్టిన మొక్కలను రేపు స్నేహితులు మరియు కుటుంబ సభ్యులకు ఇవ్వాలని నిర్ణయించుకుంది.అమేలియా ఎన్ని జేబులో పెట్టిన మొక్కలతో ఉంటుంది?",567
"ఎలెనా ఆసక్తిగల తోటమాలి.రెండు రోజుల క్రితం, ఆమె తన అభిమాన ప్లాంట్ నర్సరీ నుండి 38 కొత్త జేబులో పెట్టిన మొక్కలను అందుకుంది.ఆమె ఇప్పటికే తన పెద్ద దేశం ఇంటి 55 విండో లెడ్జెస్‌లో 12 జేబులో పెట్టిన మొక్కలను కలిగి ఉంది.ఆమె నిన్న 70 కొత్త మొక్కలను 50% తగ్గింపుతో కొనుగోలు చేసింది.ఉదారంగా ఉన్నట్లు, ఆమె ప్రతి లెడ్జ్ నుండి 3 జేబులో పెట్టిన మొక్కలను రేపు స్నేహితులు మరియు కుటుంబ సభ్యులకు ఇవ్వాలని నిర్ణయించుకుంది.ఎలెనా ఎన్ని జేబులో పెట్టిన మొక్కలతో ఉంటుంది?",603
"యారా ఆసక్తిగల తోటమాలి.రెండు రోజుల క్రితం, ఆమె తన అభిమాన ప్లాంట్ నర్సరీ నుండి 49 కొత్త జేబులో పెట్టిన మొక్కలను అందుకుంది.ఆమె ఇప్పటికే తన పెద్ద దేశం ఇంటి 54 విండో లెడ్జెస్‌లో 12 జేబులో పెట్టిన మొక్కలను కలిగి ఉంది.ఆమె నిన్న 130 కొత్త మొక్కలను 50% తగ్గింపుతో కొనుగోలు చేసింది.ఉదారంగా ఉన్నట్లు, ఆమె ప్రతి లెడ్జ్ నుండి 4 జేబులో పెట్టిన మొక్కలను రేపు స్నేహితులు మరియు కుటుంబ సభ్యులకు ఇవ్వాలని నిర్ణయించుకుంది.యారా ఎన్ని జేబులో పెట్టిన మొక్కలతో ఉంటుంది?",611
"మెయి ఆసక్తిగల తోటమాలి.రెండు రోజుల క్రితం, ఆమె తన అభిమాన ప్లాంట్ నర్సరీ నుండి 38 కొత్త జేబులో పెట్టిన మొక్కలను అందుకుంది.ఆమె ఇప్పటికే తన పెద్ద దేశం ఇంటి 60 విండో లెడ్జెస్‌లో 9 జేబులో పెట్టిన మొక్కలను కలిగి ఉంది.ఆమె నిన్న 170 కొత్త మొక్కలను 50% తగ్గింపుతో కొనుగోలు చేసింది.ఉదారంగా ఉన్నట్లు, ఆమె ప్రతి లెడ్జ్ నుండి 6 జేబులో పెట్టిన మొక్కలను రేపు స్నేహితులు మరియు కుటుంబ సభ్యులకు ఇవ్వాలని నిర్ణయించుకుంది.మీతో ఎన్ని జేబులో పెట్టిన మొక్కలు ఉంటాయి?",388
"వాలెంటినా ఆసక్తిగల తోటమాలి.గత రాత్రి, ఆమె తన అభిమాన మొక్కల నర్సరీ నుండి 48 కొత్త జేబులో పెట్టిన మొక్కలను అందుకుంది.ఆమె ఇప్పటికే తన పెద్ద దేశంలోని 63 విండో లెడ్జెస్‌లో 11 జేబులో పెట్టిన మొక్కలను కలిగి ఉంది.ఆమె నిన్న 100 కొత్త మొక్కలను 50% తగ్గింపుతో కొనుగోలు చేసింది.ఉదారంగా ఉన్నట్లు, ఆమె ప్రతి లెడ్జ్ నుండి 6 జేబులో పెట్టిన మొక్కలను రేపు స్నేహితులు మరియు కుటుంబ సభ్యులకు ఇవ్వాలని నిర్ణయించుకుంది.వాలెంటినాకు ఎన్ని జేబులో పెట్టిన మొక్కలు ఉంటాయి?",463
"క్విన్ ఆసక్తిగల తోటమాలి.గత రాత్రి, ఆమె తన అభిమాన మొక్కల నర్సరీ నుండి 23 కొత్త జేబులో పెట్టిన మొక్కలను అందుకుంది.ఆమె ఇప్పటికే తన పెద్ద దేశం ఇంటి 57 విండో లెడ్జెస్‌లో 8 జేబులో పెట్టిన మొక్కలను కలిగి ఉంది.ఆమె నిన్న 20 కొత్త మొక్కలను 50% తగ్గింపుతో కొనుగోలు చేసింది.ఉదారంగా ఉన్నట్లు, ఆమె ప్రతి లెడ్జ్ నుండి 4 జేబులో పెట్టిన మొక్కలను రేపు స్నేహితులు మరియు కుటుంబ సభ్యులకు ఇవ్వాలని నిర్ణయించుకుంది.క్విన్ ఎన్ని జేబులో పెట్టిన మొక్కలతో ఉంటుంది?",271
"అమేలియా ఆసక్తిగల తోటమాలి.గత రాత్రి, ఆమె తన అభిమాన మొక్కల నర్సరీ నుండి 42 కొత్త జేబులో పెట్టిన మొక్కలను అందుకుంది.ఆమె ఇప్పటికే తన పెద్ద దేశం ఇంటి 56 విండో లెడ్జెస్‌లో 7 జేబులో పెట్టిన మొక్కలను కలిగి ఉంది.ఆమె నిన్న 180 కొత్త మొక్కలను 50% తగ్గింపుతో కొనుగోలు చేసింది.ఉదారంగా ఉన్నట్లు, ఆమె ప్రతి లెడ్జ్ నుండి 4 జేబులో పెట్టిన మొక్కలను రేపు స్నేహితులు మరియు కుటుంబ సభ్యులకు ఇవ్వాలని నిర్ణయించుకుంది.అమేలియా ఎన్ని జేబులో పెట్టిన మొక్కలతో ఉంటుంది?",390
"సోఫియా ఆసక్తిగల తోటమాలి.గత వారం, ఆమె తన అభిమాన మొక్కల నర్సరీ నుండి 26 కొత్త జేబులో పెట్టిన మొక్కలను అందుకుంది.ఆమె ఇప్పటికే తన పెద్ద దేశంలోని 55 విండో లెడ్జెస్‌లో 11 జేబులో పెట్టిన మొక్కలను కలిగి ఉంది.ఆమె నిన్న 130 కొత్త మొక్కలను 50% తగ్గింపుతో కొనుగోలు చేసింది.ఉదారంగా ఉన్నట్లు, ఆమె ప్రతి లెడ్జ్ నుండి 3 జేబులో పెట్టిన మొక్కలను రేపు స్నేహితులు మరియు కుటుంబ సభ్యులకు ఇవ్వాలని నిర్ణయించుకుంది.సోఫియాతో ఎన్ని జేబులో పెట్టిన మొక్కలు ఉంటాయి?",596
"ఈ ఉద్యానవనంలో 24 మంది బాలికలు ఉన్నారు.ఉద్యానవనంలో అబ్బాయిల సంఖ్య మూడింట ఒక వంతు ఉంటే, ఉద్యానవనంలో పిల్లలు ఎంత శాతం మంది అమ్మాయిలు?",75
"యార్డ్‌లో 39 మంది బాలికలు ఉన్నారు.యార్డ్‌లోని అబ్బాయిల సంఖ్య రెండు ఆరవ వంతు ఉంటే, యార్డ్‌లోని పిల్లలలో ఎంత శాతం మంది అమ్మాయిలు?",75
"తోటలో 22 మంది బాలికలు ఉన్నారు.తోటలో అబ్బాయిల సంఖ్య మూడు రెట్లు ఉంటే, తోటలో పిల్లలు ఎంత శాతం అమ్మాయిలు?",25
"తోటలో 20 మంది బాలికలు ఉన్నారు.తోటలో 1/4 అబ్బాయిల సంఖ్య ఉంటే, తోటలో పిల్లలు ఎంత శాతం అమ్మాయిలు?",80
"మైదానంలో 24 మంది బాలికలు ఉన్నారు.మైదానంలో అబ్బాయిల సంఖ్య నాలుగు రెట్లు ఉంటే, మైదానంలో పిల్లలు ఎంత శాతం మంది అమ్మాయిలు?",20
"తోటలో 16 మంది బాలికలు ఉన్నారు.తోటలో అబ్బాయిల సంఖ్య తొమ్మిది రెట్లు ఉంటే, తోటలో పిల్లలు ఎంత శాతం అమ్మాయిలు?",10
"ఆట స్థలంలో 21 మంది బాలికలు ఉన్నారు.ఆట స్థలంలో అబ్బాయిల సంఖ్య నాలుగు రెట్లు ఉంటే, ఆట స్థలంలో పిల్లలు ఎంత శాతం మంది అమ్మాయిలు?",20
"మైదానంలో 18 మంది బాలికలు ఉన్నారు.మైదానంలో అబ్బాయిల సంఖ్య నాలుగు రెట్లు ఉంటే, మైదానంలో పిల్లలు ఎంత శాతం మంది అమ్మాయిలు?",20
"ఈ ఉద్యానవనంలో 31 మంది బాలికలు ఉన్నారు.ఉద్యానవనంలో అబ్బాయిల సంఖ్య నాలుగు రెట్లు ఉంటే, ఉద్యానవనంలో పిల్లలు ఎంత శాతం అమ్మాయిలు?",20
"మైదానంలో 19 మంది బాలికలు ఉన్నారు.మైదానంలో అబ్బాయిల సంఖ్య తొమ్మిది రెట్లు ఉంటే, మైదానంలో పిల్లలు ఎంత శాతం మంది అమ్మాయిలు?",10
"శ్రీమతి స్మిత్ తన $ 410000 బడ్జెట్ దాటి వెళ్ళని కొత్త ఇంటి కోసం చూస్తున్నాడు.ఆమె 000 500000 అమ్మకపు ధర ఉన్న ఆస్తిని చూసింది.ఆ పైన, కొనుగోలుదారు అమ్మకపు ధరలో 7% అయిన బ్రోకరేజ్ ఫీజును చెల్లించాలి మరియు అమ్మకపు ధరలో 12% బదిలీ రుసుము కూడా.శ్రీమతి స్మిత్ అమ్మకపు ధరపై 20% తగ్గింపు పొందగలిగితే, శ్రీమతి స్మిత్ బడ్జెట్ కంటే మొత్తం ఖర్చు ఎంత ఎక్కువ?",66000
"డాక్టర్ పటేల్ తన $ 390000 బడ్జెట్ దాటి వెళ్ళని కొత్త కాండో కోసం చూస్తున్నారు.ఆమె 00 560000 అమ్మకపు ధర ఉన్న ఆస్తిని చూసింది.ఆ పైన, కొనుగోలుదారు అమ్మకపు ధరలో 7% అయిన బ్రోకరేజ్ ఫీజును చెల్లించాలి మరియు అమ్మకపు ధరలో 14% బదిలీ రుసుము కూడా.డాక్టర్ పటేల్ అమ్మకపు ధరపై 25% తగ్గింపు పొందగలిగితే, డాక్టర్ పటేల్ బడ్జెట్ కంటే మొత్తం ఖర్చు ఎంత ఎక్కువ?",118200
"శ్రీమతి జాన్సన్ తన $ 430000 బడ్జెట్ దాటి వెళ్ళని కొత్త అపార్ట్మెంట్ కోసం చూస్తున్నాడు.ఆమె 000 400000 అమ్మకపు ధర ఉన్న ఆస్తిని చూసింది.ఆ పైన, కొనుగోలుదారు అమ్మకపు ధరలో 7% అయిన బ్రోకరేజ్ ఫీజును చెల్లించాలి మరియు అమ్మకపు ధరలో 14% బదిలీ రుసుము కూడా.శ్రీమతి జాన్సన్ అమ్మకపు ధరపై 5% తగ్గింపు పొందగలిగితే, శ్రీమతి జాన్సన్ బడ్జెట్ కంటే మొత్తం ఖర్చు ఎంత ఎక్కువ?",29800
"శ్రీమతి స్మిత్ తన $ 410000 బడ్జెట్ దాటి వెళ్ళని కొత్త ఇంటి కోసం చూస్తున్నాడు.ఆమె 00 480000 అమ్మకపు ధర ఉన్న ఆస్తిని చూసింది.ఆ పైన, కొనుగోలుదారుడు బ్రోకరేజ్ ఫీజును చెల్లించాలి, ఇది అమ్మకపు ధరలో 3%, మరియు బదిలీ రుసుము కూడా అమ్మకపు ధరలో 12%.శ్రీమతి స్మిత్ అమ్మకపు ధరపై 5% తగ్గింపు పొందగలిగితే, శ్రీమతి స్మిత్ బడ్జెట్ కంటే మొత్తం ఖర్చు ఎంత ఎక్కువ?",114400
"శ్రీమతి లీ తన $ 330000 బడ్జెట్ దాటి వెళ్ళని కొత్త టౌన్‌హౌస్ కోసం చూస్తున్నారు.ఆమె 00 440000 అమ్మకపు ధర ఉన్న ఆస్తిని చూసింది.ఆ పైన, కొనుగోలుదారు అమ్మకపు ధరలో 5% అయిన బ్రోకరేజ్ ఫీజును చెల్లించాలి మరియు అమ్మకపు ధరలో 12% బదిలీ రుసుము కూడా.శ్రీమతి లీ అమ్మకపు ధరపై 25% తగ్గింపు పొందగలిగితే, శ్రీమతి లీ బడ్జెట్ కంటే మొత్తం ఖర్చు ఎంత ఎక్కువ?",56100
"శ్రీమతి స్మిత్ తన $ 310000 బడ్జెట్ దాటి వెళ్ళని కొత్త ఇంటి కోసం చూస్తున్నాడు.ఆమె 000 400000 అమ్మకపు ధర ఉన్న ఆస్తిని చూసింది.ఆ పైన, కొనుగోలుదారు అమ్మకపు ధరలో 5% అయిన బ్రోకరేజ్ ఫీజును చెల్లించాలి మరియు అమ్మకపు ధరలో 12% బదిలీ రుసుము కూడా.శ్రీమతి స్మిత్ అమ్మకపు ధరపై 10% తగ్గింపు పొందగలిగితే, శ్రీమతి స్మిత్ బడ్జెట్ కంటే మొత్తం ఖర్చు ఎంత ఎక్కువ?",111200
"శ్రీమతి జాన్సన్ తన $ 490000 బడ్జెట్ దాటి వెళ్ళని కొత్త అపార్ట్మెంట్ కోసం చూస్తున్నాడు.ఆమె $ 640000 అమ్మకపు ధర ఉన్న ఆస్తిని చూసింది.ఆ పైన, కొనుగోలుదారుడు బ్రోకరేజ్ ఫీజును చెల్లించాలి, ఇది అమ్మకపు ధరలో 3%, మరియు బదిలీ రుసుము కూడా అమ్మకపు ధరలో 14%.శ్రీమతి జాన్సన్ అమ్మకపు ధరపై 25% తగ్గింపు పొందగలిగితే, శ్రీమతి జాన్సన్ బడ్జెట్ కంటే మొత్తం ఖర్చు ఎంత ఎక్కువ?",71600
"శ్రీమతి జాన్సన్ తన $ 400000 బడ్జెట్ దాటి వెళ్ళని కొత్త అపార్ట్మెంట్ కోసం చూస్తున్నాడు.ఆమె 00 480000 అమ్మకపు ధర ఉన్న ఆస్తిని చూసింది.ఆ పైన, కొనుగోలుదారు అమ్మకపు ధరలో 7% అయిన బ్రోకరేజ్ ఫీజును చెల్లించాలి మరియు అమ్మకపు ధరలో 12% బదిలీ రుసుము కూడా.శ్రీమతి జాన్సన్ అమ్మకపు ధరపై 25% తగ్గింపు పొందగలిగితే, శ్రీమతి జాన్సన్ బడ్జెట్ కంటే మొత్తం ఖర్చు ఎంత ఎక్కువ?",28400
"శ్రీమతి లీ తన $ 440000 బడ్జెట్ దాటి వెళ్ళని కొత్త టౌన్‌హౌస్ కోసం చూస్తున్నారు.ఆమె 000 400000 అమ్మకపు ధర ఉన్న ఆస్తిని చూసింది.ఆ పైన, కొనుగోలుదారు అమ్మకపు ధరలో 7% అయిన బ్రోకరేజ్ ఫీజును చెల్లించాలి మరియు అమ్మకపు ధరలో 12% బదిలీ రుసుము కూడా.శ్రీమతి లీ అమ్మకపు ధరపై 5% తగ్గింపు పొందగలిగితే, శ్రీమతి లీ బడ్జెట్ కంటే మొత్తం ఖర్చు ఎంత ఎక్కువ?",12200
"శ్రీమతి జాన్సన్ తన $ 470000 బడ్జెట్ దాటి వెళ్ళని కొత్త అపార్ట్మెంట్ కోసం చూస్తున్నాడు.ఆమె 00 650000 అమ్మకపు ధర ఉన్న ఆస్తిని చూసింది.ఆ పైన, కొనుగోలుదారుడు బ్రోకరేజ్ ఫీజును చెల్లించాలి, ఇది అమ్మకపు ధరలో 4%, మరియు బదిలీ రుసుము కూడా అమ్మకపు ధరలో 13%.శ్రీమతి జాన్సన్ అమ్మకపు ధరపై 20% తగ్గింపు పొందగలిగితే, శ్రీమతి జాన్సన్ బడ్జెట్ కంటే మొత్తం ఖర్చు ఎంత ఎక్కువ?",138400
"నాడియా బేకరీకి వెళ్లి వివిధ రకాల రొట్టెలు కొన్నారు.ఆమె 60 డోనట్స్ డజనుకు $ 14, 60 మినీ బుట్టకేక్లు డజనుకు $ 25, మరియు 24 మినీ చీజ్‌కేక్‌లను కొనుగోలు చేసింది.20% తగ్గింపు తరువాత, ఆమె మొత్తం 40 1540 చెల్లించింది.డజనుకు మినీ చీజ్‌కేక్‌ల ఖర్చు ఎంత?",865
"నియా పటిస్సేరీకి వెళ్లి వివిధ రకాల కాల్చిన వస్తువులను కొన్నారు.ఆమె 60 క్రోసెంట్లను డజనుకు $ 19, 72 మాకరోన్లు డజనుకు $ 20, మరియు 36 లడ్డూలను కొనుగోలు చేసింది.5% తగ్గింపు తరువాత, ఆమె మొత్తం 30 1330 చెల్లించింది.డజనుకు లడ్డూల ఖర్చు ఎంత?",395
"అవా మిఠాయికి వెళ్లి వివిధ రకాల డెజర్ట్‌లను కొనుగోలు చేసింది.ఆమె 36 ఎక్లేర్లను డజనుకు $ 13, 60 కుకీలు డజనుకు $ 26 చొప్పున మరియు 24 మఫిన్లను కొనుగోలు చేసింది.20% తగ్గింపు తరువాత, ఆమె మొత్తం 80 980 చెల్లించింది.డజనుకు మఫిన్ల ఖర్చు ఎంత?",528
"రోయా పటిస్సేరీకి వెళ్లి వివిధ రకాల కాల్చిన వస్తువులను కొన్నాడు.ఆమె 48 క్రోసెంట్స్ డజనుకు $ 19, 48 మాకరోన్లు డజనుకు $ 31, మరియు 24 లడ్డూలను కొనుగోలు చేసింది.25% తగ్గింపు తరువాత, ఆమె మొత్తం 30 1530 చెల్లించింది.డజనుకు లడ్డూల ఖర్చు ఎంత?",920
"ఈషా పటిస్సేరీకి వెళ్లి వివిధ రకాల కాల్చిన వస్తువులను కొన్నాడు.ఆమె డజనుకు $ 12, 48 మాకరోన్లు డజనుకు $ 20, మరియు 24 లడ్డూలను కొనుగోలు చేసింది.20% తగ్గింపు తరువాత, ఆమె మొత్తం 20 1520 చెల్లించింది.డజనుకు లడ్డూల ఖర్చు ఎంత?",898
"సోఫియా బేకరీకి వెళ్లి వివిధ రకాల రొట్టెలు కొన్నారు.ఆమె 48 డోనట్స్ డజనుకు $ 19, 48 మినీ కప్‌కేక్‌లు డజనుకు $ 24, మరియు 48 మినీ చీజ్‌కేక్‌లను కొనుగోలు చేసింది.25% తగ్గింపు తరువాత, ఆమె మొత్తం 40 1440 చెల్లించింది.డజనుకు మినీ చీజ్‌కేక్‌ల ఖర్చు ఎంత?",437
"ఉమా కేఫ్‌కు వెళ్లి వివిధ రకాల విందులు కొన్నాడు.ఆమె 48 డానిషెస్ డజనుకు $ 16, 48 టార్ట్‌లను డజనుకు $ 25, మరియు 48 స్కోన్‌లను కొనుగోలు చేసింది.25% తగ్గింపు తరువాత, ఆమె మొత్తం 50 1050 చెల్లించింది.డజనుకు స్కోన్‌ల ఖర్చు ఎంత?",309
"మియా కేఫ్‌కు వెళ్లి వివిధ రకాల విందులు కొన్నాడు.ఆమె 48 డానిషెస్ డజనుకు $ 20, 60 టార్ట్‌లను డజనుకు $ 24 మరియు 24 స్కోన్‌లను కొనుగోలు చేసింది.25% తగ్గింపు తరువాత, ఆమె మొత్తం 40 1140 చెల్లించింది.డజనుకు స్కోన్‌ల ఖర్చు ఎంత?",660
"డాఫ్నే బేకరీకి వెళ్లి వివిధ రకాల రొట్టెలు కొన్నాడు.ఆమె 48 డోనట్స్ డజనుకు $ 18, 72 మినీ కప్‌కేక్‌లు డజనుకు $ 29, మరియు 72 మినీ చీజ్‌కేక్‌లను కొనుగోలు చేసింది.20% తగ్గింపు తరువాత, ఆమె మొత్తం 00 1200 చెల్లించింది.డజనుకు మినీ చీజ్‌కేక్‌ల ఖర్చు ఎంత?",209
"ఎమ్మా పటిస్సేరీకి వెళ్లి వివిధ రకాల కాల్చిన వస్తువులను కొన్నాడు.ఆమె 60 క్రోసెంట్స్ డజనుకు $ 16, 48 మాకరోన్లు డజనుకు $ 30, మరియు 60 లడ్డూలను కొనుగోలు చేసింది.20% తగ్గింపు తరువాత, ఆమె మొత్తం 00 1400 చెల్లించింది.డజనుకు లడ్డూల ఖర్చు ఎంత?",310
"సన్నీసైడ్ హై ఈ సంవత్సరం తన క్రీడా రంగంలో గ్రాడ్యుయేషన్ నిర్వహిస్తోంది, ఇది 7500 మందికి స్థలం ఉంది.గ్రాడ్యుయేట్ కోసం 600 సీట్లకు, అధ్యాపకులకు 250 సీట్లు, మరియు ఈవెంట్ సిబ్బందికి 50 సీట్లను రిజర్వ్ చేసిన తరువాత, టిక్కెట్లు సమానంగా విభజించబడితే ప్రతి గ్రాడ్యుయేట్ వారి స్నేహితులు మరియు కుటుంబ సభ్యులకు ఎన్ని టిక్కెట్లు ఇవ్వడానికి ఎన్ని టిక్కెట్లు అందుకుంటారు?",11
"గ్రీన్విల్లే హై స్కూల్ ఈ సంవత్సరం తన కన్వెన్షన్ సెంటర్‌లో గ్రాడ్యుయేషన్ నిర్వహిస్తోంది, ఇందులో 7700 మందికి స్థలం ఉంది.గ్రాడ్యుయేట్ కోసం 550 సీట్లు, అధ్యాపకులకు 450 సీట్లు, మరియు ఈవెంట్ సిబ్బందికి 100 సీట్లను రిజర్వ్ చేసిన తరువాత, టిక్కెట్లు సమానంగా విభజించబడితే ప్రతి గ్రాడ్యుయేట్ వారి స్నేహితులు మరియు కుటుంబ సభ్యులకు ఎన్ని టిక్కెట్లు ఇవ్వడానికి ఎన్ని టిక్కెట్లు అందుకుంటారు?",12
"రివర్‌సైడ్ అకాడమీ ఈ సంవత్సరం తన వ్యాయామశాలలో గ్రాడ్యుయేషన్ నిర్వహిస్తోంది, ఇది 7800 మందికి స్థలం ఉంది.గ్రాడ్యుయేట్ కోసం 1050 సీట్లకు, అధ్యాపకులకు 350 సీట్లు, మరియు ఈవెంట్ సిబ్బందికి 100 సీట్లను రిజర్వ్ చేసిన తరువాత, టిక్కెట్లు సమానంగా విభజించబడితే ప్రతి గ్రాడ్యుయేట్ వారి స్నేహితులు మరియు కుటుంబ సభ్యులకు ఎన్ని టిక్కెట్లు ఇవ్వడానికి ఎన్ని టిక్కెట్లు అందుకుంటారు?",6
"గ్రీన్విల్లే హై స్కూల్ ఈ సంవత్సరం తన కన్వెన్షన్ సెంటర్‌లో గ్రాడ్యుయేషన్ నిర్వహిస్తోంది, ఇందులో 3900 మందికి స్థలం ఉంది.గ్రాడ్యుయేట్ కోసం 1150 సీట్లకు, అధ్యాపకులకు 400 సీట్లు, మరియు ఈవెంట్ సిబ్బందికి 50 సీట్లను రిజర్వ్ చేసిన తరువాత, టిక్కెట్లు సమానంగా విభజించబడితే ప్రతి గ్రాడ్యుయేట్ వారి స్నేహితులు మరియు కుటుంబ సభ్యులకు ఎన్ని టిక్కెట్లు ఇవ్వడానికి ఎన్ని టిక్కెట్లు అందుకుంటారు?",2
"రివర్‌సైడ్ అకాడమీ ఈ సంవత్సరం తన వ్యాయామశాలలో గ్రాడ్యుయేషన్ నిర్వహిస్తోంది, ఇది 8900 మందికి స్థలం ఉంది.గ్రాడ్యుయేట్ కోసం 1050 సీట్లకు, అధ్యాపకులకు 400 సీట్లు, మరియు ఈవెంట్ సిబ్బందికి 100 సీట్లను రిజర్వ్ చేసిన తరువాత, టిక్కెట్లు సమానంగా విభజించబడితే ప్రతి గ్రాడ్యుయేట్ వారి స్నేహితులు మరియు కుటుంబ సభ్యులకు ఎన్ని టిక్కెట్లు ఇవ్వడానికి ఎన్ని టిక్కెట్లు అందుకుంటారు?",7
"రివర్‌సైడ్ అకాడమీ ఈ సంవత్సరం తన వ్యాయామశాలలో గ్రాడ్యుయేషన్ నిర్వహిస్తోంది, ఇది 7300 మందికి స్థలం ఉంది.గ్రాడ్యుయేట్ కోసం 700 సీట్లకు, అధ్యాపకులకు 200 సీట్లు, మరియు ఈవెంట్ సిబ్బందికి 100 సీట్లను రిజర్వ్ చేసిన తరువాత, టిక్కెట్లు సమానంగా విభజించబడితే ప్రతి గ్రాడ్యుయేట్ వారి స్నేహితులు మరియు కుటుంబ సభ్యులకు ఎన్ని టిక్కెట్లు ఇవ్వడానికి ఎన్ని టిక్కెట్లు అందుకుంటారు?",9
"సన్నీసైడ్ హై ఈ సంవత్సరం తన స్పోర్ట్స్ అరేనాలో గ్రాడ్యుయేషన్ నిర్వహిస్తోంది, ఇది 6700 మందికి స్థలం ఉంది.గ్రాడ్యుయేట్ కోసం 1250 సీట్లు, అధ్యాపకులకు 350 సీట్లు, మరియు ఈవెంట్ సిబ్బందికి 100 సీట్లను రిజర్వ్ చేసిన తరువాత, టిక్కెట్లు సమానంగా విభజించబడితే ప్రతి గ్రాడ్యుయేట్ వారి స్నేహితులు మరియు కుటుంబ సభ్యులకు ఎన్ని టిక్కెట్లు ఇవ్వడానికి ఎన్ని టిక్కెట్లు అందుకుంటారు?",4
"సన్నీసైడ్ హై ఈ సంవత్సరం తన స్పోర్ట్స్ అరేనాలో గ్రాడ్యుయేషన్ నిర్వహిస్తోంది, ఇది 4100 మందికి స్థలం ఉంది.గ్రాడ్యుయేట్ కోసం 750 సీట్లు, అధ్యాపకులకు 250 సీట్లు, మరియు ఈవెంట్ సిబ్బందికి 100 సీట్లను రిజర్వ్ చేసిన తరువాత, టిక్కెట్లు సమానంగా విభజించబడితే ప్రతి గ్రాడ్యుయేట్ వారి స్నేహితులు మరియు కుటుంబ సభ్యులకు ఎన్ని టిక్కెట్లు ఇవ్వడానికి ఎన్ని టిక్కెట్లు అందుకుంటారు?",4
"గ్రీన్విల్లే హై స్కూల్ ఈ సంవత్సరం తన కన్వెన్షన్ సెంటర్‌లో గ్రాడ్యుయేషన్ నిర్వహిస్తోంది, ఇది 7200 మందికి స్థలం ఉంది.గ్రాడ్యుయేట్ కోసం 750 సీట్లు, అధ్యాపకులకు 400 సీట్లు, మరియు ఈవెంట్ సిబ్బందికి 50 సీట్లను రిజర్వ్ చేసిన తరువాత, టిక్కెట్లు సమానంగా విభజించబడితే ప్రతి గ్రాడ్యుయేట్ వారి స్నేహితులు మరియు కుటుంబ సభ్యులకు ఎన్ని టిక్కెట్లు ఇవ్వడానికి ఎన్ని టిక్కెట్లు అందుకుంటారు?",8
"ఓక్వుడ్ హై స్కూల్ ఈ సంవత్సరం తన ఆడిటోరియంలో గ్రాడ్యుయేషన్ నిర్వహిస్తోంది, ఇది 3500 మందికి స్థలం ఉంది.గ్రాడ్యుయేట్ కోసం 750 సీట్లు, అధ్యాపకులకు 400 సీట్లు, మరియు ఈవెంట్ సిబ్బందికి 100 సీట్లను రిజర్వ్ చేసిన తరువాత, టిక్కెట్లు సమానంగా విభజించబడితే ప్రతి గ్రాడ్యుయేట్ వారి స్నేహితులు మరియు కుటుంబ సభ్యులకు ఎన్ని టిక్కెట్లు ఇవ్వడానికి ఎన్ని టిక్కెట్లు అందుకుంటారు?",3
"బోధి కొంత బియ్యం కొనడానికి దుకాణానికి వెళ్తాడు.అతను కొనుగోలు చేసే బియ్యం యొక్క సాధారణ బ్రాండ్ పౌండ్‌కు $ 15 ఖర్చు అవుతుంది.అతను తన అభిమాన బ్రాండ్ అమ్ముడైనప్పటి నుండి 20% ఎక్కువ ఖరీదైన బ్రాండ్‌ను కొనుగోలు చేయాలి.అతను ఒక వారం విలువైన బియ్యం కొనాలని నిర్ణయించుకుంటాడు మరియు అతను రోజుకు 2 పౌండ్ల బియ్యం ఉపయోగిస్తాడు.స్టోర్ బియ్యం మీద 20% తగ్గింపును కలిగి ఉంది, ఇది 10 పౌండ్ల వరకు మాత్రమే వర్తిస్తుంది;ఏదైనా అదనపు బియ్యం సాధారణ ధర వద్ద అమ్మబడుతుంది.బోధి కూడా తనను తాను కుకీని $ 1 కు కొనాలని నిర్ణయించుకుంటాడు.బోధి ఎంత చెల్లించాలి?",217
"ఆలివర్ కొంత పిండిని కొనడానికి దుకాణానికి వెళ్తాడు.అతను పిండి యొక్క సాధారణ బ్రాండ్ కిలోగ్రాముకు ₣ 16 ఖర్చులు.అతను తన అభిమాన బ్రాండ్ అమ్ముడైనప్పటి నుండి 25% ఎక్కువ ఖరీదైన బ్రాండ్‌ను కొనుగోలు చేయాలి.అతను ఒక వారం విలువైన పిండిని కొనాలని నిర్ణయించుకుంటాడు మరియు అతను రోజుకు 2 కిలోల పిండిని ఉపయోగిస్తాడు.ఈ స్టోర్ పిండిపై 5% తగ్గింపును కలిగి ఉంది, ఇది 10 కిలోగ్రాముల వరకు మాత్రమే వర్తిస్తుంది;ఏదైనా అదనపు పిండి సాధారణ ధర వద్ద అమ్మబడుతుంది.ఆలివర్ కూడా ₣ 4 కోసం ఒక మఫిన్ కొనాలని నిర్ణయించుకుంటాడు.ఆలివర్ ఎంత చెల్లించాలి?",274
"అర్జున్ కొంత టీ కొనడానికి దుకాణానికి వెళ్తాడు.అతను కొనుగోలు చేసే టీ యొక్క సాధారణ బ్రాండ్ కిలోగ్రాముకు ¥ 10 ఖర్చు అవుతుంది.అతను తన అభిమాన బ్రాండ్ అమ్ముడైనప్పటి నుండి 40% ఎక్కువ ఖరీదైన బ్రాండ్‌ను కొనుగోలు చేయాలి.అతను ఒక వారం విలువైన టీ కొనాలని నిర్ణయించుకుంటాడు మరియు అతను రోజుకు 2 కిలోల టీని ఉపయోగిస్తాడు.ఈ స్టోర్ టీపై 10% తగ్గింపును కలిగి ఉంది, ఇది 10 కిలోగ్రాముల వరకు మాత్రమే వర్తిస్తుంది;ఏదైనా అదనపు టీ సాధారణ ధర వద్ద అమ్మబడుతుంది.అర్జున్ కూడా తనను తాను ఒక మఫిన్ కొనాలని నిర్ణయించుకుంటాడు.అర్జున్ ఎంత చెల్లించాలి?",186
"బెంజమిన్ కొంత చక్కెర కొనడానికి దుకాణానికి వెళ్తాడు.అతను కొనుగోలు చేసే సాధారణ చక్కెర బ్రాండ్ కిలోకు ₺10 ఖర్చవుతుంది.అతను తన అభిమాన బ్రాండ్ అమ్ముడైనప్పటి నుండి 20% ఎక్కువ ఖరీదైన బ్రాండ్‌ను కొనుగోలు చేయాలి.అతను ఒక వారం విలువైన చక్కెర కొనాలని నిర్ణయించుకుంటాడు మరియు అతను రోజుకు 3 కిలోల చక్కెరను ఉపయోగిస్తాడు.ఈ దుకాణం చక్కెరపై 30% తగ్గింపును కలిగి ఉంది, ఇది 10 కిలోల వరకు మాత్రమే వర్తిస్తుంది;ఏదైనా అదనపు చక్కెర సాధారణ ధర వద్ద అమ్మబడుతుంది.బెంజమిన్ కూడా ₺1 కోసం ఒక బాగెల్ కొనాలని నిర్ణయించుకుంటాడు.బెంజమిన్ ఎంత చెల్లించాలి?",217
"మహ్మద్ కొంచెం చక్కెర కొనడానికి దుకాణానికి వెళతారు.అతను కొనుగోలు చేసే సాధారణ చక్కెర బ్రాండ్ కిలోకు $ 15 ఖర్చు అవుతుంది.అతను తన అభిమాన బ్రాండ్ అమ్ముడైనప్పటి నుండి 40% ఎక్కువ ఖరీదైన బ్రాండ్‌ను కొనుగోలు చేయాలి.అతను ఒక వారం విలువైన చక్కెర కొనాలని నిర్ణయించుకుంటాడు మరియు అతను రోజుకు 3 కిలోల చక్కెరను ఉపయోగిస్తాడు.ఈ దుకాణం చక్కెరపై 10% తగ్గింపును కలిగి ఉంది, ఇది 20 కిలోల వరకు మాత్రమే వర్తిస్తుంది;ఏదైనా అదనపు చక్కెర సాధారణ ధర వద్ద అమ్మబడుతుంది.మొహమ్మద్ కూడా తనను తాను $ 1 కు బాగెల్ కొనాలని నిర్ణయించుకుంటాడు.మహ్మద్ ఎంత చెల్లించాలి?",400
"థియో కొంత బియ్యం కొనడానికి దుకాణానికి వెళుతుంది.అతను కొనుగోలు చేసే బియ్యం యొక్క సాధారణ బ్రాండ్ కిలోకు ¥ 5 ఖర్చు అవుతుంది.అతను తన అభిమాన బ్రాండ్ అమ్ముడైనప్పటి నుండి 20% ఎక్కువ ఖరీదైన బ్రాండ్‌ను కొనుగోలు చేయాలి.అతను ఒక వారం విలువైన బియ్యం కొనాలని నిర్ణయించుకుంటాడు మరియు అతను రోజుకు 2 కిలోల బియ్యం ఉపయోగిస్తాడు.స్టోర్ బియ్యం మీద 40% తగ్గింపును కలిగి ఉంది, ఇది 10 కిలోల వరకు మాత్రమే వర్తిస్తుంది;ఏదైనా అదనపు బియ్యం సాధారణ ధర వద్ద అమ్మబడుతుంది.థియో కూడా ¥ 4 కు బాగెల్ కొనాలని నిర్ణయించుకుంటాడు.థియో ఎంత చెల్లించాలి?",64
"ఫైసల్ కొంత చక్కెర కొనడానికి దుకాణానికి వెళుతుంది.అతను కొనుగోలు చేసే చక్కెర సాధారణ బ్రాండ్ పౌండ్‌కు $ 10 ఖర్చు అవుతుంది.అతను తన అభిమాన బ్రాండ్ అమ్ముడైనప్పటి నుండి 20% ఎక్కువ ఖరీదైన బ్రాండ్‌ను కొనుగోలు చేయాలి.అతను ఒక వారం విలువైన చక్కెర కొనాలని నిర్ణయించుకుంటాడు మరియు అతను రోజుకు 2 పౌండ్ల చక్కెరను ఉపయోగిస్తాడు.ఈ దుకాణం చక్కెరపై 10% తగ్గింపును కలిగి ఉంది, ఇది 10 పౌండ్ల వరకు మాత్రమే వర్తిస్తుంది;ఏదైనా అదనపు చక్కెర సాధారణ ధర వద్ద అమ్మబడుతుంది.ఫైసల్ తనను తాను కుకీని $ 3 కు కొనాలని నిర్ణయించుకుంటాడు.ఫైసల్ ఎంత చెల్లించాలి?",159
"మాటియో కొంత చక్కెర కొనడానికి దుకాణానికి వెళుతుంది.అతను కొనుగోలు చేసే సాధారణ చక్కెర బ్రాండ్ కిలోగ్రాముకు ₺5 ఖర్చు అవుతుంది.అతను తన అభిమాన బ్రాండ్ అమ్ముడైనప్పటి నుండి 40% ఎక్కువ ఖరీదైన బ్రాండ్‌ను కొనుగోలు చేయాలి.అతను ఒక వారం విలువైన చక్కెర కొనాలని నిర్ణయించుకుంటాడు మరియు అతను రోజుకు 3 కిలోల చక్కెరను ఉపయోగిస్తాడు.ఈ దుకాణం చక్కెరపై 20% తగ్గింపును కలిగి ఉంది, ఇది 20 కిలోగ్రాముల వరకు మాత్రమే వర్తిస్తుంది;ఏదైనా అదనపు చక్కెర సాధారణ ధర వద్ద అమ్మబడుతుంది.మాటియో కూడా ₺4 కోసం ఒక మఫిన్ కొనాలని నిర్ణయించుకుంటాడు.మాటియో ఎంత చెల్లించాలి?",123
"కార్లోస్ కొంత పిండిని కొనడానికి దుకాణానికి వెళ్తాడు.అతను పిండి యొక్క సాధారణ బ్రాండ్ కిలోకు ₣ 10 ఖర్చులు.అతను తన అభిమాన బ్రాండ్ అమ్ముడైనప్పటి నుండి 40% ఎక్కువ ఖరీదైన బ్రాండ్‌ను కొనుగోలు చేయాలి.అతను ఒక వారం విలువైన పిండిని కొనాలని నిర్ణయించుకుంటాడు మరియు అతను రోజుకు 2 కిలోల పిండిని ఉపయోగిస్తాడు.ఈ స్టోర్ పిండిపై 45% తగ్గింపును కలిగి ఉంది, ఇది 10 కిలోల వరకు మాత్రమే వర్తిస్తుంది;ఏదైనా అదనపు పిండి సాధారణ ధర వద్ద అమ్మబడుతుంది.కార్లోస్ కూడా తనను తాను ₣ 2 కోసం ఒక బాగెల్ కొనాలని నిర్ణయించుకుంటాడు.కార్లోస్ ఎంత చెల్లించాలి?",135
"వీ కొంత బియ్యం కొనడానికి దుకాణానికి వెళ్తాడు.అతను కొనుగోలు చేసే బియ్యం యొక్క సాధారణ బ్రాండ్ కిలోకు $ 15 ఖర్చు అవుతుంది.అతను తన అభిమాన బ్రాండ్ అమ్ముడైనప్పటి నుండి 20% ఎక్కువ ఖరీదైన బ్రాండ్‌ను కొనుగోలు చేయాలి.అతను ఒక వారం విలువైన బియ్యం కొనాలని నిర్ణయించుకుంటాడు మరియు అతను రోజుకు 3 కిలోల బియ్యం ఉపయోగిస్తాడు.స్టోర్ బియ్యం మీద 5% తగ్గింపును కలిగి ఉంది, ఇది 20 కిలోల వరకు మాత్రమే వర్తిస్తుంది;ఏదైనా అదనపు బియ్యం సాధారణ ధర వద్ద అమ్మబడుతుంది.వీ కూడా తనను తాను $ 4 కు బాగెల్ కొనాలని నిర్ణయించుకుంటాడు.వీ ఎంత చెల్లించాలి?",364
"వాలెంటినా తన ఇంట్లో ఒక ఆట రాత్రి కోసం సిద్ధమవుతోంది, అక్కడ ఆమె కూరగాయల లాసాగ్నాను అందించాలని అనుకుంది.ఆమె ప్లాస్టిక్ ఫోర్క్స్ నుండి బయటపడిందని ఆమె గమనించింది, కాబట్టి ఆమె ఫోర్క్స్ యొక్క కొత్త ప్యాకేజీని కొన్నది.తరువాత, ఆమె భర్త 19 కొత్త ఫోర్కుల ప్యాకేజీని కూడా కొని వాలెంటినాకు ఇచ్చాడు.వాలెంటినా కూరగాయల లాసాగ్నాను తయారు చేస్తున్నప్పుడు, ఆమె తన కూరగాయల లాసాగ్నాను నమూనా చేయడానికి ఆరు ఫోర్కులను ఉపయోగించింది, తరువాత 8 లోపభూయిష్ట ఫోర్కులను విసిరివేసింది.అతిథులు 2 ప్యాక్ ఫోర్కులను కూడా తీసుకువచ్చారు, ప్రతి ఒక్కరూ వారిలో 8 కలిగి ఉన్నారు.తరువాత, ఆమె టేబుల్ సెట్ చేయడానికి వెళ్ళినప్పుడు, ఆమెకు మొత్తం 49 ఫోర్కులు ఉన్నాయి.వాలెంటినా కొన్న ప్యాకేజీలో ఎన్ని ఫోర్కులు ఉన్నాయి?",28
"ఉమా తన ఇంట్లో ఒక పొట్లక్ పార్టీకి సిద్ధమవుతోంది, అక్కడ ఆమె రొయ్యల స్కాంపీని అందించాలని అనుకుంది.ఆమె ప్లాస్టిక్ స్పూన్‌ల నుండి బయటపడిందని ఆమె గమనించింది, కాబట్టి ఆమె స్పూన్‌ల కొత్త ప్యాకేజీని కొనుగోలు చేసింది.తరువాత, ఆమె భర్త 11 కొత్త స్పూన్ల ప్యాకేజీని కూడా కొని ఉమాకు ఇచ్చాడు.ఉమా రొయ్యల స్కాంపిని తయారు చేస్తున్నప్పుడు, ఆమె తన రొయ్యల స్కాంపిని నమూనా చేయడానికి ఏడు స్పూన్‌లను ఉపయోగించింది, తరువాత 5 లోపభూయిష్ట స్పూన్‌లను విసిరివేసింది.అతిథులు 2 ప్యాక్ స్పూన్‌లను కూడా తీసుకువచ్చారు, ఒక్కొక్కటి 5 ఉన్నాయి.తరువాత, ఆమె టేబుల్ సెట్ చేయడానికి వెళ్ళినప్పుడు, ఆమెకు మొత్తం 36 స్పూన్లు ఉన్నాయి.ఉమా కొన్న ప్యాకేజీలో ఎన్ని స్పూన్లు ఉన్నాయి?",27
"జేనా తన ఇంట్లో పుట్టినరోజు పార్టీకి సిద్ధమవుతోంది, అక్కడ ఆమె క్రీమ్ బ్రూలీకి సేవ చేయాలని అనుకుంది.ఆమె ప్లాస్టిక్ ఫోర్క్స్ నుండి బయటపడిందని ఆమె గమనించింది, కాబట్టి ఆమె ఫోర్క్స్ యొక్క కొత్త ప్యాకేజీని కొన్నది.తరువాత, ఆమె భర్త 16 కొత్త ఫోర్కుల ప్యాకేజీని కూడా కొని జేనాకు ఇచ్చాడు.జేనా క్రీమ్ బ్రూలీని తయారు చేస్తున్నప్పుడు, ఆమె తన క్రీమ్ బ్రూలీని నమూనా చేయడానికి ఏడు ఫోర్కులను ఉపయోగించింది, తరువాత 8 లోపభూయిష్ట ఫోర్కులను విసిరివేసింది.అతిథులు 2 ప్యాక్ ఫోర్కులను కూడా తీసుకువచ్చారు, ప్రతి ఒక్కరూ వారిలో 8 కలిగి ఉన్నారు.తరువాత, ఆమె టేబుల్ సెట్ చేయడానికి వెళ్ళినప్పుడు, ఆమెకు మొత్తం 39 ఫోర్కులు ఉన్నాయి.జేనా కొన్న ప్యాకేజీలో ఎన్ని ఫోర్కులు ఉన్నాయి?",22
"చెన్ తన ఇంట్లో పుట్టినరోజు పార్టీకి సిద్ధమవుతోంది, అక్కడ ఆమె గొడ్డు మాంసం వంటకం వడ్డించాలని అనుకుంది.ఆమె ప్లాస్టిక్ ఫోర్క్స్ నుండి బయటపడిందని ఆమె గమనించింది, కాబట్టి ఆమె ఫోర్క్స్ యొక్క కొత్త ప్యాకేజీని కొన్నది.తరువాత, ఆమె భర్త 9 కొత్త ఫోర్కుల ప్యాకేజీని కూడా కొని చెన్‌కు ఇచ్చాడు.చెన్ గొడ్డు మాంసం వంటకాన్ని తయారు చేస్తున్నప్పుడు, ఆమె తన గొడ్డు మాంసం వంటకాన్ని నమూనా చేయడానికి పదహారు ఫోర్కులను ఉపయోగించింది, తరువాత 12 లోపభూయిష్ట ఫోర్కులను విసిరింది.అతిథులు 2 ప్యాక్ ఫోర్కులను కూడా తీసుకువచ్చారు, ప్రతి ఒక్కరూ వారి లోపల 12 మంది ఉన్నారు.తరువాత, ఆమె టేబుల్ సెట్ చేయడానికి వెళ్ళినప్పుడు, ఆమెకు మొత్తం 32 ఫోర్కులు ఉన్నాయి.చెన్ కొన్న ప్యాకేజీలో ఎన్ని ఫోర్కులు ఉన్నాయి?",27
"సాకురా తన ఇంట్లో పుట్టినరోజు పార్టీకి సిద్ధమవుతోంది, అక్కడ ఆమె కాల్చిన సాల్మొన్ వడ్డించాలని అనుకుంది.ఆమె ప్లాస్టిక్ ప్లేట్ల నుండి బయటపడిందని ఆమె గమనించింది, కాబట్టి ఆమె ప్లేట్ల కొత్త ప్యాకేజీని కొనుగోలు చేసింది.తరువాత, ఆమె భర్త 7 కొత్త ప్లేట్ల ప్యాకేజీని కూడా కొని సాకురాకు ఇచ్చాడు.సాకురా కాల్చిన సాల్మొన్ తయారు చేస్తున్నప్పుడు, ఆమె తన కాల్చిన సాల్మొన్ నమూనా చేయడానికి ఎనిమిది పలకలను ఉపయోగించింది, తరువాత 15 లోపభూయిష్ట పలకలను విసిరింది.అతిథులు 2 ప్యాక్ ప్లేట్లను కూడా తీసుకువచ్చారు, ఒక్కొక్కటి 15 మంది ఉన్నారు.తరువాత, ఆమె టేబుల్ సెట్ చేయడానికి వెళ్ళినప్పుడు, ఆమెకు మొత్తం 56 ప్లేట్లు ఉన్నాయి.సాకురా కొన్న ప్యాకేజీలో ఎన్ని ప్లేట్లు ఉన్నాయి?",42
"ఇసాబెల్లా తన ఇంట్లో భోజన పార్టీకి సిద్ధమవుతోంది, అక్కడ ఆమె కూరగాయల లాసాగ్నాను అందించాలని అనుకుంది.ఆమె ప్లాస్టిక్ ఫోర్క్స్ నుండి బయటపడిందని ఆమె గమనించింది, కాబట్టి ఆమె ఫోర్క్స్ యొక్క కొత్త ప్యాకేజీని కొన్నది.తరువాత, ఆమె భర్త 14 కొత్త ఫోర్కుల ప్యాకేజీని కూడా కొని ఇసాబెల్లాకు ఇచ్చారు.ఇసాబెల్లా కూరగాయల లాసాగ్నాను తయారు చేస్తున్నప్పుడు, ఆమె తన కూరగాయల లాసాగ్నాను నమూనా చేయడానికి ఏడు ఫోర్కులను ఉపయోగించింది, తరువాత 7 లోపభూయిష్ట ఫోర్కులను విసిరివేసింది.అతిథులు 4 ప్యాక్ ఫోర్కులను కూడా తీసుకువచ్చారు, ఒక్కొక్కటి 7 మంది వారి లోపల ఉన్నారు.తరువాత, ఆమె టేబుల్ సెట్ చేయడానికి వెళ్ళినప్పుడు, ఆమెకు మొత్తం 66 ఫోర్కులు ఉన్నాయి.ఇసాబెల్లా కొనుగోలు చేసిన ప్యాకేజీలో ఎన్ని ఫోర్కులు ఉన్నాయి?",38
"ఒలివియా తన ఇంట్లో భోజన పార్టీకి సిద్ధమవుతోంది, అక్కడ ఆమె రోస్ట్ చికెన్ వడ్డించాలని అనుకుంది.ఆమె ప్లాస్టిక్ ప్లేట్ల నుండి బయటపడిందని ఆమె గమనించింది, కాబట్టి ఆమె ప్లేట్ల కొత్త ప్యాకేజీని కొనుగోలు చేసింది.తరువాత, ఆమె భర్త 8 కొత్త ప్లేట్ల ప్యాకేజీని కూడా కొని ఒలివియాకు ఇచ్చాడు.ఒలివియా కాల్చిన చికెన్‌ను తయారు చేస్తున్నప్పుడు, ఆమె తన కాల్చిన చికెన్‌ను శాంపిల్ చేయడానికి పదమూడు పలకలను ఉపయోగించింది, తరువాత 14 లోపభూయిష్ట పలకలను విసిరివేసింది.అతిథులు 3 ప్యాక్ ప్లేట్లను కూడా తీసుకువచ్చారు, ఒక్కొక్కటి 14 మంది ఉన్నారు.తరువాత, ఆమె టేబుల్ సెట్ చేయడానికి వెళ్ళినప్పుడు, ఆమెకు మొత్తం 60 ప్లేట్లు ఉన్నాయి.ఒలివియా కొనుగోలు చేసిన ప్యాకేజీలో ఎన్ని ప్లేట్లు ఉన్నాయి?",37
"సోఫియా తన ఇంట్లో ఒక ఆట రాత్రి కోసం సిద్ధమవుతోంది, అక్కడ ఆమె సగ్గుబియ్యిన మిరియాలు అందించాలని అనుకుంది.ఆమె ప్లాస్టిక్ స్పూన్‌ల నుండి బయటపడిందని ఆమె గమనించింది, కాబట్టి ఆమె స్పూన్‌ల కొత్త ప్యాకేజీని కొనుగోలు చేసింది.తరువాత, ఆమె భర్త 6 కొత్త స్పూన్ల ప్యాకేజీని కూడా కొని సోఫియాకు ఇచ్చాడు.సోఫియా స్టఫ్డ్ పెప్పర్లను తయారు చేస్తున్నప్పుడు, ఆమె తన సగ్గుబియ్యిన మిరియాలు నమూనా చేయడానికి పదిహేడు స్పూన్లను ఉపయోగించింది, తరువాత 9 లోపభూయిష్ట స్పూన్లు విసిరింది.అతిథులు 2 ప్యాక్ స్పూన్లు కూడా తీసుకువచ్చారు, ఒక్కొక్కటి 9 మందిలో ఉన్నారు.తరువాత, ఆమె టేబుల్ సెట్ చేయడానికి వెళ్ళినప్పుడు, ఆమెకు మొత్తం 25 స్పూన్లు ఉన్నాయి.సోఫియా కొనుగోలు చేసిన ప్యాకేజీలో ఎన్ని స్పూన్లు ఉన్నాయి?",27
"ఈషా తన ఇంట్లో భోజన పార్టీకి సిద్ధమవుతోంది, అక్కడ ఆమె సగ్గుబియ్యిన మిరియాలు అందించాలని అనుకుంది.ఆమె ప్లాస్టిక్ ఫోర్క్స్ నుండి బయటపడిందని ఆమె గమనించింది, కాబట్టి ఆమె ఫోర్క్స్ యొక్క కొత్త ప్యాకేజీని కొన్నది.తరువాత, ఆమె భర్త 8 కొత్త ఫోర్కుల ప్యాకేజీని కూడా కొని ఈషాకు ఇచ్చాడు.ఈషా స్టఫ్డ్ పెప్పర్లను తయారు చేస్తున్నప్పుడు, ఆమె తన సగ్గుబియ్యిన మిరియాలు నమూనా చేయడానికి పదహారు ఫోర్కులను ఉపయోగించింది, తరువాత 6 లోపభూయిష్ట ఫోర్కులను విసిరివేసింది.అతిథులు 2 ప్యాక్ ఫోర్కులను కూడా తీసుకువచ్చారు, ప్రతి ఒక్కరూ వారి లోపల 6 కలిగి ఉన్నారు.తరువాత, ఆమె టేబుల్ సెట్ చేయడానికి వెళ్ళినప్పుడు, ఆమెకు మొత్తం 32 ఫోర్కులు ఉన్నాయి.ఈషా కొనుగోలు చేసిన ప్యాకేజీలో ఎన్ని ఫోర్కులు ఉన్నాయి?",34
"ఎమ్మా తన ఇంట్లో ఒక పొట్లక్ పార్టీకి సిద్ధమవుతోంది, అక్కడ ఆమె క్రీమ్ బ్రూలీకి సేవ చేయాలని అనుకుంది.ఆమె ప్లాస్టిక్ ప్లేట్ల నుండి బయటపడిందని ఆమె గమనించింది, కాబట్టి ఆమె ప్లేట్ల కొత్త ప్యాకేజీని కొనుగోలు చేసింది.తరువాత, ఆమె భర్త 19 కొత్త ప్లేట్ల ప్యాకేజీని కూడా కొని ఎమ్మాకు ఇచ్చాడు.ఎమ్మా క్రీమ్ బ్రూలీని తయారు చేస్తున్నప్పుడు, ఆమె తన క్రీమ్ బ్రూలీని నమూనా చేయడానికి పది పలకలను ఉపయోగించింది, తరువాత 10 లోపభూయిష్ట పలకలను విసిరివేసింది.అతిథులు 4 ప్యాక్ ప్లేట్లను కూడా తీసుకువచ్చారు, ఒక్కొక్కటి 10 మందిలో 10 మంది ఉన్నారు.తరువాత, ఆమె టేబుల్ సెట్ చేయడానికి వెళ్ళినప్పుడు, ఆమెకు మొత్తం 59 ప్లేట్లు ఉన్నాయి.ఎమ్మా కొనుగోలు చేసిన ప్యాకేజీలో ఎన్ని ప్లేట్లు ఉన్నాయి?",20
"డియెగో బుధవారం 67 పైనాపిల్స్ ఎంచుకుంది.అప్పుడు అతను గురువారం 176 పైనాపిల్స్ ఎంచుకుంటాడు.శుక్రవారం, అతను బుధవారం చేసిన పైనాపిల్స్ సంఖ్యను అరికట్టాడు.శనివారం, అతను గత 3 రోజుల్లో కలిపి సగం మొత్తాన్ని ఎంచుకుంటాడు.ఆదివారం, డియెగో ఒక్కొక్కటి 17 పైనాపిల్స్ పెట్టెల్లో పైనాపిల్స్‌ను విక్రయించబోతోంది.అతను ప్రతి పెట్టెను $ 12 కు అమ్మబోతున్నాడు.డియెగో ఎంత చేయబోతోంది?",612
"దేశాన్ శనివారం 142 బేరిని ఎంచుకున్నాడు.అప్పుడు అతను ఆదివారం 172 బేరిని ఎంచుకుంటాడు.సోమవారం, అతను శనివారం చేసిన బేరి సంఖ్యను మూడు రెట్లు పెంచుకుంటాడు.మంగళవారం, అతను గత 3 రోజుల్లో కలిపి సగం మొత్తాన్ని ఎంచుకుంటాడు.బుధవారం, దేశాన్ ఒక్కొక్కటి 15 బేరి పెట్టెల్లో బేరిని విక్రయించబోతున్నాడు.అతను ప్రతి పెట్టెను $ 14 కు అమ్మబోతున్నాడు.దేశాన్ ఎంత చేయబోతున్నాడు?",1036
"లియోన్ గురువారం 80 ఆపిల్లను ఎంచుకున్నాడు.అప్పుడు అతను శుక్రవారం 50 ఆపిల్లను ఎంచుకుంటాడు.శనివారం, అతను గురువారం చేసిన ఆపిల్ల సంఖ్యను మూడు రెట్లు పెంచుకుంటాడు.ఆదివారం, అతను గత 3 రోజుల్లో కలిపి సగం మొత్తాన్ని ఎంచుకుంటాడు.సోమవారం, లియోన్ 15 ఆపిల్ల పెట్టెల్లో ఆపిల్లను విక్రయించబోతోంది.అతను ప్రతి పెట్టెను $ 12 కు అమ్మబోతున్నాడు.లియోన్ ఎంత చేయబోతున్నాడు?",444
"లూయిస్ శుక్రవారం 55 ద్రాక్షలను ఎంచుకున్నాడు.అప్పుడు అతను శనివారం 170 ద్రాక్షలను ఎంచుకుంటాడు.ఆదివారం, అతను శుక్రవారం చేసిన ద్రాక్ష సంఖ్యను అరికట్టాడు.సోమవారం, అతను గత 3 రోజుల్లో కలిపి సగం మొత్తాన్ని ఎంచుకుంటాడు.మంగళవారం, లూయిస్ ఒక్కొక్కటి 15 ద్రాక్ష పెట్టెల్లో ద్రాక్షను విక్రయించబోతున్నాడు.అతను ప్రతి పెట్టెను $ 10 కు అమ్మబోతున్నాడు.లూయిస్ ఎంత చేయబోతున్నాడు?",500
"ఆలివర్ మంగళవారం 111 నారింజను ఎంచుకున్నాడు.అప్పుడు అతను బుధవారం 170 నారింజను ఎంచుకుంటాడు.గురువారం, అతను మంగళవారం చేసిన నారింజ సంఖ్యను అరికట్టాడు.శుక్రవారం, అతను గత 3 రోజుల్లో కలిపి సగం మొత్తాన్ని ఎంచుకుంటాడు.శనివారం, ఒలివర్ నారింజలను 19 నారింజ పెట్టెల్లో విక్రయించబోతున్నాడు.అతను ప్రతి పెట్టెను $ 9 కు అమ్మబోతున్నాడు.ఆలివర్ ఎంత చేయబోతున్నాడు?",594
"ఉమర్ ఆదివారం 147 ఆపిల్లను ఎంచుకున్నాడు.అప్పుడు అతను సోమవారం 99 ఆపిల్లను ఎంచుకుంటాడు.మంగళవారం, అతను ఆదివారం చేసిన ఆపిల్ల సంఖ్యను రెట్టింపు చేస్తాడు.బుధవారం, అతను గత 3 రోజుల్లో కలిపి సగం మొత్తాన్ని ఎంచుకుంటాడు.గురువారం, ఉమర్ 27 ఆపిల్ల పెట్టెల్లో ఆపిల్లను విక్రయించబోతున్నాడు.అతను ప్రతి పెట్టెను $ 11 కు అమ్మబోతున్నాడు.ఉమర్ ఎంత చేయబోతున్నాడు?",330
"మాటియో మంగళవారం 45 ఆపిల్లను ఎంపిక చేసింది.అప్పుడు అతను బుధవారం 105 ఆపిల్లను ఎంచుకుంటాడు.గురువారం, అతను మంగళవారం చేసిన ఆపిల్ల సంఖ్యను రెట్టింపు చేస్తాడు.శుక్రవారం, అతను గత 3 రోజుల్లో కలిపి సగం మొత్తాన్ని ఎంచుకుంటాడు.శనివారం, మాటియో ఒక్కొక్కటి 24 ఆపిల్ల పెట్టెల్లో ఆపిల్లను విక్రయించబోతోంది.అతను ప్రతి పెట్టెను $ 13 కు అమ్మబోతున్నాడు.మాటియో ఎంత చేయబోతున్నాడు?",195
"సంజయ్ శుక్రవారం 179 రేగు పండ్లు ఎంచుకున్నాడు.అప్పుడు అతను శనివారం 185 రేగు పండ్లు ఎంచుకుంటాడు.ఆదివారం, అతను శుక్రవారం అతను చేసిన రేగు సంఖ్యను నాలుగు రెట్లు పెంచుకుంటాడు.సోమవారం, అతను గత 3 రోజుల్లో కలిపి సగం మొత్తాన్ని ఎంచుకుంటాడు.మంగళవారం, సంజయ్ ఒక్కొక్కటి 20 రేగు పండ్లు పెట్టెల్లో ప్లం విక్రయించబోతున్నాడు.అతను ప్రతి పెట్టెను $ 11 కు అమ్మబోతున్నాడు.సంజయ్ ఎంత చేయబోతున్నాడు?",891
"కార్లోస్ మంగళవారం 129 ఆపిల్లను ఎంచుకున్నాడు.అప్పుడు అతను బుధవారం 129 ఆపిల్లను ఎంచుకుంటాడు.గురువారం, అతను మంగళవారం చేసిన ఆపిల్ల సంఖ్యను రెట్టింపు చేస్తాడు.శుక్రవారం, అతను గత 3 రోజుల్లో కలిపి సగం మొత్తాన్ని ఎంచుకుంటాడు.శనివారం, కార్లోస్ 18 ఆపిల్ల పెట్టెల్లో ఆపిల్లను విక్రయించబోతున్నాడు.అతను ప్రతి పెట్టెను $ 12 కు అమ్మబోతున్నాడు.కార్లోస్ ఎంత చేయబోతున్నాడు?",516
"విక్టర్ గురువారం 142 అరటిపండ్లను ఎంచుకున్నాడు.అప్పుడు అతను శుక్రవారం 92 అరటిపండ్లను ఎంచుకున్నాడు.శనివారం, అతను గురువారం చేసిన అరటిపండ్ల సంఖ్యను మూడు రెట్లు పెంచుకుంటాడు.ఆదివారం, అతను గత 3 రోజుల్లో కలిపి సగం మొత్తాన్ని ఎంచుకుంటాడు.సోమవారం, విక్టర్ అరటిపండ్లను 22 బనానాస్ బాక్సులలో విక్రయించబోతున్నాడు.అతను ప్రతి పెట్టెను $ 10 కు అమ్మబోతున్నాడు.విక్టర్ ఎంత చేయబోతున్నాడు?",450
"సంరక్షణ సదుపాయంలో 1700 గదుల సామర్థ్యం ఉంది, 1/5 ఆక్రమించబడింది మరియు అన్ని గదులలో ఐదవ వంతు సేవలో లేదు.మహమ్మారి కారణంగా, ప్రతిరోజూ 20 మంది రోగులు సంరక్షణ సదుపాయంలో ప్రవేశిస్తారు.2 వారాల తర్వాత సంరక్షణ సదుపాయంలో మొత్తం ఖాళీగా లేని గదుల సంఖ్యను లెక్కించండి.",740
"సంరక్షణ సదుపాయంలో 1800 గదుల సామర్థ్యం ఉంది, 1/6 ఆక్రమించబడింది మరియు అన్ని గదులలో తొమ్మిదవది సేవలో లేదు.మహమ్మారి కారణంగా, ప్రతిరోజూ 25 మంది రోగులు సంరక్షణ సదుపాయంలో ప్రవేశిస్తారు.2 వారాల తర్వాత సంరక్షణ సదుపాయంలో మొత్తం ఖాళీగా లేని గదుల సంఖ్యను లెక్కించండి.",950
"క్లినిక్ 1600 గదుల సామర్థ్యం కలిగి ఉంది, 1/10 ఆక్రమించబడింది మరియు అన్ని గదులలో రెండు వంతులు సేవలో లేరు.ప్రకృతి విపత్తు కారణంగా, ప్రతిరోజూ 30 మంది రోగులను క్లినిక్‌లో చేర్చారు.3 వారాల తరువాత క్లినిక్‌లో మొత్తం ఖాళీగా లేని గదుల సంఖ్యను లెక్కించండి.",170
"ఒక వైద్య కేంద్రంలో 1300 పడకల సామర్థ్యం ఉంది, 1/5 ఆక్రమించబడింది మరియు అన్ని పడకలలో నాలుగవ వంతు సేవలో లేదు.పెద్ద ప్రమాదం కారణంగా, ప్రతిరోజూ 30 మంది రోగులను వైద్య కేంద్రంలో చేర్చారు.2 వారాల తరువాత వైద్య కేంద్రంలో మొత్తం ఖాళీగా లేని పడకల సంఖ్యను లెక్కించండి.",295
"ఒక ఆసుపత్రిలో 1300 పడకల సామర్థ్యం ఉంది, 1/6 ఆక్రమించింది మరియు అన్ని పడకలలో రెండు ఆరవ వంతు సేవలో లేదు.ఫ్లూ సీజన్ కారణంగా, ప్రతిరోజూ 30 మంది రోగులను ఆసుపత్రిలో చేర్చారు.2 వారాల తరువాత ఆసుపత్రిలో మొత్తం ఖాళీగా ఉన్న పడకల సంఖ్యను లెక్కించండి.",230
"ఒక వైద్య కేంద్రంలో 1200 పడకల సామర్థ్యం ఉంది, 2/4 ఆక్రమించబడింది మరియు అన్ని పడకలలో ఎనిమిదవ వంతు సేవ నుండి బయటపడింది.పెద్ద ప్రమాదం కారణంగా, ప్రతిరోజూ 20 మంది రోగులు వైద్య కేంద్రంలో ప్రవేశిస్తారు.2 వారాల తరువాత వైద్య కేంద్రంలో మొత్తం ఖాళీగా లేని పడకల సంఖ్యను లెక్కించండి.",170
"క్లినిక్ 1700 గదుల సామర్థ్యం కలిగి ఉంది, 1/10 ఆక్రమించబడింది మరియు అన్ని గదులలో నాలుగవ వంతు సేవలో లేదు.ప్రకృతి విపత్తు కారణంగా, ప్రతిరోజూ 20 మంది రోగులను క్లినిక్‌లోకి ప్రవేశిస్తారు.2 వారాల తరువాత క్లినిక్‌లో మొత్తం ఖాళీగా లేని గదుల సంఖ్యను లెక్కించండి.",825
"సంరక్షణ సౌకర్యం 1400 గదుల సామర్థ్యాన్ని కలిగి ఉంది, 1/7 ఆక్రమించబడింది మరియు అన్ని గదులలో పదోవంతు సేవలో లేదు.మహమ్మారి కారణంగా, ప్రతిరోజూ 35 మంది రోగులు సంరక్షణ సదుపాయంలో ప్రవేశిస్తారు.2 వారాల తర్వాత సంరక్షణ సదుపాయంలో మొత్తం ఖాళీగా లేని గదుల సంఖ్యను లెక్కించండి.",570
"ఒక ఆసుపత్రిలో 1800 పడకల సామర్థ్యం ఉంది, 1/9 ఆక్రమించింది మరియు అన్ని పడకలలో తొమ్మిదవ వంతు సేవ నుండి బయటపడింది.ఫ్లూ సీజన్ కారణంగా, ప్రతిరోజూ 20 మంది రోగులను ఆసుపత్రిలో చేర్చారు.2 వారాల తరువాత ఆసుపత్రిలో మొత్తం ఖాళీగా ఉన్న పడకల సంఖ్యను లెక్కించండి.",1120
"ఆసుపత్రిలో 1400 పడకల సామర్థ్యం ఉంది, 1/3 ఆక్రమించబడింది మరియు అన్ని పడకలలో ఆరవ వంతు సేవలో లేదు.ఫ్లూ సీజన్ కారణంగా, ప్రతిరోజూ 25 మంది రోగులను ఆసుపత్రిలో చేర్చారు.3 వారాల తరువాత ఆసుపత్రిలో మొత్తం ఖాళీగా లేని పడకల సంఖ్యను లెక్కించండి.",175
"వలేరియా మరియు విక్టర్ నిర్మాణ సరఫరా దుకాణానికి వెళ్లారు.విక్టర్ సభ్యుడు, కానీ వలేరియా కాదు.వలేరియా ₣ 97.37 కలిగి ఉంది మరియు స్టోర్ వద్ద ఒక బిన్ నుండి 15 యాంకర్లను కొనాలనుకుంటుంది.ఆమెకు 8 గోర్లు కూడా అవసరం, ప్రతి ఖర్చు ₣ 0.64.ప్రతి యాంకర్ ధర ₣ 0.35.అదనంగా, వలేరియా 8 గ్యాలన్ల పెయింట్‌ను తీసుకుంటుంది.విక్టర్ ₣ 90 తో మొదలవుతుంది మరియు 10 గ్యాలన్ల పెయింట్ కావాలి, ప్రతి ధర ₣ 7.0, మరియు 4 వడ్రంగి పెన్సిల్స్, ప్రతి ఖర్చు ₣ 2.ఈ స్టోర్ సభ్యుల కోసం పెయింట్‌పై 10% తగ్గింపును అందిస్తుంది.వారు దుకాణాన్ని విడిచిపెట్టిన తర్వాత వోలేరియా విక్టర్ కంటే ఎంత ఎక్కువ డబ్బు మిగిలి ఉంది?",12
"గాబ్రియెల్ మరియు అరాష్ నిర్మాణ సరఫరా దుకాణానికి వెళ్లారు.అరాష్ సభ్యుడు, కానీ గాబ్రియెల్ కాదు.గాబ్రియేల్ € 92.27 కలిగి ఉంది మరియు స్టోర్ వద్ద ఒక బిన్ నుండి 15 గోర్లు కొనాలనుకుంటున్నారు.ఆమెకు 8 దుస్తులను ఉతికే యంత్రాలు కూడా అవసరం, ప్రతి ఖర్చు 64 0.64.ప్రతి గోరు ధర 21 0.21.అదనంగా, గాబ్రియేల్ 8 గ్యాలన్ల పెయింట్‌ను ఎంచుకుంటాడు.అరాష్ € 100 తో మొదలవుతుంది మరియు 12 గ్యాలన్ల పెయింట్ కావాలి, ప్రతి ధర € 7.5, మరియు 3 వడ్రంగి పెన్సిల్స్, ప్రతి ఖర్చు € 3.ఈ స్టోర్ సభ్యుల కోసం పెయింట్‌పై 10% తగ్గింపును అందిస్తుంది.వారు దుకాణం నుండి బయలుదేరిన తర్వాత గాబ్రియేల్ అరష్ కంటే ఎంత ఎక్కువ డబ్బు మిగిలి ఉంది?",14
"కిమియా మరియు యూసుఫ్ నిర్మాణ సరఫరా దుకాణానికి వెళ్లారు.యూసుఫ్ సభ్యుడు, కానీ కిమియా కాదు.కిమియా. 91.25 కలిగి ఉంది మరియు స్టోర్ వద్ద ఒక బిన్ నుండి 16 గోర్లు కొనాలనుకుంటుంది.ఆమెకు 9 దుస్తులను ఉతికే యంత్రాలు కూడా అవసరం, ప్రతి ఖర్చు 65 0.65.ప్రతి గోరు ధర 4 0.4.అదనంగా, కిమియా 8 గ్యాలన్ల పెయింట్‌ను తీసుకుంటుంది.యూసుఫ్ ¥ 80 తో మొదలవుతుంది మరియు 10 గ్యాలన్ల పెయింట్ కావాలి, ప్రతి ధర ¥ 7.0, మరియు 4 వడ్రంగి పెన్సిల్స్, ప్రతి ఖర్చు ¥ 2.ఈ స్టోర్ సభ్యుల కోసం పెయింట్‌పై 10% తగ్గింపును అందిస్తుంది.వారు దుకాణం నుండి బయలుదేరిన తర్వాత కిమియా యూసుఫ్ కంటే ఎంత ఎక్కువ డబ్బు మిగిలి ఉంది?",14
"వాలెంటినా మరియు లియామ్ నిర్మాణ సరఫరా దుకాణానికి వెళ్లారు.లియామ్ సభ్యుడు, కానీ వాలెంటినా కాదు.వాలెంటినాకు. 99.41 ఉంది మరియు స్టోర్ వద్ద ఒక బిన్ నుండి 17 స్క్రూలను కొనాలనుకుంటుంది.ఆమెకు 9 దుస్తులను ఉతికే యంత్రాలు కూడా అవసరం, ప్రతి ఖర్చు ¥ 0.59.ప్రతి స్క్రూ ధర 3 0.3.అదనంగా, వాలెంటినా 8 గ్యాలన్ల పెయింట్‌ను తీసుకుంటుంది.లియామ్ ¥ 90 తో మొదలవుతుంది మరియు 10 గ్యాలన్ల పెయింట్ కావాలి, ప్రతి ధర .0 8.0, మరియు 3 వడ్రంగి పెన్సిల్స్, ప్రతి ఖర్చు ¥ 2.ఈ స్టోర్ సభ్యుల కోసం పెయింట్‌పై 10% తగ్గింపును అందిస్తుంది.వారు దుకాణాన్ని విడిచిపెట్టిన తర్వాత వాలెంటినా లియామ్ కంటే ఎంత ఎక్కువ డబ్బు మిగిలి ఉంది?",13
"క్విన్ మరియు ఫైసల్ నిర్మాణ సరఫరా దుకాణానికి వెళ్లారు.ఫైసల్ సభ్యుడు, కానీ క్విన్ కాదు.క్విన్ ₣ 98.39 కలిగి ఉంది మరియు స్టోర్ వద్ద ఒక బిన్ నుండి 17 గింజలను కొనాలనుకుంటున్నారు.ఆమెకు 9 యాంకర్లు కూడా అవసరం, ప్రతి ఖర్చు ₣ 0.68.ప్రతి గింజ ధర ₣ 0.31.అదనంగా, క్విన్ 8 గ్యాలన్ల పెయింట్‌ను ఎంచుకుంటాడు.ఫైసల్ ₣ 80 తో మొదలవుతుంది మరియు 10 గ్యాలన్ల పెయింట్ కావాలి, ప్రతి ధర ₣ 7.0, మరియు 3 వడ్రంగి పెన్సిల్స్, ప్రతి ఖర్చు ₣ 2.ఈ స్టోర్ సభ్యుల కోసం పెయింట్‌పై 10% తగ్గింపును అందిస్తుంది.వారు దుకాణాన్ని విడిచిపెట్టిన తర్వాత క్విన్ ఫైసల్ కంటే ఎంత ఎక్కువ డబ్బు మిగిలి ఉంది?",20
"కైలా మరియు లూకా నిర్మాణ సరఫరా దుకాణానికి వెళ్లారు.లూకా సభ్యుడు, కానీ కైలా కాదు.కైలాకు ₣ 90.23 ఉంది మరియు స్టోర్ వద్ద ఒక బిన్ నుండి 17 గోర్లు కొనాలనుకుంటున్నారు.ఆమెకు 8 దుస్తులను ఉతికే యంత్రాలు కూడా అవసరం, ప్రతి ఖర్చు ₣ 0.62.ప్రతి గోరు ధర ₣ 0.31.అదనంగా, కైలా 8 గ్యాలన్ల పెయింట్‌ను ఎంచుకుంటాడు.లూకా ₣ 80 తో మొదలవుతుంది మరియు 10 గ్యాలన్ల పెయింట్ కావాలి, ప్రతి ధర ₣ 7.0, మరియు 4 వడ్రంగి పెన్సిల్స్, ప్రతి ఖర్చు ₣ 2.ఈ స్టోర్ సభ్యుల కోసం పెయింట్‌పై 10% తగ్గింపును అందిస్తుంది.వారు దుకాణం నుండి బయలుదేరిన తర్వాత కైలా లూకా కంటే ఎంత ఎక్కువ డబ్బు మిగిలి ఉంది?",15
"గాబ్రియెల్ మరియు శాంటియాగో నిర్మాణ సరఫరా దుకాణానికి వెళ్లారు.శాంటియాగో సభ్యుడు, కానీ గాబ్రియెల్ కాదు.గాబ్రియేల్ € 86.15 కలిగి ఉంది మరియు స్టోర్ వద్ద ఒక బిన్ నుండి 16 స్క్రూలను కొనాలనుకుంటున్నారు.ఆమెకు 9 నెయిల్స్ కూడా అవసరం, ప్రతి ధర € 0.59.ప్రతి స్క్రూ ధర 24 0.24.అదనంగా, గాబ్రియేల్ 8 గ్యాలన్ల పెయింట్‌ను ఎంచుకుంటాడు.శాంటియాగో € 100 తో ప్రారంభమవుతుంది మరియు 12 గ్యాలన్ల పెయింట్ కావాలి, ఒక్కొక్కటి € 7.5, మరియు 4 వడ్రంగి పెన్సిల్స్, ప్రతి ఖర్చు € 2.ఈ స్టోర్ సభ్యుల కోసం పెయింట్‌పై 10% తగ్గింపును అందిస్తుంది.వారు దుకాణం నుండి బయలుదేరిన తర్వాత గాబ్రియెల్ శాంటియాగో కంటే ఎంత ఎక్కువ డబ్బు మిగిలి ఉంది?",6
"బీట్రిజ్ మరియు జిన్ నిర్మాణ సరఫరా దుకాణానికి వెళ్లారు.జిన్ సభ్యుడు, కానీ బీట్రిజ్ కాదు.బీట్రిజ్ ₺82.07 ను కలిగి ఉంది మరియు స్టోర్ వద్ద ఒక బిన్ నుండి 15 గింజలను కొనాలనుకుంటున్నారు.ఆమెకు 8 స్క్రూలు కూడా అవసరం, ప్రతి ఖర్చు ₺0.64.ప్రతి గింజ ధర ₺0.33.అదనంగా, బీట్రిజ్ 8 గ్యాలన్ల పెయింట్‌ను ఎంచుకుంటాడు.జిన్ ₺100 తో మొదలవుతుంది మరియు 12 గ్యాలన్ల పెయింట్ కావాలి, ప్రతి ధర ₺7.5, మరియు 4 వడ్రంగి పెన్సిల్స్, ప్రతి ఖర్చు ₺2.ఈ స్టోర్ సభ్యుల కోసం పెయింట్‌పై 10% తగ్గింపును అందిస్తుంది.వారు దుకాణాన్ని విడిచిపెట్టిన తర్వాత బీట్రిజ్ జిన్ కంటే ఎంత ఎక్కువ డబ్బు మిగిలి ఉంది?",1
"యారా మరియు ఉమర్ నిర్మాణ సరఫరా దుకాణానికి వెళ్లారు.ఉమర్ సభ్యుడు, కానీ యారా కాదు.యారా ₣ 90.23 కలిగి ఉంది మరియు స్టోర్ వద్ద ఒక బిన్ నుండి 17 స్క్రూలను కొనాలనుకుంటున్నారు.ఆమెకు 9 యాంకర్లు కూడా అవసరం, ప్రతి ఖర్చు ₣ 0.61.ప్రతి స్క్రూ ధర ₣ 0.22.అదనంగా, యారా 8 గ్యాలన్ల పెయింట్‌ను తీసుకుంటుంది.ఉమర్ ₣ 100 తో మొదలవుతుంది మరియు 10 గ్యాలన్ల పెయింట్ కావాలి, ప్రతి ధర ₣ 8.0, మరియు 3 వడ్రంగి పెన్సిల్స్, ప్రతి ఖర్చు ₣ 4.ఈ స్టోర్ సభ్యుల కోసం పెయింట్‌పై 10% తగ్గింపును అందిస్తుంది.వారు దుకాణం నుండి బయలుదేరిన తర్వాత యారా ఉమర్ కంటే ఎంత ఎక్కువ డబ్బు మిగిలి ఉంది?",1
"కిమియా మరియు అర్జున్ నిర్మాణ సరఫరా దుకాణానికి వెళ్లారు.అర్జున్ సభ్యుడు, కానీ కిమియా కాదు.కిమియా. 100.43 కలిగి ఉంది మరియు స్టోర్ వద్ద ఒక బిన్ నుండి 17 గింజలను కొనాలనుకుంటుంది.ఆమెకు 8 స్క్రూలు కూడా అవసరం, ప్రతి ఖర్చు 69 0.69.ప్రతి గింజ ధర 23 0.23.అదనంగా, కిమియా 10 గ్యాలన్ల పెయింట్‌ను తీసుకుంటుంది.అర్జున్ ¥ 90 తో మొదలవుతుంది మరియు 10 గ్యాలన్ల పెయింట్ కావాలి, ఒక్కొక్కటి ధర ¥ 7.0, మరియు 3 వడ్రంగి పెన్సిల్స్, ప్రతి ఖర్చు ¥ 3.ఈ స్టోర్ సభ్యుల కోసం పెయింట్‌పై 10% తగ్గింపును అందిస్తుంది.వారు దుకాణం నుండి బయలుదేరిన తర్వాత అర్జున్ కంటే కిమియా ఎంత ఎక్కువ డబ్బు మిగిలి ఉంది?",3
"పిరమిడ్ 9 గ్రీన్ క్యూబ్స్, రెండు రెట్లు ఎక్కువ తెల్ల క్యూబ్స్ మరియు తెలియని పింక్ క్యూబ్స్ తో తయారు చేయబడింది.మొత్తం పిరమిడ్‌లో 45 క్యూబ్స్ ఉంటే, క్యూబ్స్ ఏ శాతం పింక్?",40
"5 నారింజ పలకలతో, రెండు రెట్లు ఎక్కువ పింక్ టైల్స్ మరియు తెలియని సంఖ్యలో ఆకుపచ్చ పలకలతో ఒక స్టాక్ తయారు చేయబడింది.మొత్తం స్టాక్‌లో 20 పలకలు ఉంటే, ఏ శాతం పలకలు ఆకుపచ్చగా ఉంటాయి?",25
"8 పింక్ టైల్స్, రెండు రెట్లు ఎక్కువ ఆకుపచ్చ పలకలు మరియు తెలియని నారింజ పలకలతో ఒక స్టాక్ తయారు చేయబడింది.మొత్తం స్టాక్‌లో 48 పలకలు ఉంటే, టైల్స్ ఏ శాతం ఆరెంజ్?",50
"ఒక భవనం 4 తెల్లని ఇటుకలు, రెండు రెట్లు ఎక్కువ నారింజ ఇటుకలు మరియు తెలియని సంఖ్యలో ple దా ఇటుకలతో తయారు చేయబడింది.మొత్తం భవనంలో 40 ఇటుకలు ఉంటే, ఇటుకలు ఏ శాతం ple దా రంగులో ఉంటాయి?",70
"పిరమిడ్ 4 పర్పుల్ క్యూబ్స్, ఏడు రెట్లు ఎక్కువ తెల్ల క్యూబ్స్ మరియు తెలియని సంఖ్యలో బ్లాక్ క్యూబ్స్ తో తయారు చేస్తారు.మొత్తం పిరమిడ్‌లో 40 క్యూబ్స్ ఉంటే, క్యూబ్స్ ఏ శాతం నల్లగా ఉంటాయి?",20
"ఒక స్టాక్ 4 బ్లాక్ టైల్స్, రెండు రెట్లు ఎక్కువ తెల్ల పలకలు మరియు తెలియని సంఖ్యలో పింక్ టైల్స్ తో తయారు చేయబడింది.మొత్తం స్టాక్‌లో 24 పలకలు ఉంటే, పలకల శాతం పింక్?",50
"9 ఆరెంజ్ టైల్స్, మూడు రెట్లు ఎక్కువ పింక్ టైల్స్ మరియు తెలియని సంఖ్యలో ఆకుపచ్చ పలకలతో ఒక స్టాక్ తయారు చేయబడింది.మొత్తం స్టాక్‌లో 40 పలకలు ఉంటే, ఏ శాతం పలకలు ఆకుపచ్చగా ఉంటాయి?",10
"ఒక భవనం 2 ple దా ఇటుకలు, ఎనిమిది రెట్లు ఎక్కువ నల్ల ఇటుకలు మరియు తెలియని నారింజ ఇటుకలతో తయారు చేయబడింది.మొత్తం భవనంలో 45 ఇటుకలు ఉంటే, ఇటుకలు ఏ శాతం ఆరెంజ్?",60
"ఒక భవనం 7 ple దా ఇటుకలు, రెండు రెట్లు ఎక్కువ పింక్ ఇటుకలు మరియు తెలియని సంఖ్యలో తెల్ల ఇటుకలతో తయారు చేయబడింది.మొత్తం భవనంలో 25 ఇటుకలు ఉంటే, ఇటుకలు ఎంత శాతం తెల్లగా ఉంటాయి?",16
"ఒక భవనం 4 ple దా ఇటుకలు, నాలుగు రెట్లు ఎక్కువ నల్ల ఇటుకలు మరియు తెలియని సంఖ్యలో పింక్ ఇటుకలతో తయారు చేయబడింది.మొత్తం భవనంలో 25 ఇటుకలు ఉంటే, ఇటుకలు ఏ శాతం గులాబీ రంగులో ఉన్నాయి?",20
ఓల్గా నిమిషానికి 12 క్లామ్స్ పై తొక్క మరియు 9 నిమిషాల్లో 30 క్లామ్‌లను వేయగలదు.ప్రతి క్లామ్‌ను పీల్ చేయడానికి ముందు కడగడానికి 19 సెకన్లు తీసుకుంటే 180 క్లామ్‌లను పై తొక్క మరియు సాట్ చేయడానికి ఆమెను ఎన్ని నిమిషాలు తీసుకువెళతారు?ఓల్గా సమాంతరంగా పనిచేయలేదని మరియు క్లామ్స్‌ను వేయడం ప్రారంభించడానికి ముందు క్లామ్‌లను పీల్ చేసిన తర్వాత 11 నిమిషాల విరామం తీసుకోవలసిన అవసరం ఉందని గమనించండి.,137
"ఈషా నిమిషానికి 10 క్లామ్స్ పై తొక్క మరియు 6 నిమిషాల్లో 30 క్లామ్‌లను వేయగలదు.ప్రతి క్లామ్‌ను పీల్ చేయడానికి ముందు కడగడానికి 14 సెకన్లు తీసుకుంటే 120 క్లామ్‌లను పీల్ చేసి, సాట్ చేయడానికి ఆమెను ఎన్ని నిమిషాలు తీసుకువెళతారు?ఈషా సమాంతరంగా పనిచేయలేదని మరియు క్లామ్స్‌ను వేయడం ప్రారంభించడానికి ముందు క్లామ్‌లను పీల్ చేసిన తర్వాత 7 నిమిషాల విరామం తీసుకోవలసిన అవసరం ఉందని గమనించండి.",71
చెన్ నిమిషానికి 5 క్లామ్స్ పై తొక్క మరియు 16 నిమిషాల్లో 20 క్లామ్స్ సాట్ చేయవచ్చు.ప్రతి క్లామ్ను పీల్ చేయడానికి ముందు కడగడానికి 15 సెకన్లు తీసుకుంటే 120 క్లామ్స్ పై తొక్క మరియు సాట్ చేయడానికి ఆమెను ఎన్ని నిమిషాలు తీసుకువెళతారు?చెన్ సమాంతరంగా పనిచేయలేడని గమనించండి మరియు క్లామ్స్‌ను వేయడం ప్రారంభించడానికి ముందు క్లామ్‌లను పీల్ చేసిన తర్వాత 6 నిమిషాల విరామం తీసుకోవాలి.,156
అవా 5 గుమ్మడికాయను ఒక నిమిషానికి పీల్ చేయవచ్చు మరియు 6 నిమిషాల్లో 20 గుమ్మడికాయలను సాట్ చేయవచ్చు.ప్రతి గుమ్మడికాయను పీల్ చేయడానికి ముందు కడగడానికి 24 సెకన్ల సమయం తీసుకుంటే 140 గుమ్మడికాయలను పీల్ చేసి సాట్ చేయడానికి ఆమెను ఎన్ని నిమిషాలు తీసుకువెళతారు?అవా సమాంతరంగా పనిచేయలేదని మరియు గుమ్మడికాయను పీల్ చేసిన తర్వాత 15 నిమిషాల విరామం తీసుకోవలసిన అవసరం ఉందని గమనించండి.,141
రోయా నిమిషానికి 6 క్లామ్స్ పై తొక్క మరియు 11 నిమిషాల్లో 30 క్లామ్‌లను వేయవచ్చు.ప్రతి క్లామ్‌ను పీల్ చేయడానికి ముందు కడగడానికి 14 సెకన్ల సమయం తీసుకుంటే 90 క్లామ్‌లను పై తొక్క మరియు వేయించడానికి ఆమెను ఎన్ని నిమిషాలు తీసుకువెళతారు?రోయా సమాంతరంగా పనిచేయలేడని మరియు క్లామ్స్‌ను వేయడం ప్రారంభించడానికి ముందు క్లామ్‌లను పీల్ చేసిన తర్వాత 7 నిమిషాల విరామం తీసుకోవలసిన అవసరం ఉందని గమనించండి.,76
కిమియా ఒక నిమిషానికి 6 రొయ్యలను పీల్ చేయవచ్చు మరియు 17 నిమిషాల్లో 20 రొయ్యలను వేయగలదు.ప్రతి రొయ్యలను పై తొక్కడానికి ముందు 15 సెకన్ల సమయం తీసుకుంటే 60 రొయ్యలను పై తొక్క మరియు వేయించడానికి ఆమెను ఎన్ని నిమిషాలు తీసుకువెళతారు?కిమియా సమాంతరంగా పనిచేయలేదని మరియు రొయ్యలను పీల్ చేసిన తర్వాత 8 నిమిషాల విరామం తీసుకోవలసిన అవసరం ఉందని గమనించండి.,84
నాడియా నిమిషానికి 4 క్యారెట్లను పీల్ చేసి 11 నిమిషాల్లో 20 క్యారెట్లను సాట్ చేయవచ్చు.ప్రతి క్యారెట్ పై తొక్కడానికి ముందు 18 సెకన్ల సమయం తీసుకుంటే 160 క్యారెట్లను పై తొక్క మరియు వేయించడానికి ఆమెను ఎన్ని నిమిషాలు తీసుకువెళతారు?నాడియా సమాంతరంగా పనిచేయలేదని మరియు క్యారెట్లను పీల్ చేసిన తర్వాత 6 నిమిషాల విరామం తీసుకోవలసిన అవసరం ఉందని గమనించండి.,182
"బీట్రిజ్ నిమిషానికి 8 క్యారెట్లను పీల్ చేయవచ్చు మరియు 12 నిమిషాల్లో 20 క్యారెట్లను సాట్ చేయవచ్చు.ప్రతి క్యారెట్ పై తొక్కడానికి ముందు 12 సెకన్ల సమయం తీసుకుంటే 160 క్యారెట్లను పీల్ చేసి, సాట్ చేయడానికి ఆమెను ఎన్ని నిమిషాలు తీసుకువెళతారు?బీట్రిజ్ సమాంతరంగా పనిచేయలేడని మరియు క్యారెట్లను పీల్ చేసిన తర్వాత 5 నిమిషాల విరామం తీసుకోవలసిన అవసరం ఉందని గమనించండి.",153
నియా నిమిషానికి 12 క్యారెట్లను పీల్ చేయవచ్చు మరియు 10 నిమిషాల్లో 30 క్యారెట్లను సాట్ చేయవచ్చు.ప్రతి క్యారెట్ పై తొక్కడానికి ముందు 25 సెకన్ల సమయం తీసుకుంటే 180 క్యారెట్లను పై తొక్క మరియు వేయించడానికి ఆమెను ఎన్ని నిమిషాలు తీసుకువెళతారు?నియా సమాంతరంగా పనిచేయదు మరియు క్యారెట్లను తొక్కడం తర్వాత 13 నిమిషాల విరామం తీసుకోవాలి.,163
ఫాతిమా ఒక నిమిషానికి 12 గుమ్మడికాయలను పీల్ చేయవచ్చు మరియు 14 నిమిషాల్లో 30 గుమ్మడికాయలను సాట్ చేయవచ్చు.ప్రతి గుమ్మడికాయను పీల్ చేయడానికి ముందు కడగడానికి 11 సెకన్లు తీసుకుంటే 60 గుమ్మడికాయలను పీల్ చేసి సాట్ చేయడానికి ఆమెను ఎన్ని నిమిషాలు తీసుకువెళతారు?ఫాతిమా సమాంతరంగా పనిచేయలేదని మరియు గుమ్మడికాయను పీల్ చేసిన తర్వాత 12 నిమిషాల విరామం తీసుకోవలసిన అవసరం ఉందని గమనించండి.,56
"ఉమా మరియు జహ్రా మండకేచ్‌కు చెందిన సోదరీమణులు, వారు రాజకీయ నాయకుల నుండి సంతకాలను సేకరించడం ఇష్టపడతారు.పాఠశాల నుండి వారి వసంత విరామ సమయంలో, సోదరీమణులు ప్రతి మధ్యాహ్నం సంతకాలను సేకరిస్తారు.6 వారాల తరువాత, ఉమా మరియు జహ్రా వారి ఆటోగ్రాఫ్ పుస్తకాలను పోల్చారు, ప్రతి సోదరి సేకరించిన సంతకాల సంఖ్యను లెక్కించారు.ఉమా తన పుస్తకంలో 29 సంతకాలు ఉన్నాయి, మరియు జహ్రాకు 37 ఉన్నాయి. సోదరీమణులకు ఇంకా 4 వారాల వసంత విరామం ఉంది, మరియు విరామం ముగిసే సమయానికి వారు తమ మధ్య 130 సంతకాలను చేరుకోవాలని వారు నిర్ణయించుకుంటారు.ఏదేమైనా, మిగిలిన 4 వారాలలో, UMA వారాంతాల్లో మాత్రమే సంతకాలను సేకరించగలదు, ఆమె వారపు సేకరణను వారానికి 5 తగ్గిస్తుంది, జహ్రా తన వారపు సేకరణను పెంచాలని నిర్ణయించుకుంటుంది.జహ్రా తమ లక్ష్యాన్ని చేరుకున్నారని నిర్ధారించుకోవడానికి వారానికి ఎన్ని సంతకాలు సేకరించాలి?",11
"డాఫ్నే మరియు ఒలివియా కైరోకు చెందిన సోదరీమణులు, వారు సినీ తారల నుండి సంతకాలను సేకరించడం ఇష్టపడతారు.పాఠశాల నుండి వారి వసంత విరామ సమయంలో, సోదరీమణులు ప్రతి మధ్యాహ్నం సంతకాలను సేకరిస్తారు.3 వారాల తరువాత, డాఫ్నే మరియు ఒలివియా వారి ఆటోగ్రాఫ్ పుస్తకాలను పోల్చారు, ప్రతి సోదరి సేకరించిన సంతకాల సంఖ్యను లెక్కించారు.డాఫ్నేకు ఆమె పుస్తకంలో 17 సంతకాలు ఉన్నాయి, మరియు ఒలివియాకు 31 ఉన్నాయి. సోదరీమణులకు ఇంకా 3 వారాల వసంత విరామం ఉంది, మరియు విరామం ముగిసే సమయానికి వారు తమ మధ్య 120 సంతకాలను చేరుకోవాలని వారు నిర్ణయించుకుంటారు.ఏదేమైనా, మిగిలిన 3 వారాలలో, డాఫ్నే వారాంతాల్లో మాత్రమే సంతకాలను సేకరించగలడు, ఆమె వారపు సేకరణను వారానికి 5 తగ్గిపోతుండగా, ఒలివియా తన వారపు సేకరణను పెంచాలని నిర్ణయించుకుంటుంది.ఒలివియా వారి లక్ష్యాన్ని చేరుకున్నారని నిర్ధారించుకోవడానికి వారానికి ఎన్ని సంతకాలు సేకరించాలి?",19
"అవా మరియు క్విన్ హెల్సింకి నుండి సోదరీమణులు, వారు రచయితల నుండి సంతకాలను సేకరించడం ఇష్టపడతారు.పాఠశాల నుండి వారి వసంత విరామ సమయంలో, సోదరీమణులు ప్రతి మధ్యాహ్నం సంతకాలను సేకరిస్తారు.3 వారాల తరువాత, అవా మరియు క్విన్ వారి ఆటోగ్రాఫ్ పుస్తకాలను పోల్చారు, ప్రతి సోదరి సేకరించిన సంతకాల సంఖ్యను లెక్కించారు.అవా తన పుస్తకంలో 30 సంతకాలను కలిగి ఉంది, మరియు క్విన్ 37 ను కలిగి ఉంది. సోదరీమణులకు ఇంకా 2 వారాల వసంత విరామం ఉంది, మరియు విరామం ముగిసే సమయానికి వారు వారి మధ్య 135 సంతకాలను చేరుకోవాలని వారు నిర్ణయించుకుంటారు.ఏదేమైనా, మిగిలిన 2 వారాలలో, AVA వారాంతాల్లో మాత్రమే సంతకాలను సేకరించగలదు, ఆమె వారపు సేకరణను వారానికి 5 తగ్గిస్తుంది, క్విన్ తన వారపు సేకరణను పెంచాలని నిర్ణయించుకుంటాడు.క్విన్ వారి లక్ష్యాన్ని చేరుకున్నారని నిర్ధారించుకోవడానికి వారానికి ఎన్ని సంతకాలు సేకరించాలి?",29
"మెయి మరియు హరుకా సింగపూర్ సోదరీమణులు, వారు రాజకీయ నాయకుల నుండి సంతకాలను సేకరించడం ఇష్టపడతారు.పాఠశాల నుండి వేసవి విరామంలో, సోదరీమణులు ప్రతి మధ్యాహ్నం సంతకాలను సేకరిస్తారు.5 వారాల తరువాత, మీ మరియు హరుకా వారి ఆటోగ్రాఫ్ పుస్తకాలను పోల్చారు, ప్రతి సోదరి సేకరించిన సంతకాల సంఖ్యను లెక్కించారు.MEI కి తన పుస్తకంలో 24 సంతకాలు ఉన్నాయి, మరియు హరుకాకు 51 ఉన్నాయి. సోదరీమణులకు మరో 3 వారాల వేసవి విరామం ఉంది, మరియు విరామం ముగిసే సమయానికి వారు వారి మధ్య 135 సంతకాలను చేరుకోవాలని వారు నిర్ణయించుకుంటారు.ఏదేమైనా, మిగిలిన 3 వారాలలో, MEI వారాంతాల్లో మాత్రమే సంతకాలను సేకరించగలదు, ఆమె వారపు సేకరణను వారానికి 5 తగ్గిస్తుంది, హరుకా తన వారపు సేకరణను పెంచాలని నిర్ణయించుకుంటుంది.వారు తమ లక్ష్యాన్ని చేరుకున్నారని నిర్ధారించుకోవడానికి హారుకా వారానికి ఎన్ని సంతకాలు సేకరించాలి?",15
"ఉమా మరియు ఓల్గా రాజకీయ నాయకుల నుండి సంతకాలను సేకరించడానికి ఇష్టపడే లిస్బన్ నుండి సోదరీమణులు.పాఠశాల నుండి వేసవి విరామంలో, సోదరీమణులు ప్రతి మధ్యాహ్నం సంతకాలను సేకరిస్తారు.3 వారాల తరువాత, ఉమా మరియు ఓల్గా వారి ఆటోగ్రాఫ్ పుస్తకాలను పోల్చారు, ప్రతి సోదరి సేకరించిన సంతకాల సంఖ్యను లెక్కించారు.ఉమా తన పుస్తకంలో 25 సంతకాలు ఉన్నాయి, మరియు ఓల్గాకు 59 ఉన్నాయి. సోదరీమణులకు మరో 2 వారాల వేసవి విరామం ఉంది, మరియు విరామం ముగిసే సమయానికి వారు తమ మధ్య 140 సంతకాలను చేరుకోవాలని వారు నిర్ణయించుకుంటారు.ఏదేమైనా, మిగిలిన 2 వారాలలో, UMA వారాంతాల్లో మాత్రమే సంతకాలను సేకరించగలదు, ఆమె వారపు సేకరణను వారానికి 5 తగ్గిస్తుంది, ఓల్గా తన వారపు సేకరణను పెంచాలని నిర్ణయించుకుంటుంది.ఓల్గా వారి లక్ష్యాన్ని చేరుకున్నారని నిర్ధారించుకోవడానికి వారానికి ఎన్ని సంతకాలు సేకరించాలి?",23
"చెన్ మరియు తారా రాజకీయ నాయకుల నుండి సంతకాలను సేకరించడానికి ఇష్టపడే లిస్బన్ నుండి సోదరీమణులు.పాఠశాల నుండి శీతాకాల విరామ సమయంలో, సోదరీమణులు ప్రతి మధ్యాహ్నం సంతకాలను సేకరిస్తారు.5 వారాల తరువాత, చెన్ మరియు తారా వారి ఆటోగ్రాఫ్ పుస్తకాలను పోల్చారు, ప్రతి సోదరి సేకరించిన సంతకాల సంఖ్యను లెక్కించారు.చెన్ తన పుస్తకంలో 36 సంతకాలను కలిగి ఉంది, మరియు తారాకు 32 ఉన్నాయి. సోదరీమణులకు శీతాకాలపు విరామం ఇంకా 4 వారాల పాటు ఉంది, మరియు విరామం ముగిసే సమయానికి వారు తమ మధ్య 140 సంతకాలను చేరుకోవాలని వారు నిర్ణయించుకుంటారు.ఏదేమైనా, మిగిలిన 4 వారాల సమయంలో, చెన్ వారాంతాల్లో మాత్రమే సంతకాలను సేకరించగలడు, ఆమె వారపు సేకరణను వారానికి 5 తగ్గించాడు, తారా తన వారపు సేకరణను పెంచాలని నిర్ణయించుకుంటుంది.తారా వారి లక్ష్యాన్ని చేరుకున్నారని నిర్ధారించుకోవడానికి తారా వారానికి ఎన్ని సంతకాలు సేకరించాలి?",13
"జహ్రా మరియు యారా కేప్ టౌన్ నుండి సోదరీమణులు, వారు రచయితల నుండి సంతకాలను సేకరించడం ఇష్టపడతారు.పాఠశాల నుండి వారి వసంత విరామ సమయంలో, సోదరీమణులు ప్రతి మధ్యాహ్నం సంతకాలను సేకరిస్తారు.7 వారాల తరువాత, జహ్రా మరియు యారా వారి ఆటోగ్రాఫ్ పుస్తకాలను పోల్చారు, ప్రతి సోదరి సేకరించిన సంతకాల సంఖ్యను లెక్కించారు.జహ్రాకు ఆమె పుస్తకంలో 20 సంతకాలు ఉన్నాయి, మరియు యారాకు 30 ఉన్నాయి. సోదరీమణులకు ఇంకా 3 వారాల వసంత విరామం ఉంది, మరియు విరామం ముగిసే సమయానికి వారు తమ మధ్య 140 సంతకాలను చేరుకోవాలని వారు నిర్ణయించుకుంటారు.ఏదేమైనా, మిగిలిన 3 వారాలలో, జహ్రా వారాంతాల్లో మాత్రమే సంతకాలను సేకరించగలడు, ఆమె వారపు సేకరణను వారానికి 5 తగ్గించగలడు, యారా తన వారపు సేకరణను పెంచాలని నిర్ణయించుకుంటాడు.యారా వారి లక్ష్యాన్ని చేరుకున్నారని నిర్ధారించుకోవడానికి యారా వారానికి ఎన్ని సంతకాలు సేకరించాలి?",25
"అవా మరియు కైలా బ్యాంకాక్‌కు చెందిన సోదరీమణులు, వారు అథ్లెట్ల నుండి సంతకాలను సేకరించడం ఇష్టపడతారు.పాఠశాల నుండి శీతాకాల విరామ సమయంలో, సోదరీమణులు ప్రతి మధ్యాహ్నం సంతకాలను సేకరిస్తారు.3 వారాల తరువాత, అవా మరియు కైలా వారి ఆటోగ్రాఫ్ పుస్తకాలను పోల్చారు, ప్రతి సోదరి సేకరించిన సంతకాల సంఖ్యను లెక్కించారు.అవా తన పుస్తకంలో 38 సంతకాలను కలిగి ఉంది, మరియు కైలాకు 41 ఉన్నాయి. సోదరీమణులకు శీతాకాలపు విరామం ఇంకా 4 వారాల పాటు ఉంది, మరియు విరామం ముగిసే సమయానికి వారు తమ మధ్య 135 సంతకాలను చేరుకోవాలని వారు నిర్ణయించుకుంటారు.ఏదేమైనా, మిగిలిన 4 వారాలలో, AVA వారాంతాల్లో మాత్రమే సంతకాలను సేకరించగలదు, ఆమె వారపు సేకరణను వారానికి 5 తగ్గిస్తుంది, కైలా తన వారపు సేకరణను పెంచాలని నిర్ణయించుకుంటుంది.కైలా వారి లక్ష్యాన్ని చేరుకున్నారని నిర్ధారించుకోవడానికి వారానికి ఎన్ని సంతకాలు సేకరించాలి?",9
"సోఫియా మరియు ఎలెనా ఆక్లాండ్ సోదరీమణులు, వారు సంగీతకారుల నుండి సంతకాలను సేకరించడానికి ఇష్టపడతారు.పాఠశాల నుండి వారి వసంత విరామ సమయంలో, సోదరీమణులు ప్రతి మధ్యాహ్నం సంతకాలను సేకరిస్తారు.4 వారాల తరువాత, సోఫియా మరియు ఎలెనా వారి ఆటోగ్రాఫ్ పుస్తకాలను పోల్చారు, ప్రతి సోదరి సేకరించిన సంతకాల సంఖ్యను లెక్కించారు.సోఫియాలో తన పుస్తకంలో 32 సంతకాలు ఉన్నాయి, మరియు ఎలెనాకు 56 ఉన్నాయి. సోదరీమణులకు ఇంకా 3 వారాల వసంత విరామం ఉంది, మరియు విరామం ముగిసే సమయానికి వారు వారి మధ్య 130 సంతకాలను చేరుకోవాలని వారు నిర్ణయించుకుంటారు.ఏదేమైనా, మిగిలిన 3 వారాలలో, సోఫియా వారాంతాల్లో మాత్రమే సంతకాలను సేకరించగలదు, ఆమె వారపు సేకరణను వారానికి 5 తగ్గిస్తుంది, ఎలెనా తన వారపు సేకరణను పెంచాలని నిర్ణయించుకుంటుంది.ఎలెనా వారి లక్ష్యాన్ని చేరుకున్నారని నిర్ధారించుకోవడానికి వారానికి ఎన్ని సంతకాలు సేకరించాలి?",9
"జహ్రా మరియు నియా హనోయికి చెందిన సోదరీమణులు, వారు సినీ తారల నుండి సంతకాలను సేకరించడం ఇష్టపడతారు.పాఠశాల నుండి వారి పతనం విరామ సమయంలో, సోదరీమణులు ప్రతి మధ్యాహ్నం సంతకాలను సేకరిస్తారు.3 వారాల తరువాత, జహ్రా మరియు నియా వారి ఆటోగ్రాఫ్ పుస్తకాలను పోల్చారు, ప్రతి సోదరి సేకరించిన సంతకాల సంఖ్యను లెక్కించారు.జహ్రాకు తన పుస్తకంలో 28 సంతకాలు ఉన్నాయి, మరియు నియాకు 46 ఉన్నాయి. సోదరీమణులకు ఇంకా 2 వారాల పతనం విరామం ఉంది, మరియు విరామం ముగిసే సమయానికి వారు తమ మధ్య 120 సంతకాలను చేరుకోవాలని వారు నిర్ణయించుకుంటారు.ఏదేమైనా, మిగిలిన 2 వారాలలో, జహ్రా వారాంతాల్లో మాత్రమే సంతకాలను సేకరించగలడు, ఆమె వారపు సేకరణను వారానికి 5 తగ్గించగా, NIA తన వారపు సేకరణను పెంచాలని నిర్ణయించుకుంటుంది.వారు తమ లక్ష్యాన్ని చేరుకున్నారని నిర్ధారించుకోవడానికి NIA వారానికి ఎన్ని సంతకాలు సేకరించాలి?",18
"లియోన్ కొన్ని పాఠశాల సామాగ్రిని కొనడానికి వెళ్ళాడు.అతను 8 క్రేయాన్స్, ఇది ఒక్కొక్కటి .0 7.0, 8 నోట్బుక్లు ¥ 13.75 ఖర్చు అవుతుంది మరియు బాండ్ పేపర్ యొక్క రీమ్ ¥ 10 ఖర్చు అవుతుంది.అతను 4 ఫోల్డర్‌లను కూడా కొనుగోలు చేశాడు, దీని ధర ¥ 11.లియోన్ సభ్యత్వం పొందడానికి వన్-టైమ్ ¥ 20 ఫీజు చెల్లించవచ్చు మరియు అన్ని కొనుగోళ్లకు 20% తగ్గింపును పొందవచ్చు, లేదా సభ్యత్వం పొందలేరు మరియు 5% తగ్గింపును మాత్రమే పొందవచ్చు.ప్రతిదానిపై లియోన్ ఖర్చు చేయగల అతి తక్కువ మొత్తం?",196
"బోధి కొన్ని పాఠశాల సామాగ్రిని కొనడానికి వెళ్ళాడు.అతను 24 ఫోల్డర్‌లను 75 2.75, 12 పెన్సిల్స్ ఖర్చు అవుతున్నాడు, దీని ధర 25 19.25, మరియు బాండ్ పేపర్ యొక్క రీమ్ € 23.అతను 5 గుర్తులను కూడా కొనుగోలు చేశాడు, దీని ధర € 8.బోధి సభ్యురాలిగా ఉండటానికి మరియు అన్ని కొనుగోళ్లకు 20% తగ్గింపును పొందడానికి ఒక సారి € 20 రుసుము చెల్లించవచ్చు లేదా సభ్యత్వం పొందలేరు మరియు 5% తగ్గింపును మాత్రమే పొందవచ్చు.ప్రతిదానిపై బోధి ఖర్చు చేయగల అతి తక్కువ మొత్తం?",308
"దేశాన్ కొన్ని పాఠశాల సామాగ్రిని కొనడానికి వెళ్ళాడు.అతను 14 ఎరేజర్‌లను ₺7.5, 4 పాలకులు ₺18.5 చొప్పున ఖర్చు చేశాడు మరియు ₺21 ఖర్చు చేసే బాండ్ పేపర్ యొక్క రీమ్‌ను కొనుగోలు చేశాడు.అతను 8 ఫోల్డర్‌లను కూడా కొనుగోలు చేశాడు, దీని ధర ఒక్కొక్కటి.డెషాన్ సభ్యత్వం పొందడానికి వన్-టైమ్ ₺20 రుసుమును చెల్లించవచ్చు మరియు అన్ని కొనుగోళ్లకు 20% తగ్గింపును పొందవచ్చు, లేదా సభ్యుడిగా మారకూడదు మరియు 5% తగ్గింపును మాత్రమే పొందవచ్చు.డెషాన్ ప్రతిదానికీ ఖర్చు చేయగల అతి తక్కువ మొత్తం?",244
"ఆండ్రీ కొన్ని పాఠశాల సామాగ్రిని కొనడానికి వెళ్ళాడు.అతను 20 గుర్తులను ₣ 8.0 చొప్పున కొనుగోలు చేశాడు, 10 పెన్సిల్స్ ₣ 18.0 చొప్పున మరియు బాండ్ పేపర్ యొక్క రీమ్.అతను 5 పాలకులను కూడా కొనుగోలు చేశాడు, దీని ధర ₣ 9 చొప్పున.ఆండ్రీ సభ్యత్వం పొందడానికి మరియు అన్ని కొనుగోళ్లలో 20% తగ్గింపును పొందడానికి ఒక-సమయం ₣ 20 రుసుము చెల్లించవచ్చు లేదా సభ్యత్వం పొందలేరు మరియు 5% తగ్గింపును మాత్రమే పొందవచ్చు.ప్రతిదానిపై ఆండ్రీ ఖర్చు చేయగల అతి తక్కువ మొత్తం?",340
"ఫైసల్ కొన్ని పాఠశాల సామాగ్రిని కొనడానికి వెళ్ళాడు.అతను 18 పెన్సిల్స్ ₣ 6.0, 14.5 చొప్పున 14.5 ఖర్చు అవుతుంది, మరియు ₣ 24 ఖర్చు ఖర్చు చేసే బాండ్ పేపర్ యొక్క రీమ్.అతను 5 రంగు పెన్సిల్‌లను కూడా కొనుగోలు చేశాడు, దీని ధర ₣ 9 చొప్పున.ఫైసల్ సభ్యత్వం పొందడానికి మరియు అన్ని కొనుగోళ్లకు 20% తగ్గింపును పొందడానికి ఒక-సమయం ₣ 20 రుసుమును చెల్లించవచ్చు లేదా సభ్యత్వం పొందలేరు మరియు 5% తగ్గింపును మాత్రమే పొందవచ్చు.ఫైసల్ ప్రతిదానిపై ఖర్చు చేయగల అతి తక్కువ మొత్తం?",324
"ఆస్కార్ కొన్ని పాఠశాల సామాగ్రిని కొనడానికి వెళ్ళాడు.అతను 24 నోట్బుక్లను కొనుగోలు చేశాడు, ఇది ఒక్కొక్కటి .5 3.5, 6 పాలకులు .13.0 ఖర్చు అవుతుంది మరియు బాండ్ పేపర్ యొక్క రీమ్ .15 ఖర్చు అవుతుంది.అతను 7 పెన్సిల్స్ కూడా కొనుగోలు చేశాడు, దీని ధర ₺9.ఆస్కార్ సభ్యత్వం పొందడానికి వన్-టైమ్ ₺20 రుసుమును చెల్లించవచ్చు మరియు అన్ని కొనుగోళ్లకు 20% తగ్గింపు పొందవచ్చు లేదా సభ్యత్వం పొందలేరు మరియు 5% తగ్గింపును మాత్రమే పొందవచ్చు.ప్రతిదానిపై ఆస్కార్ ఖర్చు చేయగల అతి తక్కువ మొత్తం?",212
"ఖాసిమ్ కొన్ని పాఠశాల సామాగ్రిని కొనడానికి వెళ్ళాడు.అతను 18 నోట్బుక్లను కొనుగోలు చేశాడు, ఇది ఒక్కొక్కటి .0 9.0, 12 క్రేయాన్స్, దీని ధర 75 18.75, మరియు బాండ్ పేపర్ యొక్క రీమ్ ¥ 21 ఖర్చు అవుతుంది.అతను 8 పెన్సిల్స్ కూడా కొన్నాడు, దీని ధర ¥ 9.QASIM సభ్యత్వం పొందడానికి ఒక-సమయం ¥ 20 రుసుము చెల్లించవచ్చు మరియు అన్ని కొనుగోళ్లకు 20% తగ్గింపు పొందవచ్చు లేదా సభ్యురాలిగా మారదు మరియు 5% తగ్గింపును మాత్రమే పొందవచ్చు.కసిమ్ ప్రతిదానిపై ఖర్చు చేయగల అతి తక్కువ మొత్తం?",404
"యుకీ కొన్ని పాఠశాల సామాగ్రిని కొనడానికి వెళ్ళాడు.అతను 22 క్రేయాన్స్, ఒక్కొక్కటి .0 8.0, 14 ఎరేజర్స్ ఖర్చు అవుతుంది.అతను 3 గుర్తులను కూడా కొనుగోలు చేశాడు, దీని ధర ¥ 11.యుకీ సభ్యురాలిగా మారడానికి వన్-టైమ్ ¥ 20 ఫీజు చెల్లించవచ్చు మరియు అన్ని కొనుగోళ్లకు 20% తగ్గింపును పొందవచ్చు, లేదా సభ్యుడిగా మారకూడదు మరియు 5% తగ్గింపును మాత్రమే పొందవచ్చు.ప్రతిదానికీ యుకీ ఖర్చు చేయగల అతి తక్కువ మొత్తం?",388
"జేమ్స్ కొన్ని పాఠశాల సామాగ్రిని కొనడానికి వెళ్ళాడు.అతను 12 గుర్తులను $ 3.0, 14 క్రేయాన్స్ ఖర్చుతో $ 8.5 మరియు బాండ్ పేపర్ యొక్క రీమ్‌ను కొనుగోలు చేశాడు, దీని ధర $ 17.అతను 6 రంగు పెన్సిల్స్ కూడా కొనుగోలు చేశాడు, దీని ధర $ 8.జేమ్స్ సభ్యత్వం పొందడానికి ఒక సారి $ 20 రుసుము చెల్లించవచ్చు మరియు అన్ని కొనుగోళ్లకు 20% తగ్గింపు పొందవచ్చు, లేదా సభ్యుడిగా మారకూడదు మరియు 5% తగ్గింపును మాత్రమే పొందవచ్చు.అన్నింటికీ జేమ్స్ ఖర్చు చేయగల అతి తక్కువ మొత్తం?",196
"జేమ్స్ కొన్ని పాఠశాల సామాగ్రిని కొనడానికి వెళ్ళాడు.అతను 6 నోట్బుక్లను ¥ 7.0, 14 పెన్సిల్స్ ఖర్చు చేసే 14 పెన్సిల్స్ మరియు ఒక్కొక్కటి .0 10.0 ఖర్చు అవుతుంది మరియు బాండ్ పేపర్ యొక్క రీమ్ ¥ 24 ఖర్చు అవుతుంది.అతను 6 గుర్తులను కూడా కొనుగోలు చేశాడు, దీని ధర ¥ 9.జేమ్స్ సభ్యత్వం పొందడానికి ఒక-సమయం ¥ 20 రుసుము చెల్లించవచ్చు మరియు అన్ని కొనుగోళ్లకు 20% తగ్గింపును పొందవచ్చు, లేదా సభ్యత్వం పొందలేరు మరియు 5% తగ్గింపును మాత్రమే పొందవచ్చు.అన్నింటికీ జేమ్స్ ఖర్చు చేయగల అతి తక్కువ మొత్తం?",228
"యారా కొన్ని స్ట్రాబెర్రీలను తీయటానికి తన పండ్ల తోట వద్దకు వెళ్లి, తోటలో గొంగళి పురుగుల కంటే తొమ్మిది రెట్లు బీటిల్స్ దొరికింది.యారా అప్పుడు 66 తెల్ల జంతువులను కనుగొన్నాడు, వాటిలో సగం కుందేళ్ళు.అదనంగా, ఆమె 24 తేనెటీగలు మరియు 13 గొంగళి పురుగులను చూసింది.తోటలో జంతువులలో ఎంత శాతం కుందేళ్ళు ఉన్నాయి?",15
"కొన్ని కోరిందకాయలను ఎంచుకోవడానికి అవా తన కేటాయింపుకు వెళ్లి, పాచ్‌లో కందిరీగలు వలె మూడింట ఒక వంతు తేనెటీగలను కనుగొన్నాడు.అవా అప్పుడు 60 తెల్ల జంతువులను కనుగొన్నాడు, వాటిలో సగం కుందేళ్ళు.అదనంగా, ఆమె 24 గొంగళి పురుగులు మరియు 12 కందిరీగలను చూసింది.పాచ్‌లో జంతువులలో ఎంత శాతం కుందేళ్ళు ఉన్నాయి?",30
"జాస్మిన్ కొన్ని చెర్రీస్ తీయటానికి ఆమె పెరడు వద్దకు వెళ్లి, పొలంలో చీమల వలె సగం కందిరీగలను కనుగొన్నాడు.జాస్మిన్ అప్పుడు 46 తెల్ల జంతువులను కనుగొన్నాడు, వాటిలో సగం కుందేళ్ళు.అదనంగా, ఆమె 39 తేనెటీగలు మరియు 10 చీమలను చూసింది.ఈ పొలంలో జంతువులలో ఎంత శాతం కుందేళ్ళు ఉన్నాయి?",23
"లీలానీ కొన్ని కోరిందకాయలను తీయటానికి ఆమెకు కేటాయింపుకు వెళ్లి, ప్యాచ్‌లోని కందిరీగ వంటి రెండు వంతుల చీమలను కనుగొన్నారు.లీలానీ అప్పుడు 40 తెల్ల జంతువులను కనుగొన్నారు, వాటిలో సగం కుందేళ్ళు.అదనంగా, ఆమె 36 మిడత, మరియు 16 కందిరీగలను చూసింది.పాచ్‌లో జంతువులలో ఎంత శాతం కుందేళ్ళు ఉన్నాయి?",20
"గాబ్రియేల్ కొన్ని కోరిందకాయలను తీయటానికి ఆమెకు కేటాయింపుకు వెళ్లి, ప్యాచ్‌లో తేనెటీగల వలె రెండు ఐదవ వంతు కందిరీగలను కనుగొన్నాడు.గాబ్రియేల్ అప్పుడు 38 తెల్ల జంతువులను కనుగొన్నాడు, వాటిలో సగం కుందేళ్ళు.అదనంగా, ఆమె 41 గొంగళి పురుగులు, 15 తేనెటీగలను చూసింది.పాచ్‌లో జంతువులలో ఎంత శాతం కుందేళ్ళు ఉన్నాయి?",19
"వలేరియా కొన్ని కోరిందకాయలను తీయటానికి తన కేటాయింపుకు వెళ్లి, ప్యాచ్‌లో బీటిల్స్ వలె 4/5 చీమలను కనుగొంది.అప్పుడు వలేరియా 18 తెల్ల జంతువులను కనుగొంది, వాటిలో సగం కుందేళ్ళు.అదనంగా, ఆమె 30 గొంగళి పురుగులను, 15 బీటిల్స్ చూసింది.పాచ్‌లో జంతువులలో ఎంత శాతం కుందేళ్ళు ఉన్నాయి?",12
"కిమియా కొన్ని బ్లూబెర్రీస్ తీయటానికి తన గ్రీన్హౌస్ వద్దకు వెళ్లి, ప్లాట్‌లోని కందిరీగ కంటే ఆరు రెట్లు గొంగళి పురుగులను కనుగొంది.కిమియా అప్పుడు 40 తెల్ల జంతువులను కనుగొంది, వాటిలో సగం కుందేళ్ళు.అదనంగా, ఆమె 25 లేడీబగ్స్ మరియు 5 కందిరీగలను చూసింది.ప్లాట్‌లో జంతువులలో ఎంత శాతం కుందేళ్ళు ఉన్నాయి?",20
"ఎలెనా కొన్ని కోరిందకాయలను తీయటానికి తన కేటాయింపుకు వెళ్లి, పాచ్‌లోని కందిరీగ కంటే ఆరు రెట్లు ఎక్కువ లేడీబగ్‌లను కనుగొంది.ఎలెనా అప్పుడు 74 తెల్ల జంతువులను కనుగొంది, వాటిలో సగం కుందేళ్ళు.అదనంగా, ఆమె 32 చీమలు, మరియు 6 కందిరీగలను చూసింది.పాచ్‌లో జంతువులలో ఎంత శాతం కుందేళ్ళు ఉన్నాయి?",25
"వలేరియా కొన్ని కోరిందకాయలను ఎంచుకోవడానికి తన కేటాయింపుకు వెళ్లి, ప్యాచ్‌లో తేనెటీగల వలె 2/5 గొంగళి పురుగులను కనుగొంది.వలేరియా అప్పుడు 42 తెల్ల జంతువులను కనుగొంది, వాటిలో సగం కుందేళ్ళు.అదనంగా, ఆమె 21 లేడీబగ్స్, 15 బీస్ చూసింది.పాచ్‌లో జంతువులలో ఎంత శాతం కుందేళ్ళు ఉన్నాయి?",25
"నాడియా కొన్ని స్ట్రాబెర్రీలను తీయటానికి తన పండ్ల తోట వద్దకు వెళ్లి తోటలో తేనెటీగల కంటే మూడు ఆరవ వంతు కందిరీగలను కనుగొంది.నాడియా అప్పుడు 26 తెల్ల జంతువులను కనుగొంది, వాటిలో సగం కుందేళ్ళు.అదనంగా, ఆమె 17 గొంగళి పురుగులు మరియు 6 తేనెటీగలను చూసింది.తోటలో జంతువులలో ఎంత శాతం కుందేళ్ళు ఉన్నాయి?",25
"యారా 32 అడుగుల తిమింగలాన్ని 16 పదులతో చూసింది, ప్రతి 12 అంగుళాల పొడవు దీనికి జతచేయబడింది.అప్పుడు, రిమోరాస్ యొక్క 1/2 ఈత కొట్టాయి.తరువాత, యారా మరో 10 అడుగుల తిమింగలాన్ని 6 రిమోరాలతో చూసింది, ప్రతి 8 అంగుళాల పొడవు, దానికి జతచేయబడింది.సగటున, ప్రతి తిమింగలం యొక్క శరీర పొడవులో ఎంత శాతం పదుల ద్వారా కప్పబడి ఉంటుంది?",32
"అలీ 30 అడుగుల తిమింగలాన్ని 18 పదులతో చూశాడు, ప్రతి 15 అంగుళాల పొడవు దీనికి జతచేయబడింది.అప్పుడు, రిమోరాస్ యొక్క 1/3 ఈత కొట్టాయి.తరువాత, అలీ మరో 10 అడుగుల తిమింగలాన్ని 6 రిమోరాస్‌తో చూశాడు, ప్రతి 8 అంగుళాల పొడవు, దానికి జతచేయబడింది.సగటున, ప్రతి తిమింగలం యొక్క శరీర పొడవులో ఎంత శాతం పదుల ద్వారా కప్పబడి ఉంటుంది?",45
"జాస్మిన్ 32 అడుగుల డాల్ఫిన్‌ను 24 పదులతో చూసింది, ప్రతి 12 అంగుళాల పొడవు దీనికి జతచేయబడింది.అప్పుడు, రిమోరాస్ యొక్క 1/3 ఈత కొట్టాయి.తరువాత, జాస్మిన్ మరో 8-అడుగుల డాల్ఫిన్‌ను 4 రిమోరాస్‌తో చూశాడు, ప్రతి 6 అంగుళాల పొడవు, దానికి జతచేయబడింది.సగటున, ప్రతి డాల్ఫిన్ యొక్క శరీర పొడవులో ఎంత శాతం పశ్చాత్తాపం ద్వారా కప్పబడి ఉంటుంది?",37
"లూయిస్ 48 అడుగుల డాల్ఫిన్‌ను 24 పదులతో చూశాడు, ప్రతి 18 అంగుళాల పొడవు దీనికి జతచేయబడింది.అప్పుడు, పశ్చాత్తాపం యొక్క మూడవ వంతు ఈదుకుంది.తరువాత, లూయిస్ మరో 10 అడుగుల డాల్ఫిన్‌ను 6 రిమోరాస్‌తో చూశాడు, ప్రతి 8 అంగుళాల పొడవు, దానికి జతచేయబడింది.సగటున, ప్రతి డాల్ఫిన్ యొక్క శరీర పొడవులో ఎంత శాతం పశ్చాత్తాపం ద్వారా కప్పబడి ఉంటుంది?",45
"పావెల్ 45 అడుగుల తిమింగలాన్ని 18 పదులతో చూసింది, ప్రతి 12 అంగుళాల పొడవు దీనికి జతచేయబడింది.అప్పుడు, రిమోరాస్ యొక్క 1/2 ఈత కొట్టాయి.తరువాత, పావెల్ మరో 10 అడుగుల తిమింగలాన్ని 4 పదులతో చూసింది, ప్రతి 3 అంగుళాల పొడవు, దానికి జతచేయబడింది.సగటున, ప్రతి తిమింగలం యొక్క శరీర పొడవులో ఎంత శాతం పదుల ద్వారా కప్పబడి ఉంటుంది?",15
"గాబ్రియేల్ 33 అడుగుల షార్క్ ను 12 పదులతో చూశాడు, ప్రతి 22 అంగుళాల పొడవు దీనికి జతచేయబడింది.అప్పుడు, పశ్చాత్తాపం యొక్క పావు వంతు ఈదుకుంటాయి.తరువాత, గాబ్రియేల్ 6 రిమోరాలతో మరో 8-అడుగుల షార్క్ చూశాడు, ప్రతి 4 అంగుళాల పొడవు, దానికి జతచేయబడింది.సగటున, ప్రతి షార్క్ యొక్క శరీర పొడవులో ఎంత శాతం పదుల ద్వారా కప్పబడి ఉంటుంది?",37
"ఆస్కార్ 16 రెమోరాలతో 38 అడుగుల షార్క్ చూసింది, ప్రతి 19 అంగుళాల పొడవు దీనికి జతచేయబడింది.అప్పుడు, పశ్చాత్తాపం యొక్క పావు వంతు ఈదుకుంటాయి.తరువాత, ఆస్కార్ 6 రిమోరాలతో మరో 10 అడుగుల షార్క్ చూసింది, ప్రతి 3 అంగుళాల పొడవు, దానికి జతచేయబడింది.సగటున, ప్రతి షార్క్ యొక్క శరీర పొడవులో ఎంత శాతం పదుల ద్వారా కప్పబడి ఉంటుంది?",32
"ఆలివర్ 48 అడుగుల తిమింగలాన్ని 12 పదులతో చూశాడు, ప్రతి 24 అంగుళాల పొడవు దీనికి జతచేయబడింది.అప్పుడు, రిమోరాస్ యొక్క 1/2 ఈత కొట్టాయి.తరువాత, ఆలివర్ మరో 10 అడుగుల తిమింగలాన్ని 6 రిమోరాస్‌తో చూశాడు, ప్రతి 6 అంగుళాల పొడవు, దానికి జతచేయబడింది.సగటున, ప్రతి తిమింగలం యొక్క శరీర పొడవులో ఎంత శాతం పదుల ద్వారా కప్పబడి ఉంటుంది?",27
"కార్లోస్ 34 అడుగుల షార్క్ 18 రిమోరాస్‌తో చూశాడు, ప్రతి 17 అంగుళాల పొడవు దీనికి జతచేయబడింది.అప్పుడు, పశ్చాత్తాపం యొక్క మూడవ వంతు ఈదుకుంది.తరువాత, కార్లోస్ మరో 10-అడుగుల షార్క్ 4 రిమోరాస్‌తో చూశాడు, ప్రతి 3 అంగుళాల పొడవు, దానికి జతచేయబడింది.సగటున, ప్రతి షార్క్ యొక్క శరీర పొడవులో ఎంత శాతం పదుల ద్వారా కప్పబడి ఉంటుంది?",30
"ఆండ్రీ 30 అడుగుల తిమింగలాన్ని 18 పదులతో చూశాడు, ప్రతి 15 అంగుళాల పొడవు దీనికి జతచేయబడింది.అప్పుడు, పశ్చాత్తాపం యొక్క మూడవ వంతు ఈదుకుంది.తరువాత, ఆండ్రీ మరో 10 అడుగుల తిమింగలాన్ని 6 రిమోరాలతో చూశాడు, ప్రతి 7 అంగుళాల పొడవు, దానికి జతచేయబడింది.సగటున, ప్రతి తిమింగలం యొక్క శరీర పొడవులో ఎంత శాతం పదుల ద్వారా కప్పబడి ఉంటుంది?",42
"థియాగో 3 రోజుల సైన్స్ ఫెయిర్ కోసం డబ్బును సేకరిస్తోంది.ప్రతి రోజు హోటల్‌కు $ 250, ఆహారం కోసం $ 30 మరియు రవాణాకు $ 30 ఖర్చు అవుతుంది.థియాగోకు $ 35 మాత్రమే ఉంది.అతని స్నేహితులు చిప్ చేసారు మరియు సైన్స్ ఫెయిర్ కోసం అన్ని ఆహారాల ఖర్చును భరిస్తారు.సైన్స్ ఫెయిర్ యొక్క మిగిలిన ఖర్చులో 1/4 ను కవర్ చేయాలని నిర్ణయించిన పాఠశాల సహాయం కోసం థియాగో కూడా దరఖాస్తు చేసుకుంది.థియాగో ఇంకా ఎంత డబ్బు లేదు?",595
"3 రోజుల స్పోర్ట్స్ టోర్నమెంట్ కోసం అలీ డబ్బును సేకరిస్తున్నారు.ప్రతి రోజు హోటల్ కోసం ₣ 200, ఆహారం కోసం ₣ 20, మరియు రవాణాకు ₣ 10 ఖర్చవుతుంది.అలీకి ₣ 40 మాత్రమే ఉంది.అతని స్నేహితులు చిప్ చేసారు మరియు స్పోర్ట్స్ టోర్నమెంట్ కోసం అన్ని ఆహారాల ఖర్చును భరిస్తారు.స్పోర్ట్స్ టోర్నమెంట్ యొక్క మిగిలిన ఖర్చులో 1/5 ను కవర్ చేయాలని నిర్ణయించిన స్థానిక స్వచ్ఛంద సంస్థ సహాయం కోసం కూడా అలీ దరఖాస్తు చేసుకుంది.అలీ ఇంకా ఎంత డబ్బు లేదు?",464
"బెంజమిన్ 3 రోజుల సైన్స్ ఫెయిర్ కోసం డబ్బును సేకరిస్తున్నాడు.ప్రతి రోజు హోటల్ కోసం ₺250, ఆహారం కోసం ₺30 మరియు రవాణాకు ₺20 ఖర్చు అవుతుంది.బెంజమిన్ ₺165 మాత్రమే ఉంది.అతని స్నేహితులు చిప్ చేసారు మరియు సైన్స్ ఫెయిర్ కోసం అన్ని ఆహారాల ఖర్చును భరిస్తారు.బెంజమిన్ పేరెంట్ అసోసియేషన్ సహాయం కోసం కూడా దరఖాస్తు చేసుకున్నాడు, ఇది సైన్స్ ఫెయిర్ యొక్క మిగిలిన ఖర్చులో పదవ వంతును కవర్ చేయాలని నిర్ణయించింది.బెంజమిన్ ఇంకా ఎంత డబ్బు లేదు?",564
"లియోన్ 2 రోజుల వర్క్‌షాప్ కోసం డబ్బును సేకరిస్తోంది.ప్రతి రోజు హోటల్‌కు ¥ 150, ఆహారం కోసం ¥ 30, మరియు రవాణాకు ¥ 10 ఖర్చు అవుతుంది.లియోన్ $ 155 మాత్రమే ఉంది.అతని స్నేహితులు చిప్ చేసారు మరియు వర్క్‌షాప్ కోసం అన్ని ఆహార ఖర్చులను భరిస్తారు.వర్క్‌షాప్ యొక్క మిగిలిన ఖర్చులో ఐదవ వంతును కవర్ చేయాలని నిర్ణయించుకున్న యూత్ క్లబ్ సహాయం కోసం లియోన్ దరఖాస్తు చేసింది.లియోన్ ఇంకా ఎంత డబ్బు లేదు?",101
"యుకీ 2 రోజుల సంగీత ఉత్సవం కోసం డబ్బును సేకరిస్తున్నారు.ప్రతి రోజు హోటల్ కోసం ₺100, ఆహారం కోసం ₺40 మరియు రవాణాకు ₺30 ఖర్చు అవుతుంది.యుకీకి ₺10 మాత్రమే ఉంది.అతని స్నేహితులు చిప్ చేసారు మరియు మ్యూజిక్ ఫెస్టివల్ కోసం అన్ని ఆహారాల ఖర్చును భరిస్తారు.మ్యూజిక్ ఫెస్టివల్ యొక్క మిగిలిన ఖర్చులో 1/2 ను కవర్ చేయాలని నిర్ణయించిన పేరెంట్ అసోసియేషన్ సహాయం కోసం యుకీ దరఖాస్తు చేసుకున్నారు.యుకీ ఇంకా ఎంత డబ్బు లేదు?",120
"ఇబ్రహీం 2 రోజుల సమావేశానికి డబ్బును సేకరిస్తున్నారు.ప్రతి రోజు హోటల్ కోసం $ 200, ఆహారం కోసం $ 30 మరియు రవాణాకు $ 30 ఖర్చు అవుతుంది.ఇబ్రహీంకు $ 95 మాత్రమే ఉంది.అతని స్నేహితులు చిప్ చేసారు మరియు సమావేశానికి అన్ని ఆహారాల ఖర్చును భరిస్తారు.కాన్ఫరెన్స్ యొక్క మిగిలిన ఖర్చులో నాలుగింట ఒక వంతును కవర్ చేయాలని నిర్ణయించిన పాఠశాల సహాయం కోసం ఇబ్రహీం కూడా దరఖాస్తు చేసుకున్నారు.ఇబ్రహీం ఇంకా ఎంత డబ్బు లేదు?",250
"3 రోజుల సంగీత ఉత్సవం కోసం ఆస్కార్ డబ్బును సేకరిస్తోంది.ప్రతి రోజు హోటల్ కోసం ₣ 250, ఆహారం కోసం ₣ 40, మరియు రవాణాకు ₣ 10 ఖర్చు అవుతుంది.ఆస్కార్ ₣ 125 మాత్రమే ఉంది.అతని స్నేహితులు చిప్ చేసారు మరియు మ్యూజిక్ ఫెస్టివల్ కోసం అన్ని ఆహారాల ఖర్చును భరిస్తారు.సంగీత ఉత్సవం యొక్క మిగిలిన ఖర్చులో 1/6 ను కవర్ చేయాలని నిర్ణయించిన స్థానిక స్వచ్ఛంద సంస్థ సహాయం కోసం కూడా ఆస్కార్ దరఖాస్తు చేసింది.ఆస్కార్ ఇంకా ఎంత డబ్బు లేదు?",525
"పావెల్ 2 రోజుల సైన్స్ ఫెయిర్ కోసం డబ్బును సేకరిస్తోంది.ప్రతి రోజు హోటల్ కోసం ₺150, ఆహారం కోసం ₺20 మరియు రవాణాకు ₺10 ఖర్చు అవుతుంది.పావెల్ ₺25 మాత్రమే ఉంది.అతని స్నేహితులు చిప్ చేసారు మరియు సైన్స్ ఫెయిర్ కోసం అన్ని ఆహారాల ఖర్చును భరిస్తారు.పావెల్ పేరెంట్ అసోసియేషన్ సహాయం కోసం కూడా దరఖాస్తు చేసింది, ఇది సైన్స్ ఫెయిర్ యొక్క మిగిలిన ఖర్చులో సగం భరించాలని నిర్ణయించింది.పావెల్ ఇంకా ఎంత డబ్బు లేదు?",135
"అలీ 2 రోజుల స్పోర్ట్స్ టోర్నమెంట్ కోసం డబ్బును సేకరిస్తున్నారు.ప్రతి రోజు హోటల్ కోసం ₺150, ఆహారం కోసం ₺40 మరియు రవాణాకు ₺10 ఖర్చు అవుతుంది.అలీకి ₺160 మాత్రమే ఉంది.అతని స్నేహితులు చిప్ చేసారు మరియు స్పోర్ట్స్ టోర్నమెంట్ కోసం అన్ని ఆహారాల ఖర్చును భరిస్తారు.స్పోర్ట్స్ టోర్నమెంట్ యొక్క మిగిలిన ఖర్చులో 1/8 ని కవర్ చేయాలని నిర్ణయించిన పేరెంట్ అసోసియేషన్ సహాయం కోసం కూడా అలీ దరఖాస్తు చేసింది.అలీ ఇంకా ఎంత డబ్బు లేదు?",120
"ఫైసల్ 3 రోజుల సమావేశానికి డబ్బును సేకరిస్తోంది.ప్రతి రోజు హోటల్‌కు ¥ 200, ఆహారం కోసం ¥ 30, మరియు రవాణాకు ¥ 30 ఖర్చు అవుతుంది.ఫైసల్ ¥ 115 మాత్రమే ఉంది.అతని స్నేహితులు చిప్ చేసారు మరియు సమావేశానికి అన్ని ఆహారాల ఖర్చును భరిస్తారు.కాన్ఫరెన్స్ యొక్క మిగిలిన 1/2 ఖర్చులో 1/2 ని కవర్ చేయాలని నిర్ణయించిన యూత్ క్లబ్ సహాయం కోసం ఫైసల్ దరఖాస్తు చేసింది.ఫైసల్ ఇంకా ఎంత డబ్బు లేదు?",230
"దాని పోషక సమాచారం ప్రకారం, ఒక సంచి రొట్టెలు ప్రతి సేవకు 225 కేలరీలు ఉన్నాయి.300 oun న్సుల బ్యాగ్‌లో 5 సేర్విన్గ్స్ ఉన్నాయి.ఆరోగ్యకరమైన రోజువారీ కేలరీల లక్ష్యం శరీర బరువు పౌండ్‌కు 15 కేలరీలు.కార్లోస్ బరువు 200 పౌండ్లు, మరియు అతను ఇప్పటికే 900 కేలరీలు వినియోగించాడు మరియు వ్యాయామం ద్వారా 150 కేలరీలను కాల్చాడు.జహ్రా బరువు 150 పౌండ్లు, మరియు ఆమె ఇప్పటికే 900 ఆహారం మరియు 225 కేలరీలను ఐస్ క్రీంలో వినియోగించింది.జహ్రా కంటే కార్లోస్ ఎన్ని oun న్సుల రొట్టెలు తీసుకోవాలి?",300
"దాని పోషక సమాచారం ప్రకారం, పాప్‌కార్న్ యొక్క సంచికి ప్రతి సేవకు 300 కేలరీలు ఉన్నాయి.325 గ్రాముల బ్యాగ్‌లో 5 సేర్విన్గ్స్ ఉన్నాయి.ఆరోగ్యకరమైన రోజువారీ కేలరీల లక్ష్యం శరీర బరువు పౌండ్‌కు 15 కేలరీలు.ఇబ్రహీం బరువు 190 పౌండ్లు, మరియు అతను ఇప్పటికే 950 కేలరీలు వినియోగించాడు మరియు వ్యాయామం ద్వారా 200 కేలరీలను కాల్చాడు.ప్రియా బరువు 170 పౌండ్లు, మరియు ఆమె ఇప్పటికే 1100 ఆహారం మరియు 250 కేలరీలను ఐస్ క్రీంలో వినియోగించింది.ప్రియా కంటే ఇంకా ఎన్ని గ్రాముల పాప్‌కార్న్ ఇబ్రహీం తీసుకోవాలి?",195
"దాని పోషక సమాచారం ప్రకారం, ఒక బ్యాగ్స్ బ్రెడ్స్ ప్రతి సేవకు 250 కేలరీలు కలిగి ఉంటుంది.350 oun న్సుల బ్యాగ్‌లో 5 సేర్విన్గ్స్ ఉన్నాయి.ఆరోగ్యకరమైన రోజువారీ కేలరీల లక్ష్యం శరీర బరువు పౌండ్‌కు 15 కేలరీలు.యుకీ బరువు 210 పౌండ్లు, మరియు అతను ఇప్పటికే 1050 కేలరీలు వినియోగించాడు మరియు వ్యాయామం ద్వారా 150 కేలరీలను కాల్చాడు.జాస్మిన్ బరువు 140 పౌండ్లు, మరియు ఆమె ఇప్పటికే 900 ఆహారం మరియు 200 కేలరీలను ఐస్ క్రీం లో వినియోగించింది.జాస్మిన్ కంటే యుకీకి ఇంకా ఎన్ని oun న్సుల రొట్టెలు తీసుకోవాలి?",350
"దాని పోషక సమాచారం ప్రకారం, కుకీల సంచికి ప్రతి సేవకు 175 కేలరీలు ఉన్నాయి.125 oz బ్యాగ్‌లో 5 సేర్విన్గ్స్ ఉన్నాయి.ఆరోగ్యకరమైన రోజువారీ కేలరీల లక్ష్యం శరీర బరువు పౌండ్‌కు 15 కేలరీలు.థియో 250 పౌండ్లు బరువు, మరియు అతను ఇప్పటికే 1100 కేలరీలు వినియోగించాడు మరియు వ్యాయామం ద్వారా 150 కేలరీలను కాల్చాడు.సాకురా బరువు 130 పౌండ్లు, మరియు ఆమె ఇప్పటికే 900 ఆహారం మరియు 175 కేలరీలను ఐస్ క్రీంలో వినియోగించింది.సాకురా కంటే థియోకు ఇంకా ఎన్ని ఓజ్ కుకీలు తీసుకోవాలి?",275
"దాని పోషక సమాచారం ప్రకారం, పాప్‌కార్న్ బ్యాగ్ ప్రతి సేవకు 325 కేలరీలు కలిగి ఉంది.100 గ్రాముల బ్యాగ్‌లో 4 సేర్విన్గ్స్ ఉన్నాయి.ఆరోగ్యకరమైన రోజువారీ కేలరీల లక్ష్యం శరీర బరువు పౌండ్‌కు 15 కేలరీలు.అరష్ 200 పౌండ్లు బరువు కలిగి ఉన్నాడు, మరియు అతను ఇప్పటికే 1200 కేలరీలు వినియోగించాడు మరియు వ్యాయామం ద్వారా 150 కేలరీలను కాల్చాడు.మీ బరువు 180 పౌండ్లు, మరియు ఆమె ఇప్పటికే 900 ఆహారం మరియు 175 కేలరీలను ఐస్ క్రీంలో వినియోగించింది.MEI కంటే అరాష్ ఎన్ని గ్రాముల పాప్‌కార్న్ తీసుకోవాలి?",25
"దాని పోషక సమాచారం ప్రకారం, పాప్‌కార్న్ యొక్క సంచికి ప్రతి సేవకు 150 కేలరీలు ఉన్నాయి.300 గ్రాముల బ్యాగ్‌లో 5 సేర్విన్గ్స్ ఉన్నాయి.ఆరోగ్యకరమైన రోజువారీ కేలరీల లక్ష్యం శరీర బరువు పౌండ్‌కు 15 కేలరీలు.అర్జున్ బరువు 210 పౌండ్లు, మరియు అతను ఇప్పటికే 1000 కేలరీలు వినియోగించాడు మరియు వ్యాయామం ద్వారా 100 కేలరీలను కాల్చాడు.ఎలెనా బరువు 180 పౌండ్లు, మరియు ఆమె ఇప్పటికే 900 ఆహారం మరియు 150 కేలరీలను ఐస్ క్రీంలో వినియోగించింది.ఎలెనా కంటే అర్జున్ ఎన్ని గ్రాముల పాప్‌కార్న్ తీసుకోవాలి?",240
"దాని పోషక సమాచారం ప్రకారం, కుకీల సంచికి ప్రతి సేవకు 150 కేలరీలు ఉంటాయి.100 oz బ్యాగ్‌లో 4 సేర్విన్గ్స్ ఉన్నాయి.ఆరోగ్యకరమైన రోజువారీ కేలరీల లక్ష్యం శరీర బరువు పౌండ్‌కు 15 కేలరీలు.గాబ్రియేల్ బరువు 200 పౌండ్లు, మరియు అతను ఇప్పటికే 900 కేలరీలు వినియోగించాడు మరియు వ్యాయామం ద్వారా 150 కేలరీలను కాల్చాడు.వాలెంటినా బరువు 130 పౌండ్లు, మరియు ఆమె ఇప్పటికే 1100 ఆహారం మరియు 250 కేలరీలను ఐస్ క్రీంలో వినియోగించింది.వాలెంటినా కంటే గాబ్రియేల్‌కు ఇంకా ఎన్ని ఓజ్ కుకీలు తీసుకోవాలి?",275
"దాని పోషక సమాచారం ప్రకారం, పాప్‌కార్న్ బ్యాగ్ ఒక్కో సేవ చేయడానికి 450 కేలరీలు ఉన్నాయి.275 గ్రాముల బ్యాగ్‌లో 5 సేర్విన్గ్స్ ఉన్నాయి.ఆరోగ్యకరమైన రోజువారీ కేలరీల లక్ష్యం శరీర బరువు పౌండ్‌కు 15 కేలరీలు.హిరోషి బరువు 230 పౌండ్లు, మరియు అతను ఇప్పటికే 900 కేలరీలు వినియోగించాడు మరియు వ్యాయామం ద్వారా 150 కేలరీలను కాల్చాడు.వాలెంటినా బరువు 180 పౌండ్లు, మరియు ఆమె ఇప్పటికే 1100 ఆహారం మరియు 250 కేలరీలను ఐస్ క్రీంలో వినియోగించింది.వాలెంటినా కంటే హిరోషికి ఇంకా ఎన్ని గ్రాముల పాప్‌కార్న్ తీసుకోవాలి?",165
"దాని పోషక సమాచారం ప్రకారం, కుకీల సంచికి ప్రతి సేవకు 200 కేలరీలు ఉన్నాయి.400 oz బ్యాగ్‌లో 5 సేర్విన్గ్స్ ఉన్నాయి.ఆరోగ్యకరమైన రోజువారీ కేలరీల లక్ష్యం శరీర బరువు పౌండ్‌కు 15 కేలరీలు.బోధి బరువు 230 పౌండ్లు, మరియు అతను ఇప్పటికే 1100 కేలరీలు వినియోగించాడు మరియు వ్యాయామం ద్వారా 50 కేలరీలను కాల్చాడు.NIA బరువు 130 పౌండ్లు, మరియు ఆమె ఇప్పటికే 1000 ఆహారం మరియు 150 కేలరీలను ఐస్ క్రీంలో వినియోగించింది.NIA కంటే బోధికి ఇంకా ఎన్ని ఓజ్ కుకీలు తీసుకోవాలి?",640
"దాని పోషక సమాచారం ప్రకారం, ఒక బ్యాగ్స్ బ్రెడ్స్ ప్రతి సేవకు 175 కేలరీలు ఉన్నాయి.125 oun న్సుల బ్యాగ్‌లో 5 సేర్విన్గ్స్ ఉన్నాయి.ఆరోగ్యకరమైన రోజువారీ కేలరీల లక్ష్యం శరీర బరువు పౌండ్‌కు 15 కేలరీలు.సంజయ్ 210 పౌండ్లు బరువు, మరియు అతను ఇప్పటికే 1150 కేలరీలు వినియోగించాడు మరియు వ్యాయామం ద్వారా 100 కేలరీలను కాల్చాడు.సోఫియా బరువు 150 పౌండ్లు, మరియు ఆమె ఇప్పటికే 800 ఆహారం మరియు 225 కేలరీలను ఐస్ క్రీంలో వినియోగించింది.సంజయ్ సోఫియా కంటే ఇంకా ఎన్ని oun న్సుల రొట్టెలు తీసుకోవాలి?",125
"ఫోన్ బూత్ నుండి కాల్ చేయడానికి, మీరు మీ కాల్ యొక్క ప్రతి నిమిషానికి 7 0.7 చెల్లించాలి.10 నిమిషాల తరువాత, ధర నిమిషానికి $ 0.5 కు పడిపోతుంది.కాల్ ప్రారంభం నుండి 30 నిమిషాల తరువాత, ధర రెండు నిమిషాలకు మరింత ఎక్కువ పడిపోతుంది.మీ మొత్తం బిల్లు $ 15 కంటే ఎక్కువ అయితే, మీ మొత్తం బిల్లుపై మీకు 15% తగ్గింపు లభిస్తుంది.90 నిమిషాల కాల్ ఖర్చు ఎంత?",17
"ఫోన్ బూత్ నుండి కాల్ చేయడానికి, మీ కాల్ యొక్క ప్రతి నిమిషానికి మీరు తప్పనిసరిగా ₺0.9 చెల్లించాలి.10 నిమిషాల తరువాత, ధర నిమిషానికి .0.6 కి పడిపోతుంది.కాల్ ప్రారంభం నుండి 35 నిమిషాల తరువాత, ధర రెండు నిమిషాలకు .0.4 కి పడిపోతుంది.మీ మొత్తం బిల్లు ₺25 కన్నా ఎక్కువ ఉంటే, మీ మొత్తం బిల్లుపై మీకు 20% తగ్గింపు లభిస్తుంది.115 నిమిషాల కాల్ ఖర్చు ఎంత?",32
"హోటల్ గది ఫోన్ నుండి కాల్ చేయడానికి, మీరు మీ కాల్ యొక్క ప్రతి నిమిషానికి 4 0.4 చెల్లించాలి.15 నిమిషాల తరువాత, ధర నిమిషానికి 3 0.3 కు పడిపోతుంది.కాల్ ప్రారంభం నుండి 35 నిమిషాల తరువాత, ధర రెండు నిమిషాలకు 2 0.2 కు పడిపోతుంది.మీ మొత్తం బిల్లు € 15 కంటే ఎక్కువ ఉంటే, మీ మొత్తం బిల్లుపై మీకు 10% తగ్గింపు లభిస్తుంది.115 నిమిషాల కాల్ ఖర్చు ఎంత?",18
"ఫోన్ బూత్ నుండి కాల్ చేయడానికి, మీ కాల్ యొక్క ప్రతి నిమిషానికి మీరు తప్పనిసరిగా ₺0.8 చెల్లించాలి.10 నిమిషాల తరువాత, ధర నిమిషానికి .0.7 కు పడిపోతుంది.కాల్ ప్రారంభం నుండి 30 నిమిషాల తరువాత, ధర రెండు నిమిషాలకు .0.4 కి పడిపోతుంది.మీ మొత్తం బిల్లు ₺15 కన్నా ఎక్కువ ఉంటే, మీ మొత్తం బిల్లుపై మీకు 15% తగ్గింపు లభిస్తుంది.120 నిమిషాల కాల్ ఖర్చు ఎంత?",34
"హోటల్ గది ఫోన్ నుండి కాల్ చేయడానికి, మీరు మీ కాల్ యొక్క ప్రతి నిమిషానికి ₺0.6 చెల్లించాలి.10 నిమిషాల తరువాత, ధర నిమిషానికి .0.4 కి పడిపోతుంది.కాల్ ప్రారంభం నుండి 35 నిమిషాల తరువాత, ధర రెండు నిమిషాలకు .10.1 కు పడిపోతుంది.మీ మొత్తం బిల్లు ₺15 కన్నా ఎక్కువ ఉంటే, మీ మొత్తం బిల్లుపై మీకు 15% తగ్గింపు లభిస్తుంది.115 నిమిషాల కాల్ ఖర్చు ఎంత?",17
"హోటల్ గది ఫోన్ నుండి కాల్ చేయడానికి, మీరు మీ కాల్ యొక్క ప్రతి నిమిషానికి 9 0.9 చెల్లించాలి.10 నిమిషాల తరువాత, ధర నిమిషానికి 6 0.6 కు పడిపోతుంది.కాల్ ప్రారంభం నుండి 35 నిమిషాల తరువాత, ధర రెండు నిమిషాలకు మరింత ఎక్కువ పడిపోతుంది.మీ మొత్తం బిల్లు ¥ 15 కన్నా ఎక్కువ ఉంటే, మీ మొత్తం బిల్లుపై మీకు 20% తగ్గింపు లభిస్తుంది.65 నిమిషాల కాల్ ఖర్చు ఎంత?",24
"హోటల్ గది ఫోన్ నుండి కాల్ చేయడానికి, మీరు మీ కాల్ యొక్క ప్రతి నిమిషానికి ₣ 0.8 చెల్లించాలి.10 నిమిషాల తరువాత, ధర నిమిషానికి 4 0.4 కి పడిపోతుంది.కాల్ ప్రారంభం నుండి 30 నిమిషాల తరువాత, ధర రెండు నిమిషాలకు .1 0.1 కు పడిపోతుంది.మీ మొత్తం బిల్లు ₣ 15 కన్నా ఎక్కువ ఉంటే, మీ మొత్తం బిల్లుపై మీకు 20% తగ్గింపు లభిస్తుంది.110 నిమిషాల కాల్ ఖర్చు ఎంత?",16
"ఫోన్ బూత్ నుండి కాల్ చేయడానికి, మీరు మీ కాల్ యొక్క ప్రతి నిమిషానికి 9 0.9 చెల్లించాలి.10 నిమిషాల తరువాత, ధర నిమిషానికి 4 0.4 కి పడిపోతుంది.కాల్ ప్రారంభం నుండి 35 నిమిషాల తరువాత, ధర రెండు నిమిషాలకు మరింత ఎక్కువ పడిపోతుంది.మీ మొత్తం బిల్లు ¥ 15 కన్నా ఎక్కువ ఉంటే, మీ మొత్తం బిల్లుపై మీకు 10% తగ్గింపు లభిస్తుంది.55 నిమిషాల కాల్ ఖర్చు ఎంత?",18
"హోటల్ గది ఫోన్ నుండి కాల్ చేయడానికి, మీరు మీ కాల్ యొక్క ప్రతి నిమిషానికి 9 0.9 చెల్లించాలి.10 నిమిషాల తరువాత, ధర నిమిషానికి 4 0.4 కి పడిపోతుంది.కాల్ ప్రారంభం నుండి 30 నిమిషాల తరువాత, ధర రెండు నిమిషాలకు మరింత ఎక్కువ పడిపోతుంది.మీ మొత్తం బిల్లు $ 15 కంటే ఎక్కువ అయితే, మీ మొత్తం బిల్లుపై మీకు 15% తగ్గింపు లభిస్తుంది.90 నిమిషాల కాల్ ఖర్చు ఎంత?",17
"ఫోన్ బూత్ నుండి కాల్ చేయడానికి, మీరు మీ కాల్ యొక్క ప్రతి నిమిషానికి 7 0.7 చెల్లించాలి.10 నిమిషాల తరువాత, ధర నిమిషానికి 3 0.3 కు పడిపోతుంది.కాల్ ప్రారంభం నుండి 40 నిమిషాల తరువాత, ధర రెండు నిమిషాలకు .1 0.1 కు పడిపోతుంది.మీ మొత్తం బిల్లు $ 15 కంటే ఎక్కువ అయితే, మీ మొత్తం బిల్లుపై మీకు 10% తగ్గింపు లభిస్తుంది.120 నిమిషాల కాల్ ఖర్చు ఎంత?",18
"కేఫ్ వద్ద పుల్లని రొట్టె ధర $ 10.మఫిన్ ఖర్చు పుల్లని రొట్టెలో ఎనిమిదవది.కేఫ్‌లో ప్రమోషన్ ఉంది, ఒకరు 6 మఫిన్లు లేదా అంతకంటే ఎక్కువ కొనుగోలు చేస్తే, వారు మఫిన్‌లపై 10% తగ్గింపును పొందుతారు.8 మఫిన్ల కంటే 2 పుల్లని ఖర్చు ఎంత ఎక్కువ?",11
"స్టోర్ వద్ద రొట్టె రొట్టె ధర ¥ 5.ఒక క్రోసెంట్ ఖర్చు 3/4 రొట్టె రొట్టె.ఈ దుకాణానికి ప్రమోషన్ ఉంది, ఒకరు 6 క్రోసెంట్లు లేదా అంతకంటే ఎక్కువ కొనుగోలు చేస్తే, వారు క్రోసెంట్స్‌పై 10% తగ్గింపును పొందుతారు.8 క్రోసెంట్స్ కంటే 10 రొట్టెల ఖర్చు ఎంత ఎక్కువ?",23
"కేఫ్ వద్ద పుల్లని రొట్టె ధర ¥ 15.మఫిన్ ఖర్చు పుల్లని రొట్టెలో 1/4.కేఫ్‌లో ప్రమోషన్ ఉంది, ఒకరు 6 మఫిన్లు లేదా అంతకంటే ఎక్కువ కొనుగోలు చేస్తే, వారు మఫిన్‌లపై 20% తగ్గింపును పొందుతారు.8 మఫిన్ల కంటే 5 పుల్లని ఖర్చు ఎంత ఎక్కువ?",51
"బేకరీ వద్ద రొట్టె రొట్టె ఖర్చవుతుంది € 10.ఒక బాగెల్ ఖర్చు రొట్టె యొక్క 1/8.బేకరీకి ప్రమోషన్ ఉంది, ఒకరు 7 బాగెల్స్ లేదా అంతకంటే ఎక్కువ కొనుగోలు చేస్తే, వారు బాగెల్స్‌పై 10% తగ్గింపును పొందుతారు.8 బాగెల్స్ కంటే 5 రొట్టెల ఖర్చు ఎంత ఎక్కువ?",41
"కేఫ్ వద్ద పుల్లని రొట్టె ధర ¥ 15.మఫిన్ ఖర్చు పుల్లని రొట్టెలో నాలుగవ వంతు.కేఫ్‌కు ప్రమోషన్ ఉంది, ఒకరు 3 మఫిన్లు లేదా అంతకంటే ఎక్కువ కొనుగోలు చేస్తే, వారు మఫిన్‌లపై 20% తగ్గింపును పొందుతారు.8 మఫిన్ల కంటే 10 పుల్లని ఖర్చు ఎంత ఎక్కువ?",126
"కేఫ్ వద్ద పుల్లని రొట్టె ₣ 10 ఖర్చు అవుతుంది.మఫిన్ ఖర్చు పుల్లని రొట్టెలో ఎనిమిదవది.కేఫ్‌కు ప్రమోషన్ ఉంది, ఒకరు 4 మఫిన్లు లేదా అంతకంటే ఎక్కువ కొనుగోలు చేస్తే, వారు మఫిన్‌లపై 20% తగ్గింపును పొందుతారు.12 మఫిన్ల కంటే 3 పుల్లని ఖర్చు ఎంత ఎక్కువ?",18
"మార్కెట్ వద్ద పుల్లని రొట్టె ఖర్చవుతుంది ₣ 5.బిస్కెట్ ఖర్చు పుల్లని రొట్టెలో నాలుగవ వంతు.మార్కెట్లో ప్రమోషన్ ఉంది, ఒకరు 4 బిస్కెట్లు లేదా అంతకంటే ఎక్కువ కొనుగోలు చేస్తే, వారు బిస్కెట్లపై 20% తగ్గింపును పొందుతారు.8 బిస్కెట్ల కంటే 9 పుల్లని ఖర్చుతో ఎంత ఎక్కువ ఖర్చు అవుతుంది?",37
"మార్కెట్ వద్ద పుల్లని రొట్టె ధర $ 5.బిస్కెట్ ఖర్చు పుల్లని రొట్టెలో 3/4.మార్కెట్లో ప్రమోషన్ ఉంది, ఒకరు 5 బిస్కెట్లు లేదా అంతకంటే ఎక్కువ కొనుగోలు చేస్తే, వారు బిస్కెట్లపై 10% తగ్గింపును పొందుతారు.8 బిస్కెట్ల కంటే 7 పుల్లని ఖర్చు ఎంత ఎక్కువ?",8
"స్టోర్ వద్ద రొట్టె రొట్టె ధర ¥ 5.ఒక క్రోసెంట్ ఖర్చు రొట్టెలో నాలుగవ వంతు.ఈ దుకాణానికి ప్రమోషన్ ఉంది, ఒకరు 5 క్రోసెంట్లు లేదా అంతకంటే ఎక్కువ మందిని కొనుగోలు చేస్తే, వారు క్రోసెంట్స్‌పై 20% తగ్గింపును పొందుతారు.8 క్రోసెంట్స్ కంటే 4 రొట్టె ఖర్చు 4 రొట్టె ఖర్చు ఎంత ఎక్కువ?",12
"స్టోర్ వద్ద రొట్టె రొట్టె ధర ₣ 5.ఒక క్రోసెంట్ ఖర్చు 3/4 రొట్టె రొట్టె.ఈ దుకాణానికి ప్రమోషన్ ఉంది, ఒకరు 4 క్రోసెంట్స్ లేదా అంతకంటే ఎక్కువ కొనుగోలు చేస్తే, వారు క్రోసెంట్స్‌పై 20% తగ్గింపును పొందుతారు.8 క్రోసెంట్స్ కంటే 9 రొట్టెల ఖర్చు ఎంత ఎక్కువ?",21
"ఒక కాపలాదారు 80 గదులతో భవనాన్ని శుభ్రం చేయాలి.దాన్ని పూర్తి చేయడానికి వారికి 4 రోజులు ఉన్నాయి.ఇది గదికి 6 నిమిషాలు పడుతుంది.ఏదేమైనా, ఇటీవలి గాయం కారణంగా, కాపలాదారుడు నెమ్మదిగా మారింది మరియు ఈ రోజుల్లో ఒక గదిని శుభ్రం చేయడానికి వారికి రెండు రెట్లు ఎక్కువ సమయం పడుతుంది.వారు రోజుకు 10 గంటలు పని చేస్తే, వారి రోజులో ఏ శాతం, సగటున, శుభ్రపరిచే గదులను ఖర్చు చేస్తారు?",40
"నిర్వహణ కార్మికుడు 150 అంతస్తులతో విశ్వవిద్యాలయాన్ని శుభ్రం చేయాలి.దాన్ని పూర్తి చేయడానికి వారికి 6 రోజులు ఉన్నాయి.ఇది వారికి అంతస్తుకు 6 నిమిషాలు పడుతుంది.ఏదేమైనా, ఇటీవలి గాయం కారణంగా, నిర్వహణ కార్మికుడు నెమ్మదిగా మారాడు మరియు ఈ రోజుల్లో ఒక అంతస్తును శుభ్రం చేయడానికి వారికి రెండు రెట్లు ఎక్కువ సమయం పడుతుంది.వారు రోజుకు 10 గంటలు పని చేస్తే, వారి రోజులో ఏ శాతం, సగటున, అంతస్తులను శుభ్రపరచడానికి ఖర్చు చేస్తారు?",50
"ఒక కాపలాదారు 135 అంతస్తులతో భవనాన్ని శుభ్రం చేయాలి.దాన్ని పూర్తి చేయడానికి వారికి 3 రోజులు ఉన్నాయి.ఇది ఒక అంతస్తుకు 5 నిమిషాలు పడుతుంది.ఏదేమైనా, ఇటీవలి గాయం కారణంగా, కాపలాదారు నెమ్మదిగా మారింది మరియు ఈ రోజుల్లో ఒక అంతస్తును శుభ్రం చేయడానికి వారికి రెండు రెట్లు ఎక్కువ సమయం పడుతుంది.వారు రోజుకు 15 గంటలు పనిచేస్తే, వారి రోజులో సగటున, సగటున, అంతస్తులను శుభ్రపరచడానికి ఖర్చు చేస్తారు?",50
"క్లీనర్ 60 అంతస్తులతో ఆసుపత్రిని శుభ్రం చేయాలి.దాన్ని పూర్తి చేయడానికి వారికి 3 రోజులు ఉన్నాయి.ఇది వారికి అంతస్తుకు 6 నిమిషాలు పడుతుంది.ఏదేమైనా, ఇటీవలి గాయం కారణంగా, క్లీనర్ నెమ్మదిగా మారింది మరియు ఈ రోజుల్లో ఒక అంతస్తును శుభ్రం చేయడానికి వారికి రెండు రెట్లు ఎక్కువ సమయం పడుతుంది.వారు రోజుకు 8 గంటలు పనిచేస్తే, వారి రోజులో ఏ శాతం, సగటున, అంతస్తులను శుభ్రపరచడానికి ఖర్చు చేస్తారు?",50
"ఒక క్లీనర్ 90 అంతస్తులతో ఆసుపత్రిని శుభ్రం చేయాలి.దాన్ని పూర్తి చేయడానికి వారికి 10 రోజులు ఉన్నాయి.ఇది వారికి అంతస్తుకు 10 నిమిషాలు పడుతుంది.ఏదేమైనా, ఇటీవలి గాయం కారణంగా, క్లీనర్ నెమ్మదిగా మారింది మరియు ఈ రోజుల్లో ఒక అంతస్తును శుభ్రం చేయడానికి వారికి రెండు రెట్లు ఎక్కువ సమయం పడుతుంది.వారు రోజుకు 15 గంటలు పనిచేస్తే, వారి రోజులో సగటున, సగటున, అంతస్తులను శుభ్రపరచడానికి ఖర్చు చేస్తారు?",20
"ఒక క్లీనర్ 135 అంతస్తులతో ఆసుపత్రిని శుభ్రం చేయాలి.దాన్ని పూర్తి చేయడానికి వారికి 5 రోజులు ఉన్నాయి.ఇది ఒక అంతస్తుకు 5 నిమిషాలు పడుతుంది.ఏదేమైనా, ఇటీవలి గాయం కారణంగా, క్లీనర్ నెమ్మదిగా మారింది మరియు ఈ రోజుల్లో ఒక అంతస్తును శుభ్రం చేయడానికి వారికి రెండు రెట్లు ఎక్కువ సమయం పడుతుంది.వారు రోజుకు 9 గంటలు పనిచేస్తే, వారి రోజులో ఏ శాతం, సగటున, అంతస్తులను శుభ్రపరచడానికి ఖర్చు చేస్తారు?",50
"నిర్వహణ కార్మికుడు 160 అంతస్తులతో విశ్వవిద్యాలయాన్ని శుభ్రం చేయాలి.దాన్ని పూర్తి చేయడానికి వారికి 10 రోజులు ఉన్నాయి.ఇది వారికి అంతస్తుకు 15 నిమిషాలు పడుతుంది.ఏదేమైనా, ఇటీవలి గాయం కారణంగా, నిర్వహణ కార్మికుడు నెమ్మదిగా మారాడు మరియు ఈ రోజుల్లో ఒక అంతస్తును శుభ్రం చేయడానికి వారికి రెండు రెట్లు ఎక్కువ సమయం పడుతుంది.వారు రోజుకు 10 గంటలు పని చేస్తే, వారి రోజులో ఏ శాతం, సగటున, అంతస్తులను శుభ్రపరచడానికి ఖర్చు చేస్తారు?",80
"నిర్వహణ కార్మికుడు 120 అంతస్తులతో విశ్వవిద్యాలయాన్ని శుభ్రం చేయాలి.దాన్ని పూర్తి చేయడానికి వారికి 5 రోజులు ఉన్నాయి.ఇది ఒక అంతస్తుకు 5 నిమిషాలు పడుతుంది.ఏదేమైనా, ఇటీవలి గాయం కారణంగా, నిర్వహణ కార్మికుడు నెమ్మదిగా మారాడు మరియు ఈ రోజుల్లో ఒక అంతస్తును శుభ్రం చేయడానికి వారికి రెండు రెట్లు ఎక్కువ సమయం పడుతుంది.వారు రోజుకు 10 గంటలు పని చేస్తే, వారి రోజులో ఏ శాతం, సగటున, అంతస్తులను శుభ్రపరచడానికి ఖర్చు చేస్తారు?",40
"క్లీనర్ 70 గదులతో ఆసుపత్రిని శుభ్రం చేయాలి.దాన్ని పూర్తి చేయడానికి వారికి 10 రోజులు ఉన్నాయి.ఇది గదికి 15 నిమిషాలు పడుతుంది.ఏదేమైనా, ఇటీవలి గాయం కారణంగా, క్లీనర్ నెమ్మదిగా మారింది మరియు ఈ రోజుల్లో ఒక గదిని శుభ్రం చేయడానికి వారికి రెండు రెట్లు ఎక్కువ సమయం పడుతుంది.వారు రోజుకు 7 గంటలు పని చేస్తే, వారి రోజులో ఏ శాతం, సగటున, శుభ్రపరిచే గదులను ఖర్చు చేస్తారు?",50
"క్లీనర్ 165 గదులతో ఆసుపత్రిని శుభ్రం చేయాలి.దాన్ని పూర్తి చేయడానికి వారికి 11 రోజులు ఉన్నాయి.ఇది గదికి 6 నిమిషాలు పడుతుంది.ఏదేమైనా, ఇటీవలి గాయం కారణంగా, క్లీనర్ నెమ్మదిగా మారింది మరియు ఈ రోజుల్లో ఒక గదిని శుభ్రం చేయడానికి వారికి రెండు రెట్లు ఎక్కువ సమయం పడుతుంది.వారు రోజుకు 10 గంటలు పని చేస్తే, వారి రోజులో ఏ శాతం, సగటున, శుభ్రపరిచే గదులను ఖర్చు చేస్తారు?",30
"290 మంది విద్యార్థుల బృందానికి వివిధ అభిరుచులు ఉన్నాయి.12 పెయింట్ చేయాలనుకుంటున్నారు, 8 చెస్ ఆడటానికి ఇష్టపడతారు, 13 ఈత కొట్టడానికి ఇష్టపడతారు, 39 క్రికెట్ ఆడటానికి ఇష్టపడతారు, మరియు మిగిలిన వారు వీడియో గేమ్స్ ఆడటం లేదా పాదయాత్ర చేయడం ఇష్టపడతారు.క్రికెట్ ఆడటానికి ఇష్టపడే సంఖ్య కంటే 5 రెట్లు కంటే 5 రెట్లు తక్కువ ఉంటే విద్యార్థులు ఎంత శాతం విద్యార్థులు వీడియో గేమ్స్ ఆడటానికి ఇష్టపడతారు?",50
"230 మంది విద్యార్థుల తరగతికి వివిధ అభిరుచులు ఉన్నాయి.5 నృత్యం చేయాలనుకుంటున్నారు, 8 చెస్ ఆడటానికి ఇష్టపడతారు, 13 ఈత కొట్టడానికి ఇష్టపడతారు, 32 వాలీబాల్ ఆడటానికి ఇష్టపడతారు, మరియు మిగిలిన వారు వీడియో గేమ్స్ ఆడటం లేదా సంగీతం ఆడటం ఇష్టపడతారు.సంగీతాన్ని ఆడటానికి ఇష్టపడే విద్యార్థుల సంఖ్య వాలీబాల్ ఆడటానికి ఇష్టపడే సంఖ్య కంటే 7 రెట్లు తక్కువ ఉంటే విద్యార్థులు ఎంత శాతం విద్యార్థులు వీడియో గేమ్స్ ఆడటానికి ఇష్టపడతారు?",50
"150 మంది విద్యార్థుల తరగతికి వివిధ అభిరుచులు ఉన్నాయి.20 పెయింట్ చేయాలనుకుంటున్నారు, 8 చెస్ ఆడటానికి ఇష్టపడతారు, 13 ఈత కొట్టడానికి ఇష్టపడతారు, 17 ఫుట్‌బాల్ ఆడటానికి ఇష్టపడతారు, మరియు మిగిలిన వారు నృత్యం లేదా చదవడానికి ఇష్టపడతారు.చదవడానికి ఇష్టపడే విద్యార్థుల సంఖ్య ఫుట్‌బాల్ ఆడటానికి ఇష్టపడే సంఖ్య కంటే 2 రెట్లు తక్కువ ఉంటే విద్యార్థులు ఎంత శాతం విద్యార్థులు నృత్యం చేయడానికి ఇష్టపడతారు?",40
"150 మంది విద్యార్థుల బృందానికి వివిధ అభిరుచులు ఉన్నాయి.27 సంగీతం ఆడటానికి ఇష్టపడతారు, 8 చెస్ ఆడటానికి ఇష్టపడతారు, 13 ఈత కొట్టడానికి ఇష్టపడతారు, 9 ఫుట్‌బాల్ ఆడటానికి ఇష్టపడతారు, మరియు మిగిలిన వారు వీడియో గేమ్స్ పెయింట్ చేయడం లేదా ఆడటం ఇష్టపడతారు.వీడియో గేమ్స్ ఆడటానికి ఇష్టపడే విద్యార్థుల సంఖ్య ఫుట్‌బాల్ ఆడటానికి ఇష్టపడే సంఖ్య కంటే 3 రెట్లు తక్కువ కంటే తక్కువ ఉంటే విద్యార్థులు ఏ శాతం పెయింట్ చేయడానికి ఇష్టపడతారు?",52
"100 మంది విద్యార్థుల తరగతికి వివిధ అభిరుచులు ఉన్నాయి.14 ఎక్కి ఇష్టపడతారు, 8 చెస్ ఆడటానికి ఇష్టపడతారు, 13 ఈత కొట్టడానికి ఇష్టపడతారు, 2 క్రికెట్ ఆడటానికి ఇష్టపడతారు, మరియు మిగిలిన వారు నృత్యం లేదా సంగీతం ఆడటానికి ఇష్టపడతారు.సంగీతం ఆడటానికి ఇష్టపడే విద్యార్థుల సంఖ్య క్రికెట్ ఆడటానికి ఇష్టపడే సంఖ్య కంటే 5 రెట్లు తక్కువ ఉంటే విద్యార్థులు ఎంత శాతం విద్యార్థులు నృత్యం చేయడానికి ఇష్టపడతారు?",48
"150 మంది విద్యార్థుల తరగతికి వివిధ అభిరుచులు ఉన్నాయి.17 కాల్చడానికి ఇష్టపడతారు, 8 చెస్ ఆడటానికి ఇష్టపడతారు, 13 ఈత కొట్టడానికి ఇష్టపడతారు, 23 ఫుట్‌బాల్ ఆడటానికి ఇష్టపడతారు, మరియు మిగిలిన వారు చదవడానికి లేదా పెయింట్ చేయడం ఇష్టపడతారు.పెయింట్ చేయాలనుకునే విద్యార్థుల సంఖ్య 4 ఫుట్‌బాల్ ఆడటానికి ఇష్టపడే సంఖ్య కంటే 4 తక్కువ ఉంటే విద్యార్థులు ఏ శాతం చదవడానికి ఇష్టపడతారు?",16
"100 మంది విద్యార్థుల బృందానికి వివిధ అభిరుచులు ఉన్నాయి.29 నృత్యం చేయాలనుకుంటున్నారు, 8 చెస్ ఆడటానికి ఇష్టపడతారు, 13 ఈత కొట్టడానికి ఇష్టపడతారు, 4 హర్లింగ్ ఆడటానికి ఇష్టపడతారు, మరియు మిగిలిన వారు చదవడానికి లేదా పెయింట్ చేయడం ఇష్టపడతారు.పెయింట్ చేయాలనుకునే విద్యార్థుల సంఖ్య హర్లింగ్ ఆడటానికి ఇష్టపడే సంఖ్య కంటే నాలుగు రెట్లు తక్కువ ఉంటే విద్యార్థులు ఎంత శాతం చదవడానికి ఇష్టపడతారు?",35
"90 మంది విద్యార్థుల తరగతికి వివిధ అభిరుచులు ఉన్నాయి.11 చదవడానికి ఇష్టపడతారు, 8 చెస్ ఆడటానికి ఇష్టపడతారు, 13 ఈత కొట్టడానికి ఇష్టపడతారు, 6 హర్లింగ్ ఆడటానికి ఇష్టపడతారు, మరియు మిగిలిన వారు నృత్యం లేదా రొట్టెలుకాల్చుతారు.కాల్చడానికి ఇష్టపడే విద్యార్థుల సంఖ్య హర్లింగ్ ఆడటానికి ఇష్టపడే సంఖ్య కంటే ఆరు రెట్లు తక్కువ అయితే విద్యార్థులు ఎంత శాతం విద్యార్థులు నృత్యం చేయడానికి ఇష్టపడతారు?",20
"150 మంది విద్యార్థుల బృందానికి వివిధ అభిరుచులు ఉన్నాయి.59 నృత్యం చేయాలనుకుంటున్నారు, 8 చెస్ ఆడటానికి ఇష్టపడతారు, 13 ఈత కొట్టడానికి ఇష్టపడతారు, 3 హర్లింగ్ ఆడటానికి ఇష్టపడతారు, మరియు మిగిలిన వారు సంగీతం ఆడటం లేదా వీడియో గేమ్స్ ఆడటం ఇష్టపడతారు.వీడియో గేమ్స్ ఆడటానికి ఇష్టపడే విద్యార్థుల సంఖ్య హర్లింగ్ ఆడటానికి ఇష్టపడే సంఖ్య కంటే 2 రెట్లు తక్కువ ఉంటే విద్యార్థులు ఏ శాతం మంది సంగీతాన్ని ఆడటానికి ఇష్టపడతారు?",26
"200 మంది విద్యార్థుల బృందానికి వివిధ అభిరుచులు ఉన్నాయి.30 కాల్చడానికి ఇష్టపడతారు, 8 చెస్ ఆడటానికి ఇష్టపడతారు, 13 ఈత కొట్టడానికి ఇష్టపడతారు, 6 హర్లింగ్ ఆడటానికి ఇష్టపడతారు, మరియు మిగిలిన వారు నృత్యం లేదా పెయింట్ ఇష్టపడతారు.పెయింట్ చేయాలనుకునే విద్యార్థుల సంఖ్య హర్లింగ్ ఆడటానికి ఇష్టపడే సంఖ్య కంటే తొమ్మిది రెట్లు కంటే 5 తక్కువ ఉంటే విద్యార్థులు ఎంత శాతం నృత్యం చేయడానికి ఇష్టపడతారు?",47
"గాబ్రియేల్ ప్లేట్లు మరియు గిన్నెలపై బాదం ఉంచుతాడు.ప్రతి ప్లేట్ 20 బాదం పట్టుకోగలదు, ప్రతి గిన్నె నాలుగు రెట్లు పట్టుకోగలదు.గాబ్రియేల్‌లో 675 బాదం, 9 ప్లేట్లు మరియు 3 గిన్నెలు ఉన్నాయి.దురదృష్టవశాత్తు, 2 గిన్నెలు విరిగిపోతాయి.అప్పుడు గాబ్రియేల్ అన్ని బాదంపప్పులలో ఐదవ వంతు తింటాడు.గాబ్రియేల్‌కు ఇంకా ఎన్ని ప్లేట్లు అవసరం కాబట్టి అతను మిగిలిన బాదంపప్పులను ఉంచగలడు?",14
"అలీ గిన్నెలు మరియు పలకలపై క్రాకర్లను ఉంచుతాడు.ప్రతి గిన్నె 40 క్రాకర్లను పట్టుకోగలదు, ప్రతి ప్లేట్ రెండు రెట్లు పట్టుకోగలదు.అలీలో 675 క్రాకర్లు, 8 బౌల్స్ మరియు 5 ప్లేట్లు ఉన్నాయి.దురదృష్టవశాత్తు, 2 ప్లేట్లు విరిగిపోతాయి.అలీ అప్పుడు అన్ని క్రాకర్లలో తొమ్మిదవది తింటాడు.అలీకి ఇంకా ఎన్ని గిన్నెలు అవసరం కాబట్టి అతను మిగిలిన అన్ని క్రాకర్లను ఉంచగలడు?",1
"సంజయ్ బౌల్స్ మరియు ప్లేట్లపై బాదం ఉంచుతాడు.ప్రతి గిన్నెలో 30 బాదం పట్టుకోగలదు, ప్రతి ప్లేట్ మూడు రెట్లు పట్టుకోగలదు.సంజయ్‌లో 675 బాదం, 12 గిన్నెలు మరియు 3 ప్లేట్లు ఉన్నాయి.దురదృష్టవశాత్తు, 2 ప్లేట్లు విరిగిపోతాయి.అప్పుడు సంజయ్ అన్ని బాదంపప్పులలో తొమ్మిదవది తింటాడు.సాంజయ్‌కు ఇంకా ఎన్ని బౌల్స్ అవసరం కాబట్టి మిగిలిన అన్ని బాదంపప్పులను ఉంచగలడు?",5
"కార్లోస్ గిన్నెలు మరియు పట్టికలపై క్రాకర్లను ఉంచుతాడు.ప్రతి గిన్నెలో 20 క్రాకర్లను పట్టుకోగలదు, ప్రతి టేబుల్ మూడు రెట్లు పట్టుకోగలదు.కార్లోస్‌లో 525 క్రాకర్లు, 13 బౌల్స్ మరియు 4 టేబుల్స్ ఉన్నాయి.దురదృష్టవశాత్తు, 2 పట్టికలు విరిగిపోతాయి.అప్పుడు కార్లోస్ అన్ని క్రాకర్లలో ఐదవ వంతు తింటాడు.కార్లోస్‌కు ఇంకా ఎన్ని గిన్నెలు అవసరం కాబట్టి అతను మిగిలిన క్రాకర్లన్నింటినీ ఉంచగలడు?",2
"బెంజమిన్ గిన్నెలు మరియు పలకలపై క్రాకర్లను ఉంచుతాడు.ప్రతి గిన్నె 21 క్రాకర్లను పట్టుకోగలదు, ప్రతి ప్లేట్ రెండు రెట్లు పట్టుకోగలదు.బెంజమిన్లో 720 క్రాకర్లు, 9 గిన్నెలు మరియు 3 ప్లేట్లు ఉన్నాయి.దురదృష్టవశాత్తు, 2 ప్లేట్లు విరిగిపోతాయి.బెంజమిన్ అప్పుడు అన్ని క్రాకర్లలో ఎనిమిదవ వంతు తింటాడు.బెంజమిన్‌కు ఇంకా ఎన్ని గిన్నెలు అవసరం కాబట్టి అతను మిగిలిన క్రాకర్లన్నింటినీ ఉంచగలడు?",19
"వీ గిన్నెలు మరియు పలకలపై క్రాకర్లను ఉంచుతుంది.ప్రతి గిన్నె 25 క్రాకర్లను పట్టుకోగలదు, ప్రతి ప్లేట్ నాలుగు రెట్లు పట్టుకోగలదు.వీలో 630 క్రాకర్లు, 12 బౌల్స్ మరియు 3 ప్లేట్లు ఉన్నాయి.దురదృష్టవశాత్తు, 2 ప్లేట్లు విరిగిపోతాయి.వీ అప్పుడు అన్ని క్రాకర్లలో ఆరవ వంతు తింటాడు.మిగిలిన గిన్నెలు ఇంకా ఎన్ని గిన్నెలు అవసరం కాబట్టి అతను మిగిలిన అన్ని క్రాకర్లను ఉంచగలడు?",5
"కార్లోస్ బౌల్స్ మరియు టేబుల్స్ మీద బాదం ఉంచుతాడు.ప్రతి గిన్నె 24 బాదం పట్టుకోగలదు, ప్రతి టేబుల్ మూడు రెట్లు పట్టుకోగలదు.కార్లోస్‌లో 720 బాదం, 7 గిన్నెలు మరియు 3 టేబుల్స్ ఉన్నాయి.దురదృష్టవశాత్తు, 2 పట్టికలు విరిగిపోతాయి.అప్పుడు కార్లోస్ అన్ని బాదంపప్పులలో ఐదవ వంతు తింటాడు.కార్లోస్‌కు ఇంకా ఎన్ని బౌల్స్ అవసరం కాబట్టి అతను మిగిలిన బాదంపప్పులను ఉంచగలడు?",14
"అరష్ పట్టికలు మరియు పలకలపై క్రాకర్లను ఉంచుతుంది.ప్రతి పట్టిక 25 క్రాకర్లను కలిగి ఉండగలదు, ప్రతి ప్లేట్ ఆరు రెట్లు ఎక్కువ.అరష్‌లో 600 క్రాకర్లు, 11 టేబుల్స్ మరియు 3 ప్లేట్లు ఉన్నాయి.దురదృష్టవశాత్తు, 2 ప్లేట్లు విరిగిపోతాయి.అరాష్ అప్పుడు అన్ని క్రాకర్లలో నాలుగవ వంతు తింటాడు.అరాష్‌కు ఇంకా ఎన్ని టేబుల్స్ అవసరం కాబట్టి అతను మిగిలిన అన్ని క్రాకర్లను ఉంచగలడు?",1
"థియాగో గిన్నెలు మరియు పట్టికలపై కుకీలను ఉంచుతుంది.ప్రతి గిన్నెలో 20 కుకీలను పట్టుకోగలదు, ప్రతి టేబుల్ రెండు రెట్లు పట్టుకోగలదు.థియాగోలో 600 కుకీలు, 17 గిన్నెలు మరియు 5 టేబుల్స్ ఉన్నాయి.దురదృష్టవశాత్తు, 2 పట్టికలు విరిగిపోతాయి.అప్పుడు థియాగో అన్ని కుకీలలో ఐదవ వంతు తింటాడు.థియాగోకు ఇంకా ఎన్ని గిన్నెలు అవసరం కాబట్టి అతను మిగిలిన అన్ని కుకీలను ఉంచగలడు?",1
"యుకీ ప్లేట్లు మరియు గిన్నెలపై ఆలివ్ ఉంచుతాడు.ప్రతి ప్లేట్ 24 ఆలివ్లను కలిగి ఉండగలదు, ప్రతి గిన్నె రెండు రెట్లు పట్టుకోగలదు.యుకిలో 720 ఆలివ్, 11 ప్లేట్లు మరియు 3 గిన్నెలు ఉన్నాయి.దురదృష్టవశాత్తు, 2 గిన్నెలు విరిగిపోతాయి.అప్పుడు యుకీ అన్ని ఆలివ్లలో రెండు వంతులు తింటాడు.యుకికి ఇంకా ఎన్ని ప్లేట్లు అవసరం కాబట్టి అతను మిగిలిన ఆలివ్లన్నింటినీ ఉంచగలడు?",5
"ప్రతి రాత్రి తన ఇంటి పనిని పూర్తి చేసిన తర్వాత ఫైసల్ టీవీ చూస్తాడు.బుధవారం మరియు గురువారం, అతను ప్రతి రాత్రి తన అభిమాన ప్రదర్శన యొక్క 4 గంటల ఎపిసోడ్లను చూశాడు.శుక్రవారం, అతను 30 నిమిషాల ప్రదర్శన యొక్క కొన్ని ఎపిసోడ్లను చూశాడు.శనివారం, అతను హోంవర్క్ ప్రారంభంలో పూర్తి చేసి, 5 గంటల ఎపిసోడ్ మరియు 15 నిమిషాల ప్రదర్శనను చూశాడు.ఆదివారం, అతను ఆలస్యంగా ఉండాల్సి వచ్చింది, అందువల్ల అతను నాలుగు 3 గంటల ఎపిసోడ్లను చూశాడు.సోమవారం, అతను మూడు ఎపిసోడ్లను చూశాడు, ప్రతి 45 నిమిషాలు.అతను మొత్తం 28 గంటల టీవీని చూసినట్లయితే, అతను శుక్రవారం ఎన్ని 30 నిమిషాల ఎపిసోడ్లు చూశాడు?",1
"ప్రతి రాత్రి తన ఇంటి పనిని పూర్తి చేసిన తర్వాత లియామ్ టీవీ చూస్తాడు.శనివారం మరియు ఆదివారం, అతను ప్రతి రాత్రి తన అభిమాన ప్రదర్శన యొక్క 5 గంటల ఎపిసోడ్లను చూశాడు.సోమవారం, అతను 30 నిమిషాల ప్రదర్శన యొక్క కొన్ని ఎపిసోడ్లను చూశాడు.మంగళవారం, అతను హోంవర్క్ ప్రారంభంలో పూర్తి చేసి, 4 గంటల ఎపిసోడ్ మరియు 60 నిమిషాల ప్రదర్శనను చూశాడు.బుధవారం, అతను ఆలస్యంగా ఉండటానికి వచ్చాడు, అందువల్ల అతను మూడు 3 గంటల ఎపిసోడ్లను చూశాడు.గురువారం, అతను ప్రతి 30 నిమిషాలకు ఐదు ఎపిసోడ్లను చూశాడు.అతను మొత్తం 28 గంటల టీవీని చూసినట్లయితే, అతను సోమవారం ఎన్ని 30 నిమిషాల ఎపిసోడ్లు చూశాడు?",3
"ప్రతి రాత్రి తన ఇంటి పనిని పూర్తి చేసిన తర్వాత థియాగో టీవీ చూస్తాడు.మంగళవారం మరియు బుధవారం, అతను ప్రతి రాత్రి తన అభిమాన ప్రదర్శన యొక్క 5 గంటల ఎపిసోడ్లను చూశాడు.గురువారం, అతను 30 నిమిషాల ప్రదర్శన యొక్క కొన్ని ఎపిసోడ్లను చూశాడు.శుక్రవారం, అతను హోంవర్క్ ప్రారంభంలో పూర్తి చేసి, 5 గంటల ఎపిసోడ్ మరియు 30 నిమిషాల ప్రదర్శనను చూశాడు.శనివారం, అతను ఆలస్యంగా ఉండటానికి వచ్చాడు, అందువల్ల అతను మూడు 4 గంటల ఎపిసోడ్లను చూశాడు.ఆదివారం, అతను రెండు ఎపిసోడ్లను చూశాడు, ప్రతి 15 నిమిషాలు.అతను మొత్తం 31 గంటల టీవీని చూసినట్లయితే, అతను గురువారం ఎన్ని 30 నిమిషాల ఎపిసోడ్లు చూశాడు?",6
"ప్రతి రాత్రి తన ఇంటి పనిని పూర్తి చేసిన తర్వాత అరాష్ టీవీ చూస్తాడు.ఆదివారం మరియు సోమవారం, అతను ప్రతి రాత్రి తన అభిమాన ప్రదర్శన యొక్క 4 గంటల ఎపిసోడ్లను చూశాడు.మంగళవారం, అతను 45 నిమిషాల ప్రదర్శన యొక్క కొన్ని ఎపిసోడ్లను చూశాడు.బుధవారం, అతను హోంవర్క్ ప్రారంభంలో పూర్తి చేసి, 2 గంటల ఎపిసోడ్ మరియు 15 నిమిషాల ప్రదర్శనను చూశాడు.గురువారం, అతను ఆలస్యంగా ఉండటానికి వచ్చాడు, అందువల్ల అతను ఐదు 2 గంటల ఎపిసోడ్లను చూశాడు.శుక్రవారం, అతను నాలుగు ఎపిసోడ్లను చూశాడు, ప్రతి 30 నిమిషాలు.అతను మొత్తం 26 గంటల టీవీని చూసినట్లయితే, అతను మంగళవారం ఎన్ని 45 నిమిషాల ఎపిసోడ్లు చూశాడు?",5
"ప్రతి రాత్రి తన ఇంటి పనిని పూర్తి చేసిన తర్వాత లియోన్ టీవీ చూస్తాడు.ఆదివారం మరియు సోమవారం, అతను ప్రతి రాత్రి తన అభిమాన ప్రదర్శన యొక్క 4 గంటల ఎపిసోడ్లను చూశాడు.మంగళవారం, అతను 30 నిమిషాల ప్రదర్శన యొక్క కొన్ని ఎపిసోడ్లను చూశాడు.బుధవారం, అతను హోంవర్క్ ప్రారంభంలో పూర్తి చేసి, 2 గంటల ఎపిసోడ్ మరియు 60 నిమిషాల ప్రదర్శనను చూశాడు.గురువారం, అతను ఆలస్యంగా ఉండాల్సి వచ్చింది, అందువల్ల అతను మూడు 3 గంటల ఎపిసోడ్లను చూశాడు.శుక్రవారం, అతను మూడు ఎపిసోడ్లను చూశాడు, ప్రతి 30 నిమిషాలు.అతను మొత్తం 24 గంటల టీవీని చూసినట్లయితే, అతను మంగళవారం ఎన్ని 30 నిమిషాల ఎపిసోడ్లు చూశాడు?",5
"ప్రతి రాత్రి తన ఇంటి పనిని పూర్తి చేసిన తర్వాత బోధి టీవీ చూస్తాడు.బుధవారం మరియు గురువారం, అతను ప్రతి రాత్రి తన అభిమాన ప్రదర్శన యొక్క 3-గంటల ఎపిసోడ్లను చూశాడు.శుక్రవారం, అతను 60 నిమిషాల ప్రదర్శన యొక్క కొన్ని ఎపిసోడ్లను చూశాడు.శనివారం, అతను హోంవర్క్ ప్రారంభంలో పూర్తి చేసి, 5 గంటల ఎపిసోడ్ మరియు 60 నిమిషాల ప్రదర్శనను చూశాడు.ఆదివారం, అతను ఆలస్యంగా ఉండాల్సి వచ్చింది, అందువల్ల అతను నాలుగు 4 గంటల ఎపిసోడ్లను చూశాడు.సోమవారం, అతను నాలుగు ఎపిసోడ్లను చూశాడు, ప్రతి 30 నిమిషాలు.అతను మొత్తం 31 గంటల టీవీని చూసినట్లయితే, అతను శుక్రవారం ఎన్ని 60 నిమిషాల ఎపిసోడ్లు చూశాడు?",1
"ప్రతి రాత్రి తన ఇంటి పనిని పూర్తి చేసిన తర్వాత జేమ్స్ టీవీ చూస్తాడు.మంగళవారం మరియు బుధవారం, అతను ప్రతి రాత్రి తన అభిమాన ప్రదర్శన యొక్క 4 గంటల ఎపిసోడ్లను చూశాడు.గురువారం, అతను 15 నిమిషాల ప్రదర్శన యొక్క కొన్ని ఎపిసోడ్లను చూశాడు.శుక్రవారం, అతను హోంవర్క్ ప్రారంభంలో పూర్తి చేసి, 4 గంటల ఎపిసోడ్ మరియు 15 నిమిషాల ప్రదర్శనను చూశాడు.శనివారం, అతను ఆలస్యంగా ఉండటానికి వచ్చాడు, అందువల్ల అతను నాలుగు 4 గంటల ఎపిసోడ్లను చూశాడు.ఆదివారం, అతను మూడు ఎపిసోడ్లను చూశాడు, ప్రతి 45 నిమిషాలు.అతను మొత్తం 31 గంటల టీవీని చూసినట్లయితే, అతను గురువారం ఎన్ని 15 నిమిషాల ఎపిసోడ్లు చూశాడు?",2
"ప్రతి రాత్రి తన ఇంటి పనిని పూర్తి చేసిన తర్వాత అలెజాండ్రో టీవీ చూస్తాడు.సోమవారం మరియు మంగళవారం, అతను ప్రతి రాత్రి తన అభిమాన ప్రదర్శన యొక్క 4 గంటల ఎపిసోడ్లను చూశాడు.బుధవారం, అతను 45 నిమిషాల ప్రదర్శన యొక్క కొన్ని ఎపిసోడ్లను చూశాడు.గురువారం, అతను హోంవర్క్ ప్రారంభంలో పూర్తి చేసి, 4 గంటల ఎపిసోడ్ మరియు 15 నిమిషాల ప్రదర్శనను చూశాడు.శుక్రవారం, అతను ఆలస్యంగా ఉండాల్సి వచ్చింది, అందువల్ల అతను నాలుగు 3 గంటల ఎపిసోడ్లను చూశాడు.శనివారం, అతను మూడు ఎపిసోడ్లను చూశాడు, ప్రతి 45 నిమిషాలు.అతను మొత్తం 31 గంటల టీవీని చూసినట్లయితే, అతను బుధవారం ఎన్ని 45 నిమిషాల ఎపిసోడ్లు చూశాడు?",6
"ప్రతి రాత్రి తన ఇంటి పనిని పూర్తి చేసిన తర్వాత మాటియో టీవీ చూస్తాడు.ఆదివారం మరియు సోమవారం, అతను ప్రతి రాత్రి తన అభిమాన ప్రదర్శన యొక్క 3-గంటల ఎపిసోడ్లను చూశాడు.మంగళవారం, అతను 60 నిమిషాల ప్రదర్శన యొక్క కొన్ని ఎపిసోడ్లను చూశాడు.బుధవారం, అతను హోంవర్క్ ప్రారంభంలో పూర్తి చేసి, 5 గంటల ఎపిసోడ్ మరియు 30 నిమిషాల ప్రదర్శనను చూశాడు.గురువారం, అతను ఆలస్యంగా ఉండాల్సి వచ్చింది, అందువల్ల అతను రెండు 5 గంటల ఎపిసోడ్లను చూశాడు.శుక్రవారం, అతను రెండు ఎపిసోడ్లను చూశాడు, ప్రతి 15 నిమిషాలు.అతను మొత్తం 29 గంటల టీవీని చూసినట్లయితే, అతను మంగళవారం ఎన్ని 60 నిమిషాల ఎపిసోడ్లు చూశాడు?",7
"ప్రతి రాత్రి తన ఇంటి పనిని పూర్తి చేసిన తర్వాత కసిమ్ టీవీ చూస్తాడు.బుధవారం మరియు గురువారం, అతను ప్రతి రాత్రి తన అభిమాన ప్రదర్శన యొక్క 3-గంటల ఎపిసోడ్లను చూశాడు.శుక్రవారం, అతను 60 నిమిషాల ప్రదర్శన యొక్క కొన్ని ఎపిసోడ్లను చూశాడు.శనివారం, అతను హోంవర్క్ ప్రారంభంలో పూర్తి చేసి, 2 గంటల ఎపిసోడ్ మరియు 15 నిమిషాల ప్రదర్శనను చూశాడు.ఆదివారం, అతను ఆలస్యంగా ఉండాల్సి వచ్చింది, అందువల్ల అతను నాలుగు 3 గంటల ఎపిసోడ్లను చూశాడు.సోమవారం, అతను మూడు ఎపిసోడ్లను చూశాడు, ప్రతి 15 నిమిషాలు.అతను మొత్తం 28 గంటల టీవీని చూసినట్లయితే, అతను శుక్రవారం ఎన్ని 60 నిమిషాల ఎపిసోడ్లు చూశాడు?",7
"రవి, పావెల్ ప్రస్తుతం వయస్సులో 22 సంవత్సరాలు.రవి, లీలానీ ప్రస్తుతం 10 సంవత్సరాల దూరంలో ఉన్నారు.పావెల్ కంటే చిన్నవాడు కాని లీలానీ కంటే పెద్దవాడు అయిన రవి 8 సంవత్సరాలలో 47 సంవత్సరాలు.ఈ ముగ్గురి సగటు వయస్సు కంటే లీలానీ ఎంత చిన్నవాడు?",14
"చెన్, థియో ప్రస్తుతం వయస్సులో 10 సంవత్సరాల దూరంలో ఉన్నారు.చెన్ మరియు తారా ప్రస్తుతం 7 సంవత్సరాల దూరంలో ఉన్నారు.థియో కంటే చిన్నవాడు కాని తారా కంటే పెద్దవాడు అయిన చెన్ 7 సంవత్సరాలలో 60 సంవత్సరాలు.ఈ ముగ్గురి సగటు వయస్సు కంటే తారా ఎంత చిన్నవాడు?",8
"బెంజమిన్, లూకా ప్రస్తుతం వయస్సులో 29 సంవత్సరాలు.బెంజమిన్ మరియు సోఫియా ప్రస్తుతం 17 సంవత్సరాల దూరంలో ఉన్నారు.లూకా కంటే చిన్నవాడు కాని సోఫియా కంటే పెద్దవాడు అయిన బెంజమిన్ 4 సంవత్సరాలలో 27 సంవత్సరాలు.ఈ ముగ్గురి సగటు వయస్సు కంటే సోఫియా ఎంత చిన్నది?",21
"సాకురా, అరాష్ ప్రస్తుతం వయస్సులో 29 సంవత్సరాలు.సాకురా మరియు తారా ప్రస్తుతం 11 సంవత్సరాల దూరంలో ఉన్నారు.అరాష్ కంటే చిన్నవాడు కాని తారా కంటే పెద్దవాడు అయిన సాకురా 5 సంవత్సరాలలో 66 గా ఉంటుంది.ఈ ముగ్గురి సగటు వయస్సు కంటే తారా ఎంత చిన్నవాడు?",17
"లూకా, లియామ్ ప్రస్తుతం వయస్సులో 19 సంవత్సరాలు.లూకా మరియు పావెల్ ప్రస్తుతం 10 సంవత్సరాల దూరంలో ఉన్నారు.లియామ్ కంటే చిన్నవాడు కాని పావెల్ కంటే పెద్దవాడు అయిన లూకా 6 సంవత్సరాలలో 59 అవుతుంది.ఈ ముగ్గురి సగటు వయస్సు కంటే పావెల్ ఎంత చిన్నది?",13
"సోఫియా, ఇబ్రహీం ప్రస్తుతం వయస్సులో 27 సంవత్సరాలు.సోఫియా మరియు థియో ప్రస్తుతం 15 సంవత్సరాల దూరంలో ఉన్నారు.ఇబ్రహీం కంటే చిన్నవాడు కాని థియో కంటే పెద్దవాడు అయిన సోఫియా 10 సంవత్సరాలలో 35 అవుతుంది.ఈ ముగ్గురి సగటు వయస్సు కంటే థియో ఎంత చిన్నవాడు?",19
"ఒలివియా, బోధి ప్రస్తుతం వయస్సులో 24 సంవత్సరాలు.ఒలివియా మరియు కీషా ప్రస్తుతం 15 సంవత్సరాల దూరంలో ఉన్నారు.బోధి కంటే చిన్నవాడు కాని కీషా కంటే పెద్దవాడు అయిన ఒలివియా 7 సంవత్సరాలలో 42 అవుతుంది.ఈ ముగ్గురి సగటు వయస్సు కంటే కీషా ఎంత చిన్నవాడు?",18
"డియెగో, ఆస్కార్ ప్రస్తుతం వయస్సులో 19 సంవత్సరాలు.డియెగో మరియు లియోన్ ప్రస్తుతం 10 సంవత్సరాల దూరంలో ఉన్నారు.ఆస్కార్ కంటే చిన్నవాడు కాని లియోన్ కంటే పెద్దవాడు అయిన డియెగో 9 సంవత్సరాలలో 36 సంవత్సరాలు.ఈ ముగ్గురి సగటు వయస్సు కంటే లియోన్ ఎంత చిన్నవాడు?",13
"ఎస్టెబాన్, ఆలివర్ ప్రస్తుతం వయస్సులో 16 సంవత్సరాలు.ఎస్టెబాన్ మరియు యుకీ ప్రస్తుతం 13 సంవత్సరాల దూరంలో ఉన్నారు.ఆలివర్ కంటే చిన్నవాడు కాని యుకీ కంటే పెద్దవాడు అయిన ఎస్టెబాన్ 6 సంవత్సరాలలో 70 ఉంటుంది.ఈ ముగ్గురి సగటు వయస్సు కంటే యుకీ ఎంత చిన్నవాడు?",14
"యుకీ, ఆండ్రీ ప్రస్తుతం వయస్సులో 17 సంవత్సరాలు.యుకీ మరియు డియెగో ప్రస్తుతం 8 సంవత్సరాల దూరంలో ఉన్నారు.ఆండ్రీ కంటే చిన్నవాడు కాని డియెగో కంటే పెద్దవాడు అయిన యుకీ 6 సంవత్సరాలలో 43 సంవత్సరాలు.ఈ మూడింటి సగటు వయస్సు కంటే డియెగో ఎంత చిన్నవాడు?",11
"వీ ఒక నిధుల సమీకరణ కోసం బుట్టకేక్లు మరియు ప్లం పైస్‌లను విక్రయిస్తోంది.సోమవారం, అతను మంగళవారం కంటే 28 బాక్సుల కప్‌కేక్ మరియు 19 తక్కువ బాక్సుల ప్లం పై విక్రయించాడు.మంగళవారం, అతను సోమవారం కంటే 14 బాక్సుల కప్‌కేక్‌లను మరియు 27 బాక్సుల ప్లం పైని విక్రయించాడు.బుధవారం, అతను గత రెండు రోజుల్లో చేసినంతవరకు విక్రయించాడు.కప్‌కేక్‌కు $ 11 మరియు ప్లం పై ధర $ 23 ఖర్చు అయితే, వీ యొక్క సగటు రోజువారీ సంపాదన ఏమిటి?",1050
"బెంజమిన్ నిధుల సమీకరణ కోసం బుట్టకేక్లు మరియు పైనాపిల్ పైస్ అమ్ముతున్నాడు.బుధవారం, అతను గురువారం కంటే 27 బాక్సుల కప్‌కేక్ మరియు 18 తక్కువ బాక్సుల పైనాపిల్ పై విక్రయించాడు.గురువారం, అతను బుధవారం కంటే 12 బాక్సుల బుట్టకేక్‌లను మరియు పైనాపిల్ పై 27 బాక్సుల బాక్సుల కంటే విక్రయించాడు.శుక్రవారం, అతను గత రెండు రోజుల్లో కలిపినంతవరకు విక్రయించాడు.కప్‌కేక్ ధర ¥ 8 మరియు పైనాపిల్ పై ధర ¥ 22 అయితే, బెంజమిన్ యొక్క సగటు రోజువారీ సంపాదన ఏమిటి?",880
"ఉమర్ నిధుల సమీకరణ కోసం మఫిన్లు మరియు నేరేడు పండు పైస్‌లను విక్రయిస్తున్నాడు.గురువారం, అతను శుక్రవారం కంటే 28 బాక్సుల మఫిన్ మరియు 13 తక్కువ బాక్సులను నేరేడు పండు పై విక్రయించాడు.శుక్రవారం, అతను గురువారం కంటే 13 బాక్సుల మఫిన్లను మరియు నేరేడు పండు పై 21 పెట్టెలను విక్రయించాడు.శనివారం, అతను గత రెండు రోజుల్లో చేసినంతవరకు విక్రయించాడు.మఫిన్ ధర $ 11 మరియు నేరేడు పండు పై ధర $ 30 అయితే, ఉమర్ యొక్క సగటు రోజువారీ సంపాదన ఏమిటి?",1086
"తారిక్ నిధుల సమీకరణ కోసం లడ్డూలు మరియు నేరేడు పండు పైస్‌లను విక్రయిస్తోంది.గురువారం, అతను శుక్రవారం కంటే 25 బాక్సుల సంబరం మరియు 12 తక్కువ బాక్సులను నేరేడు పండు పై విక్రయించాడు.శుక్రవారం, అతను గురువారం మరియు 24 బాక్సుల నేరేడు పండు పై కంటే 14 బాక్సుల లడ్డూలను విక్రయించాడు.శనివారం, అతను గత రెండు రోజుల్లో చేసినంతవరకు విక్రయించాడు.సంబరం ఖర్చు ₣ 9 మరియు నేరేడు పండు పై ఖర్చు ₣ 20 అయితే, తారిక్ యొక్క సగటు రోజువారీ సంపాదన ఏమిటి?",864
"అలీ నిధుల సమీకరణ కోసం మఫిన్లు మరియు ఆరెంజ్ పైస్‌లను విక్రయిస్తోంది.మంగళవారం, అతను బుధవారం కంటే 22 బాక్సుల మఫిన్ మరియు 13 తక్కువ ఆరెంజ్ పై బాక్సులను విక్రయించాడు.బుధవారం, అతను మంగళవారం మరియు 23 బాక్సుల ఆరెంజ్ పై కంటే 13 బాక్సుల మఫిన్లను విక్రయించాడు.గురువారం, అతను గత రెండు రోజుల్లో చేసినంతవరకు విక్రయించాడు.మఫిన్ ధర € 9 మరియు ఆరెంజ్ పై ధర € 32 అయితే, అలీ యొక్క సగటు రోజువారీ సంపాదన ఏమిటి?",1046
"థియాగో నిధుల సమీకరణ కోసం కుకీలు మరియు నేరేడు పండు పైస్‌లను విక్రయిస్తోంది.మంగళవారం, అతను బుధవారం కంటే 26 బాక్సుల కుకీ మరియు 19 తక్కువ బాక్సుల నేరేడు పండు పైని విక్రయించాడు.బుధవారం, అతను మంగళవారం కంటే ఎక్కువ 14 కుకీలను మరియు నేరేడు పండు పై 24 పెట్టెలను విక్రయించాడు.గురువారం, అతను గత రెండు రోజుల్లో చేసినంతవరకు విక్రయించాడు.కుకీ ధర ₣ 11 మరియు నేరేడు పండు పై ధర ₣ 24 అయితే, థియాగో యొక్క సగటు రోజువారీ సంపాదన ఏమిటి?",948
"కార్లోస్ నిధుల సమీకరణ కోసం కప్‌కేక్‌లు మరియు నేరేడు పండు పైస్‌లను విక్రయిస్తోంది.గురువారం, అతను శుక్రవారం కంటే 24 బాక్సుల కప్‌కేక్ మరియు 19 తక్కువ బాక్సుల ఆప్రికాట్ పై విక్రయించాడు.శుక్రవారం, అతను గురువారం కంటే 12 బాక్సుల కప్‌కేక్‌లను మరియు నేరేడు పండు పై 29 పెట్టెలను విక్రయించాడు.శనివారం, అతను గత రెండు రోజుల్లో చేసినంతవరకు విక్రయించాడు.కప్‌కేక్ ధర ¥ 8 మరియు నేరేడు పండు పై ధర ¥ 21 అయితే, కార్లోస్ యొక్క సగటు రోజువారీ సంపాదన ఏమిటి?",866
"విక్టర్ నిధుల సమీకరణ కోసం కుకీలు మరియు పుచ్చకాయ పైస్‌లను అమ్ముతున్నాడు.మంగళవారం, అతను బుధవారం కంటే 22 బాక్సుల కుకీ మరియు 14 తక్కువ బాక్సుల పుచ్చకాయ పై విక్రయించాడు.బుధవారం, అతను మంగళవారం కంటే ఎక్కువ 14 కుకీలను మరియు పుచ్చకాయ పై 23 పెట్టెల కంటే ఎక్కువ కుకీలను విక్రయించాడు.గురువారం, అతను గత రెండు రోజుల్లో చేసినంతవరకు విక్రయించాడు.కుకీ ధర ₣ 10 మరియు పుచ్చకాయ పై ఖర్చు ₣ 22 అయితే, విక్టర్ యొక్క సగటు రోజువారీ సంపాదన ఏమిటి?",856
"గాబ్రియేల్ నిధుల సమీకరణ కోసం మఫిన్లు మరియు ప్లం పైస్‌లను విక్రయిస్తున్నాడు.ఆదివారం, అతను సోమవారం కంటే 28 బాక్సుల మఫిన్ మరియు 11 తక్కువ బాక్సుల ప్లం పై విక్రయించాడు.సోమవారం, అతను ఆదివారం కంటే 14 బాక్సుల మఫిన్లను మరియు 22 బాక్సుల ప్లం పై విక్రయించాడు.మంగళవారం, అతను గత రెండు రోజులలో కలిపినంతవరకు విక్రయించాడు.మఫిన్ ధర $ 12 మరియు ప్లం పై ధర $ 22 అయితే, గాబ్రియేల్ యొక్క సగటు రోజువారీ సంపాదన ఏమిటి?",1044
"విక్టర్ నిధుల సమీకరణ కోసం మఫిన్లు మరియు పైనాపిల్ పైస్‌లను అమ్ముతున్నాడు.ఆదివారం, అతను సోమవారం కంటే 24 బాక్సుల మఫిన్ మరియు 15 తక్కువ బాక్సుల పైనాపిల్ పై విక్రయించాడు.సోమవారం, అతను ఆదివారం కంటే 12 బాక్సుల మఫిన్లను మరియు పైనాపిల్ పై 27 పెట్టెలను విక్రయించాడు.మంగళవారం, అతను గత రెండు రోజులలో కలిపినంతవరకు విక్రయించాడు.మఫిన్ ఖర్చు ₺12 మరియు పైనాపిల్ పై ధర ₺23 అయితే, విక్టర్ యొక్క సగటు రోజువారీ సంపాదన ఏమిటి?",1078
"డియెగోకు 21 సంవత్సరాలు.5 సంవత్సరాలలో, అతని బంధువు ప్రియా ఇప్పుడు డియెగో కంటే 2 రెట్లు పాతది.డియెగో సోదరుడు, ఖాసిమ్, డియెగో కంటే 9 సంవత్సరాలు చిన్నవాడు, మరియు ప్రియా సోదరి మియా ఖాసిమ్ కంటే 10 సంవత్సరాలు పెద్దవాడు.4 సంవత్సరాలలో నలుగురిలో సగటు ఏమిటి?",27
"ఆలివర్‌కు 15 సంవత్సరాలు.8 సంవత్సరాలలో, అతని కజిన్ ఒలివియా ఆలివర్ ఇప్పుడు ఉన్నదానికంటే 3 రెట్లు పాతది.ఆలివర్ సోదరుడు, గాబ్రియేల్, ఆలివర్ కంటే 11 సంవత్సరాలు చిన్నవాడు, మరియు ఒలివియా సోదరి ఫాతిమా గాబ్రియేల్ కంటే 8 సంవత్సరాలు పెద్దవాడు.5 సంవత్సరాలలో ఈ నలుగురిలో సగటు ఏమిటి?",22
"కై వయసు 22 సంవత్సరాలు.5 సంవత్సరాలలో, అతని కజిన్ ఉమా ఇప్పుడు కై కంటే 4 రెట్లు పాతది.కై సోదరుడు, జమాల్, కై కంటే 6 సంవత్సరాలు చిన్నవాడు, మరియు ఉమా సిస్టర్ రానియా జమాల్ కంటే 11 సంవత్సరాలు పెద్దవాడు.4 సంవత్సరాలలో నలుగురిలో సగటు ఏమిటి?",41
"కార్లోస్‌కు 14 సంవత్సరాలు.8 సంవత్సరాలలో, అతని కజిన్ యారా ఇప్పుడు కార్లోస్ కంటే 4 రెట్లు పాతది.కార్లోస్ సోదరుడు జిన్ కార్లోస్ కంటే 11 సంవత్సరాలు చిన్నవాడు, మరియు యారా సిస్టర్ మియా జిన్ కంటే 8 సంవత్సరాలు పెద్దవాడు.6 సంవత్సరాలలో నలుగురిలో సగటు ఏమిటి?",25
"ఆస్కార్ వయస్సు 15 సంవత్సరాలు.9 సంవత్సరాలలో, అతని బంధువు జహ్రా ఇప్పుడు ఆస్కార్ కంటే 3 రెట్లు పాతది.ఆస్కార్ సోదరుడు, ఆలివర్, ఆస్కార్ కంటే 12 సంవత్సరాలు చిన్నవాడు, మరియు జహ్రా సోదరి ఎమ్మా ఆలివర్ కంటే 11 సంవత్సరాలు పెద్దవాడు.3 సంవత్సరాలలో నలుగురిలో సగటు ఏమిటి?",20
"థియోకు 20 సంవత్సరాలు.7 సంవత్సరాలలో, అతని కజిన్ యారా ఇప్పుడు థియో కంటే 2 రెట్లు పాతది.థియో సోదరుడు, ఆస్కార్, థియో కంటే 7 సంవత్సరాలు చిన్నవాడు, మరియు యారా సిస్టర్ తారా ఆస్కార్ కంటే 9 సంవత్సరాలు పెద్దవాడు.6 సంవత్సరాలలో నలుగురిలో సగటు ఏమిటి?",28
"ఆలివర్‌కు 12 సంవత్సరాలు.9 సంవత్సరాలలో, అతని బంధువు అనన్య ఆలివర్ ఇప్పుడు ఉన్నదానికంటే 3 రెట్లు పాతది.ఆలివర్ సోదరుడు, కై, ఆలివర్ కంటే 9 సంవత్సరాలు చిన్నవాడు, మరియు అనన్య సోదరి కిమియా కై కంటే 7 సంవత్సరాలు పెద్దవాడు.4 సంవత్సరాలలో నలుగురిలో సగటు ఏమిటి?",17
"డెషాన్ వయసు 23 సంవత్సరాలు.8 సంవత్సరాలలో, అతని బంధువు అనన్య దేశాన్ ఇప్పుడు ఉన్నదానికంటే 4 రెట్లు పాతది.దేశాన్ సోదరుడు డియెగో డెషాన్ కంటే 9 సంవత్సరాలు చిన్నవాడు, మరియు అనన్య సోదరి సోఫియా డియెగో కంటే 9 సంవత్సరాలు పెద్దవాడు.2 సంవత్సరాలలో ఈ నలుగురిలో సగటు ఏమిటి?",38
"బోధికి 21 సంవత్సరాలు.8 సంవత్సరాలలో, అతని బంధువు వాలెంటినా ఇప్పుడు బోధి కంటే 3 రెట్లు పాతది.బోధి సోదరుడు, ఖాసిమ్ బోధి కంటే 9 సంవత్సరాలు చిన్నవాడు, మరియు వాలెంటినా సిస్టర్ బీట్రిజ్ ఖాసిమ్ కంటే 8 సంవత్సరాలు పెద్దవాడు.2 సంవత్సరాలలో ఈ నలుగురిలో సగటు ఏమిటి?",29
"కసిమ్‌కు 15 సంవత్సరాలు.2 సంవత్సరాలలో, అతని బంధువు ఎలెనా ఇప్పుడు కసిమ్ కంటే 3 రెట్లు పాతది.ఖాసిమ్ సోదరుడు లియామ్, ఖాసిమ్ కంటే 9 సంవత్సరాలు చిన్నవాడు, మరియు ఎలెనా సిస్టర్ సోఫియా లియామ్ కంటే 10 సంవత్సరాలు పెద్దవాడు.5 సంవత్సరాలలో ఈ నలుగురిలో సగటు ఏమిటి?",25
"సోఫియా తన సోదరుడిని చూసినప్పుడు, ఆమె అతని కోసం రకరకాల బొమ్మలను బయటకు తీస్తుంది.బిల్డింగ్ బ్లాక్స్ యొక్క బ్యాగ్ అందులో 33 బ్లాక్స్ ఉన్నాయి.సగ్గుబియ్యిన జంతువుల బిన్ లోపల 5 సగ్గుబియ్యమైన జంతువులను కలిగి ఉంది.యాక్షన్ ఫిగర్ ప్యాక్‌లోని యాక్షన్ బొమ్మల సంఖ్య రెండు రెట్లు ఎక్కువ బ్లాక్‌లు మరియు సగ్గుబియ్యమైన జంతువుల సంఖ్య.క్రేయాన్ బాక్స్‌లో 12 వేర్వేరు రంగులు క్రేయాన్ ఉన్నాయి, మరియు స్టిక్కర్ పుస్తకంలో 9 పేజీలు ఉన్నాయి, ఒక్కొక్కటి 13 స్టిక్కర్లు ఉన్నాయి.టవర్ ఆఫ్ స్టాకింగ్ రింగ్స్ దానిపై 28 మల్టీకలర్డ్ రింగులు ఉన్నాయి.సోఫియా ఇటీవల బౌన్సీ బంతుల గొట్టాన్ని కొనుగోలు చేసింది, ఆమె సోదరుడి కోసం తన మొత్తం వస్తువులను 320 వరకు తీసుకువచ్చింది. ట్యూబ్‌లో ఎన్ని ఎగిరి పడే బంతులు వచ్చాయి?",49
"నాడియా తన బంధువును చూసినప్పుడు, ఆమె అతని కోసం రకరకాల బొమ్మలను బయటకు తీస్తుంది.బిల్డింగ్ బ్లాక్స్ యొక్క బ్యాగ్ అందులో 36 బ్లాక్స్ ఉన్నాయి.సగ్గుబియ్యిన జంతువుల బిన్ లోపల 8 సగ్గుబియ్యమైన జంతువులను కలిగి ఉంది.యాక్షన్ ఫిగర్ ప్యాక్‌లోని యాక్షన్ బొమ్మల సంఖ్య రెండు రెట్లు ఎక్కువ బ్లాక్‌లు మరియు సగ్గుబియ్యమైన జంతువుల సంఖ్య.క్రేయాన్ బాక్స్‌లో 12 వేర్వేరు రంగులు క్రేయాన్ ఉన్నాయి, మరియు స్టిక్కర్ పుస్తకంలో 9 పేజీలు ఉన్నాయి, ఒక్కొక్కటి 12 స్టిక్కర్లు ఉన్నాయి.టవర్ ఆఫ్ స్టాకింగ్ రింగ్స్ దానిపై 30 మల్టీకలర్డ్ రింగులు ఉన్నాయి.నాడియా ఇటీవల ఎగిరి పడే బంతులను కొనుగోలు చేసింది, ఆమె బంధువు కోసం ఆమె మొత్తం వస్తువులను 330 వరకు తీసుకువచ్చింది. ట్యూబ్‌లో ఎన్ని ఎగిరి పడే బంతులు వచ్చాయి?",48
"నియా తన బంధువును చూసినప్పుడు, ఆమె అతని కోసం రకరకాల బొమ్మలను బయటకు తీస్తుంది.బిల్డింగ్ బ్లాక్స్ యొక్క బ్యాగ్ అందులో 36 బ్లాక్స్ ఉన్నాయి.సగ్గుబియ్యిన జంతువుల బిన్ లోపల 8 సగ్గుబియ్యమైన జంతువులను కలిగి ఉంది.యాక్షన్ ఫిగర్ ప్యాక్‌లోని యాక్షన్ బొమ్మల సంఖ్య రెండు రెట్లు ఎక్కువ బ్లాక్‌లు మరియు సగ్గుబియ్యమైన జంతువుల సంఖ్య.క్రేయాన్ బాక్స్‌లో 12 వేర్వేరు రంగులు క్రేయాన్ ఉన్నాయి, మరియు స్టిక్కర్ పుస్తకంలో 9 పేజీలు ఉన్నాయి, ఒక్కొక్కటి 11 స్టిక్కర్లు ఉన్నాయి.టవర్ ఆఫ్ స్టాకింగ్ రింగ్స్ దానిపై 26 మల్టీకలర్డ్ రింగులు ఉన్నాయి.నియా ఇటీవల బౌన్సీ బంతుల గొట్టాన్ని కొనుగోలు చేసింది, తన బంధువు కోసం తన మొత్తం వస్తువులను 310 వరకు తీసుకువచ్చింది. ట్యూబ్‌లో ఎన్ని ఎగిరి పడే బంతులు వచ్చాయి?",41
"కైలా తన సోదరుడిని చూసినప్పుడు, ఆమె అతని కోసం రకరకాల బొమ్మలను బయటకు తీస్తుంది.బిల్డింగ్ బ్లాక్స్ యొక్క బ్యాగ్ అందులో 32 బ్లాక్‌లు ఉన్నాయి.సగ్గుబియ్యిన జంతువుల బిన్ లోపల 5 సగ్గుబియ్యమైన జంతువులను కలిగి ఉంది.యాక్షన్ ఫిగర్ ప్యాక్‌లోని యాక్షన్ బొమ్మల సంఖ్య రెండు రెట్లు ఎక్కువ బ్లాక్‌లు మరియు సగ్గుబియ్యమైన జంతువుల సంఖ్య.క్రేయాన్ బాక్స్‌లో 12 వేర్వేరు రంగులు క్రేయాన్ ఉన్నాయి, మరియు స్టిక్కర్ పుస్తకంలో 6 పేజీలు ఉన్నాయి, ఒక్కొక్కటి 11 స్టిక్కర్లు ఉన్నాయి.టవర్ ఆఫ్ స్టాకింగ్ రింగ్స్ దానిపై 32 మల్టీకలర్డ్ రింగులు ఉన్నాయి.కైలా ఇటీవల బౌన్సీ బంతుల గొట్టాన్ని కొనుగోలు చేసింది, ఆమె సోదరుడి కోసం మొత్తం వస్తువులను 270 వరకు తీసుకువచ్చింది. ట్యూబ్‌లో ఎన్ని ఎగిరి పడే బంతులు వచ్చాయి?",49
"జేనా తన బంధువును చూసినప్పుడు, ఆమె అతని కోసం రకరకాల బొమ్మలను బయటకు తీస్తుంది.బిల్డింగ్ బ్లాక్స్ యొక్క బ్యాగ్ అందులో 33 బ్లాక్స్ ఉన్నాయి.సగ్గుబియ్యిన జంతువుల బిన్ లోపల 8 సగ్గుబియ్యమైన జంతువులను కలిగి ఉంది.యాక్షన్ ఫిగర్ ప్యాక్‌లోని యాక్షన్ బొమ్మల సంఖ్య రెండు రెట్లు ఎక్కువ బ్లాక్‌లు మరియు సగ్గుబియ్యమైన జంతువుల సంఖ్య.క్రేయాన్ బాక్స్‌లో 12 వేర్వేరు రంగులు క్రేయాన్ ఉన్నాయి, మరియు స్టిక్కర్ పుస్తకంలో 7 పేజీలు ఉన్నాయి, ఒక్కొక్కటి 12 స్టిక్కర్లు ఉన్నాయి.టవర్ ఆఫ్ స్టాకింగ్ రింగ్స్ దానిపై 26 మల్టీకలర్డ్ రింగులు ఉన్నాయి.జేనా ఇటీవల ఎగిరి పడే బంతులను కొనుగోలు చేసింది, ఆమె బంధువు కోసం ఆమె మొత్తం వస్తువులను 300 వరకు తీసుకువచ్చింది. ట్యూబ్‌లో ఎన్ని ఎగిరి పడే బంతులు వచ్చాయి?",55
"మియా తన సోదరుడిని చూసినప్పుడు, ఆమె అతని కోసం రకరకాల బొమ్మలను బయటకు తీస్తుంది.బిల్డింగ్ బ్లాక్స్ యొక్క బ్యాగ్ అందులో 42 బ్లాక్‌లు ఉన్నాయి.సగ్గుబియ్యిన జంతువుల బిన్ లోపల 5 సగ్గుబియ్యమైన జంతువులను కలిగి ఉంది.యాక్షన్ ఫిగర్ ప్యాక్‌లోని యాక్షన్ బొమ్మల సంఖ్య రెండు రెట్లు ఎక్కువ బ్లాక్‌లు మరియు సగ్గుబియ్యమైన జంతువుల సంఖ్య.క్రేయాన్ బాక్స్‌లో 12 వేర్వేరు రంగులు క్రేయాన్ ఉన్నాయి, మరియు స్టిక్కర్ పుస్తకంలో 6 పేజీలు ఉన్నాయి, ఒక్కొక్కటి 9 స్టిక్కర్లు ఉన్నాయి.టవర్ ఆఫ్ స్టాకింగ్ రింగ్స్ దానిపై 34 మల్టీకలర్డ్ రింగులు ఉన్నాయి.మియా ఇటీవల ఎగిరి పడే బంతులను కొనుగోలు చేసింది, ఆమె సోదరుడి కోసం మొత్తం వస్తువులను 290 వరకు తీసుకువచ్చింది. ట్యూబ్‌లో ఎన్ని ఎగిరి పడే బంతులు వచ్చాయి?",49
"చెన్ తన మేనల్లుడిని చూసినప్పుడు, ఆమె అతని కోసం రకరకాల బొమ్మలను బయటకు తీస్తుంది.బిల్డింగ్ బ్లాక్స్ యొక్క బ్యాగ్ అందులో 32 బ్లాక్‌లు ఉన్నాయి.సగ్గుబియ్యిన జంతువుల బిన్ లోపల 6 సగ్గుబియ్యమైన జంతువులను కలిగి ఉంది.యాక్షన్ ఫిగర్ ప్యాక్‌లోని యాక్షన్ బొమ్మల సంఖ్య రెండు రెట్లు ఎక్కువ బ్లాక్‌లు మరియు సగ్గుబియ్యమైన జంతువుల సంఖ్య.క్రేయాన్ బాక్స్‌లో 12 వేర్వేరు రంగులు క్రేయాన్ ఉన్నాయి, మరియు స్టిక్కర్ పుస్తకంలో 8 పేజీలు ఉన్నాయి, ఒక్కొక్కటి 13 స్టిక్కర్లు ఉన్నాయి.టవర్ ఆఫ్ స్టాకింగ్ రింగ్స్ దానిపై 28 మల్టీకలర్డ్ రింగులు ఉన్నాయి.చెన్ ఇటీవల ఎగిరి పడే బంతులను కొనుగోలు చేశాడు, ఆమె మేనల్లుడు కోసం ఆమె మొత్తం వస్తువులను 300 వరకు తీసుకువచ్చాడు. ట్యూబ్‌లో ఎన్ని ఎగిరి పడే బంతులు వచ్చాయి?",42
"హరుకా తన సోదరుడిని చూసినప్పుడు, ఆమె అతని కోసం రకరకాల బొమ్మలను బయటకు తీస్తుంది.బిల్డింగ్ బ్లాక్స్ యొక్క బ్యాగ్ అందులో 34 బ్లాక్‌లు ఉన్నాయి.సగ్గుబియ్యిన జంతువుల బిన్ లోపల 8 సగ్గుబియ్యమైన జంతువులను కలిగి ఉంది.యాక్షన్ ఫిగర్ ప్యాక్‌లోని యాక్షన్ బొమ్మల సంఖ్య రెండు రెట్లు ఎక్కువ బ్లాక్‌లు మరియు సగ్గుబియ్యమైన జంతువుల సంఖ్య.క్రేయాన్ బాక్స్‌లో 12 వేర్వేరు రంగులు క్రేయాన్ ఉన్నాయి, మరియు స్టిక్కర్ పుస్తకంలో 9 పేజీలు ఉన్నాయి, ఒక్కొక్కటి 9 స్టిక్కర్లు ఉన్నాయి.టవర్ ఆఫ్ స్టాకింగ్ రింగ్స్ దానిపై 26 మల్టీకలర్డ్ రింగులు ఉన్నాయి.హరుకా ఇటీవల ఎగిరి పడే బంతులను కొనుగోలు చేసింది, ఆమె సోదరుడి కోసం మొత్తం వస్తువులను 300 వరకు తీసుకువచ్చింది. ట్యూబ్‌లో ఎన్ని ఎగిరి పడే బంతులు వచ్చాయి?",55
"యారా తన మేనల్లుడిని చూసినప్పుడు, ఆమె అతని కోసం రకరకాల బొమ్మలను బయటకు తీస్తుంది.బిల్డింగ్ బ్లాక్స్ యొక్క బ్యాగ్ అందులో 35 బ్లాక్స్ ఉన్నాయి.సగ్గుబియ్యిన జంతువుల బిన్ లోపల 9 సగ్గుబియ్యమైన జంతువులను కలిగి ఉంది.యాక్షన్ ఫిగర్ ప్యాక్‌లోని యాక్షన్ బొమ్మల సంఖ్య రెండు రెట్లు ఎక్కువ బ్లాక్‌లు మరియు సగ్గుబియ్యమైన జంతువుల సంఖ్య.క్రేయాన్ బాక్స్‌లో 12 వేర్వేరు రంగులు క్రేయాన్ ఉన్నాయి, మరియు స్టిక్కర్ పుస్తకంలో 7 పేజీలు ఉన్నాయి, ఒక్కొక్కటి 13 స్టిక్కర్లు ఉన్నాయి.టవర్ ఆఫ్ స్టాకింగ్ రింగ్స్ దానిపై 31 మల్టీకలర్డ్ రింగులు ఉన్నాయి.యారా ఇటీవల ఎగిరి పడే బంతులను కొనుగోలు చేసింది, ఆమె మేనల్లుడు కోసం ఆమె మొత్తం వస్తువులను 340 వరకు తీసుకువచ్చింది. ట్యూబ్‌లో ఎన్ని ఎగిరి పడే బంతులు వచ్చాయి?",74
"తారా తన మేనల్లుడిని చూసినప్పుడు, ఆమె అతని కోసం రకరకాల బొమ్మలను బయటకు తీస్తుంది.బిల్డింగ్ బ్లాక్స్ యొక్క బ్యాగ్ అందులో 38 బ్లాక్స్ ఉన్నాయి.సగ్గుబియ్యిన జంతువుల బిన్ లోపల 5 సగ్గుబియ్యమైన జంతువులను కలిగి ఉంది.యాక్షన్ ఫిగర్ ప్యాక్‌లోని యాక్షన్ బొమ్మల సంఖ్య రెండు రెట్లు ఎక్కువ బ్లాక్‌లు మరియు సగ్గుబియ్యమైన జంతువుల సంఖ్య.క్రేయాన్ బాక్స్‌లో 12 వేర్వేరు రంగులు క్రేయాన్ ఉన్నాయి, మరియు స్టిక్కర్ పుస్తకంలో 7 పేజీలు ఉన్నాయి, ఒక్కొక్కటి 11 స్టిక్కర్లు ఉన్నాయి.టవర్ ఆఫ్ స్టాకింగ్ రింగ్స్ దానిపై 30 మల్టీకలర్డ్ రింగులు ఉన్నాయి.తారా ఇటీవల ఎగిరి పడే బంతులను కొనుగోలు చేసింది, ఆమె మేనల్లుడు కోసం మొత్తం వస్తువులను 290 వరకు తీసుకువచ్చింది. ట్యూబ్‌లో ఎన్ని ఎగిరి పడే బంతులు వచ్చాయి?",42
"ఒక మామ రోజుకు 16 పిజ్జాలు తింటాడు, అతని జీవిత భాగస్వామి రోజుకు 16 పిజ్జాలు తింటాడు, మరియు వారి మనవడు వారు రోజుకు తినే పిజ్జాలలో సగం సగం తింటారు.ఒక నెల తరువాత, కుటుంబం రెండవ నెలలో ఆహారం తీసుకోవాలని నిర్ణయించుకుంటుంది, వారి ఆహార వినియోగాన్ని నెలలో మొదటి సగం వరకు 25% తగ్గిస్తుంది, ఆపై రెండవ సగం కోసం అదనంగా 50% తగ్గింది.ఈ కుటుంబం రెండు నెలల్లో ఎన్ని పిజ్జాలు తింటుంది?",2250
"ఒక మామ రోజుకు 24 హాంబర్గర్లు తింటాడు, అతని జీవిత భాగస్వామి రోజుకు 24 హాంబర్గర్లు తింటారు, మరియు వారి మనవడు వారు రోజుకు తినే హాంబర్గర్ల సంఖ్యలో సగం తింటారు.ఒక నెల తరువాత, కుటుంబం రెండవ నెలలో ఆహారం తీసుకోవాలని నిర్ణయించుకుంటుంది, వారి ఆహార వినియోగాన్ని నెలలో మొదటి సగం వరకు 75% తగ్గిస్తుంది, ఆపై రెండవ సగం వరకు అదనంగా 50% తగ్గింది.ఈ కుటుంబం రెండు నెలల్లో ఎన్ని హాంబర్గర్లు తింటుంది?",2565
"ఒక తండ్రి రోజుకు 5 బర్రిటోలు తింటాడు, అతని భార్య రోజుకు 25 బర్రిటోలు తింటుంది, మరియు వారి కుమార్తె వారు రోజుకు తినే బర్రిటోలలో మూడింట ఒక వంతు తింటుంది.ఒక నెల తరువాత, కుటుంబం రెండవ నెలలో ఆహారం తీసుకోవాలని నిర్ణయించుకుంటుంది, వారి ఆహార వినియోగాన్ని నెలలో మొదటి సగం వరకు 60% తగ్గిస్తుంది, ఆపై రెండవ సగం కోసం అదనంగా 50% తగ్గింది.ఈ కుటుంబం రెండు నెలల్లో ఎన్ని బురిటోలు తింటుంది?",1560
"ఒక తాత రోజుకు 10 సుషీ రోల్స్ తింటాడు, అతని భాగస్వామి రోజుకు 15 సుషీ రోల్స్ తింటాడు, మరియు వారి కొడుకు రోజుకు వారు తినే సుషీ రోల్స్ యొక్క నాలుగు ఐదవ వంతు తింటాడు.ఒక నెల తరువాత, కుటుంబం రెండవ నెలలో ఆహారం తీసుకోవాలని నిర్ణయించుకుంటుంది, వారి ఆహార వినియోగాన్ని నెలలో మొదటి సగం వరకు 20% తగ్గిస్తుంది, ఆపై రెండవ సగం కోసం అదనంగా 25%.ఈ కుటుంబం రెండు నెలల్లో ఎన్ని సుషీ రోల్స్ తింటుంది?",2295
"ఒక తండ్రి రోజుకు 20 పిజ్జాలు తింటాడు, అతని భార్య రోజుకు 5 పిజ్జాలు తింటుంది, మరియు వారి కుమార్తె వారు రోజుకు తినే పిజ్జాలలో ఐదవ వంతును తింటుంది.ఒక నెల తరువాత, కుటుంబం రెండవ నెలలో ఆహారం తీసుకోవాలని నిర్ణయించుకుంటుంది, వారి ఆహార వినియోగాన్ని నెలలో మొదటి సగం వరకు 20% తగ్గిస్తుంది, ఆపై రెండవ సగం వరకు అదనంగా 75% తగ్గింది.ఈ కుటుంబం రెండు నెలల్లో ఎన్ని పిజ్జాలు తింటుంది?",1350
"ఒక తండ్రి రోజుకు 25 హాంబర్గర్లు తింటాడు, అతని భార్య రోజుకు 20 హాంబర్గర్లు తింటుంది, మరియు వారి కుమార్తె వారు రోజుకు తినే హాంబర్గర్ల సంఖ్యలో మూడింట రెండు వంతుల తింటుంది.ఒక నెల తరువాత, కుటుంబం రెండవ నెలలో ఆహారం తీసుకోవాలని నిర్ణయించుకుంటుంది, వారి ఆహార వినియోగాన్ని నెలలో మొదటి సగం వరకు 20% తగ్గిస్తుంది, ఆపై రెండవ సగం కోసం అదనంగా 25%.ఈ కుటుంబం రెండు నెలల్లో ఎన్ని హాంబర్గర్లు తింటుంది?",3825
"ఒక మామ రోజుకు 20 సుషీ రోల్స్ తింటాడు, అతని జీవిత భాగస్వామి రోజుకు 10 సుషీ రోల్స్ తింటాడు, మరియు వారి మనవడు వారు రోజుకు తినే సుషీ రోల్స్ యొక్క రెండు ఆరవ వంతు తింటాడు.ఒక నెల తరువాత, కుటుంబం రెండవ నెలలో ఆహారం తీసుకోవాలని నిర్ణయించుకుంటుంది, వారి ఆహార వినియోగాన్ని నెలలో మొదటి సగం వరకు 60% తగ్గిస్తుంది, ఆపై రెండవ సగం వరకు అదనంగా 75% తగ్గింది.ఈ కుటుంబం రెండు నెలల్లో ఎన్ని సుషీ రోల్స్ తింటుంది?",1500
"ఒక మామ రోజుకు 10 బర్రిటోలు తింటాడు, అతని జీవిత భాగస్వామి రోజుకు 20 బర్రిటోలు తింటాడు, మరియు వారి మనవడు వారు రోజుకు తినే బర్రిటోల సంఖ్యలో మూడు ఆరవ వంతు తింటారు.ఒక నెల తరువాత, కుటుంబం రెండవ నెలలో ఆహారం తీసుకోవాలని నిర్ణయించుకుంటుంది, వారి ఆహార వినియోగాన్ని నెలలో మొదటి సగం వరకు 20% తగ్గిస్తుంది, ఆపై రెండవ సగం వరకు అదనంగా 75% తగ్గింది.ఈ కుటుంబం రెండు నెలల్లో ఎన్ని బురిటోలు తింటుంది?",2025
"ఒక తాత రోజుకు 20 హాంబర్గర్లు తింటాడు, అతని భాగస్వామి రోజుకు 20 హాంబర్గర్లు తింటాడు, మరియు వారి కొడుకు వారు రోజుకు తినే హాంబర్గర్ల సంఖ్యలో మూడు ఆరవ వంతు తింటాడు.ఒక నెల తరువాత, కుటుంబం రెండవ నెలలో ఆహారం తీసుకోవాలని నిర్ణయించుకుంటుంది, వారి ఆహార వినియోగాన్ని నెలలో మొదటి సగం వరకు 25% తగ్గిస్తుంది, ఆపై రెండవ సగం కోసం అదనంగా 20% తగ్గింది.ఈ కుటుంబం రెండు నెలల్లో ఎన్ని హాంబర్గర్లు తింటుంది?",3015
"ఒక తాత రోజుకు 10 టాకోలు తింటాడు, అతని భాగస్వామి రోజుకు 20 టాకోలు తింటాడు, మరియు వారి కొడుకు వారు రోజుకు తినే టాకోలలో సగం సగం తింటాడు.ఒక నెల తరువాత, కుటుంబం రెండవ నెలలో ఆహారం తీసుకోవాలని నిర్ణయించుకుంటుంది, వారి ఆహార వినియోగాన్ని నెలలో మొదటి సగం వరకు 60% తగ్గిస్తుంది, ఆపై రెండవ సగం కోసం అదనంగా 50% తగ్గింది.ఈ కుటుంబం రెండు నెలల్లో ఎన్ని టాకోలు తింటుంది?",1755
"కిమియాకు 126 అడుగుల పొడవు ఉండే ఫ్లవర్ బెడ్ ఉంది.కిమియా తన పూల మంచం మొక్కలతో నింపాలని కోరుకుంటుంది.కిమియా యొక్క పువ్వులు 7 ఫీట్ వెడల్పుతో పెరుగుతాయి కాబట్టి ఆమె ప్రతి మొక్క (మొక్కల వెడల్పుతో సహా) మధ్య 14 అడుగులు వదిలివేయాలి.కిమియాకు ఇప్పటికే 6 పువ్వులు ఉన్నాయి.ప్రతి పుష్పించే మొక్కకు స్టోర్ వద్ద ₣ 4 ఖర్చవుతుంది.అయినప్పటికీ, ఆమె 2 కంటే ఎక్కువ మొక్కలను కొనుగోలు చేస్తే, ఆమెకు మొత్తం కొనుగోలుపై ₣ 5 తగ్గింపు లభిస్తుంది.కిమియా తన పూల మంచం నింపడానికి దుకాణంలో ఎంత డబ్బు ఖర్చు చేస్తుంది?",7
"గాబ్రియేల్ 150 మీటర్ల పొడవు గల ఫ్లవర్ బెడ్ కలిగి ఉంది.గాబ్రియేల్ తన పూల మంచం మొక్కలతో నింపాలని కోరుకుంటాడు.గాబ్రియేల్ యొక్క పువ్వులు 3 మీటర్ల వెడల్పుతో పెరుగుతాయి కాబట్టి ఆమె ప్రతి మొక్క (మొక్కల వెడల్పుతో సహా) మధ్య 15 మీటర్లు వదిలివేయాలి.గాబ్రియేల్ ఇప్పటికే 7 పువ్వులు కలిగి ఉన్నాడు.ప్రతి పుష్పించే మొక్కకు స్టోర్ వద్ద $ 3 ఖర్చవుతుంది.అయినప్పటికీ, ఆమె 2 కంటే ఎక్కువ మొక్కలను కొనుగోలు చేస్తే, ఆమెకు మొత్తం కొనుగోలుపై $ 8 తగ్గింపు లభిస్తుంది.గాబ్రియేల్ తన పూల మంచం నింపడానికి దుకాణంలో ఎంత డబ్బు ఖర్చు చేస్తాడు?",1
"MEI కి 120 మీటర్ల పొడవు గల ఫ్లవర్ బెడ్ ఉంది.మెయి తన పూల మంచం మొక్కలతో నింపాలనుకుంటున్నారు.మెయి యొక్క పువ్వులు 4 మీటర్ల వెడల్పుతో పెరుగుతాయి కాబట్టి ఆమె ప్రతి మొక్క (మొక్కల వెడల్పుతో సహా) మధ్య 12 మీటర్లు బయలుదేరాలి.మెయికి ఇప్పటికే 6 పువ్వులు ఉన్నాయి.ప్రతి పుష్పించే మొక్కకు స్టోర్ వద్ద $ 5 ఖర్చవుతుంది.అయినప్పటికీ, ఆమె 2 కంటే ఎక్కువ మొక్కలను కొనుగోలు చేస్తే, ఆమెకు మొత్తం కొనుగోలుపై $ 5 తగ్గింపు లభిస్తుంది.ఆమె పూల మంచం నింపడానికి మీయి దుకాణంలో ఎంత డబ్బు ఖర్చు చేస్తుంది?",15
"హరుకాకు 117 మీటర్ల పొడవు గల ఫ్లవర్ బెడ్ ఉంది.హరుకా తన పూల మంచం మొక్కలతో నింపాలని కోరుకుంటుంది.హరుకా యొక్క పువ్వులు 3 మీటర్ల వెడల్పుతో పెరుగుతాయి కాబట్టి ఆమె ప్రతి మొక్క (మొక్కల వెడల్పుతో సహా) మధ్య 13 మీటర్లు వదిలివేయాలి.హారుకా ఇప్పటికే 6 పువ్వులు కలిగి ఉంది.ప్రతి పుష్పించే మొక్కకు స్టోర్ వద్ద € 8 ఖర్చవుతుంది.అయినప్పటికీ, ఆమె 2 కంటే ఎక్కువ మొక్కలను కొనుగోలు చేస్తే, ఆమెకు మొత్తం కొనుగోలుపై € 9 తగ్గింపు లభిస్తుంది.హారుకా తన పూల మంచం నింపడానికి దుకాణంలో ఎంత డబ్బు ఖర్చు చేస్తుంది?",15
"వాలెంటినాలో 144 అడుగుల పొడవు గల ఫ్లవర్ బెడ్ ఉంది.వాలెంటినా తన పూల మంచం మొక్కలతో నింపాలని కోరుకుంటుంది.వాలెంటినా యొక్క పువ్వులు 7 ఫీట్ వెడల్పుతో పెరుగుతాయి కాబట్టి ఆమె ప్రతి మొక్క (మొక్కల వెడల్పుతో సహా) మధ్య 18 అడుగులు వదిలివేయాలి.వాలెంటినాకు ఇప్పటికే 5 పువ్వులు ఉన్నాయి.ప్రతి పుష్పించే మొక్కకు స్టోర్ వద్ద $ 5 ఖర్చవుతుంది.అయినప్పటికీ, ఆమె 2 కంటే ఎక్కువ మొక్కలను కొనుగోలు చేస్తే, ఆమెకు మొత్తం కొనుగోలుపై $ 8 తగ్గింపు లభిస్తుంది.వాలెంటినా తన పూల మంచం నింపడానికి దుకాణంలో ఎంత డబ్బు ఖర్చు చేస్తుంది?",7
"జహ్రాకు 144 అడుగుల పొడవు ఉన్న పూల బెడ్ ఉంది.జహ్రా తన పూల మంచం మొక్కలతో నింపాలని కోరుకుంటుంది.జహ్రా యొక్క పువ్వులు 4 ఫీట్ వెడల్పుతో పెరుగుతాయి కాబట్టి ఆమె ప్రతి మొక్క (మొక్కల వెడల్పుతో సహా) మధ్య 12 అడుగులు వదిలివేయాలి.జహ్రాకు ఇప్పటికే 5 పువ్వులు ఉన్నాయి.ప్రతి పుష్పించే మొక్కకు ₣ 13 స్టోర్ వద్ద ఖర్చు అవుతుంది.అయినప్పటికీ, ఆమె 2 కంటే ఎక్కువ మొక్కలను కొనుగోలు చేస్తే, ఆమెకు మొత్తం కొనుగోలుపై ₣ 5 తగ్గింపు లభిస్తుంది.తన పూల మంచం నింపడానికి జహ్రా దుకాణంలో ఎంత డబ్బు ఖర్చు చేస్తుంది?",86
"ఇసాబెల్లాకు 143 మీటర్ల పొడవు గల ఫ్లవర్ బెడ్ ఉంది.ఇసాబెల్లా తన పూల మంచం మొక్కలతో నింపాలని కోరుకుంటుంది.ఇసాబెల్లా యొక్క పువ్వులు 2 మీటర్ల వెడల్పుతో పెరుగుతాయి కాబట్టి ఆమె ప్రతి మొక్క (మొక్కల వెడల్పుతో సహా) మధ్య 13 మీటర్లు వదిలివేయాలి.ఇసాబెల్లాకు ఇప్పటికే 5 పువ్వులు ఉన్నాయి.ప్రతి పుష్పించే మొక్కకు స్టోర్ వద్ద ₣ 10 ఖర్చవుతుంది.అయినప్పటికీ, ఆమె 2 కంటే ఎక్కువ మొక్కలను కొనుగోలు చేస్తే, ఆమెకు మొత్తం కొనుగోలుపై ₣ 7 తగ్గింపు లభిస్తుంది.ఇసాబెల్లా తన పూల మంచం నింపడానికి దుకాణంలో ఎంత డబ్బు ఖర్చు చేస్తుంది?",53
"డాఫ్నేకు 144 మీటర్ల పొడవు గల ఫ్లవర్ బెడ్ ఉంది.డాఫ్నే తన పూల మంచం మొక్కలతో నింపాలని కోరుకుంటాడు.డాఫ్నే యొక్క పువ్వులు 2 మీటర్ల వెడల్పుతో పెరుగుతాయి కాబట్టి ఆమె ప్రతి మొక్క (మొక్కల వెడల్పుతో సహా) మధ్య 12 మీటర్లు బయలుదేరాలి.డాఫ్నేకు ఇప్పటికే 7 పువ్వులు ఉన్నాయి.ప్రతి పుష్పించే మొక్క దుకాణంలో ¥ 3 ఖర్చు అవుతుంది.అయినప్పటికీ, ఆమె 2 కంటే ఎక్కువ మొక్కలను కొనుగోలు చేస్తే, ఆమెకు మొత్తం కొనుగోలుపై ¥ 9 తగ్గింపు లభిస్తుంది.ఆమె పూల మంచం నింపడానికి డాఫ్నే దుకాణంలో ఎంత డబ్బు ఖర్చు చేస్తుంది?",6
"సాకురాలో 120 మీటర్ల పొడవు గల ఫ్లవర్ బెడ్ ఉంది.సాకురా తన పూల మంచం మొక్కలతో నింపాలనుకుంటుంది.సాకురా యొక్క పువ్వులు 7 మీటర్ల వెడల్పుతో పెరుగుతాయి కాబట్టి ఆమె ప్రతి మొక్క (మొక్కల వెడల్పుతో సహా) మధ్య 12 మీటర్లు బయలుదేరాలి.సాకురాకు ఇప్పటికే 7 పువ్వులు ఉన్నాయి.ప్రతి పుష్పించే మొక్కకు స్టోర్ వద్ద ₺9 ఖర్చు అవుతుంది.అయినప్పటికీ, ఆమె 2 కంటే ఎక్కువ మొక్కలను కొనుగోలు చేస్తే, ఆమెకు మొత్తం కొనుగోలుపై ₺6 తగ్గింపు లభిస్తుంది.తన పూల మంచం నింపడానికి సాకురా దుకాణంలో ఎంత డబ్బు ఖర్చు చేస్తుంది?",21
"మియాకు 128 అడుగుల పొడవు గల ఫ్లవర్ బెడ్ ఉంది.మియా తన పూల మంచం మొక్కలతో నింపాలని కోరుకుంటుంది.మియా యొక్క పువ్వులు 2 ఫీట్ వెడల్పుతో పెరుగుతాయి కాబట్టి ఆమె ప్రతి మొక్క (మొక్కల వెడల్పుతో సహా) మధ్య 16 అడుగులు వదిలివేయాలి.మియాకు ఇప్పటికే 5 పువ్వులు ఉన్నాయి.ప్రతి పుష్పించే మొక్క దుకాణంలో ¥ 3 ఖర్చు అవుతుంది.అయినప్పటికీ, ఆమె 2 కంటే ఎక్కువ మొక్కలను కొనుగోలు చేస్తే, ఆమెకు మొత్తం కొనుగోలుపై ¥ 8 తగ్గింపు లభిస్తుంది.తన పూల మంచం నింపడానికి మియా దుకాణంలో ఎంత డబ్బు ఖర్చు చేస్తుంది?",1
"ఆండ్రీ ఒక చిరుతిండి కోసం పాప్‌కార్న్‌ను పాపింగ్ చేస్తున్నాడు.కెర్నల్స్ కుండ వేడెక్కుతున్నప్పుడు, కెర్నలు వేగంగా పాప్ అవ్వడం ప్రారంభిస్తాయి.వంట యొక్క మొదటి 10 సెకన్లలో 80 పాప్, తరువాత 10 సెకన్లలో 4 రెట్లు ఎక్కువ.కెర్నలు రాబోయే 10 సెకన్లలో ప్రారంభ పాపింగ్ రేటుకు 6 రెట్లు పెరుగుతాయి.చివరి 10 సెకన్లలో, పాపింగ్ గత 10 సెకన్లలో సగం రేటుకు మందగిస్తుంది.ఆండ్రీ కుండను వేడి నుండి తీసివేసిన తరువాత, చివరి 10 సెకన్లలో వంట చేసిన కెర్నల్స్ సంఖ్యలో నాలుగింట ఒక వంతు వంటకం కూడా అవశేష వేడి నుండి పాప్ అవుతుంది.ఆండ్రీ తన సోదరుడు జిన్ వద్ద చేసిన పాప్‌కార్న్ 1/10 ఇస్తాడు.ఆండ్రీ తన సోదరుడి కంటే ఇంకా ఎన్ని పాప్‌కార్న్ ముక్కలు తినాలి?",944
"బెంజమిన్ అల్పాహారం కోసం పాప్‌కార్న్‌ను పాప్ చేస్తున్నాడు.కెర్నల్స్ పాన్ వేడెక్కుతున్నప్పుడు, కెర్నలు వేగంగా పాప్ అవ్వడం ప్రారంభిస్తాయి.వంట యొక్క మొదటి 26 సెకన్లలో 80 పాప్, తరువాత 26 సెకన్లలో 2 రెట్లు ఎక్కువ.రాబోయే 26 సెకన్లలో కెర్నలు ప్రారంభ పాపింగ్ రేటుకు 3 రెట్లు పెరుగుతాయి.చివరి 26 సెకన్లలో, పాపింగ్ గత 26 సెకన్లలో సగం రేటుకు మందగిస్తుంది.బెంజమిన్ పాన్ ను వేడి నుండి తీసిన తరువాత, చివరి 26 సెకన్లలో వంట చేసిన కెర్నల్స్ సంఖ్యలో నాలుగింట ఒక వంతు వంట యొక్క అవశేష వేడి నుండి కూడా పాప్ అవుతుంది.బెంజమిన్ తన సోదరుడు యూసుఫ్‌కు తయారు చేసిన పాప్‌కార్న్‌ను 1/7 ఇస్తాడు.బెంజమిన్ తన సోదరుడి కంటే ఇంకా ఎన్ని పాప్‌కార్న్ ముక్కలు తినాలి?",450
"ఆలివర్ అల్పాహారం కోసం పాప్‌కార్న్‌ను పాప్ చేస్తున్నాడు.కెర్నల్స్ యొక్క స్కిల్లెట్ వేడెక్కుతున్నప్పుడు, కెర్నలు వేగంగా పాప్ అవ్వడం ప్రారంభిస్తాయి.వంట యొక్క మొదటి 22 సెకన్లలో 60 పాప్, తరువాత 22 సెకన్లలో 3 రెట్లు ఎక్కువ.రాబోయే 22 సెకన్లలో కెర్నలు ప్రారంభ పాపింగ్ రేటుకు 4 రెట్లు పెరుగుతాయి.చివరి 22 సెకన్లలో, పాపింగ్ గత 22 సెకన్లలో సగం రేటుకు మందగిస్తుంది.ఆలివర్ స్కిల్లెట్‌ను వేడి నుండి తీసిన తరువాత, చివరి 22 సెకన్లలో వంట చేసిన కెర్నల సంఖ్యలో నాలుగింట ఒక వంతు వంటకం కూడా అవశేష వేడి నుండి పాప్ అవుతుంది.ఒలివర్ తన సోదరుడు థియాగోకు చేసిన పాప్‌కార్న్‌లో పదోవంతు ఇస్తాడు.ఆలివర్ తన సోదరుడి కంటే ఇంకా ఎన్ని పాప్‌కార్న్ ముక్కలు తినాలి?",504
"థియాగో ఒక చిరుతిండి కోసం పాప్‌కార్న్‌ను పాప్ చేస్తోంది.కెర్నల్స్ యొక్క స్కిల్లెట్ వేడెక్కుతున్నప్పుడు, కెర్నలు వేగంగా పాప్ అవ్వడం ప్రారంభిస్తాయి.వంట యొక్క మొదటి 26 సెకన్లలో 40 పాప్, తరువాత 26 సెకన్లలో 3 రెట్లు ఎక్కువ.రాబోయే 26 సెకన్లలో కెర్నలు ప్రారంభ పాపింగ్ రేటుకు 4 రెట్లు పెరుగుతాయి.చివరి 26 సెకన్లలో, పాపింగ్ గత 26 సెకన్లలో సగం రేటుకు మందగిస్తుంది.థియాగో స్కిల్లెట్‌ను వేడి నుండి తీసివేసిన తరువాత, చివరి 26 సెకన్లలో వంట చేసిన కెర్నల సంఖ్యలో నాలుగింట ఒక వంతు వంటకం కూడా అవశేష వేడి నుండి పాప్ అవుతుంది.థియాగో తన సోదరుడు సంజయ్‌కు తయారు చేసిన పాప్‌కార్న్‌ను 1/10 ఇస్తాడు.థియాగో తన సోదరుడి కంటే ఇంకా ఎన్ని పాప్‌కార్న్ ముక్కలు తినాలి?",336
"సంజయ్ అల్పాహారం కోసం పాప్‌కార్న్‌ను పాప్ చేస్తున్నాడు.కెర్నల్స్ పాన్ వేడెక్కుతున్నప్పుడు, కెర్నలు వేగంగా పాప్ అవ్వడం ప్రారంభిస్తాయి.వంట యొక్క మొదటి 26 సెకన్లలో 80 పాప్, తరువాత 26 సెకన్లలో 4 రెట్లు ఎక్కువ.రాబోయే 26 సెకన్లలో కెర్నలు ప్రారంభ పాపింగ్ రేటుకు 6 రెట్లు పెరుగుతాయి.చివరి 26 సెకన్లలో, పాపింగ్ గత 26 సెకన్లలో సగం రేటుకు మందగిస్తుంది.సంజయ్ పాన్ ను వేడి నుండి తీసిన తరువాత, చివరి 26 సెకన్లలో వంట చేసిన కెర్నల్స్ సంఖ్యలో నాలుగింట ఒక వంతు వంట యొక్క అవశేష వేడి నుండి కూడా పాప్ అవుతుంది.సంజయ్ తన సోదరుడు నోవహుకు చేసిన పాప్‌కార్న్‌ను 1/5 ఇస్తాడు.సంజయ్ తన సోదరుడి కంటే ఇంకా ఎన్ని పాప్‌కార్న్ ముక్కలు తినాలి?",708
"ఆస్కార్ అల్పాహారం కోసం పాప్‌కార్న్‌ను పాప్ చేస్తోంది.కెర్నల్స్ పాన్ వేడెక్కుతున్నప్పుడు, కెర్నలు వేగంగా పాప్ అవ్వడం ప్రారంభిస్తాయి.వంట యొక్క మొదటి 16 సెకన్లలో 80 పాప్, తరువాత 16 సెకన్లలో 3 రెట్లు ఆ మొత్తాన్ని.కెర్నలు రాబోయే 16 సెకన్లలో ప్రారంభ పాపింగ్ రేటుకు 5 రెట్లు పెరుగుతాయి.చివరి 16 సెకన్లలో, పాపింగ్ గత 16 సెకన్లలో సగం రేటుకు మందగిస్తుంది.ఆస్కార్ పాన్ ను వేడి నుండి తీసివేసిన తరువాత, చివరి 16 సెకన్లలో వంట చేసిన కెర్నల్స్ సంఖ్యలో నాలుగింట ఒక వంతు వంటకం కూడా అవశేష వేడి నుండి పాప్ అవుతుంది.ఆస్కార్ తన సోదరుడు బెంజమిన్‌కు తయారు చేసిన పాప్‌కార్న్ యొక్క రెండు వంతులు ఇస్తాడు.ఆస్కార్ తన సోదరుడి కంటే ఇంకా ఎన్ని పాప్‌కార్న్ ముక్కలు తినాలి?",194
"పావెల్ ఒక చిరుతిండి కోసం పాప్‌కార్న్‌ను పాప్ చేస్తోంది.కెర్నల్స్ పాన్ వేడెక్కుతున్నప్పుడు, కెర్నలు వేగంగా పాప్ అవ్వడం ప్రారంభిస్తాయి.వంట యొక్క మొదటి 12 సెకన్లలో 80 పాప్, తరువాత 12 సెకన్లలో 2 రెట్లు ఎక్కువ.కెర్నలు రాబోయే 12 సెకన్లలో ప్రారంభ పాపింగ్ రేటుకు 6 రెట్లు పెరుగుతాయి.చివరి 12 సెకన్లలో, పాపింగ్ గత 12 సెకన్లలో సగం రేటుకు మందగిస్తుంది.పావెల్ పాన్ ను వేడి నుండి తీసివేసిన తరువాత, చివరి 12 సెకన్లలో వంట చేసిన కెర్నల్స్ సంఖ్యలో నాలుగింట ఒక వంతు వంటకం కూడా అవశేష వేడి నుండి పాప్ అవుతుంది.పావెల్ తన సోదరుడు లూకాకు తయారు చేసిన పాప్‌కార్న్‌లో ఆరవ వంతును ఇస్తాడు.పావెల్ తన సోదరుడి కంటే ఇంకా ఎన్ని పాప్‌కార్న్ ముక్కలు తినాలి?",680
"లియోన్ అల్పాహారం కోసం పాప్‌కార్న్‌ను పాప్ చేస్తోంది.కెర్నల్స్ కుండ వేడెక్కుతున్నప్పుడు, కెర్నలు వేగంగా పాప్ అవ్వడం ప్రారంభిస్తాయి.వంట యొక్క మొదటి 26 సెకన్లలో 40 పాప్, తరువాత 26 సెకన్లలో 4 రెట్లు ఎక్కువ.రాబోయే 26 సెకన్లలో కెర్నలు ప్రారంభ పాపింగ్ రేటుకు 5 రెట్లు పెరుగుతాయి.చివరి 26 సెకన్లలో, పాపింగ్ గత 26 సెకన్లలో సగం రేటుకు మందగిస్తుంది.లియోన్ కుండను వేడి నుండి తీసివేసిన తరువాత, చివరి 26 సెకన్లలో వంట చేసిన కెర్నల్స్ సంఖ్యలో నాలుగింట ఒక వంతు వంటకం కూడా అవశేష వేడి నుండి పాప్ అవుతుంది.లియోన్ తన సోదరుడు నోవహుకు తయారు చేసిన పాప్‌కార్న్ యొక్క రెండు వంతులు ఇస్తాడు.లియోన్ తన సోదరుడి కంటే ఇంకా ఎన్ని పాప్‌కార్న్ ముక్కలు తినాలి?",105
"డెషాన్ అల్పాహారం కోసం పాప్‌కార్న్‌ను పాప్ చేస్తున్నాడు.కెర్నల్స్ పాన్ వేడెక్కుతున్నప్పుడు, కెర్నలు వేగంగా పాప్ అవ్వడం ప్రారంభిస్తాయి.వంట యొక్క మొదటి 30 సెకన్లలో 100 పాప్, తరువాత 30 సెకన్లలో 2 రెట్లు ఆ మొత్తాన్ని.కెర్నలు రాబోయే 30 సెకన్లలో ప్రారంభ పాపింగ్ రేటుకు 4 రెట్లు పెరుగుతాయి.చివరి 30 సెకన్లలో, పాపింగ్ గత 30 సెకన్లలో సగం రేటుకు మందగిస్తుంది.డెషాన్ పాన్ ను వేడి నుండి తీసిన తరువాత, చివరి 30 సెకన్లలో వంట చేసిన కెర్నల్స్ సంఖ్యలో నాలుగింట ఒక వంతు వంటకం కూడా అవశేష వేడి నుండి పాప్ అవుతుంది.డెషాన్ తన సోదరుడు ఇబ్రహీంకు తయారు చేసిన పాప్‌కార్న్‌ను 2/5 ఇస్తాడు.డెషాన్ తన సోదరుడి కంటే ఇంకా ఎన్ని పాప్‌కార్న్ ముక్కలు తినాలి?",190
"మహ్మద్ అల్పాహారం కోసం పాప్‌కార్న్‌ను పాప్ చేస్తున్నాడు.కెర్నల్స్ కుండ వేడెక్కుతున్నప్పుడు, కెర్నలు వేగంగా పాప్ అవ్వడం ప్రారంభిస్తాయి.వంట యొక్క మొదటి 16 సెకన్లలో 20 పాప్, తరువాత 16 సెకన్లలో 2 రెట్లు ఆ మొత్తాన్ని.రాబోయే 16 సెకన్లలో కెర్నలు ప్రారంభ పాపింగ్ రేటుకు 4 రెట్లు పెరుగుతాయి.చివరి 16 సెకన్లలో, పాపింగ్ గత 16 సెకన్లలో సగం రేటుకు మందగిస్తుంది.మొహమ్మద్ కుండను వేడి నుండి తీసివేసిన తరువాత, చివరి 16 సెకన్లలో వంట చేసిన కెర్నల్స్ సంఖ్యలో నాలుగింట ఒక వంతు వంటకం కూడా అవశేష వేడి నుండి పాప్ అవుతుంది.మహ్మద్ తన సోదరుడు అరాష్‌కు తయారు చేసిన పాప్‌కార్న్ 2/5 ఇస్తాడు.మహ్మద్ తన సోదరుడి కంటే ఇంకా ఎన్ని పాప్‌కార్న్ ముక్కలు తినాలి?",38
"లూకా 337 oun న్సుల నీటితో వేర్వేరు పరిమాణ ఐస్ క్యూబ్స్ తయారు చేయాలనుకుంటుంది.అతను క్యూబ్‌కు 14 oun న్సులు, 3 oun న్సులు ఉపయోగించే మీడియం క్యూబ్స్, oun న్స్‌లో 1/2 ఉపయోగించే చిన్న క్యూబ్స్ మరియు చిన్న ఘనాల సగం పరిమాణంలో ఉన్న చిన్న ఘనాల తయారు చేయవచ్చు.అతను 9 జెయింట్ క్యూబ్స్, 14 చిన్న క్యూబ్స్, 12 మీడియం క్యూబ్స్ మరియు కొన్ని చిన్న ఘనాలతో సహా మొత్తం 47 ఐస్ క్యూబ్స్ తయారు చేస్తాడు.లూకాకు ఎన్ని oun న్సుల నీరు మిగిలి ఉంది?",165
"దేశాన్ 312 oun న్సుల నీటితో వేర్వేరు పరిమాణ ఐస్ క్యూబ్స్ తయారు చేయాలనుకుంటాడు.అతను క్యూబ్‌కు 15 oun న్సులు ఉపయోగించే దిగ్గజం క్యూబ్స్‌ను, 5 oun న్సుల మీడియం క్యూబ్స్, oun న్స్‌లో 1/2 ఉపయోగించే చిన్న ఘనాల మరియు చిన్న ఘనాల సగం పరిమాణంలో ఉన్న చిన్న ఘనాల తయారు చేయవచ్చు.అతను 8 జెయింట్ క్యూబ్స్, 14 చిన్న క్యూబ్స్, 12 మీడియం క్యూబ్స్ మరియు కొన్ని చిన్న ఘనాలతో సహా మొత్తం 46 ఐస్ క్యూబ్స్ తయారు చేస్తాడు.డెషాన్ ఎన్ని oun న్సుల నీరు మిగిలి ఉంది?",122
"నోహ్ 336 oun న్సుల నీటితో వేర్వేరు పరిమాణ ఐస్ క్యూబ్స్ తయారు చేయాలనుకుంటున్నాడు.అతను క్యూబ్‌కు 15 oun న్సులు ఉపయోగించే దిగ్గజం క్యూబ్స్‌ను, 4 oun న్సులు ఉపయోగించే మీడియం క్యూబ్స్, oun న్స్‌లో 1/2 ఉపయోగించే చిన్న ఘనాల మరియు చిన్న ఘనాల సగం పరిమాణంలో ఉన్న చిన్న ఘనాల తయారు చేయవచ్చు.అతను 8 జెయింట్ క్యూబ్స్, 14 చిన్న క్యూబ్స్, 15 మీడియం క్యూబ్స్ మరియు కొన్ని చిన్న ఘనాలతో సహా మొత్తం 49 ఐస్ క్యూబ్స్ తయారు చేస్తాడు.నోవహుకు ఎన్ని oun న్సుల నీరు మిగిలి ఉంది?",146
"విక్టర్ 313 oun న్సుల నీటితో వేర్వేరు పరిమాణ ఐస్ క్యూబ్స్ తయారు చేయాలనుకుంటున్నారు.అతను క్యూబ్‌కు 12 oun న్సులు, 4 oun న్సులు ఉపయోగించే మీడియం క్యూబ్స్, oun న్స్‌లో 1/2 ఉపయోగించే చిన్న ఘనాల మరియు చిన్న ఘనాల సగం పరిమాణంలో ఉన్న చిన్న ఘనాల తయారు చేయవచ్చు.అతను 12 జెయింట్ క్యూబ్స్, 14 చిన్న క్యూబ్స్, 12 మీడియం క్యూబ్స్ మరియు కొన్ని చిన్న క్యూబ్స్ సహా 50 మొత్తం ఐస్ క్యూబ్స్‌ను తయారు చేస్తాడు.విక్టర్ ఎన్ని oun న్సుల నీరు మిగిలి ఉంది?",111
"అలెజాండ్రో 309 oun న్సుల నీటితో వేర్వేరు పరిమాణ ఐస్ క్యూబ్స్ తయారు చేయాలనుకుంటున్నారు.అతను క్యూబ్‌కు 14 oun న్సులు ఉపయోగించే దిగ్గజం క్యూబ్స్, 6 oun న్సులు ఉపయోగించే మీడియం క్యూబ్స్, oun న్స్‌లో 1/2 ఉపయోగించే చిన్న ఘనాల మరియు చిన్న ఘనాల సగం పరిమాణంలో ఉన్న చిన్న ఘనాల తయారు చేయవచ్చు.అతను 9 జెయింట్ క్యూబ్స్, 14 చిన్న క్యూబ్స్, 15 మీడియం క్యూబ్స్ మరియు కొన్ని చిన్న క్యూబ్స్ సహా 50 మొత్తం ఐస్ క్యూబ్స్ తయారు చేస్తాడు.అలెజాండ్రోకు ఎన్ని oun న్సుల నీరు మిగిలి ఉంది?",83
"ఆలివర్ 326 oun న్సుల నీటితో వేర్వేరు పరిమాణ ఐస్ క్యూబ్స్ తయారు చేయాలనుకుంటున్నారు.అతను క్యూబ్‌కు 14 oun న్సులు ఉపయోగించే దిగ్గజం క్యూబ్స్, 4 oun న్సులు ఉపయోగించే మీడియం క్యూబ్స్, oun న్స్‌లో 2/4 ఉపయోగించే చిన్న ఘనాల మరియు చిన్న ఘనాల సగం పరిమాణంలో ఉన్న చిన్న ఘనాల తయారు చేయవచ్చు.అతను 10 జెయింట్ క్యూబ్స్, 14 చిన్న క్యూబ్స్, 12 మీడియం క్యూబ్స్ మరియు కొన్ని చిన్న ఘనాలతో సహా మొత్తం 48 ఐస్ క్యూబ్స్ తయారు చేస్తాడు.ఆలివర్ ఎన్ని oun న్సుల నీరు మిగిలి ఉంది?",128
"కార్లోస్ 318 oun న్సుల నీటితో వేర్వేరు పరిమాణ ఐస్ క్యూబ్స్ తయారు చేయాలనుకుంటున్నారు.అతను క్యూబ్‌కు 13 oun న్సులు, 3 oun న్సులను ఉపయోగించే మీడియం క్యూబ్స్, oun న్స్‌లో 2/4 ఉపయోగించే చిన్న ఘనాల మరియు చిన్న ఘనాల సగం పరిమాణంలో ఉన్న చిన్న ఘనాల తయారు చేయవచ్చు.అతను 9 జెయింట్ క్యూబ్స్, 14 చిన్న క్యూబ్స్, 12 మీడియం క్యూబ్స్ మరియు కొన్ని చిన్న ఘనాలతో సహా మొత్తం 47 ఐస్ క్యూబ్స్ తయారు చేస్తాడు.కార్లోస్ ఎన్ని oun న్సుల నీరు మిగిలి ఉంది?",155
"మాటియో 322 oun న్సుల నీటితో వేర్వేరు పరిమాణ ఐస్ క్యూబ్స్ తయారు చేయాలనుకుంటున్నారు.అతను క్యూబ్‌కు 12 oun న్సులు ఉపయోగించే దిగ్గజం ఘనాల, 6 oun న్సులు ఉపయోగించే మీడియం క్యూబ్స్, oun న్స్‌లో 2/4 ఉపయోగించే చిన్న ఘనాల మరియు చిన్న ఘనాల సగం పరిమాణంలో ఉన్న చిన్న ఘనాల తయారు చేయవచ్చు.అతను 10 జెయింట్ క్యూబ్స్, 14 చిన్న క్యూబ్స్, 12 మీడియం క్యూబ్స్ మరియు కొన్ని చిన్న ఘనాలతో సహా మొత్తం 48 ఐస్ క్యూబ్స్ తయారు చేస్తాడు.మాటియోకు ఎన్ని oun న్సుల నీరు మిగిలి ఉంది?",120
"అలెజాండ్రో 341 oun న్సుల నీటితో వేర్వేరు పరిమాణ ఐస్ క్యూబ్స్ తయారు చేయాలనుకుంటున్నారు.అతను క్యూబ్‌కు 13 oun న్సులు, 3 oun న్సులు ఉపయోగించే మీడియం క్యూబ్స్, oun న్స్‌లో 1/2 ఉపయోగించే చిన్న ఘనాల మరియు చిన్న ఘనాల సగం పరిమాణంలో ఉన్న చిన్న ఘనాల తయారు చేయవచ్చు.అతను 9 జెయింట్ క్యూబ్స్, 14 చిన్న క్యూబ్స్, 15 మీడియం క్యూబ్స్ మరియు కొన్ని చిన్న క్యూబ్స్ సహా 50 మొత్తం ఐస్ క్యూబ్స్ తయారు చేస్తాడు.అలెజాండ్రోకు ఎన్ని oun న్సుల నీరు మిగిలి ఉంది?",169
"అలీ 331 oun న్సుల నీటితో వేర్వేరు పరిమాణ ఐస్ క్యూబ్స్ తయారు చేయాలనుకుంటున్నారు.అతను క్యూబ్‌కు 16 oun న్సులు, 4 oun న్సులను ఉపయోగించే మీడియం క్యూబ్స్, oun న్స్‌లో 1/2 ఉపయోగించే చిన్న ఘనాల మరియు చిన్న ఘనాల సగం పరిమాణంలో ఉన్న చిన్న ఘనాల తయారు చేయవచ్చు.అతను 10 జెయింట్ క్యూబ్స్, 14 చిన్న క్యూబ్స్, 12 మీడియం క్యూబ్స్ మరియు కొన్ని చిన్న ఘనాలతో సహా మొత్తం 48 ఐస్ క్యూబ్స్ తయారు చేస్తాడు.అలీకి ఎన్ని oun న్సుల నీరు మిగిలి ఉంది?",113
"100-అంశాల క్విజ్‌లో, 40% ప్రశ్నలు కెమిస్ట్రీ, 20% భౌగోళికం, మరియు మిగిలినవి చరిత్ర మరియు బీజగణిత ప్రశ్నలుగా సమానంగా విభజించబడ్డాయి.ఈషా భౌగోళిక ప్రశ్నలలో 25%, కెమిస్ట్రీ ప్రశ్నలలో 100% మరియు చరిత్ర మరియు బీజగణిత ప్రశ్నలలో పదవ వంతును సరిగ్గా పొందడం ఖాయం, ఆమెకు ఎన్ని పాయింట్లు లభిస్తాయి?",49
"80-అంశాల క్విజ్‌లో, 50% ప్రశ్నలు కెమిస్ట్రీ, 5% జీవశాస్త్రం, మరియు మిగిలినవి జ్యామితి మరియు సాహిత్య ప్రశ్నలుగా సమానంగా విభజించబడ్డాయి.కీషా జీవశాస్త్ర ప్రశ్నలలో 25%, కెమిస్ట్రీ ప్రశ్నలలో 70%, మరియు జ్యామితి మరియు సాహిత్య ప్రశ్నలలో మూడవ వంతు సరిగ్గా ఉంటే, ఆమెకు ఎన్ని పాయింట్లు లభిస్తాయి?",41
"80-అంశాల క్విజ్‌లో, 55% ప్రశ్నలు భౌతికశాస్త్రం, 20% జ్యామితి, మరియు మిగిలినవి సాహిత్యం మరియు భౌగోళిక ప్రశ్నలుగా సమానంగా విభజించబడ్డాయి.రానియా జ్యామితి ప్రశ్నలలో 25%, 100% భౌతిక ప్రశ్నలు మరియు సాహిత్యం మరియు భౌగోళిక ప్రశ్నలలో 1/2 సరిగ్గా లభిస్తే, ఆమెకు ఎన్ని పాయింట్లు లభిస్తాయి?",58
"40-అంశాల క్విజ్‌లో, 50% ప్రశ్నలు కెమిస్ట్రీ, 10% చరిత్ర, మరియు మిగిలినవి భౌగోళిక మరియు జీవశాస్త్ర ప్రశ్నలుగా సమానంగా విభజించబడ్డాయి.ఓల్గా చరిత్ర ప్రశ్నలలో 25%, కెమిస్ట్రీ ప్రశ్నలలో 85%, మరియు భౌగోళిక మరియు జీవశాస్త్ర ప్రశ్నలలో 1/8 సరిగ్గా ఉంటే, ఆమెకు ఎన్ని పాయింట్లు లభిస్తాయి?",20
"120-అంశాల క్విజ్‌లో, 5% ప్రశ్నలు ఆర్థిక శాస్త్రం, 20% జీవశాస్త్రం, మరియు మిగిలినవి భౌతిక మరియు చరిత్ర ప్రశ్నలుగా సమానంగా విభజించబడ్డాయి.అమేలియా జీవశాస్త్ర ప్రశ్నలలో 25%, 100% ఎకనామిక్స్ ప్రశ్నలు మరియు భౌతిక మరియు చరిత్ర ప్రశ్నలలో 1/3 సరిగ్గా లభిస్తే, ఆమెకు ఎన్ని పాయింట్లు లభిస్తాయి?",42
"80-అంశాల క్విజ్‌లో, 25% ప్రశ్నలు భౌతిక శాస్త్రం, 15% జీవశాస్త్రం, మరియు మిగిలినవి భౌగోళిక మరియు సాహిత్య ప్రశ్నలుగా సమానంగా విభజించబడ్డాయి.ఫాతిమాకు 25% జీవశాస్త్ర ప్రశ్నలు, 40% భౌతిక ప్రశ్నలు మరియు భౌగోళికం మరియు సాహిత్య ప్రశ్నలలో ఎనిమిదవ వంతు సరిగ్గా ఉంటే, ఆమెకు ఎన్ని పాయింట్లు లభిస్తాయి?",17
"120-అంశాల క్విజ్‌లో, 30% ప్రశ్నలు భౌగోళికం, 20% బీజగణితం, మరియు మిగిలినవి చరిత్ర మరియు కెమిస్ట్రీ ప్రశ్నలుగా సమానంగా విభజించబడ్డాయి.గాబ్రియేల్ బీజగణిత ప్రశ్నలలో 25%, 50% భౌగోళిక ప్రశ్నలు మరియు చరిత్ర మరియు కెమిస్ట్రీ ప్రశ్నలలో పదవ వంతు సరిగ్గా ఉంటే, ఆమెకు ఎన్ని పాయింట్లు లభిస్తాయి?",30
"80-అంశాల క్విజ్‌లో, 35% ప్రశ్నలు చరిత్ర, 15% జీవశాస్త్రం, మరియు మిగిలినవి బీజగణితం మరియు భౌగోళిక ప్రశ్నలుగా సమానంగా విభజించబడ్డాయి.నాడియాలో 25% జీవశాస్త్ర ప్రశ్నలు, చరిత్ర ప్రశ్నలలో 75% మరియు బీజగణితం మరియు భౌగోళిక ప్రశ్నలలో ఎనిమిదవ వంతు సరిగ్గా ఉంటే, ఆమెకు ఎన్ని పాయింట్లు లభిస్తాయి?",29
"80-అంశాల క్విజ్‌లో, 25% ప్రశ్నలు భౌతికశాస్త్రం, 15% జ్యామితి, మరియు మిగిలినవి కెమిస్ట్రీ మరియు సాహిత్య ప్రశ్నలుగా సమానంగా విభజించబడ్డాయి.చెన్ జ్యామితి ప్రశ్నలలో 25%, 75% భౌతిక ప్రశ్నలు మరియు కెమిస్ట్రీ మరియు సాహిత్య ప్రశ్నలలో 1/8 సరిగ్గా పొందడం ఖాయం అయితే, ఆమెకు ఎన్ని పాయింట్లు లభిస్తాయి?",24
"120-అంశాల క్విజ్‌లో, 30% ప్రశ్నలు ఆర్థిక శాస్త్రం, 20% భౌతికశాస్త్రం, మరియు మిగిలినవి సాహిత్యం మరియు జీవశాస్త్ర ప్రశ్నలుగా సమానంగా విభజించబడ్డాయి.హరుకాకు 25% భౌతిక ప్రశ్నలు, 100% ఆర్థిక ప్రశ్నలు మరియు సాహిత్యం మరియు జీవశాస్త్ర ప్రశ్నలలో 1/2 సరిగ్గా లభిస్తే, ఆమెకు ఎన్ని పాయింట్లు లభిస్తాయి?",72
"సాకురా తన 4 మంది మనవరాళ్లకు శీతాకాలపు దుస్తులు ధరిస్తోంది.అవి నాలుగు రెట్లు, కాబట్టి అవన్నీ ఒకే పరిమాణంలో ఉన్నాయి.ఆమె వాటిలో ప్రతిదానికి చొక్కా, కార్డిగాన్, శాలువ, చేతి తొడుగులు మరియు మిట్టెన్లను తయారు చేయాలనుకుంటుంది.ఇది ఒక చొక్కా తయారు చేయడానికి 5 స్కీన్లు, కార్డిగాన్ కోసం 4, శాలువకు 10, ఒక జత చేతి తొడుగులు, మరియు 9 ఒక జత మిట్టెన్లకు 9 పడుతుంది.సాకురా తన కోసం రెండు వెచ్చని జాకెట్లు తయారు చేయాలనుకుంటుంది, ప్రతి ఒక్కరికి 4 స్కిన్లు ఉన్ని అవసరం.ఉన్ని యొక్క ప్రతి డజను స్కిన్ల ధర $ 9.స్టోర్ ప్రమోషన్ కలిగి ఉంది, ఇక్కడ వినియోగదారులు $ 100 కంటే ఎక్కువ కొనుగోళ్లకు $ 20 తగ్గింపును అందుకుంటారు.ఆమెకు అవసరమైన ఉన్ని యొక్క అన్ని స్కిన్లకు సాకురా ఎంత చెల్లించాలి?",106
"ఫాతిమా తన 5 మంది మనవరాళ్లకు శీతాకాలపు దుస్తులు ధరిస్తోంది.అవి క్వింట్యూప్లెట్లు, కాబట్టి అవన్నీ ఒకే పరిమాణంలో ఉన్నాయి.ఆమె ప్రతి ఒక్కరికి బీని, వెస్ట్, కార్డిగాన్, గ్లోవ్స్ మరియు మిట్టెన్లను తయారు చేయాలనుకుంటుంది.ఇది బీని తయారు చేయడానికి 4 స్కీన్లు, ఒక చొక్కా కోసం 6, కార్డిగాన్ కోసం 8, ఒక జత చేతి తొడుగులకు 12, మరియు ఒక జత మిట్టెన్లకు 10 పడుతుంది.ఫాతిమా తన కోసం రెండు వెచ్చని జాకెట్లు తయారు చేయాలనుకుంటుంది, ప్రతి ఒక్కరికి 8 స్కిన్లు ఉన్ని అవసరం.ఉన్ని యొక్క ప్రతి డజను స్కిన్లకు $ 8 ఖర్చవుతుంది.స్టోర్ ప్రమోషన్ కలిగి ఉంది, ఇక్కడ వినియోగదారులు $ 100 కంటే ఎక్కువ కొనుగోళ్లకు $ 20 తగ్గింపును అందుకుంటారు.ఆమెకు అవసరమైన ఉన్ని యొక్క అన్ని స్కిన్లకు ఫాతిమా ఎంత చెల్లించాలి?",124
"వలేరియా తన 4 మంది మనవరాళ్లకు శీతాకాలపు దుస్తులు ధరిస్తోంది.అవి నాలుగు రెట్లు, కాబట్టి అవన్నీ ఒకే పరిమాణంలో ఉన్నాయి.ఆమె వాటిలో ప్రతిదానికి ఒక ట్యూనిక్, టోపీ, శాలువ, బూటీలు మరియు చేతి తొడుగులు చేయాలనుకుంటుంది.ఇది ఒక ట్యూనిక్ చేయడానికి 6 స్కీన్లు ఉన్ని, టోపీకి 6, శాలువకు 12, ఒక జత బూటీలకు 12, మరియు ఒక జత చేతి తొడుగులకు 13 పడుతుంది.వలేరియా తన కోసం రెండు వెచ్చని జాకెట్లు తయారు చేయాలనుకుంటుంది, ప్రతి ఒక్కరికి 4 స్కిన్లు ఉన్ని అవసరం.ఉన్ని యొక్క ప్రతి డజను స్కిన్ల ధర $ 9.స్టోర్ ప్రమోషన్ కలిగి ఉంది, ఇక్కడ వినియోగదారులు $ 100 కంటే ఎక్కువ కొనుగోళ్లకు $ 20 తగ్గింపును అందుకుంటారు.ఆమెకు అవసరమైన ఉన్ని యొక్క అన్ని స్కిన్లకు వలేరియా ఎంత చెల్లించాలి?",133
"వాలెంటినా తన 5 మంది మనవరాళ్లకు శీతాకాలపు దుస్తులు ధరించింది.అవి క్వింట్యూప్లెట్లు, కాబట్టి అవన్నీ ఒకే పరిమాణంలో ఉన్నాయి.ఆమె ప్రతి ఒక్కరికి శాలువ, ట్యూనిక్, కార్డిగాన్, బూటీలు మరియు చేతి తొడుగులు చేయాలనుకుంటుంది.ఇది శాలువకు 5 స్కోల్, 3, ఒక ట్యూనిక్ కోసం 3, కార్డిగాన్ కోసం 9, ఒక జత బూటీలకు 10, మరియు ఒక జత చేతి తొడుగులకు 11 పడుతుంది.వాలెంటినా తన కోసం రెండు వెచ్చని జాకెట్లు తయారు చేయాలనుకుంటుంది, ప్రతి ఒక్కరికి 7 స్కిన్లు ఉన్ని అవసరం.ఉన్ని యొక్క ప్రతి డజను స్కిన్ల ధర $ 7.స్టోర్ ప్రమోషన్ కలిగి ఉంది, ఇక్కడ వినియోగదారులు $ 100 కంటే ఎక్కువ కొనుగోళ్లకు $ 20 తగ్గింపును అందుకుంటారు.ఆమెకు అవసరమైన ఉన్ని యొక్క అన్ని స్కిన్లకు వాలెంటినా ఎంత చెల్లించాలి?",99
"ఉమా తన 4 మంది మనవరాళ్లకు శీతాకాలపు దుస్తులు ధరిస్తోంది.అవి నాలుగు రెట్లు, కాబట్టి అవన్నీ ఒకే పరిమాణంలో ఉన్నాయి.ఆమె ప్రతి ఒక్కరికీ శాలువ, టోపీ, కార్డిగాన్, లెగ్ వార్మర్లు మరియు సాక్స్ చేయాలనుకుంటుంది.ఇది శాలువ చేయడానికి 5 స్కోల్, టోపీకి 3, కార్డిగాన్ కోసం 12, ఒక జత లెగ్ వార్మర్లకు 11, మరియు 15, ఒక జత సాక్స్ కోసం 15 పడుతుంది.ఉమా తన కోసం రెండు వెచ్చని జాకెట్లు తయారు చేయాలనుకుంటుంది, ప్రతి ఒక్కరికి 10 స్కిన్లు ఉన్ని అవసరం.ఉన్ని యొక్క ప్రతి డజను స్కిన్ల ధర $ 9.స్టోర్ ప్రమోషన్ కలిగి ఉంది, ఇక్కడ వినియోగదారులు $ 100 కంటే ఎక్కువ కొనుగోళ్లకు $ 20 తగ్గింపును అందుకుంటారు.ఆమెకు అవసరమైన ఉన్ని యొక్క అన్ని స్కిన్లకు ఉమా ఎంత చెల్లించాలి?",133
"రోయా తన 5 మంది మనవరాళ్లకు శీతాకాలపు దుస్తులు ధరిస్తోంది.అవి క్వింట్యూప్లెట్లు, కాబట్టి అవన్నీ ఒకే పరిమాణంలో ఉన్నాయి.ఆమె ప్రతి ఒక్కరికీ కార్డిగాన్, పోంచో, ater లుకోటు, సాక్స్ మరియు మిట్టెన్లను తయారు చేయాలనుకుంటుంది.కార్డిగాన్ చేయడానికి 5 స్కీన్లు ఉన్ని, పోంచోకు 3, స్వెటర్‌కు 8, ఒక జత సాక్స్‌కు 10, మరియు ఒక జత మిట్టెన్లకు 14 పడుతుంది.రోయా తన కోసం రెండు వెచ్చని జాకెట్లు తయారు చేయాలనుకుంటుంది, ప్రతి ఒక్కరికి 8 స్కిన్లు ఉన్ని అవసరం.ఉన్ని యొక్క ప్రతి డజను స్కిన్లకు $ 8 ఖర్చవుతుంది.స్టోర్ ప్రమోషన్ కలిగి ఉంది, ఇక్కడ వినియోగదారులు $ 100 కంటే ఎక్కువ కొనుగోళ్లకు $ 20 తగ్గింపును అందుకుంటారు.ఆమెకు అవసరమైన ఉన్ని యొక్క అన్ని స్కిన్లకు రోయా ఎంత చెల్లించాలి?",124
"గాబ్రియేల్ తన 5 మంది మనవరాళ్లకు శీతాకాలపు దుస్తులు ధరిస్తున్నారు.అవి క్వింట్యూప్లెట్లు, కాబట్టి అవన్నీ ఒకే పరిమాణంలో ఉన్నాయి.ఆమె ప్రతిదానికి పోంచో, ater లుకోటు, టోపీ, మిట్టెన్స్ మరియు లెగ్ వార్మర్‌లను తయారు చేయాలనుకుంటుంది.ఇది పోంచో చేయడానికి 6 స్కీన్లు ఉన్ని, 3, ఒక ater లుకోటుకు 3, టోపీకి 12, ఒక జత మిట్టెన్లకు 11, మరియు ఒక జత లెగ్ వార్మర్‌లకు 12 పడుతుంది.గాబ్రియేల్ తన కోసం రెండు వెచ్చని జాకెట్లు తయారు చేయాలనుకుంటున్నారు, ప్రతి ఒక్కరికి 10 స్కిన్లు ఉన్ని అవసరం.ఉన్ని యొక్క ప్రతి డజను స్కిన్ల ధర $ 7.స్టోర్ ప్రమోషన్ కలిగి ఉంది, ఇక్కడ వినియోగదారులు $ 100 కంటే ఎక్కువ కొనుగోళ్లకు $ 20 తగ్గింపును అందుకుంటారు.ఆమెకు అవసరమైన ఉన్ని యొక్క అన్ని స్కిన్లకు గాబ్రియేల్ ఎంత చెల్లించాలి?",120
"జాస్మిన్ తన 5 మంది మనవరాళ్లకు శీతాకాలపు దుస్తులు ధరిస్తోంది.అవి క్వింట్యూప్లెట్లు, కాబట్టి అవన్నీ ఒకే పరిమాణంలో ఉన్నాయి.ఆమె వాటిలో ప్రతిదానికి పోంచో, కార్డిగాన్, ట్యూనిక్, బూటీలు మరియు మిట్టెన్లను తయారు చేయాలనుకుంటుంది.పోంచో చేయడానికి 6 స్కీన్లు ఉన్ని, కార్డిగాన్ కోసం 4, ఒక ట్యూనిక్ కోసం 10, ఒక జత బూటీలకు 12, మరియు ఒక జత మిట్టెన్లకు 10 పడుతుంది.జాస్మిన్ తనకోసం రెండు వెచ్చని జాకెట్లు తయారు చేయాలనుకుంటుంది, ప్రతి ఒక్కరికి 9 స్కిన్లు ఉన్ని అవసరం.ఉన్ని యొక్క ప్రతి డజను స్కిన్ల ధర $ 6.స్టోర్ ప్రమోషన్ కలిగి ఉంది, ఇక్కడ వినియోగదారులు $ 100 కంటే ఎక్కువ కొనుగోళ్లకు $ 20 తగ్గింపును అందుకుంటారు.ఆమెకు అవసరమైన ఉన్ని యొక్క అన్ని స్కిన్లకు జాస్మిన్ ఎంత చెల్లించాలి?",94
"కైలా తన 5 మంది మనవరాళ్లకు శీతాకాలపు దుస్తులు ధరిస్తోంది.అవి క్వింట్యూప్లెట్లు, కాబట్టి అవన్నీ ఒకే పరిమాణంలో ఉన్నాయి.ఆమె ప్రతిదానికి పోంచో, ater లుకోటు, ట్యూనిక్, లెగ్ వార్మర్లు మరియు మిట్టెన్లను తయారు చేయాలనుకుంటుంది.పోంచో చేయడానికి 3 స్కీన్లు ఉన్ని, 3, ఒక ater లుకోటుకు 3, ఒక ట్యూనిక్ కోసం 10, ఒక జత లెగ్ వార్మర్‌లకు 10, మరియు ఒక జత మిట్టెన్లకు 10 పడుతుంది.కైలా తన కోసం రెండు వెచ్చని జాకెట్లు తయారు చేయాలనుకుంటున్నారు, ప్రతి ఒక్కరికి 6 స్కిన్లు ఉన్ని అవసరం.ఉన్ని యొక్క ప్రతి డజను స్కిన్లకు $ 8 ఖర్చవుతుంది.స్టోర్ ప్రమోషన్ కలిగి ఉంది, ఇక్కడ వినియోగదారులు $ 100 కంటే ఎక్కువ కొనుగోళ్లకు $ 20 తగ్గింపును అందుకుంటారు.ఆమెకు అవసరమైన ఉన్ని యొక్క అన్ని స్కిన్లకు కైలా ఎంత చెల్లించాలి?",108
"తారా తన 4 మంది మనవరాళ్లకు శీతాకాలపు దుస్తులు ధరిస్తోంది.అవి నాలుగు రెట్లు, కాబట్టి అవన్నీ ఒకే పరిమాణంలో ఉన్నాయి.ఆమె ప్రతి ఒక్కరికీ బీని, కార్డిగాన్, శాలువ, బూటీలు మరియు చేతి తొడుగులు తయారు చేయాలనుకుంటుంది.బీని తయారు చేయడానికి 5 స్కీన్లు ఉన్ని, కార్డిగాన్ కోసం 5, శాలువకు 12, ఒక జత బూటీలకు 8, మరియు ఒక జత చేతి తొడుగులకు 15 పడుతుంది.తారా తన కోసం రెండు వెచ్చని జాకెట్లు తయారు చేయాలనుకుంటుంది, ప్రతి ఒక్కరికి 6 స్కిన్లు ఉన్ని అవసరం.ఉన్ని యొక్క ప్రతి డజను స్కిన్లకు $ 8 ఖర్చవుతుంది.స్టోర్ ప్రమోషన్ కలిగి ఉంది, ఇక్కడ వినియోగదారులు $ 100 కంటే ఎక్కువ కొనుగోళ్లకు $ 20 తగ్గింపును అందుకుంటారు.తారా ఆమెకు అవసరమైన ఉన్ని యొక్క అన్ని స్కిన్లకు ఎంత చెల్లించాలి?",108
"శ్రీమతి జాన్సన్ యొక్క 100 మంది విద్యార్థుల తరగతిలో, తరగతిలో 46% మంది సాకర్ ఆటగాళ్ళు.మిగిలిన తరగతిలో, 50% మంది విద్యార్థులు రోబోటిక్స్ క్లబ్ సభ్యులు లేదా నృత్యకారులలో భాగం.ఈ 3 సమూహాల విద్యార్థులు ఈ రోజు ప్రారంభంలో బయలుదేరాలి.సాకర్ ఆటగాళ్ళలో సగం మంది అనారోగ్యంతో బాధపడుతున్నారు.అలాగే, 3 చీర్లీడర్లు ఈ సమూహాలలో ప్రతి ఒక్కరితో పాటు వస్తారు.పోటీకి ఎంత మంది విద్యార్థులు బయలుదేరుతున్నారు?",59
"శ్రీమతి జాన్సన్ యొక్క 150 మంది విద్యార్థుల తరగతిలో, తరగతిలో 40% మంది సాకర్ ఆటగాళ్ళు.మిగిలిన తరగతిలో, 30% మంది విద్యార్థులు నృత్యకారులు లేదా గాయక సభ్యులలో భాగం.ఈ 3 సమూహాల విద్యార్థులు ఈ రోజు ప్రారంభంలో బయలుదేరాలి.సాకర్ ఆటగాళ్ళలో సగం మంది అనారోగ్యంతో బాధపడుతున్నారు.అలాగే, 3 చీర్లీడర్లు ఈ సమూహాలలో ప్రతి ఒక్కరితో పాటు వస్తారు.పోటీకి ఎంత మంది విద్యార్థులు బయలుదేరుతున్నారు?",66
"శ్రీమతి గార్సియా యొక్క 160 మంది విద్యార్థుల తరగతిలో, తరగతిలో 50% మంది ఈతగాళ్ళు.మిగిలిన తరగతిలో, 35% మంది విద్యార్థులు చర్చా జట్టు సభ్యులు లేదా నృత్యకారులలో భాగం.ఈ 3 సమూహాల విద్యార్థులు ఈ రోజు ప్రారంభంలో బయలుదేరాలి.ఈతగాళ్ళలో సగం మంది అనారోగ్యంతో లేరు.అలాగే, 3 చీర్లీడర్లు ఈ సమూహాలలో ప్రతి ఒక్కరితో పాటు వస్తారు.టోర్నమెంట్‌కు ఎంత మంది విద్యార్థులు బయలుదేరుతున్నారు?",77
"శ్రీమతి జాన్సన్ యొక్క 20 మంది విద్యార్థుల తరగతిలో, తరగతిలో 20% మంది సాకర్ ఆటగాళ్ళు.మిగిలిన తరగతిలో, 50% మంది విద్యార్థులు చర్చా జట్టు సభ్యులు లేదా గాయక సభ్యులలో భాగం.ఈ 3 సమూహాల విద్యార్థులు ఈ రోజు ప్రారంభంలో బయలుదేరాలి.సాకర్ ఆటగాళ్ళలో సగం మంది అనారోగ్యంతో బాధపడుతున్నారు.అలాగే, 3 చీర్లీడర్లు ఈ సమూహాలలో ప్రతి ఒక్కరితో పాటు వస్తారు.పోటీకి ఎంత మంది విద్యార్థులు బయలుదేరుతున్నారు?",19
"డాక్టర్ లీ యొక్క 104 మంది విద్యార్థుల తరగతిలో, తరగతిలో 50% మంది వాలీబాల్ ఆటగాళ్ళు.మిగిలిన తరగతిలో, 25% మంది విద్యార్థులు రోబోటిక్స్ క్లబ్ సభ్యులు లేదా గాయక సభ్యులలో భాగం.ఈ 3 సమూహాల విద్యార్థులు ఈ రోజు ప్రారంభంలో బయలుదేరాలి.వాలీబాల్ ఆటగాళ్ళలో సగం మంది అనారోగ్యంతో బాధపడుతున్నారు.అలాగే, 3 చీర్లీడర్లు ఈ సమూహాలలో ప్రతి ఒక్కరితో పాటు వస్తారు.పోటీకి ఎంత మంది విద్యార్థులు బయలుదేరుతున్నారు?",48
"మిస్టర్ స్మిత్ యొక్క 80 మంది విద్యార్థుల తరగతిలో, తరగతిలో 20% బాస్కెట్‌బాల్ క్రీడాకారులు.మిగిలిన తరగతిలో, 50% మంది విద్యార్థులు నృత్యకారులు లేదా చర్చా జట్టు సభ్యులలో భాగం.ఈ 3 సమూహాల విద్యార్థులు ఈ రోజు ప్రారంభంలో బయలుదేరాలి.బాస్కెట్‌బాల్ క్రీడాకారులలో సగం మంది అనారోగ్యంతో బాధపడుతున్నారు.అలాగే, 3 చీర్లీడర్లు ఈ సమూహాలలో ప్రతి ఒక్కరితో పాటు వస్తారు.టోర్నమెంట్‌కు ఎంత మంది విద్యార్థులు బయలుదేరుతున్నారు?",49
"శ్రీమతి గార్సియా యొక్క 84 మంది విద్యార్థుల తరగతిలో, తరగతిలో 50% మంది ఈతగాళ్ళు.మిగిలిన తరగతిలో, 50% మంది విద్యార్థులు చర్చా జట్టు సభ్యులు లేదా గాయక సభ్యులలో భాగం.ఈ 3 సమూహాల విద్యార్థులు ఈ రోజు ప్రారంభంలో బయలుదేరాలి.ఈతగాళ్ళలో సగం మంది అనారోగ్యంతో లేరు.అలాగే, 3 చీర్లీడర్లు ఈ సమూహాలలో ప్రతి ఒక్కరితో పాటు వస్తారు.టోర్నమెంట్‌కు ఎంత మంది విద్యార్థులు బయలుదేరుతున్నారు?",51
"శ్రీమతి జాన్సన్ యొక్క 50 మంది విద్యార్థుల తరగతిలో, తరగతిలో 52% మంది సాకర్ ఆటగాళ్ళు.మిగిలిన తరగతిలో, 50% మంది విద్యార్థులు చర్చా జట్టు సభ్యులు లేదా రోబోటిక్స్ క్లబ్ సభ్యులలో భాగం.ఈ 3 సమూహాల విద్యార్థులు ఈ రోజు ప్రారంభంలో బయలుదేరాలి.సాకర్ ఆటగాళ్ళలో సగం మంది అనారోగ్యంతో బాధపడుతున్నారు.అలాగే, 3 చీర్లీడర్లు ఈ సమూహాలలో ప్రతి ఒక్కరితో పాటు వస్తారు.పోటీకి ఎంత మంది విద్యార్థులు బయలుదేరుతున్నారు?",34
"డాక్టర్ లీ యొక్క 120 మంది విద్యార్థుల తరగతిలో, తరగతిలో 25% మంది వాలీబాల్ ఆటగాళ్ళు.మిగిలిన తరగతిలో, 30% మంది విద్యార్థులు చర్చా జట్టు సభ్యులు లేదా నృత్యకారులలో భాగం.ఈ 3 సమూహాల విద్యార్థులు ఈ రోజు ప్రారంభంలో బయలుదేరాలి.వాలీబాల్ ఆటగాళ్ళలో సగం మంది అనారోగ్యంతో బాధపడుతున్నారు.అలాగే, 3 చీర్లీడర్లు ఈ సమూహాలలో ప్రతి ఒక్కరితో పాటు వస్తారు.పోటీకి ఎంత మంది విద్యార్థులు బయలుదేరుతున్నారు?",51
"మిస్టర్ స్మిత్ యొక్క 125 మంది విద్యార్థుల తరగతిలో, తరగతిలో 40% మంది బాస్కెట్‌బాల్ క్రీడాకారులు.మిగిలిన తరగతిలో, 24% మంది విద్యార్థులు రోబోటిక్స్ క్లబ్ సభ్యులు లేదా గాయక సభ్యులలో భాగం.ఈ 3 సమూహాల విద్యార్థులు ఈ రోజు ప్రారంభంలో బయలుదేరాలి.బాస్కెట్‌బాల్ క్రీడాకారులలో సగం మంది అనారోగ్యంతో బాధపడుతున్నారు.అలాగే, 3 చీర్లీడర్లు ఈ సమూహాలలో ప్రతి ఒక్కరితో పాటు వస్తారు.టోర్నమెంట్‌కు ఎంత మంది విద్యార్థులు బయలుదేరుతున్నారు?",52
