question,answer_number
"Sakura andò al lungomare per le vacanze.I suoi genitori le hanno dato € 1300 per comprare quello che voleva.Nel negozio di articoli da regalo, Saltwater Taffy era in vendita per ""Acquista 16 kg a € 22 per kg, ricevi 4 kg 1/4 di sconto"".Ha raccolto 22 kg.Ha anche comprato un miscuglio di stelle marine per € 11,0 e 12 portachiavi che erano € 20,0 ciascuno.Sakura ha quindi donato € 5 in un supporto di beneficenza lungo la strada.Quanti soldi ha rimasto Sakura?",582
"Kayla andò al molo per le vacanze.I suoi genitori le hanno dato ₺1400 per comprare quello che voleva.Al negozio di spiaggia, Rock Candy era in vendita per ""Acquista 16 kg a ₺22 per kg, ricevi 6 kg 2/3 di sconto"".Ha raccolto 23 kg.Ha anche comprato un miscuglio di vetro di mare per ₺11,0 e 14 adesivi che erano ₺20,5 ciascuno.Kayla ha quindi donato ₺5 in un supporto di beneficenza lungo la strada.Quanti soldi resta Kayla?",679
"Chen andò al lungomare per le vacanze.I suoi genitori le hanno dato $ 1300 per comprare quello che voleva.Nel negozio di articoli da regalo, Saltwater Taffy era in vendita per ""Acquista 16 kg a $ 22 per kg, ricevi 6 kg 1/4 di sconto"".Ha raccolto 23 kg.Ha anche comprato un miscuglio di stelle marine per $ 11,0 e 11 portachiavi che erano $ 21,0 ciascuno.Chen ha quindi donato $ 5 in un supporto di beneficenza lungo la strada.Quanti soldi ha rimasto Chen?",580
"Fatima andò al molo per le vacanze.I suoi genitori le hanno dato ₣ 1200 per comprare quello che voleva.Al negozio di spiaggia, Rock Candy era in vendita per ""Acquista 16 kg a ₣ 20 per kg, ricevi 6 kg 1/3 di sconto"".Ha raccolto 23 kg.Ha anche comprato un miscuglio di vetro di mare per ₣ 11,0 e 13 adesivi che erano ₣ 20,0 ciascuno.Fatima ha quindi donato ₣ 5 in un supporto di beneficenza lungo la strada.Quanti soldi ha rimasto Fatima?",504
"Ava andò sulla costa per vacanza.I suoi genitori le hanno dato $ 1400 per comprare quello che voleva.Nel negozio di mare, Cotton Candy era in vendita per ""Acquista 17 sterline a $ 22 per sterlina, ottieni 4 sterline 1/2 di sconto"".Ha raccolto 23 sterline.Ha anche comprato un miscuglio di pezzi di corallo per $ 11,0 e 18 perni che erano $ 20,5 ciascuno.Ava ha quindi donato $ 5 in un supporto di beneficenza lungo la strada.Quanti soldi ha lasciato Ava?",553
"Valeria andò sulla costa per vacanza.I suoi genitori le hanno dato € 1300 per comprare quello che voleva.Nel negozio di mare, Cotton Candy era in vendita per ""Acquista 15 sterline a € 21 per libbra, ottieni 5 sterline 1/3 di sconto"".Ha raccolto 23 sterline.Ha anche comprato un miscuglio di pezzi di corallo per € 11,0 e 11 perni che erano di € 21,0 ciascuno.Valeria ha quindi donato € 5 in un supporto di beneficenza lungo la strada.Quanti soldi resta Valeria?",605
"Sophia andò al molo per le vacanze.I suoi genitori le hanno dato ₺1400 per comprare quello che voleva.Al negozio di spiaggia, Rock Candy era in vendita per ""Acquista 17 kg a ₺20 per kg, prendi 5 kg 1/2 di sconto"".Ha raccolto 23 kg.Ha anche comprato un miscuglio di vetro di mare per ₺11,0 e 13 adesivi che erano ₺20,0 ciascuno.Sophia ha quindi donato ₺5 in un supporto di beneficenza lungo la strada.Quanti soldi ha rimasto Sophia?",714
"Mei andò in spiaggia per le vacanze.I suoi genitori le hanno dato 1300 ¥ per comprare quello che voleva.Nel negozio di souvenir, Fudge era in vendita per ""Acquista 15 chilogrammi a ¥ 23 per chilogrammo, ricevi 4 chilogrammi 1/4 di sconto"".Ha raccolto 20 chilogrammi.Ha anche comprato un miscuglio di dollari di sabbia per ¥ 11,0 e 14 cartoline che erano ¥ 21,0 ciascuna.Mei ha quindi donato ¥ 5 in uno stand di beneficenza lungo la strada.Quanti soldi ha rimasto Mei?",553
"Sophia andò al molo per le vacanze.I suoi genitori le hanno dato ₺1400 per comprare quello che voleva.Al negozio di spiaggia, Rock Candy era in vendita per ""Acquista 15 chilogrammi a ₺23 per chilogrammo, ricevi 6 chilogrammi 1/3 di sconto"".Ha raccolto 23 chilogrammi.Ha anche comprato un miscuglio di vetro di mare per ₺11,0 e 18 adesivi che erano ₺20,5 ciascuno.Sophia ha quindi donato ₺5 in un supporto di beneficenza lungo la strada.Quanti soldi ha rimasto Sophia?",532
"Tara andò al lungomare per le vacanze.I suoi genitori le hanno dato ₣ 1200 per comprare quello che voleva.Nel negozio di articoli da regalo, Saltwater Taffy era in vendita per ""Acquista 17 kg a ₣ 22 per kg, ricevi 4 kg 1/4 di sconto"".Ha raccolto 23 kg.Ha anche comprato un miscuglio di stelle marine per ₣ 11,0 e 12 portachiavi che erano ₣ 20,0 ciascuno.Tara ha quindi donato ₣ 5 in un supporto di beneficenza lungo la strada.Quanti soldi ha rimasto Tara?",460
"Un agricoltore sta acquistando mangimi per le sue mucche.Compra una varietà di mele, fieno, cetrioli e mais.Poiché il mais è un piacere raro, compra solo quattro scatole da 6 libbre per l'intera stalla.Vuole solo abbastanza cetrioli da nutrire le mucche mentre le verdure sono fresche, quindi acquista quattordici sacchetti da 8 libbre.Le mele sono la dieta principale delle sue mucche, quindi acquista trentacinque pacchetti da 42 libbre.Il fieno è un punto fermo per integrare le mele, quindi acquista diciotto sacchi da 18 libbre.Alla fine, compra 43 chili di generi alimentari e 27 chili di strumenti e 100 chili di legno.Un camion agricolo può trasportare 140 chili alla volta.Se l'agricoltore ha tre camion, quanti viaggi ha bisogno dell'agricoltore per trasportare tutti gli articoli acquistati?",5
"Un agricoltore sta acquistando mangimi per le sue pecore.Compra una varietà di grano, mais, barbabietole e avena.Poiché l'avena è un piacere raro, compra solo cinque scatole da 3 kg per l'intera stalla.Vuole solo abbastanza barbabietole per nutrire le pecore mentre le verdure sono fresche, quindi acquista undici borse da 7 kg.Il grano è la dieta principale delle sue pecore, quindi acquista trentaquattro pacchetti da 44 kg.Il mais è un punto fermo per integrare il grano, quindi compra diciotto sacchi da 19 kg.Alla fine, compra 43 kg di generi alimentari e 27 kg di strumenti e 100 kg di legno.Un camion agricolo può trasportare 140 kg alla volta.Se l'agricoltore ha tre camion, quanti viaggi ha bisogno dell'agricoltore per trasportare tutti gli articoli acquistati?",5
"Un agricoltore sta acquistando mangimi per le sue mucche.Compra una varietà di grano, avena, carote e mais.Poiché il mais è un piacere raro, compra solo sette scatole da 5 kg per l'intera stalla.Vuole solo abbastanza carote per nutrire le mucche mentre le verdure sono fresche, quindi acquista undici borse da 7 kg.Il grano è la dieta principale delle sue mucche, quindi acquista trentaquattro pacchetti da 39 kg.L'avena è un punto fermo per integrare il grano, quindi acquista diciannove sacchi da 18 kg.Alla fine, compra 43 kg di generi alimentari e 27 kg di strumenti e 100 kg di legno.Un camion agricolo può trasportare 130 kg alla volta.Se l'agricoltore ha tre camion, quanti viaggi ha bisogno dell'agricoltore per trasportare tutti gli articoli acquistati?",5
"Un agricoltore sta acquistando mangimi per le sue mucche.Compra una varietà di fieno, grano, carote e mele.Poiché le mele sono un piacere raro, compra solo cinque scatole da 7 libbre per l'intera stalla.Vuole solo abbastanza carote per nutrire le mucche mentre le verdure sono fresche, quindi acquista sacchi da 5 libbre da 5 libbre.Il fieno è la dieta principale delle sue mucche, quindi acquista trentacinque pacchetti da 44 libbre.Il grano è un punto fermo per integrare il fieno, quindi acquista diciannove sacchi da 15 libbre.Alla fine, compra 43 chili di generi alimentari e 27 chili di strumenti e 100 chili di legno.Un camion agricolo può trasportare 100 chili alla volta.Se l'agricoltore ha tre camion, quanti viaggi ha bisogno dell'agricoltore per trasportare tutti gli articoli acquistati?",7
"Un agricoltore sta acquistando mangimi per le sue pecore.Compra una varietà di mele, grano, carote e avena.Poiché l'avena è un piacere raro, compra solo otto scatole da 7 libbre per l'intera stalla.Vuole solo abbastanza carote per nutrire le pecore mentre le verdure sono fresche, quindi acquista borse da 6 libbre.Le mele sono la dieta principale delle sue pecore, quindi acquista trentadue pacchetti da 43 libbre.Il grano è un punto fermo per integrare le mele, quindi acquista diciotto sacchi da 17 libbre.Alla fine, compra 43 chili di generi alimentari e 27 chili di strumenti e 100 chili di legno.Un camion agricolo può trasportare 110 sterline alla volta.Se l'agricoltore ha tre camion, quanti viaggi ha bisogno dell'agricoltore per trasportare tutti gli articoli acquistati?",6
"Un agricoltore sta acquistando mangimi per i suoi alpaca.Compra una varietà di mele, grano, cetrioli e fieno.Poiché il fieno è un piacere raro, compra solo sei scatole da 3 libbre per l'intera stalla.Vuole solo abbastanza cetrioli da nutrire gli alpaca mentre le verdure sono fresche, quindi compra quindici sacchi da 8 libbre.Le mele sono la dieta principale dei suoi alpaca, quindi acquista trentaquattro pacchetti da 43 libbre.Il grano è un punto fermo per integrare le mele, quindi compra diciotto sacchi da 15 libbre.Alla fine, compra 43 chili di generi alimentari e 27 chili di strumenti e 100 chili di legno.Un camion agricolo può trasportare 170 sterline alla volta.Se l'agricoltore ha tre camion, quanti viaggi ha bisogno dell'agricoltore per trasportare tutti gli articoli acquistati?",4
"Un agricoltore sta acquistando mangimi per i suoi alpaca.Compra una varietà di mele, grano, barbabietole e fieno.Poiché il fieno è un piacere raro, compra solo sei scatole da 7 libbre per l'intera stalla.Vuole solo abbastanza barbabietole per nutrire gli alpaca mentre le verdure sono fresche, quindi acquista undici sacchi da 6 libbre.Le mele sono la dieta principale dei suoi alpaca, quindi acquista trentaquattro pacchetti da 43 libbre.Il grano è un punto fermo per integrare le mele, quindi acquista sacchi da 18 libbre.Alla fine, compra 43 chili di generi alimentari e 27 chili di strumenti e 100 chili di legno.Un camion agricolo può trasportare 100 chili alla volta.Se l'agricoltore ha tre camion, quanti viaggi ha bisogno dell'agricoltore per trasportare tutti gli articoli acquistati?",7
"Un agricoltore sta acquistando mangimi per le sue pecore.Compra una varietà di grano, avena, carote e mele.Poiché le mele sono un piacere raro, compra solo otto scatole da 4 libbre per l'intera stalla.Vuole solo abbastanza carote per nutrire le pecore mentre le verdure sono fresche, quindi acquista borse da 6 libbre.Il grano è la dieta principale delle sue pecore, quindi acquista trenta tre pacchetti da 42 libbre.L'avena è un punto fermo per integrare il grano, quindi acquista sacchi da venti da 16 libbre.Alla fine, compra 43 chili di generi alimentari e 27 chili di strumenti e 100 chili di legno.Un camion agricolo può trasportare 110 sterline alla volta.Se l'agricoltore ha tre camion, quanti viaggi ha bisogno dell'agricoltore per trasportare tutti gli articoli acquistati?",6
"Un agricoltore sta acquistando mangimi per le sue pecore.Compra una varietà di mele, avena, carote e fieno.Poiché il fieno è un piacere raro, compra solo cinque scatole da 6 libbre per l'intera stalla.Vuole solo abbastanza carote per nutrire le pecore mentre le verdure sono fresche, quindi acquista sacchetti da 6 libbre.Le mele sono la dieta principale delle sue pecore, quindi acquista trentadue pacchetti da 38 libbre.L'avena è un punto fermo per integrare le mele, quindi acquista sacchi da 25 libbre.Alla fine, compra 43 chili di generi alimentari e 27 chili di strumenti e 100 chili di legno.Un camion agricolo può trasportare 150 chili alla volta.Se l'agricoltore ha tre camion, quanti viaggi ha bisogno dell'agricoltore per trasportare tutti gli articoli acquistati?",4
"Un agricoltore sta acquistando mangimi per le sue mucche.Compra una varietà di fieno, grano, cetrioli e mais.Poiché il mais è un piacere raro, compra solo sei scatole da 5 kg per l'intera stalla.Vuole solo abbastanza cetrioli da nutrire le mucche mentre le verdure sono fresche, quindi acquista sacchi da 8 kg di quindici kg.Il fieno è la dieta principale delle sue mucche, quindi acquista trentacinque pacchetti da 35 kg.Il grano è un punto fermo per integrare il fieno, quindi acquista diciassette sacchi da 15 kg.Alla fine, compra 43 kg di generi alimentari e 27 kg di strumenti e 100 kg di legno.Un camion agricolo può trasportare 120 kg alla volta.Se l'agricoltore ha tre camion, quanti viaggi ha bisogno dell'agricoltore per trasportare tutti gli articoli acquistati?",5
"Una banca nebbia arriva dall'oceano per coprire una città.Ci vogliono 30 minuti per coprire ogni 3 miglia della città.Tuttavia, sappiamo che la velocità del vento verrà dimezzata tra un'ora.Se la città si trova a 72 miglia di fronte all'oceano fino al bordo interiore opposto, quanti minuti ci vorranno per la banca della nebbia per coprire un quarto della città?",300
"Una banca nebbia arriva dall'oceano per coprire una città.Ci vogliono 75 minuti per coprire ogni 10 miglia della città.Tuttavia, sappiamo che la velocità del vento verrà dimezzata tra un'ora.Se la città si trova a 72 miglia di fronte all'oceano fino al bordo interiore opposto, quanti minuti ci vorranno affinché la banca della nebbia copra 1/4 della città?",210
"Una banca nebbia arriva dall'oceano per coprire una città.Ci vogliono 60 minuti per coprire ogni 3 miglia della città.Tuttavia, sappiamo che la velocità del vento verrà dimezzata tra un'ora.Se la città si trova a 54 miglia di fronte all'oceano fino al bordo interiore opposto, quanti minuti ci vorranno affinché la banca della nebbia copra 1/3 della città?",660
"Una banca nebbia arriva dall'oceano per coprire una città.Ci vogliono 60 minuti per coprire ogni 6 miglia della città.Tuttavia, sappiamo che la velocità del vento verrà dimezzata tra un'ora.Se la città si trova a 72 miglia di fronte all'oceano fino al bordo interiore opposto, quanti minuti ci vorranno per la banca della nebbia per coprire 1/3 della città?",420
"Una banca nebbia arriva dall'oceano per coprire una città.Ci vogliono 25 minuti per coprire ogni 5 miglia della città.Tuttavia, sappiamo che la velocità del vento verrà dimezzata tra un'ora.Se la città si trova a 54 miglia di fronte all'oceano fino al bordo interiore opposto, quanti minuti ci vorranno affinché la banca della nebbia copra 1/2 della città?",210
"Una banca nebbia arriva dall'oceano per coprire una città.Ci vogliono 90 minuti per coprire ogni 3 miglia della città.Tuttavia, sappiamo che la velocità del vento verrà dimezzata tra un'ora.Se la città si trova a 78 miglia di fronte all'oceano fino al bordo interiore opposto, quanti minuti ci vorranno per la banca della nebbia per coprire un terzo della città?",1500
"Una banca nebbia arriva dall'oceano per coprire una città.Ci vogliono 30 minuti per coprire ogni 13 miglia della città.Tuttavia, sappiamo che la velocità del vento verrà dimezzata tra un'ora.Se la città si trova a 78 miglia di fronte all'oceano fino al bordo interiore opposto, quanti minuti ci vorranno affinché la banca della nebbia copra 1/2 della città?",120
"Una banca nebbia arriva dall'oceano per coprire una città.Ci vogliono 15 minuti per coprire ogni 3 miglia della città.Tuttavia, sappiamo che la velocità del vento verrà dimezzata tra un'ora.Se la città si trova a 96 miglia di fronte all'oceano fino al bordo interiore opposto, quanti minuti ci vorranno per la banca della nebbia per coprire un quarto della città?",180
"Una banca nebbia arriva dall'oceano per coprire una città.Ci vogliono 20 minuti per coprire ogni 3 miglia della città.Tuttavia, sappiamo che la velocità del vento verrà dimezzata tra un'ora.Se la città si trova a 72 miglia di fronte all'oceano fino al bordo interiore opposto, quanti minuti ci vorranno per la banca della nebbia per coprire un terzo della città?",260
"Una banca nebbia arriva dall'oceano per coprire una città.Ci vogliono 15 minuti per coprire ogni 3 miglia della città.Tuttavia, sappiamo che la velocità del vento verrà dimezzata tra un'ora.Se la città si trova a 96 miglia di fronte all'oceano fino al bordo interiore opposto, quanti minuti ci vorranno affinché la banca della nebbia copra 1/2 della città?",420
"Emma cammina per 32 chilometri ogni giorno sul suo sentiero preferito, che comprende 14 chilometri di camminata sulla spiaggia e 18 chilometri di camminata sul marciapiede.Sul marciapiede, Emma cammina a tre volte la velocità di velocità che fa sulla spiaggia.Tuttavia, a causa di un recente infortunio, la velocità di Emma è diminuita della metà sia sulla spiaggia che sul marciapiede.Se sono trascorsi 56 minuti della sua passeggiata sulla spiaggia, quanto tempo ci vuole per completare l'intera passeggiata di 32 chilometri, in pochi minuti?",80
"Olivia cammina 29 miglia ogni giorno sul suo sentiero preferito, che comprende 13 miglia di camminata sulla spiaggia e 16 miglia di camminata sul marciapiede.Sul marciapiede, Olivia cammina quattro volte la velocità di velocità che fa sulla spiaggia.Tuttavia, a causa di un recente infortunio, la velocità di Olivia è diminuita della metà sia sulla spiaggia che sul marciapiede.Se sono trascorsi 65 minuti della sua passeggiata sulla spiaggia, quanto tempo ci vuole per completare l'intera passeggiata di 29 miglia, in pochi minuti?",85
"Fatima percorre 26 miglia ogni giorno sul suo sentiero preferito, che comprende 11 miglia di camminata sulla spiaggia e 15 miglia di camminata sul marciapiede.Sul marciapiede, Fatima cammina tre volte la velocità di velocità che fa sulla spiaggia.Tuttavia, a causa di una recente lesione, la velocità di Fatima è diminuita della metà sia sulla spiaggia che sul marciapiede.Se sono trascorsi 44 minuti della sua passeggiata sulla spiaggia, quanto tempo ci vuole per completare l'intera passeggiata di 26 miglia, in pochi minuti?",64
"Rania cammina 28 chilometri ogni giorno sul suo sentiero preferito, che comprende 14 chilometri di camminata sulla spiaggia e 14 chilometri di camminata sul marciapiede.Sul marciapiede, Rania cammina a due volte la velocità di velocità che fa sulla spiaggia.Tuttavia, a causa di un recente infortunio, la velocità di Rania è diminuita della metà sia sulla spiaggia che sul marciapiede.Se sono trascorsi 42 minuti della sua passeggiata sulla spiaggia, quanto tempo ci vuole per completare l'intera passeggiata di 28 chilometri, in pochi minuti?",63
"Ananya cammina per 20 miglia ogni giorno sul suo sentiero preferito, che comprende 10 miglia di camminata sulla spiaggia e 10 miglia di camminata sul marciapiede.Sul marciapiede, Ananya cammina due volte la velocità di velocità che fa sulla spiaggia.Tuttavia, a causa di un recente infortunio, la velocità di Ananya è diminuita della metà sia sulla spiaggia che sul marciapiede.Se sono trascorsi 40 minuti della sua passeggiata sulla spiaggia, quanto tempo ci vuole per completare l'intera passeggiata di 20 miglia, in pochi minuti?",60
"Keisha cammina per 33 miglia ogni giorno sul suo sentiero preferito, che comprende 17 miglia di camminata sulla spiaggia e 16 miglia di camminata sul marciapiede.Sul marciapiede, Keisha cammina due volte la velocità di velocità che fa sulla spiaggia.Tuttavia, a causa di un recente infortunio, la velocità di Keisha è diminuita della metà sia sulla spiaggia che sul marciapiede.Se sono trascorsi 51 minuti dalla sua passeggiata sulla spiaggia, quanto tempo ci vuole per completare l'intera passeggiata di 33 miglia, in pochi minuti?",75
"Xena cammina 24 chilometri ogni giorno sul suo sentiero preferito, che comprende 11 chilometri di camminata sulla spiaggia e 13 chilometri di camminata sul marciapiede.Sul marciapiede, Xena cammina a tre volte la velocità di velocità che fa sulla spiaggia.Tuttavia, a causa di un recente infortunio, la velocità di Xena è diminuita della metà sia sulla spiaggia che sul marciapiede.Se sono trascorsi 66 minuti della sua passeggiata sulla spiaggia, quanto tempo ci vuole per completare l'intera passeggiata di 24 chilometri, in pochi minuti?",92
"Gabrielle cammina 29 chilometri ogni giorno sul suo sentiero preferito, che comprende 15 chilometri di camminata sulla spiaggia e 14 chilometri di camminata sul marciapiede.Sul marciapiede, Gabrielle cammina due volte la velocità di velocità che fa sulla spiaggia.Tuttavia, a causa di un recente infortunio, la velocità di Gabrielle è diminuita della metà sia sulla spiaggia che sul marciapiede.Se sono trascorsi 45 minuti della sua passeggiata sulla spiaggia, quanto tempo ci vuole per completare l'intera passeggiata di 29 chilometri, in pochi minuti?",66
"Roya cammina 21 chilometri ogni giorno sul suo sentiero preferito, che comprende 11 chilometri di camminata sulla spiaggia e 10 chilometri di camminata sul marciapiede.Sul marciapiede, la Roya cammina due volte la velocità di velocità che fa sulla spiaggia.Tuttavia, a causa di un recente infortunio, la velocità di Roya è diminuita della metà sia sulla spiaggia che sul marciapiede.Se sono trascorsi 44 minuti della sua passeggiata sulla spiaggia, quanto tempo ci vuole per completare l'intera passeggiata di 21 chilometri, in pochi minuti?",64
"Yara cammina 28 chilometri ogni giorno sul suo sentiero preferito, che comprende 14 chilometri di camminata sulla spiaggia e 14 chilometri di camminata sul marciapiede.Sul marciapiede, Yara cammina due volte la velocità di velocità che fa sulla spiaggia.Tuttavia, a causa di un recente infortunio, la velocità di Yara è diminuita della metà sia sulla spiaggia che sul marciapiede.Se sono trascorsi 56 minuti della sua passeggiata sulla spiaggia, quanto tempo ci vuole per completare l'intera passeggiata di 28 chilometri, in pochi minuti?",84
"Il cane di Mateo ha 149 cuccioli, 25 dei quali hanno punti.Il cane di Mohammed ha 49 cuccioli, 12 dei quali hanno punti.Ibrahim ha 54 cani, ognuno con 13 cuccioli con macchie.Dopo una visita al veterinario, Mateo ha scoperto che la metà dei suoi cuccioli non puntati ha effettivamente punti che non erano prima visibili.Quale percentuale di tutti i cuccioli ha punti?",89
"Il cane di Oscar ha 130 cuccioli, 28 dei quali hanno punti.Il cane di Andre ha 44 cuccioli, 14 dei quali hanno punti.Jin ha 66 cani, ognuno con 11 cuccioli con macchie.Dopo una visita al veterinario, Oscar ha scoperto che la metà dei suoi cuccioli non puntati ha effettivamente punti che non erano prima visibili.Quale percentuale di tutti i cuccioli ha punti?",91
"Il cane di Leon ha 99 cuccioli, 23 dei quali hanno punti.Il cane di James ha 53 cuccioli, 12 dei quali hanno punti.Hiroshi ha 58 cani, ciascuno con 11 cuccioli con macchie.Dopo una visita al veterinario, Leon ha scoperto che la metà dei suoi cuccioli non puntati ha effettivamente punti che non erano prima visibili.Quale percentuale di tutti i cuccioli ha punti?",90
"Il cane di Pavel ha 100 cuccioli, 22 dei quali hanno punti.Il cane di Hiroshi ha 40 cuccioli, 15 dei quali hanno punti.Santiago ha 55 cani, ciascuno con 12 cuccioli con macchie.Dopo una visita al veterinario, Pavel ha scoperto che la metà dei suoi cuccioli non puntati ha effettivamente punti che non erano prima visibili.Quale percentuale di tutti i cuccioli ha punti?",92
"Il cane di Kai ha 135 cuccioli, 17 dei quali hanno punti.Il cane di Arash ha 43 cuccioli, 14 dei quali hanno punti.Carlos ha 54 cani, ciascuno con 13 cuccioli con macchie.Dopo una visita al veterinario, Kai ha scoperto che la metà dei suoi cuccioli non puntati ha effettivamente punti che non erano prima visibili.Quale percentuale di tutti i cuccioli ha punti?",90
"Il cane di Deshawn ha 146 cuccioli, 28 dei quali hanno punti.Il cane di Mohammed ha 43 cuccioli, 12 dei quali hanno punti.Hiroshi ha 51 cani, ciascuno con 11 cuccioli con macchie.Dopo una visita al veterinario, Deshawn ha scoperto che la metà dei suoi cuccioli non puntati ha effettivamente punti che non erano prima visibili.Quale percentuale di tutti i cuccioli ha punti?",88
"Il cane di Luca ha 103 cuccioli, 25 dei quali hanno punti.Il cane di Diego ha 42 cuccioli, 12 dei quali hanno punti.Noah ha 67 cani, ognuno con 15 cuccioli con macchie.Dopo una visita al veterinario, Luca ha scoperto che la metà dei suoi cuccioli non puntati ha effettivamente punti che non erano prima visibili.Quale percentuale di tutti i cuccioli ha punti?",94
"Il cane di Noah ha 113 cuccioli, 23 dei quali hanno punti.Il cane di Qasim ha 47 cuccioli, 15 dei quali hanno punti.Tariq ha 60 cani, ognuno con 9 cuccioli con macchie.Dopo una visita al veterinario, Noah ha scoperto che la metà dei suoi cuccioli non puntati ha effettivamente punti che non erano prima visibili.Quale percentuale di tutti i cuccioli ha punti?",89
"Il cane di Yuki ha 95 cuccioli, 23 dei quali hanno punti.Il cane di Kai ha 53 cuccioli, 12 dei quali hanno punti.Faisal ha 68 cani, ciascuno con 14 cuccioli con macchie.Dopo una visita al veterinario, Yuki ha scoperto che la metà dei suoi cuccioli non puntati ha effettivamente punti che non erano prima visibili.Quale percentuale di tutti i cuccioli ha punti?",93
"Il cane di Jin ha 100 cuccioli, 28 dei quali hanno punti.Il cane di Theo ha 50 cuccioli, 13 dei quali hanno punti.Noah ha 58 cani, ognuno con 10 cuccioli con macchie.Dopo una visita al veterinario, Jin ha scoperto che la metà dei suoi cuccioli non puntati ha effettivamente punti che non erano prima visibili.Quale percentuale di tutti i cuccioli ha punti?",90
"Fatima e Mei hanno 247 minuti per camminare insieme in palestra a partire dalla loro casa.Ci vogliono 26 minuti per arrivare all'angolo dove si trova la biblioteca.Ci vogliono altri 18 minuti per arrivare al negozio di alimentari.Quando raggiungono il negozio di alimentari, ricordano di aver dimenticato i loro portafogli a casa, quindi devono tornare a prendere i loro portafogli e poi di tornare al negozio di alimentari.Una volta raggiunti il ​​negozio di alimentari per la seconda volta, per quanto tempo devono arrivare in palestra senza essere in ritardo?",115
"Gabriel e Pavel hanno 212 minuti per camminare insieme in palestra a partire da casa.Ci vogliono 29 minuti per arrivare all'angolo dove si trova la biblioteca.Ci vogliono altri 19 minuti per arrivare al cinema.Quando raggiungono il cinema, ricordano di aver dimenticato i loro portafogli a casa, quindi devono tornare a prendere i loro portafogli e poi di tornare al cinema.Una volta raggiunti il ​​cinema per la seconda volta, per quanto tempo devono arrivare in palestra senza essere in ritardo?",68
"Nadia e Sanjay hanno 261 minuti per raggiungere insieme il negozio di alimentari a partire dalla loro casa.Ci vogliono 24 minuti per arrivare all'angolo dove si trova la palestra.Ci vogliono altri 27 minuti per arrivare al centro commerciale.Quando raggiungono il centro commerciale, ricordano di aver dimenticato i loro portafogli a casa, quindi devono tornare a prendere i loro portafogli e poi di tornare al centro commerciale.Una volta raggiunti il ​​centro commerciale per la seconda volta, per quanto tempo devono raggiungere il negozio di alimentari senza essere in ritardo?",108
"Thiago e Ali hanno 163 minuti per camminare insieme in palestra a partire da casa.Ci vogliono 21 minuti per arrivare all'angolo dove si trova la banca.Ci vogliono altri 28 minuti per arrivare al cinema.Quando raggiungono il cinema, ricordano di aver dimenticato i loro portafogli a casa, quindi devono tornare a prendere i loro portafogli e poi di tornare al cinema.Una volta raggiunti il ​​cinema per la seconda volta, per quanto tempo devono arrivare in palestra senza essere in ritardo?",16
"Gabriel e Kai hanno 137 minuti per camminare insieme in palestra a partire da casa.Ci vogliono 16 minuti per arrivare all'angolo dove si trova il parco.Ci vogliono altri 22 minuti per arrivare al centro commerciale.Quando raggiungono il centro commerciale, ricordano di aver dimenticato i loro portafogli a casa, quindi devono tornare a prendere i loro portafogli e poi di tornare al centro commerciale.Una volta raggiunti il ​​centro commerciale per la seconda volta, per quanto tempo devono arrivare in palestra senza essere in ritardo?",23
"Tara e Ananya hanno 163 minuti per andare insieme al negozio di alimentari a partire da casa loro.Ci vogliono 16 minuti per arrivare all'angolo dove si trova la biblioteca.Ci vogliono altri 29 minuti per arrivare al centro commerciale.Quando raggiungono il centro commerciale, ricordano di aver dimenticato i loro portafogli a casa, quindi devono tornare a prendere i loro portafogli e poi di tornare al centro commerciale.Una volta raggiunti il ​​centro commerciale per la seconda volta, per quanto tempo devono raggiungere il negozio di alimentari senza essere in ritardo?",28
"Bodhi e Kai hanno 267 minuti per raggiungere insieme la biblioteca a partire da casa.Ci vogliono 17 minuti per arrivare all'angolo dove si trova la palestra.Ci vogliono altri 19 minuti per arrivare al cinema.Quando raggiungono il cinema, ricordano di aver dimenticato i loro portafogli a casa, quindi devono tornare a prendere i loro portafogli e poi di tornare al cinema.Una volta raggiunti il ​​cinema per la seconda volta, per quanto tempo devono arrivare in biblioteca senza essere in ritardo?",159
"Beatriz e Sakura hanno 253 minuti per camminare insieme in palestra a partire da casa.Ci vogliono 16 minuti per arrivare all'angolo dove si trova il centro commerciale.Ci vogliono altri 58 minuti per arrivare al cinema.Quando raggiungono il cinema, ricordano di aver dimenticato i loro portafogli a casa, quindi devono tornare a prendere i loro portafogli e poi di tornare al cinema.Una volta raggiunti il ​​cinema per la seconda volta, per quanto tempo devono arrivare in palestra senza essere in ritardo?",31
"Ravi e Isabella hanno 266 minuti per raggiungere insieme il cinema a partire dalla loro casa.Ci vogliono 14 minuti per arrivare all'angolo dove si trova la banca.Ci vogliono altri 38 minuti per raggiungere la biblioteca.Quando raggiungono la biblioteca, ricordano di aver dimenticato i loro portafogli a casa, quindi devono tornare per raccogliere i loro portafogli e poi tornare di nuovo in biblioteca.Una volta raggiunte la biblioteca per la seconda volta, per quanto tempo devono arrivare al cinema senza essere in ritardo?",110
"Chen e Diego hanno 221 minuti per raggiungere il parco insieme a partire da casa.Ci vogliono 28 minuti per arrivare all'angolo dove si trova il centro commerciale.Ci vogliono altri 22 minuti per arrivare al cinema.Quando raggiungono il cinema, ricordano di aver dimenticato i loro portafogli a casa, quindi devono tornare a prendere i loro portafogli e poi di tornare al cinema.Una volta raggiunti il ​​cinema per la seconda volta, per quanto tempo devono arrivare al parco senza essere in ritardo?",71
"Un giocoliere può destreggiarsi tra 480 palle.Un decimo delle palline sono palline da golf e il resto sono palline da tennis.1/2 delle palline da golf sono viola, di cui 1/6 sono contrassegnati.1/9 delle palline da tennis sono indaco e tutti tranne un terzo di quelle palle indaco sono contrassegnate.Quante palline segnate ci sono in totale?",36
"Un giocoliere può destreggiarsi tra 360 palline.La metà delle palline sono palline da tennis e il resto sono palline da golf.Un terzo delle palline da tennis sono verde acqua, di cui 1/4.1/3 delle palline da golf sono rosa e tutti tranne un quinto di quelle palline rosa sono contrassegnate.Quante palline segnate ci sono in totale?",63
"Un giocoliere può destreggiarsi tra 360 palline.Un decimo delle palline sono palline da golf e il resto sono palline da tennis.1/3 delle palline da golf sono bianche, di cui 1/4 sono contrassegnati.La metà delle palline da tennis è magenta e tutte tranne 1/2 di quelle palle magenta sono contrassegnate.Quante palline segnate ci sono in totale?",84
"Un giocoliere può destreggiarsi tra 240 palle.1/4 delle palline sono palline da tennis e il resto sono palline da golf.1/3 delle palline da tennis sono nere, di cui 1/5 sono contrassegnate.Un terzo delle palline da golf è ciano e tutti tranne la metà di quelle palline ciano sono contrassegnate.Quante palline segnate ci sono in totale?",34
"Un giocoliere può destreggiarsi tra 300 palle.Un decimo delle palline sono palline da tennis e il resto sono palline da golf.Un quinto delle palline da tennis sono magenta, di cui un terzo è contrassegnato.1/3 delle palline da golf sono viola e tutti tranne la metà di quelle palline viola sono contrassegnate.Quante palline segnate ci sono in totale?",47
"Un giocoliere può destreggiarsi tra 160 palle.Un quarto delle palle sono palline da tennis e il resto sono palline da golf.1/5 delle palline da tennis sono viola, di cui 1/4 sono contrassegnate.1/8 delle palline da golf sono indaco e tutti tranne 1/5 di quelle palline indaco sono contrassegnate.Quante palline segnate ci sono in totale?",14
"Un giocoliere può destreggiarsi tra 160 palle.Un quarto delle palle sono palline da tennis e il resto sono palline da golf.Un quarto delle palline da tennis sono verde acqua, di cui 1/5.Un quarto delle palline da golf sono rosa e tutti tranne la metà di quelle palline rosa sono contrassegnate.Quante palline segnate ci sono in totale?",17
"Un giocoliere può destreggiarsi tra 120 palle.Un quarto delle palle sono palline da golf e il resto sono palline da tennis.1/5 delle palline da golf sono gialle, di cui 1/6 sono contrassegnati.1/3 delle palline da tennis sono rosa e tutti tranne 1/6 di quelle palline rosa sono contrassegnate.Quante palline segnate ci sono in totale?",26
"Un giocoliere può destreggiarsi tra 540 palle.1/9 delle palle sono palline da golf e il resto sono palline da tennis.1/2 delle palline da golf sono viola, di cui un decimo è contrassegnato.Un ottavo delle palline da tennis sono marroni e tutti tranne 1/10 di quelle palline marroni sono contrassegnate.Quante palline segnate ci sono in totale?",57
"Un giocoliere può destreggiarsi tra 400 palle.1/5 delle palline sono palline da golf e il resto sono palline da tennis.1/4 delle palline da golf sono verde acqua, di cui un quinto è contrassegnato.Un ottavo delle palline da tennis è blu e tutti tranne un decimo di quelle palline blu sono contrassegnate.Quante palline segnate ci sono in totale?",40
"Hiroshi ha 20 ettari di campo di albicocche.Ci sono 28 albicocche per due quarti di ettaro.Hiroshi può raccogliere le sue albicocche ogni 6 mesi.Inoltre, Hiroshi possiede un campo di uva a 12 ettari che produce 14 uve per ettaro.L'uva può essere raccolta ogni 4 mesi.Nell'arco di due anni, quante più albicocche raccolgono Hiroshi che uva?",3472
"Oliver ha 15 ettari di uva.Ci sono 15 uve per 1/3 di un ettaro.Oliver può raccogliere le sue uve ogni 4 mesi.Inoltre, Oliver possiede un campo Apple da 9 ettari che produce 16 mele per ettaro.Le mele possono essere raccolte ogni 4 mesi.Nell'arco di due anni, quante più uva raccoglie Oliver delle mele?",3186
"Mohammed ha 35 metri quadrati di uva.Ci sono 12 uve per 2/3 di un metro quadrato.Mohammed può raccogliere le sue uve ogni 6 mesi.Inoltre, Mohammed possiede un campo di albicocche di 11 metri quadrati che produce 18 albicocche per metro quadrato.Le albicocche possono essere raccolte ogni 4 mesi.Nell'arco di due anni, quante più uva raccolgono Mohammed rispetto alle albicocche?",1332
"Yusuf ha 10 iarde quadrati di campo di anguria.Ci sono 19 angurie per due semi di un cortile quadrato.Yusuf può raccogliere le sue angurie ogni 2 mesi.Inoltre, Yusuf possiede un campo da uva a 9 quadrati che produce 14 uve per cortile quadrato.L'uva può essere raccolta ogni 4 mesi.Nell'arco di due anni, quanti più angurie raccolgono Yusuf che uva?",6084
"Ravi ha 10 metri quadrati di banana.Ci sono 36 banane per quattro quinti di un cortile quadrato.Ravi può raccogliere le sue banane ogni 4 mesi.Inoltre, Ravi possiede un campo di albicocche di 13 quadrati che produce 12 albicocche per cortile quadrato.Le albicocche possono essere raccolte ogni 4 mesi.Nell'arco di due anni, quante più banane raccolgono Ravi rispetto alle albicocche?",1764
"Thiago ha 25 iarde quadrate di campo arancione.Ci sono 23 arance per un quarto di un cortile quadrato.Thiago può raccogliere le sue arance ogni 12 mesi.Inoltre, Thiago possiede un campo da uva a 9 quadrati che produce 13 uva per cortile quadrato.L'uva può essere raccolta ogni 4 mesi.Nell'arco di due anni, quante più arance raccolgono Thiago che uva?",3898
"Carlos ha 80 metri quadrati di campo kiwi.Ci sono 29 kiwi per quattro e sei di un metro quadrato.Carlos può raccogliere i suoi kiwi ogni 12 mesi.Inoltre, Carlos possiede un campo di albicocca da 10 metri quadrati che produce 17 albicocche per metro quadrato.Le albicocche possono essere raccolte ogni 4 mesi.Nell'arco di due anni, quanti Kiwi raccolgono Carlos rispetto alle albicocche?",5940
"Deshawn ha 10 ettari di banana.Ci sono 20 banane per 2/4 di un ettaro.Deshawn può raccogliere le sue banane ogni 3 mesi.Inoltre, Deshawn possiede un campo arancione di 11 ettari che produce 14 arance per ettaro.Le arance possono essere raccolte ogni 4 mesi.Nell'arco di due anni, quante più banane raccolgono Deshawn delle arance?",2276
"Deshawn ha 10 ettari di uva.Ci sono 33 uve per un ottavo di un ettaro.Deshawn può raccogliere le sue uve ogni 12 mesi.Inoltre, Deshawn possiede un campo di ananas di 10 ettari che produce 18 ananas per ettaro.Gli ananas possono essere raccolti ogni 4 mesi.Nell'arco di due anni, quante più uva raccoglie Deshawn rispetto agli ananas?",4200
"Noah ha 85 ettari di pere.Ci sono 13 pere per due semi di un ettaro.Noah può raccogliere le sue pere ogni 12 mesi.Inoltre, Noah possiede un campo di albicocche di 11 ettari che produce 12 albicocche per ettaro.Le albicocche possono essere raccolte ogni 4 mesi.Nell'arco di due anni, quante più pere raccolgono Noah delle albicocche?",5838
Il Dr. Miller ha venduto il suo appartamento per $ 490000.Ha pagato le spese legali che ammontavano all'1% del prezzo di vendita e ha anche pagato una commissione immobiliare che è il 5% del prezzo di vendita.Ha anche pagato $ 390000 per l'importo del prestito rimanente nell'appartamento e $ 10000 per i costi di chiusura.Il Dr. Miller ha utilizzato i proventi netti dalla vendita dell'appartamento per investire in azioni.Le azioni hanno guadagnato il 10% ogni anno per due anni.Quanto sono stati i proventi netti del Dr. Miller dopo due anni?,73326
Il signor Martinez ha venduto il suo cottage per $ 690000.Ha pagato le commissioni di trasferimento che ammontavano al 3% del prezzo di vendita e ha anche pagato una commissione di intermediazione che è il 6% del prezzo di vendita.Ha anche pagato $ 590000 per l'importo del prestito rimanente sul cottage e $ 5000 per i costi di chiusura.Martinez ha usato i proventi netti dalla vendita del cottage per investire in azioni.Le azioni hanno guadagnato il 10% ogni anno per due anni.Quanto sono stati i proventi netti del signor Martinez dopo due anni?,39809
Il Prof. Miller ha venduto il suo appartamento per $ 810000.Ha pagato le commissioni di registrazione che ammontavano al 3% del prezzo di vendita e ha anche pagato una commissione per agenti che è del 3% del prezzo di vendita.Ha anche pagato $ 670000 per l'importo del prestito rimanente nell'appartamento e $ 20000 per i costi di chiusura.Il Prof. Miller ha utilizzato i proventi netti dalla vendita dell'appartamento per investire in azioni.Le azioni hanno guadagnato il 10% ogni anno per due anni.Quanto sono stati i proventi netti del Prof. Miller dopo due anni?,86394
Il Prof. Miller ha venduto il suo appartamento per $ 760000.Ha pagato le commissioni di registrazione che ammontavano al 3% del prezzo di vendita e ha anche pagato una commissione per agenti che è il 4% del prezzo di vendita.Ha anche pagato $ 570000 per l'importo del prestito rimanente nell'appartamento e $ 15000 per i costi di chiusura.Il Prof. Miller ha utilizzato i proventi netti dalla vendita dell'appartamento per investire in azioni.Le azioni hanno guadagnato il 10% ogni anno per due anni.Quanto sono stati i proventi netti del Prof. Miller dopo due anni?,147378
Il Dr. Smith ha venduto la sua casa per $ 590000.Ha pagato le spese legali che ammontavano al 3% del prezzo di vendita e ha anche pagato una commissione immobiliare che è il 4% del prezzo di vendita.Ha anche pagato $ 380000 per l'importo del prestito rimanente in casa e $ 25000 per i costi di chiusura.Il Dr. Smith ha usato i proventi netti dalla vendita della casa per investire in azioni.Le azioni hanno guadagnato il 10% ogni anno per due anni.Quanto sono stati i proventi netti del Dr. Smith dopo due anni?,173877
Il Prof. Smith ha venduto la sua casa per $ 560000.Ha pagato le commissioni di registrazione che ammontavano al 3% del prezzo di vendita e ha anche pagato una commissione per agenti che è il 4% del prezzo di vendita.Ha anche pagato $ 440000 per l'importo del prestito rimanente in casa e $ 15000 per i costi di chiusura.Il Prof. Smith ha utilizzato i proventi netti dalla vendita della casa per investire in azioni.Le azioni hanno guadagnato il 10% ogni anno per due anni.Quanto sono stati i proventi netti del Prof. Smith dopo due anni?,79618
Il Dr. Miller ha venduto il suo appartamento per $ 550000.Ha pagato le spese legali che ammontavano al 2% del prezzo di vendita e ha anche pagato una commissione immobiliare che è il 3% del prezzo di vendita.Ha anche pagato $ 370000 per l'importo del prestito rimanente nell'appartamento e $ 25000 per i costi di chiusura.Il Dr. Miller ha utilizzato i proventi netti dalla vendita dell'appartamento per investire in azioni.Le azioni hanno guadagnato il 10% ogni anno per due anni.Quanto sono stati i proventi netti del Dr. Miller dopo due anni?,154275
Il Prof. Brown ha venduto la sua villa per $ 460000.Ha pagato le commissioni di registrazione che ammontavano al 3% del prezzo di vendita e ha anche pagato una commissione per agenti che è il 2% del prezzo di vendita.Ha anche pagato $ 300000 per l'importo del prestito rimanente sulla villa e $ 15000 per i costi di chiusura.Il Prof. Brown ha utilizzato i proventi netti dalla vendita della villa per investire in azioni.Le azioni hanno guadagnato il 10% ogni anno per due anni.Quanto sono stati i proventi netti del Prof. Brown dopo due anni?,147620
Il Prof. Martinez ha venduto il suo cottage per $ 470000.Ha pagato le commissioni di registrazione che ammontavano al 2% del prezzo di vendita e ha anche pagato una commissione per agenti che è il 3% del prezzo di vendita.Ha anche pagato $ 400000 per l'importo del prestito rimanente sul cottage e $ 15000 per i costi di chiusura.Il Prof. Martinez ha utilizzato i proventi netti dalla vendita del cottage per investire in azioni.Le azioni hanno guadagnato il 10% ogni anno per due anni.Quanto sono stati i proventi netti del Prof. Martinez dopo due anni?,38115
Il dottor Brown ha venduto la sua villa per $ 300000.Ha pagato le spese legali che ammontavano al 3% del prezzo di vendita e ha anche pagato una commissione immobiliare che è il 3% del prezzo di vendita.Ha anche pagato $ 200000 per l'importo del prestito rimanente sulla villa e $ 20000 per i costi di chiusura.Il Dr. Brown ha usato i proventi netti dalla vendita della villa per investire in azioni.Le azioni hanno guadagnato il 10% ogni anno per due anni.Quanto sono stati i proventi netti del Dr. Brown dopo due anni?,75020
"Olivia prepara il tè usando cucchiaini di zucchero e tazze d'acqua in un rapporto di 51: 5.Usa anche 7 cucchiai di latte per ogni 5 tazze d'acqua e usa 2 cucchiai di panna pesante per ogni cucchiaino di zucchero.Ha usato un totale di 220 cucchiaini di zucchero, tazze d'acqua, cucchiai di panna e cucchiai di latte.Quanti cucchiaini di zucchero ha usato?",68
"Olga produce caffè usando cucchiaini di zucchero e tazze d'acqua in un rapporto di 48:10.Usa anche 6 cucchiai di latte per ogni 10 tazze di acqua e usa 2 cucchiai di panna pesante per ogni cucchiaino di zucchero.Ha usato un totale di 210 cucchiaini di zucchero, tazze d'acqua, cucchiai di panna e cucchiai di latte.Quanti cucchiaini di zucchero ha usato?",63
"Gabrielle prepara il tè usando cucchiaini di zucchero e tazze d'acqua in un rapporto di 54:12.Usa anche 7 cucchiai di latte per ogni 2 tazze d'acqua e usa 2 cucchiai di panna pesante per ogni cucchiaino di zucchero.Ha usato un totale di 240 cucchiaini di zucchero, tazze d'acqua, cucchiai di panna e cucchiai di latte.Quanti cucchiaini di zucchero ha usato?",60
"Mia produce caffè usando cucchiaini di zucchero e tazze d'acqua in un rapporto di 48: 7.Usa anche 9 cucchiai di latte per ogni 7 tazze d'acqua e usa 2 cucchiai di panna pesante per ogni cucchiaino di zucchero.Ha usato un totale di 170 cucchiaini di zucchero, tazze d'acqua, cucchiai di panna e cucchiai di latte.Quanti cucchiaini di zucchero ha usato?",51
"Kimia produce caffè usando cucchiaini di zucchero e tazze d'acqua in un rapporto di 55:44.Usa anche 6 cucchiai di latte per ogni 24 tazze d'acqua e usa 2 cucchiai di panna pesante per ogni cucchiaino di zucchero.Ha usato un totale di 240 cucchiaini di zucchero, tazze d'acqua, cucchiai di panna e cucchiai di latte.Quanti cucchiaini di zucchero ha usato?",60
"Uma prepara il tè usando cucchiaini di zucchero e tazze d'acqua in un rapporto di 45: 5.Usa anche 8 cucchiai di latte per ogni 4 tazze d'acqua e usa 2 cucchiai di panna pesante per ogni cucchiaino di zucchero.Ha usato un totale di 210 cucchiaini di zucchero, tazze d'acqua, cucchiai di panna e cucchiai di latte.Quanti cucchiaini di zucchero ha usato?",63
"Fatima prepara il tè usando cucchiaini di zucchero e tazze d'acqua in un rapporto di 52:30.Usa anche 6 cucchiai di latte per ogni 20 tazze di acqua e usa 2 cucchiai di panna pesante per ogni cucchiaino di zucchero.Ha usato un totale di 210 cucchiaini di zucchero, tazze d'acqua, cucchiai di panna e cucchiai di latte.Quanti cucchiaini di zucchero ha usato?",56
"Beatriz produce caffè usando cucchiaini di zucchero e tazze d'acqua in un rapporto di 48:12.Usa anche 7 cucchiai di latte per ogni 7 tazze d'acqua e usa 2 cucchiai di panna pesante per ogni cucchiaino di zucchero.Ha usato un totale di 210 cucchiaini di zucchero, tazze d'acqua, cucchiai di panna e cucchiai di latte.Quanti cucchiaini di zucchero ha usato?",60
"Quinn produce caffè usando cucchiaini di zucchero e tazze d'acqua in un rapporto di 63: 9.Usa anche 7 cucchiai di latte per ogni 7 tazze d'acqua e usa 2 cucchiai di panna pesante per ogni cucchiaino di zucchero.Ha usato un totale di 230 cucchiaini di zucchero, tazze d'acqua, cucchiai di panna e cucchiai di latte.Quanti cucchiaini di zucchero ha usato?",70
"Zahra prepara il tè usando cucchiaini di zucchero e tazze d'acqua in un rapporto di 60: 5.Usa anche 6 cucchiai di latte per ogni 2 tazze d'acqua e usa 2 cucchiai di panna pesante per ogni cucchiaino di zucchero.Ha usato un totale di 210 cucchiaini di zucchero, tazze d'acqua, cucchiai di panna e cucchiai di latte.Quanti cucchiaini di zucchero ha usato?",63
"Una pizza gigante ha 87 porzioni.Aisha può mangiare 3 porzioni al giorno mentre Amelia può mangiare il doppio e Ava può mangiare quattro volte tanto quanto Amelia.Dopo 2 giorni, AVA decide di seguire una dieta e tagliare il consumo della metà.Quanti giorni ci vorrà per consumare completamente la pizza?",3
"Una lasagna gigante ha 102 pezzi.Leon può mangiare 3 pezzi al giorno mentre Mohammed può mangiare tre volte più e Sakura può mangiare due volte tanto quanto Mohammed.Dopo 2 giorni, Sakura decide di seguire una dieta e tagliare il consumo della metà.Quanti giorni ci vorranno per consumare completamente le lasagne?",4
"Una torta gigante ha 122 pezzi.Ananya può mangiare 2 pezzi al giorno mentre Kimia può mangiare tre volte più e Fatima può mangiare cinque volte tanto quanto Kimia.Dopo 2 giorni, Fatima decide di seguire una dieta e tagliare il consumo della metà.Quanti giorni ci vorrà per consumare completamente la torta?",4
"Una torta gigante ha 126 porzioni.Kimia può mangiare 3 porzioni al giorno mentre Fatima può mangiare tre volte più e Daphne può mangiare quattro volte tanto quanto Fatima.Dopo 2 giorni, Daphne decide di seguire una dieta e tagliare il consumo della metà.Quanti giorni ci vorranno perché la torta sia completamente mangiata?",3
"Una torta gigante ha 99 pezzi.Luis può mangiare 2 pezzi al giorno mentre Amelia può mangiare tre volte più e Aisha può mangiare cinque volte tanto quanto Amelia.Dopo 2 giorni, Aisha decide di seguire una dieta e tagliare il consumo della metà.Quanti giorni ci vorrà per consumare completamente la torta?",3
"Una pizza gigante ha 110 porzioni.Tara può mangiare 2 porzioni al giorno mentre Bodhi può mangiare tre volte più e Olivia può mangiare il doppio di Bodhi.Dopo 2 giorni, Olivia decide di seguire una dieta e tagliare il consumo della metà.Quanti giorni ci vorrà per consumare completamente la pizza?",7
"Una torta gigante ha 126 porzioni.Esteban può mangiare 3 porzioni al giorno mentre Theo può mangiare tre volte più e Gabriel può mangiare quattro volte tanto quanto Theo.Dopo 2 giorni, Gabriel decide di seguire una dieta e tagliare il consumo della metà.Quanti giorni ci vorrà per consumare completamente la torta?",3
"Una pizza gigante ha 105 porzioni.Haruka può mangiare 3 porzioni al giorno mentre Daphne può mangiare quattro volte più e Arash può mangiare il doppio di Daphne.Dopo 2 giorni, Arash decide di seguire una dieta e tagliare il consumo della metà.Quanti giorni ci vorrà per consumare completamente la pizza?",3
"Una torta gigante ha 87 porzioni.Oliver può mangiare 3 porzioni al giorno mentre Pavel può mangiare il doppio e Mei può mangiare due volte tanto quanto Pavel.Dopo 2 giorni, Mei decide di seguire una dieta e tagliare il consumo della metà.Quanti giorni ci vorranno perché la torta sia completamente mangiata?",5
"Una torta gigante ha 120 porzioni.Jasmine può mangiare 5 porzioni al giorno mentre la Roya può mangiare il doppio e Sophia può mangiare il doppio di Roya.Dopo 2 giorni, Sophia decide di seguire una dieta e tagliare il consumo della metà.Quanti giorni ci vorranno perché la torta sia completamente mangiata?",4
"Sanjay riceve 32 e -mail al giorno.Il 25% di queste e -mail non richiede alcuna risposta.Dal resto, Sanjay può rispondere solo a 2 in meno rispetto a 1/2.Quante e -mail risponde Sanjay in una settimana di lavoro di 4 giorni?Sanjay lavora straordinariamente l'ultimo giorno in modo da poter rispondere al 20% in più di e -mail del solito.",42
"Leon riceve 30 e -mail al giorno.Il 20% di queste e -mail non richiede alcuna risposta.Dal resto, Leon può rispondere solo a 2 in meno della metà.A quante e -mail risponde Leon in una settimana di lavoro di 6 giorni?Leon lavora gli straordinari l'ultimo giorno in modo da poter rispondere al 50% in più di e -mail del solito.",65
"Oliver riceve 32 e -mail al giorno.Il 25% di queste e -mail non richiede alcuna risposta.Dal resto, Oliver può rispondere solo a 2 in meno rispetto a 1/2.A quante e -mail risponde Oliver in una settimana di lavoro di 4 giorni?Oliver lavora gli straordinari l'ultimo giorno in modo da poter rispondere al 10% in più di e -mail del solito.",41
"Luis riceve 30 e -mail al giorno.Il 20% di queste e -mail non richiede alcuna risposta.Dal resto, Luis può rispondere solo a 4 in meno rispetto a 1/2.Quante e -mail risponde Luis in una settimana di lavoro di 5 giorni?Luis lavora gli straordinari l'ultimo giorno in modo da poter rispondere al 25% in più di e -mail del solito.",42
"Hiroshi riceve 32 e -mail al giorno.Il 25% di queste e -mail non richiede alcuna risposta.Dal resto, Hiroshi può rispondere solo a 2 in meno rispetto a 1/2.Quante e -mail risponde Hiroshi in una settimana di lavoro di 5 giorni?Hiroshi lavora gli straordinari l'ultimo giorno in modo da poter rispondere al 30% in più di e -mail del solito.",53
"Carlos riceve 32 e -mail al giorno.Il 25% di queste e -mail non richiede alcuna risposta.Dal resto, Carlos può rispondere solo a 4 in meno della metà.A quante e -mail risponde Carlos in una settimana di lavoro di 4 giorni?Carlos lavora gli straordinari l'ultimo giorno in modo da poter rispondere al 75% in più di e -mail del solito.",38
"Ravi riceve 25 e -mail al giorno.Il 12% di queste e -mail non richiede alcuna risposta.Dal resto, Ravi può rispondere solo a 3 in meno della metà.Quante e -mail risponde Ravi in ​​una settimana di lavoro di 4 giorni?Ravi lavora gli straordinari l'ultimo giorno in modo da poter rispondere al 75% in più di e -mail del solito.",38
"Yuki riceve 32 e -mail al giorno.Il 25% di queste e -mail non richiede alcuna risposta.Dal resto, Yuki può rispondere solo a 2 in meno rispetto a 1/2.Quante e -mail risponde Yuki in una settimana di lavoro di 6 giorni?Yuki lavora gli straordinari l'ultimo giorno in modo da poter rispondere al 10% in più di e -mail del solito.",61
"Mohammed riceve 25 e -mail al giorno.Il 12% di queste e -mail non richiede alcuna risposta.Dal resto, Mohammed può rispondere solo a 3 in meno della metà.A quante e -mail risponde Mohammed in una settimana di lavoro di 5 giorni?Mohammed Work Overtime l'ultimo giorno in modo da poter rispondere al 25% in più di e -mail del solito.",42
"Ibrahim riceve 32 e -mail al giorno.Il 25% di queste e -mail non richiede alcuna risposta.Dal resto, Ibrahim può rispondere solo a 2 in meno della metà.A quante e -mail risponde Ibrahim in una settimana di lavoro di 4 giorni?Ibrahim lavora gli straordinari l'ultimo giorno in modo da poter rispondere al 60% in più di e -mail del solito.",46
"Gabriel sta rotolando un dado D4.Quanto più è probabile (espressa come differenza nei punti percentuali) che lancia un numero maggiore di 1 due volte di fila, che che rotola quattro numeri dispari di fila?",50
"Tariq sta rotolando un dado a quattro lati.Quanto è più probabile (espresso come differenza nei punti percentuali) che rotola un numero maggiore di 2 di fila, che che rotola quattro numeri pari di fila?",18
"Mohammed sta rotolando un dado a 20 facce.Quanto più è probabile (espressa come differenza nei punti percentuali) che rotola un numero maggiore di 10 di fila, che che rotola quattro numeri pari di fila?",18
"Viktor sta rotolando un dado a 20 facce.Quanto è più probabile (espresso come differenza nei punti percentuali) che rotola un numero maggiore di 2 di fila, che che rotola quattro numeri pari di fila?",74
"Deshawn sta rotolando un dado D10.Quanto è più probabile (espresso come differenza nei punti percentuali) che rotola un numero maggiore di 5 di fila, che che rotola quattro numeri pari di fila?",18
"Mateo sta rotolando un dado D6.Quanto più è probabile (espressa come differenza nei punti percentuali) che rotola un numero maggiore di 3 di seguito due volte di fila, che che rotola quattro numeri dispari di fila?",18
"Yusuf sta rotolando un dado a 10 lati.Quanto è più probabile (espresso come differenza nei punti percentuali) che rotola un numero maggiore di 5 di fila, che che rotola quattro numeri pari di fila?",18
"Oliver sta rotolando un dado D8.Quanto più è probabile (espressa come differenza nei punti percentuali) che lancia un numero maggiore di 2 di fila, che che rotola quattro numeri dispari di fila?",50
"Arjun sta rotolando un dado D6.Quanto più è probabile (espressa come differenza nei punti percentuali) che rotola un numero maggiore di 3 di seguito due volte di fila, che che rotola quattro numeri dispari di fila?",18
"Liam sta rotolando un D20 muore.Quanto più è probabile (espressa come differenza nei punti percentuali) che lancia un numero maggiore di 1 due volte di fila, che che rotola quattro numeri pari di fila?",84
"Inizialmente Viktor aveva 9 dozzine di pancake, poi mangiava 3 pancake per colazione, quindi nascondeva il resto nel cortile per la caccia alle uova di Pasqua.Liam trova 5 pancake.Yusuf trova due volte più di Liam.Pavel trova 4 in meno di Yusuf.Daphne trova la metà di Pavel e James trova quattro dozzine di pancake più di Yusuf e Liam messi insieme.Quanti pancake sono ancora nascosti nel cortile?",18
"Inizialmente Ali aveva 11 dozzine di biscotti, quindi mangiava 3 biscotti per colazione, quindi nascondeva il resto nel cortile per la caccia alle uova di Pasqua.Faisal trova 5 biscotti.Hiroshi trova tre volte più di Faisal.Benjamin trova 3 in meno di Hiroshi.Wei trova un quarto di Benjamin e Quinn trova tre dozzine di biscotti in più di Hiroshi e Faisal messi insieme.Quanti biscotti sono ancora nascosti nel cortile?",38
"Beatriz inizialmente aveva 10 dozzine di pancake, poi mangiava 3 pancake per colazione, quindi nascondeva il resto nel cortile per la caccia alle uova di Pasqua.Kimia trova 6 pancake.Sophia ne trova tre volte più di Kimia.Mateo trova 2 in meno di Sophia.Umar ne trova la metà di Mateo e Mei trova due dozzine di pancake più di Sophia e Kimia messi insieme.Quanti pancake sono ancora nascosti nel cortile?",21
"Zahra inizialmente aveva 9 dozzine di waffle, quindi mangiava 5 waffle per colazione, e poi nascondeva il resto nel cortile per la caccia alle uova di Pasqua.Viktor trova 5 waffle.Andre trova tre volte più di Viktor.Rania trova 3 in meno di Andre.Uma trova 1/4 di Rania, e Arash trova tre dozzine di waffle in più di Andre e Viktor messi insieme.Quanti waffle sono ancora nascosti nel cortile?",12
"Inizialmente Kai aveva 7 dozzine di pancake, poi mangiava 2 pancake per colazione, quindi nascondeva il resto nel cortile per la caccia alle uova di Pasqua.Nia trova 6 pancake.Isabella ne trova due volte più di Nia.Roya trova 4 in meno di Isabella.Diego trova un quarto di Roya, e Yara trova due dozzine di pancake in più di Isabella e Nia messi insieme.Quanti pancake sono ancora nascosti nel cortile?",12
"Inizialmente Olga aveva 8 dozzine di pancake, poi mangiava 5 pancake per colazione, e poi nascose il resto nel cortile per la caccia alle uova di Pasqua.Gabrielle trova 3 pancake.Jasmine trova quattro volte più di Gabrielle.Tariq trova 2 in meno di Jasmine.Ravi trova 1/5 di Tariq e Alejandro trova due dozzine di pancake in più di Jasmine e Gabrielle combinati.Quanti pancake sono ancora nascosti nel cortile?",25
"Isabella inizialmente aveva 11 dozzine di pancake, quindi mangiava 5 pancake per colazione, quindi nascondeva il resto nel cortile per la caccia alle uova di Pasqua.Elena trova 5 pancake.Qasim trova due volte tante Elena.Sanjay trova 1 in meno di Qasim.Winnie trova 1/9 di Sanjay e Faisal trova quattro dozzine di pancake in più di Qasim ed Elena messi insieme.Quanti pancake sono ancora nascosti nel cortile?",39
"Valeria inizialmente aveva 11 dozzine di pancake, quindi mangiava 2 pancake per colazione, quindi nascondeva il resto nel cortile per la caccia alle uova di Pasqua.James trova 5 pancake.Jamal trova tre volte più di James.Daphne trova 3 in meno di Jamal.Nadia trova 1/2 fino a Daphne, e Leon trova tre dozzine di pancake più di Jamal e James messi insieme.Quanti pancake sono ancora nascosti nel cortile?",36
"Beatriz inizialmente aveva 8 dozzine di uova, quindi mangiava 3 uova per colazione, quindi nascondeva il resto nel cortile per la caccia alle uova di Pasqua.Mateo trova 3 uova.Luis ne trova sei volte più di Mateo.Tariq trova 2 in meno di Luis.Qasim trova la metà di Tariq e Noah trova due dozzine di uova più di Luis e Mateo combinate.Quante uova sono ancora nascoste nel cortile?",3
"Inizialmente Diego aveva 8 dozzine di waffle, quindi mangiava 2 waffle per colazione, e poi nascose il resto nel cortile per la caccia alle uova di Pasqua.Roya trova 7 waffle.Yusuf trova il doppio di Roya.Priya trova 2 in meno di Yusuf.Keisha trova 1/3 di Priya, e Ava trova due dozzine di waffle in più di Yusuf e Roya messi insieme.Quanti waffle sono ancora nascosti nel cortile?",12
"Qasim raccoglie spazzatura da 5 diversi complessi di appartamenti.I primi 4 hanno 100 appartamenti ciascuno e l'ultimo è il 30% più grande degli altri 4 combinati.Tuttavia, questa settimana, 5 appartamenti di ciascuno dei primi 4 complessi erano vacanti e non hanno richiesto un servizio di raccolta.Qasim raccoglie spazzatura 2 volte a settimana da ogni luogo e viene pagato ₣ 0,3 per raccolta per ogni appartamento.Guadagna anche un ulteriore 10% in suggerimenti.Quanti soldi guadagna in una settimana?",594
"Hiroshi raccoglie spazzatura da 6 diversi complessi di appartamenti.I primi 5 hanno 100 appartamenti ciascuno e l'ultimo è il 40% più grande degli altri 5 combinati.Tuttavia, questa settimana, 8 appartamenti di ciascuno dei primi 5 complessi erano vacanti e non hanno richiesto un servizio di raccolta.Hiroshi raccoglie spazzatura 2 volte a settimana da ogni luogo e viene pagato ₣ 0,25 per raccolta per ogni appartamento.Guadagna anche un ulteriore 10% in suggerimenti.Quanti soldi guadagna in una settimana?",638
"Tariq raccoglie spazzatura da 4 diversi complessi di appartamenti.I primi 3 hanno 100 appartamenti ciascuno e l'ultimo è il 30% più grande degli altri 3 combinati.Tuttavia, questa settimana, 10 appartamenti di ciascuno dei primi 3 complessi erano liberi e non richiedevano un servizio di raccolta.Tariq raccoglie spazzatura 3 volte a settimana da ogni luogo e viene pagato ₺0,5 per raccolta per ogni appartamento.Guadagna anche un ulteriore 10% in suggerimenti.Quanti soldi guadagna in una settimana?",1089
"Pavel raccoglie spazzatura da 6 diversi complessi di appartamenti.I primi 5 hanno 100 appartamenti ciascuno e l'ultimo è il 70% più grande degli altri 5 combinati.Tuttavia, questa settimana, 10 appartamenti di ciascuno dei primi 5 complessi erano liberi e non richiedevano un servizio di raccolta.Pavel raccoglie spazzatura 2 volte a settimana da ogni luogo e viene pagato ₺0,45 per raccolta per ogni appartamento.Guadagna anche un ulteriore 10% in suggerimenti.Quanti soldi guadagna in una settimana?",1287
"Oliver raccoglie spazzatura da 5 diversi complessi di appartamenti.I primi 4 hanno 100 appartamenti ciascuno e l'ultimo è il 50% più grande degli altri 4 combinati.Tuttavia, questa settimana, 6 appartamenti di ciascuno dei primi 4 complessi erano liberi e non richiedevano un servizio di raccolta.Oliver raccoglie spazzatura 5 volte a settimana da ogni luogo e viene pagato ₣ 0,25 per raccolta per ogni appartamento.Guadagna anche un ulteriore 10% in suggerimenti.Quanti soldi guadagna in una settimana?",1342
"Noah raccoglie spazzatura da 5 diversi complessi di appartamenti.I primi 4 hanno 100 appartamenti ciascuno e l'ultimo è il 75% più grande degli altri 4 combinati.Tuttavia, questa settimana, 5 appartamenti di ciascuno dei primi 4 complessi erano vacanti e non hanno richiesto un servizio di raccolta.Noah raccoglie spazzatura 2 volte a settimana da ogni luogo e viene pagato ₣ 0,25 per raccolta per ogni appartamento.Guadagna anche un ulteriore 10% in suggerimenti.Quanti soldi guadagna in una settimana?",594
"Esteban raccoglie spazzatura da 3 diversi complessi di appartamenti.I primi 2 hanno 150 appartamenti ciascuno e l'ultimo è il 70% più grande degli altri 2 combinati.Tuttavia, questa settimana, 5 appartamenti di ciascuno dei primi 2 complessi erano vacanti e non hanno richiesto un servizio di raccolta.Esteban raccoglie spazzatura 3 volte a settimana da ogni luogo e viene pagato € 0,45 per raccolta per ogni appartamento.Guadagna anche un ulteriore 10% in suggerimenti.Quanti soldi guadagna in una settimana?",1188
"Yusuf raccoglie spazzatura da 7 diversi complessi di appartamenti.I primi 6 hanno 100 appartamenti ciascuno e l'ultimo è il 35% più grande degli altri 6 combinati.Tuttavia, questa settimana, 10 appartamenti di ciascuno dei primi 6 complessi erano liberi e non richiedevano un servizio di raccolta.Yusuf raccoglie spazzatura 2 volte a settimana da ogni luogo e viene pagato ¥ 0,4 per raccolta per ogni appartamento.Guadagna anche un ulteriore 10% in suggerimenti.Quanti soldi guadagna in una settimana?",1188
"Wei raccoglie spazzatura da 3 diversi complessi di appartamenti.I primi 2 hanno 100 appartamenti ciascuno e l'ultimo è il 70% più grande degli altri 2 combinati.Tuttavia, questa settimana, 5 appartamenti di ciascuno dei primi 2 complessi erano vacanti e non hanno richiesto un servizio di raccolta.Wei raccoglie spazzatura 4 volte a settimana da ogni luogo e viene pagato ₺0,25 per raccolta per ogni appartamento.Guadagna anche un ulteriore 10% in suggerimenti.Quanti soldi guadagna in una settimana?",583
"Carlos raccoglie spazzatura da 3 diversi complessi di appartamenti.I primi 2 hanno 200 appartamenti ciascuno e l'ultimo è il 40% più grande degli altri 2 combinati.Tuttavia, questa settimana, 10 appartamenti di ciascuno dei primi 2 complessi erano liberi e non richiedevano un servizio di raccolta.Carlos raccoglie spazzatura 4 volte a settimana da ogni luogo e viene pagato ₣ 0,25 per raccolta per ogni appartamento.Guadagna anche un ulteriore 10% in suggerimenti.Quanti soldi guadagna in una settimana?",1034
"Sakura è un appassionato giardiniere.Due giorni fa, ha ricevuto 49 nuove piante in vaso dalla sua scuola materna preferita.Ha già 7 piante in vaso su ciascuna delle 60 sporgenze della sua grande casa di campagna.Ha anche acquistato 100 nuovi impianti ieri con uno sconto del 50%.Sentendosi generosi, ha deciso che darà 3 piante in vaso da ogni sporgenza ad amici e familiari domani.Con quante piante in vaso rimarranno Sakura?",389
"Daphne è un appassionato giardiniere.Due giorni fa, ha ricevuto 23 nuove piante in vaso dal suo vivaio di piante preferito.Ha già 8 piante in vaso su ciascuna delle 56 sporgenze delle finestre della sua grande casa di campagna.Ha anche acquistato 200 nuovi impianti ieri con uno sconto del 50%.Sentendosi generosi, ha deciso che darà 6 piante in vaso da ogni sporgenza ad amici e familiari domani.Con quante piante in vaso rimarranno dafne?",335
"Amelia è un'avida giardiniere.La scorsa settimana, ha ricevuto 25 nuove piante in vaso dal suo vivaio di piante preferito.Ha già 12 piante in vaso su ciascuna delle 54 sporgenze delle finestre della sua grande casa di campagna.Ha anche acquistato 110 nuovi impianti ieri con uno sconto del 50%.Sentendosi generosi, ha deciso che darà 4 piante in vaso da ogni sporgenza ad amici e familiari domani.Con quante piante in vaso rimarranno Amelia?",567
"Elena è un'avida giardiniere.Due giorni fa, ha ricevuto 38 nuove piante in vaso dalla sua scuola materna preferita.Ha già 12 piante in vaso su ciascuna delle 55 sporgenze delle finestre della sua grande casa di campagna.Ha anche acquistato 70 nuovi impianti ieri con uno sconto del 50%.Sentendosi generosi, ha deciso che darà 3 piante in vaso da ogni sporgenza ad amici e familiari domani.Con quante piante in vaso rimarrà Elena?",603
"Yara è un appassionato giardiniere.Due giorni fa, ha ricevuto 49 nuove piante in vaso dalla sua scuola materna preferita.Ha già 12 piante in vaso su ciascuna delle 54 sporgenze delle finestre della sua grande casa di campagna.Ha anche acquistato 130 nuovi impianti ieri con uno sconto del 50%.Sentendosi generosi, ha deciso che darà 4 piante in vaso da ogni sporgenza ad amici e familiari domani.Con quante piante in vaso rimarrà Yara?",611
"Mei è un appassionato giardiniere.Due giorni fa, ha ricevuto 38 nuove piante in vaso dalla sua scuola materna preferita.Ha già 9 piante in vaso su ciascuna delle 60 sporgenze delle finestre della sua grande casa di campagna.Ha anche acquistato 170 nuovi impianti ieri con uno sconto del 50%.Sentendosi generosi, ha deciso che darà 6 piante in vaso da ogni sporgenza ad amici e familiari domani.Con quante piante in vaso rimarranno mei?",388
"Valentina è un appassionato giardiniere.Ieri sera, ha ricevuto 48 nuove piante in vaso dal suo vivaio di piante preferito.Ha già 11 piante in vaso su ciascuna delle 63 sporgenze delle finestre della sua grande casa di campagna.Ha anche acquistato 100 nuovi impianti ieri con uno sconto del 50%.Sentendosi generosi, ha deciso che darà 6 piante in vaso da ogni sporgenza ad amici e familiari domani.Con quante piante in vaso rimarranno Valentina?",463
"Quinn è un appassionato giardiniere.Ieri sera, ha ricevuto 23 nuove piante in vaso dal suo vivaio di piante preferito.Ha già 8 piante in vaso su ciascuna delle 57 sporgenze delle finestre della sua grande casa di campagna.Ha anche acquistato 20 nuovi impianti ieri con uno sconto del 50%.Sentendosi generosi, ha deciso che darà 4 piante in vaso da ogni sporgenza ad amici e familiari domani.Con quante piante in vaso rimarranno Quinn?",271
"Amelia è un'avida giardiniere.Ieri sera, ha ricevuto 42 nuove piante in vaso dal suo vivaio di piante preferito.Ha già 7 piante in vaso su ciascuna delle 56 sporgenze delle finestre della sua grande casa di campagna.Ha anche acquistato 180 nuovi impianti ieri con uno sconto del 50%.Sentendosi generosi, ha deciso che darà 4 piante in vaso da ogni sporgenza ad amici e familiari domani.Con quante piante in vaso rimarranno Amelia?",390
"Sophia è un'avida giardiniere.La scorsa settimana, ha ricevuto 26 nuove piante in vaso dal suo vivaio di piante preferito.Ha già 11 piante in vaso su ciascuna delle 55 sporgenze delle finestre della sua grande casa di campagna.Ha anche acquistato 130 nuovi impianti ieri con uno sconto del 50%.Sentendosi generosi, ha deciso che darà 3 piante in vaso da ogni sporgenza ad amici e familiari domani.Con quante piante in vaso rimarranno Sophia?",596
"Ci sono 24 ragazze nel parco.Se c'è un terzo del numero di ragazzi nel parco, quale percentuale dei bambini nel parco sono ragazze?",75
"Ci sono 39 ragazze nel cortile.Se ci sono due sesti il ​​numero di ragazzi nel cortile, quale percentuale dei bambini nel cortile sono ragazze?",75
"Ci sono 22 ragazze in giardino.Se ci sono tre volte il numero di ragazzi in giardino, quale percentuale dei bambini nel giardino sono ragazze?",25
"Ci sono 20 ragazze in giardino.Se ci sono 1/4 del numero di ragazzi in giardino, quale percentuale dei bambini nel giardino sono ragazze?",80
"Ci sono 24 ragazze sul campo.Se ci sono quattro volte il numero di ragazzi sul campo, quale percentuale dei bambini sul campo sono ragazze?",20
"Ci sono 16 ragazze in giardino.Se ci sono nove volte il numero di ragazzi in giardino, quale percentuale dei bambini nel giardino sono ragazze?",10
"Ci sono 21 ragazze nel parco giochi.Se ci sono quattro volte il numero di ragazzi nel parco giochi, quale percentuale dei bambini nel parco giochi sono ragazze?",20
"Ci sono 18 ragazze sul campo.Se ci sono quattro volte il numero di ragazzi sul campo, quale percentuale dei bambini sul campo sono ragazze?",20
"Ci sono 31 ragazze nel parco.Se ci sono quattro volte il numero di ragazzi nel parco, quale percentuale dei bambini nel parco sono ragazze?",20
"Ci sono 19 ragazze sul campo.Se ci sono nove volte il numero di ragazzi sul campo, quale percentuale dei bambini sul campo sono ragazze?",10
"La signora Smith è alla ricerca di una nuova casa che non vada oltre il suo budget di $ 410000.Ha visto una proprietà che ha un prezzo di vendita di $ 500000.Inoltre, l'acquirente deve pagare una commissione di intermediazione che è il 7% del prezzo di vendita e anche la commissione di trasferimento che è il 12% del prezzo di vendita.Se la signora Smith può ottenere uno sconto del 20% sul prezzo di vendita, quanto di più sarà il costo totale rispetto al budget della signora Smith?",66000
"Il Dr. Patel è alla ricerca di un nuovo condominio che non vada oltre il suo budget di $ 390000.Ha visto una proprietà che ha un prezzo di vendita di $ 560000.Inoltre, l'acquirente deve pagare una commissione di intermediazione che è il 7% del prezzo di vendita e anche la commissione di trasferimento che è il 14% del prezzo di vendita.Se il Dr. Patel riesce a ottenere uno sconto del 25% sul prezzo di vendita, quanto di più sarà il costo totale del budget del Dr. Patel?",118200
"La signora Johnson è alla ricerca di un nuovo appartamento che non vada oltre il suo budget di $ 430000.Ha visto una proprietà che ha un prezzo di vendita di $ 400000.Inoltre, l'acquirente deve pagare una commissione di intermediazione che è il 7% del prezzo di vendita e anche la commissione di trasferimento che è il 14% del prezzo di vendita.Se la signora Johnson può ottenere uno sconto del 5% sul prezzo di vendita, quanto di più sarà il costo totale rispetto al budget della signora Johnson?",29800
"La signora Smith è alla ricerca di una nuova casa che non vada oltre il suo budget di $ 410000.Ha visto una proprietà che ha un prezzo di vendita di $ 480000.Inoltre, l'acquirente deve pagare una commissione di intermediazione che è il 3% del prezzo di vendita e anche la commissione di trasferimento che è il 12% del prezzo di vendita.Se la signora Smith può ottenere uno sconto del 5% sul prezzo di vendita, quanto di più sarà il costo totale rispetto al budget della signora Smith?",114400
"La signora Lee è alla ricerca di una nuova casa a schiera che non vada oltre il suo budget di $ 330000.Ha visto una proprietà che ha un prezzo di vendita di $ 440000.Inoltre, l'acquirente deve pagare una commissione di intermediazione che è il 5% del prezzo di vendita e anche la commissione di trasferimento che è il 12% del prezzo di vendita.Se la signora Lee può ottenere uno sconto del 25% sul prezzo di vendita, quanto di più sarà il costo totale rispetto al budget della signora Lee?",56100
"La signora Smith è alla ricerca di una nuova casa che non vada oltre il suo budget di $ 310000.Ha visto una proprietà che ha un prezzo di vendita di $ 400000.Inoltre, l'acquirente deve pagare una commissione di intermediazione che è il 5% del prezzo di vendita e anche la commissione di trasferimento che è il 12% del prezzo di vendita.Se la signora Smith può ottenere uno sconto del 10% sul prezzo di vendita, quanto di più sarà il costo totale rispetto al budget della signora Smith?",111200
"La signora Johnson è alla ricerca di un nuovo appartamento che non vada oltre il suo budget di $ 490000.Ha visto una proprietà che ha un prezzo di vendita di $ 640000.Inoltre, l'acquirente deve pagare una commissione di intermediazione che è il 3% del prezzo di vendita e anche la commissione di trasferimento che è il 14% del prezzo di vendita.Se la signora Johnson può ottenere uno sconto del 25% sul prezzo di vendita, quanto di più sarà il costo totale rispetto al budget della signora Johnson?",71600
"La signora Johnson è alla ricerca di un nuovo appartamento che non vada oltre il suo budget di $ 400000.Ha visto una proprietà che ha un prezzo di vendita di $ 480000.Inoltre, l'acquirente deve pagare una commissione di intermediazione che è il 7% del prezzo di vendita e anche la commissione di trasferimento che è il 12% del prezzo di vendita.Se la signora Johnson può ottenere uno sconto del 25% sul prezzo di vendita, quanto di più sarà il costo totale rispetto al budget della signora Johnson?",28400
"La signora Lee è alla ricerca di una nuova casa a schiera che non vada oltre il suo budget di $ 440000.Ha visto una proprietà che ha un prezzo di vendita di $ 400000.Inoltre, l'acquirente deve pagare una commissione di intermediazione che è il 7% del prezzo di vendita e anche la commissione di trasferimento che è il 12% del prezzo di vendita.Se la signora Lee può ottenere uno sconto del 5% sul prezzo di vendita, quanto di più sarà il costo totale rispetto al budget della signora Lee?",12200
"La signora Johnson è alla ricerca di un nuovo appartamento che non vada oltre il suo budget di $ 470000.Ha visto una proprietà che ha un prezzo di vendita di $ 650000.Inoltre, l'acquirente deve pagare una commissione di intermediazione che è il 4% del prezzo di vendita e anche la commissione di trasferimento che è il 13% del prezzo di vendita.Se la signora Johnson può ottenere uno sconto del 20% sul prezzo di vendita, quanto di più sarà il costo totale rispetto al budget della signora Johnson?",138400
"Nadia andò al forno e acquistò vari tipi di dolci.Ha comprato 60 ciambelle a $ 14 per dozzina, 60 mini cupcakes a $ 25 per dozzina e 24 mini cheesecakes.Dopo uno sconto del 20%, ha pagato un totale di $ 1540.Qual era il costo delle mini cheesecakes per dozzina?",865
"Nia andò alla pasticceria e acquistò vari tipi di prodotti da forno.Ha comprato 60 croissant a $ 19 per dozzina, 72 macaron a $ 20 per dozzina e 36 brownies.Dopo uno sconto del 5%, ha pagato un totale di $ 1330.Qual era il costo dei brownies per dozzina?",395
"Ava andò alla pasticceria e acquistò vari tipi di dessert.Ha comprato 36 eclairs a $ 13 per dozzina, 60 biscotti a $ 26 per dozzina e 24 muffin.Dopo uno sconto del 20%, ha pagato un totale di $ 980.Qual era il costo dei muffin per dozzina?",528
"Roya andò alla pasticceria e acquistò vari tipi di prodotti da forno.Ha comprato 48 croissant a $ 19 per dozzina, 48 macaron a $ 31 per dozzina e 24 brownies.Dopo uno sconto del 25%, ha pagato un totale di $ 1530.Qual era il costo dei brownies per dozzina?",920
"Aisha andò alla pasticceria e acquistò vari tipi di prodotti da forno.Ha comprato 24 croissant a $ 12 per dozzina, 48 macaron a $ 20 per dozzina e 24 brownies.Dopo uno sconto del 20%, ha pagato un totale di $ 1520.Qual era il costo dei brownies per dozzina?",898
"Sophia andò al forno e acquistò vari tipi di dolci.Ha comprato 48 ciambelle a $ 19 per dozzina, 48 mini cupcakes a $ 24 per dozzina e 48 mini cheesecakes.Dopo uno sconto del 25%, ha pagato un totale di $ 1440.Qual era il costo delle mini cheesecakes per dozzina?",437
"Uma andò al caffè e acquistò vari tipi di prelibatezze.Ha comprato 48 danesi a $ 16 per dozzina, 48 crostate a $ 25 per dozzina e 48 focaccine.Dopo uno sconto del 25%, ha pagato un totale di $ 1050.Qual era il costo delle focaccine per dozzina?",309
"Mia andò al caffè e acquistò vari tipi di prelibatezze.Ha comprato 48 danesi a $ 20 per dozzina, 60 crostate a $ 24 per dozzina e 24 focaccine.Dopo uno sconto del 25%, ha pagato un totale di $ 1140.Qual era il costo delle focaccine per dozzina?",660
"Daphne andò al forno e acquistò vari tipi di dolci.Ha comprato 48 ciambelle a $ 18 per dozzina, 72 mini cupcakes a $ 29 per dozzina e 72 mini cheesecakes.Dopo uno sconto del 20%, ha pagato un totale di $ 1200.Qual era il costo delle mini cheesecakes per dozzina?",209
"Emma andò alla parserie e acquistò vari tipi di prodotti da forno.Ha comprato 60 croissant a $ 16 per dozzina, 48 macaron a $ 30 per dozzina e 60 brownies.Dopo uno sconto del 20%, ha pagato un totale di $ 1400.Qual era il costo dei brownies per dozzina?",310
"Quest'anno Sunnyside High organizza la laurea nella sua arena sportiva che ha spazio per 7500 persone.Dopo aver tenuto conto dei 600 posti per laureato, 250 posti per la facoltà che frequentano e riservando 50 posti per il personale dell'evento, quanti biglietti riceverebbero ciascuno di laurea per dare ai propri amici e familiari se i biglietti fossero divisi equamente?",11
"Quest'anno la Greenville High School si laurea nel suo centro congressi che ha spazio per 7700 persone.Dopo aver tenuto conto dei 550 posti per il laureato, 450 posti per la facoltà che frequentano e riservando 100 posti per il personale dell'evento, quanti biglietti riceverebbero ciascuno laureato da dare ai propri amici e familiari se i biglietti fossero divisi equamente?",12
"Riverside Academy sta organizzando la laurea nel suo palestra quest'anno che ha spazio per 7800 persone.Dopo aver tenuto conto dei 1050 posti per il laureato, 350 posti per la facoltà che frequentano e riservando 100 posti per il personale dell'evento, quanti biglietti riceverebbero ciascuno laureato da dare ai propri amici e familiari se i biglietti fossero divisi equamente?",6
"Quest'anno la Greenville High School si è laureata nel suo centro congressi che ha spazio per 3900 persone.Dopo aver tenuto conto dei 1150 posti per laureato, 400 posti per la facoltà che frequentano e riservando 50 posti per il personale dell'evento, quanti biglietti riceverebbero ciascuno laureato da dare ai propri amici e familiari se i biglietti fossero divisi equamente?",2
"Riverside Academy sta organizzando la laurea nella sua palestra quest'anno che ha spazio per 8900 persone.Dopo aver tenuto conto dei 1050 posti per il laureato, 400 posti per la facoltà che frequentano e riservando 100 posti per il personale dell'evento, quanti biglietti riceverebbero ciascuno laureato da dare ai propri amici e familiari se i biglietti fossero divisi equamente?",7
"Riverside Academy sta organizzando la laurea nella sua palestra quest'anno che ha spazio per 7300 persone.Dopo aver tenuto conto dei 700 posti per laureati, 200 posti per la facoltà che frequentano e riservano 100 posti per il personale dell'evento, quanti biglietti riceverebbero ciascuno laureato da dare ai propri amici e familiari se i biglietti fossero divisi equamente?",9
"Quest'anno Sunnyside High organizza la laurea nella sua arena sportiva che ha spazio per 6700 persone.Dopo aver tenuto conto dei 1250 posti per il laureato, 350 posti per la facoltà che frequentano e riservando 100 posti per il personale dell'evento, quanti biglietti riceverebbero ciascuno laureato da dare ai propri amici e familiari se i biglietti fossero divisi equamente?",4
"Quest'anno Sunnyside High organizza la laurea nella sua arena sportiva che ha spazio per 4100 persone.Dopo aver tenuto conto dei 750 posti per il laureato, 250 posti per la facoltà che frequentano e riservando 100 posti per il personale dell'evento, quanti biglietti riceverebbero ciascuno laureato da dare ai propri amici e familiari se i biglietti fossero divisi equamente?",4
"Quest'anno la Greenville High School si è laureata nel suo centro congressi che ha spazio per 7200 persone.Dopo aver tenuto conto dei 750 posti per laureati, 400 posti per la facoltà che frequentano e riservando 50 posti per il personale dell'evento, quanti biglietti riceverebbero ciascuno laureato da dare ai propri amici e familiari se i biglietti fossero divisi equamente?",8
"La Oakwood High School si sta laureando nel suo auditorium quest'anno che ha spazio per 3500 persone.Dopo aver tenuto conto dei 750 posti per laureato, 400 posti per la facoltà che frequentano e riservando 100 posti per il personale dell'evento, quanti biglietti riceverebbero ciascuno laureato da dare ai propri amici e familiari se i biglietti fossero divisi equamente?",3
Bodhi va al negozio per comprare del riso.Il normale marchio di riso che acquista costa $ 15 per libbra.Deve acquistare un marchio più costoso che costa il 20% in più da quando il suo marchio preferito è stato esaurito.Decide di acquistare una settimana di riso e usa 2 chili di riso al giorno.Il negozio ha uno sconto del 20% sul riso che applica solo fino a 10 sterline;Qualsiasi riso aggiuntivo viene venduto al prezzo normale.Bodhi decide anche di acquistarsi un biscotto per $ 1.Quanto deve pagare Bodhi?,217
Oliver va al negozio per comprare un po 'di farina.Il normale marchio di farina acquista costi ₣ 16 per chilogrammo.Deve acquistare un marchio più costoso che costa il 25% in più da quando il suo marchio preferito è stato esaurito.Decide di acquistare una settimana di farina e usa 2 chilogrammi di farina al giorno.Il negozio ha uno sconto del 5% sulla farina che applica solo fino a 10 chilogrammi;Qualsiasi farina aggiuntiva viene venduta al prezzo normale.Oliver decide anche di acquistarsi un muffin per ₣ 4.Quanto deve pagare Oliver?,274
Arjun va al negozio per comprare un po 'di tè.Il normale marchio di tè che acquista costa ¥ 10 per chilogrammo.Deve acquistare un marchio più costoso che costa il 40% in più da quando il suo marchio preferito è stato esaurito.Decide di acquistare una settimana di tè e usa 2 chilogrammi di tè al giorno.Il negozio ha uno sconto del 10% sul tè che applica solo fino a 10 chilogrammi;Qualsiasi tè aggiuntivo viene venduto al prezzo normale.Arjun decide anche di acquistarsi un muffin per ¥ 4.Quanto deve pagare Arjun?,186
Benjamin va al negozio per comprare un po 'di zucchero.Il normale marchio di zucchero che acquista costi ₺10 per kg.Deve acquistare un marchio più costoso che costa il 20% in più da quando il suo marchio preferito è stato esaurito.Decide di acquistare una settimana di zucchero e usa 3 kg di zucchero al giorno.Il negozio ha uno sconto del 30% sullo zucchero che vale solo fino a 10 kg;Qualsiasi zucchero aggiuntivo viene venduto al prezzo normale.Benjamin decide anche di acquistarsi un bagel per ₺1.Quanto deve pagare Benjamin?,217
Mohammed va al negozio per comprare un po 'di zucchero.Il normale marchio di zucchero che acquista costa $ 15 per kg.Deve acquistare un marchio più costoso che costa il 40% in più da quando il suo marchio preferito è stato esaurito.Decide di acquistare una settimana di zucchero e usa 3 kg di zucchero al giorno.Il negozio ha uno sconto del 10% sullo zucchero che vale solo fino a 20 kg;Qualsiasi zucchero aggiuntivo viene venduto al prezzo normale.Mohammed decide anche di acquistarsi un bagel per $ 1.Quanto deve pagare Mohammed?,400
Theo va al negozio per comprare un po 'di riso.Il normale marchio di riso che acquista costa ¥ 5 per kg.Deve acquistare un marchio più costoso che costa il 20% in più da quando il suo marchio preferito è stato esaurito.Decide di acquistare una settimana di riso e usa 2 kg di riso al giorno.Il negozio ha uno sconto del 40% sul riso che vale solo fino a 10 kg;Qualsiasi riso aggiuntivo viene venduto al prezzo normale.Theo decide anche di acquistarsi un bagel per ¥ 4.Quanto deve pagare Theo?,64
Faisal va al negozio per comprare un po 'di zucchero.Il normale marchio di zucchero che acquista costa $ 10 per libbra.Deve acquistare un marchio più costoso che costa il 20% in più da quando il suo marchio preferito è stato esaurito.Decide di acquistare una settimana di zucchero e usa 2 chili di zucchero al giorno.Il negozio ha uno sconto del 10% sullo zucchero che applica solo fino a 10 sterline;Qualsiasi zucchero aggiuntivo viene venduto al prezzo normale.Faisal decide anche di acquistarsi un biscotto per $ 3.Quanto deve pagare Faisal?,159
Mateo va al negozio per comprare un po 'di zucchero.Il normale marchio di zucchero che acquista costa ₺5 per chilogrammo.Deve acquistare un marchio più costoso che costa il 40% in più da quando il suo marchio preferito è stato esaurito.Decide di acquistare una settimana di zucchero e usa 3 chilogrammi di zucchero al giorno.Il negozio ha uno sconto del 20% sullo zucchero che applica solo fino a 20 chilogrammi;Qualsiasi zucchero aggiuntivo viene venduto al prezzo normale.Mateo decide anche di acquistarsi un muffin per ₺4.Quanto deve pagare Mateo?,123
Carlos va al negozio per comprare un po 'di farina.Il normale marchio di farina acquista costi ₣ 10 per kg.Deve acquistare un marchio più costoso che costa il 40% in più da quando il suo marchio preferito è stato esaurito.Decide di acquistare una settimana di farina e usa 2 kg di farina al giorno.Il negozio ha uno sconto del 45% sulla farina che applica solo fino a 10 kg;Qualsiasi farina aggiuntiva viene venduta al prezzo normale.Carlos decide anche di acquistarsi un bagel per ₣ 2.Quanto deve pagare Carlos?,135
Wei va al negozio per comprare un po 'di riso.Il normale marchio di riso che acquista costa $ 15 per kg.Deve acquistare un marchio più costoso che costa il 20% in più da quando il suo marchio preferito è stato esaurito.Decide di acquistare una settimana di riso e usa 3 kg di riso al giorno.Il negozio ha uno sconto del 5% sul riso che applica solo fino a 20 kg;Qualsiasi riso aggiuntivo viene venduto al prezzo normale.Wei decide anche di acquistarsi un bagel per $ 4.Quanto deve pagare Wei?,364
"Valentina si stava preparando per una serata di gioco a casa sua, dove intendeva servire lasagne vegetali.Ha notato che era senza forchette di plastica, quindi ha acquistato un nuovo pacchetto di forchette.Più tardi, suo marito acquistò anche un pacchetto di 19 nuove forchette e le diede a Valentina.Mentre Valentina stava preparando le lasagne vegetali, ha usato sei forche per assaggiare le sue lasagne vegetali, quindi ha gettato via 8 forchette difettose.Gli ospiti hanno anche portato 2 pacchetti di forchette, ognuno con 8 al suo interno.Più tardi, quando andò a fissare il tavolo, aveva un totale di 49 forchette.Quante forcelle c'erano nel pacchetto che Valentina ha acquistato?",28
"Uma si stava preparando per una festa potluck a casa sua, dove intendeva servire i gamberetti.Ha notato che era senza cucchiai di plastica, quindi ha acquistato un nuovo pacchetto di cucchiai.Più tardi, suo marito acquistò anche un pacchetto di 11 nuovi cucchiai e li diede a Uma.Mentre Uma stava preparando i gamberi Scampi, usava sette dei cucchiai per assaggiare i suoi gamberi Scampi, quindi gettò via 5 cucchiai difettosi.Gli ospiti hanno anche portato 2 pacchetti di cucchiai, ognuno con 5 al suo interno.Più tardi, quando andò a fissare il tavolo, aveva un totale di 36 cucchiai.Quanti cucchiai erano nel pacchetto che Uma ha acquistato?",27
"Xena si stava preparando per una festa di compleanno a casa sua, dove intendeva servire Creme Brulee.Ha notato che era senza forchette di plastica, quindi ha acquistato un nuovo pacchetto di forchette.Più tardi, suo marito acquistò anche un pacchetto di 16 nuove forchette e le diede a Xena.Mentre Xena stava preparando la crema brulée, ha usato sette forche per assaggiare la sua crema brulée, quindi ha gettato via 8 forchette difettose.Gli ospiti hanno anche portato 2 pacchetti di forchette, ognuno con 8 al suo interno.Più tardi, quando andò a fissare il tavolo, aveva un totale di 39 forchette.Quante forcelle c'erano nel pacchetto che Xena ha acquistato?",22
"Chen si stava preparando per una festa di compleanno a casa sua, dove intendeva servire stufato di manzo.Ha notato che era senza forchette di plastica, quindi ha acquistato un nuovo pacchetto di forchette.Più tardi, suo marito acquistò anche un pacchetto di 9 nuove forchette e le diede a Chen.Mentre Chen stava preparando lo stufato di manzo, ha usato sedici forche per assaggiare il suo stufato di manzo, quindi ha gettato via 12 forchette difettose.Gli ospiti hanno anche portato 2 pacchetti di forchette, ognuno con 12 al suo interno.Più tardi, quando andò a impostare il tavolo, aveva un totale di 32 forchette.Quante forcelle erano nel pacchetto che Chen ha acquistato?",27
"Sakura si stava preparando per una festa di compleanno a casa sua, dove intendeva servire il salmone alla griglia.Notò che era fuori dai piatti di plastica, quindi acquistò un nuovo pacchetto di piastre.Più tardi, suo marito acquistò anche un pacchetto di 7 nuovi piatti e li diede a Sakura.Mentre Sakura stava preparando il salmone alla griglia, usava otto piastre per assaggiare il suo salmone grigliato, quindi gettò via 15 piastre difettose.Gli ospiti hanno anche portato 2 pacchetti di piatti, ognuno con 15 al suo interno.Più tardi, quando andò a impostare il tavolo, aveva un totale di 56 piastre.Quanti piatti erano nel pacchetto che Sakura acquistò?",42
"Isabella si stava preparando per una festa per il pranzo a casa sua, dove intendeva servire lasagne vegetali.Ha notato che era senza forchette di plastica, quindi ha acquistato un nuovo pacchetto di forchette.Più tardi, suo marito acquistò anche un pacchetto di 14 nuove forchette e le diede a Isabella.Mentre Isabella stava preparando le lasagne vegetali, ha usato sette forche per assaggiare le sue lasagne vegetali, quindi ha gettato via 7 forchette difettose.Gli ospiti hanno anche portato 4 pacchetti di forchette, ognuno con 7 al suo interno.Più tardi, quando andò a impostare il tavolo, aveva un totale di 66 forchette.Quante forcelle c'erano nel pacchetto che Isabella ha acquistato?",38
"Olivia si stava preparando per una festa per il pranzo a casa sua, dove intendeva servire il pollo arrosto.Notò che era fuori dai piatti di plastica, quindi acquistò un nuovo pacchetto di piastre.Più tardi, suo marito acquistò anche un pacchetto di 8 nuovi piatti e li diede a Olivia.Mentre Olivia stava preparando il pollo arrosto, ha usato tredici piatti per assaggiare il suo pollo arrosto, quindi ha gettato via 14 piatti difettosi.Gli ospiti hanno anche portato 3 pacchetti di piatti, ognuno con 14 al suo interno.Più tardi, quando andò a impostare il tavolo, aveva un totale di 60 piatti.Quante piastre erano nel pacchetto acquistato Olivia?",37
"Sophia si stava preparando per una serata di gioco a casa sua, dove intendeva servire peperoni ripieni.Ha notato che era senza cucchiai di plastica, quindi ha acquistato un nuovo pacchetto di cucchiai.Più tardi, suo marito acquistò anche un pacchetto di 6 nuovi cucchiai e li diede a Sophia.Mentre Sophia stava preparando i peperoni, ha usato diciassette dei cucchiai per assaggiare i suoi peperoni ripieni, quindi ha gettato via 9 cucchiai difettosi.Gli ospiti hanno anche portato 2 pacchetti di cucchiai, ognuno con 9 al suo interno.Più tardi, quando andò a fissare il tavolo, aveva un totale di 25 cucchiai.Quanti cucchiai erano nel pacchetto acquistato da Sophia?",27
"Aisha si stava preparando per una festa per il pranzo a casa sua, dove intendeva servire peperoni ripieni.Ha notato che era senza forchette di plastica, quindi ha acquistato un nuovo pacchetto di forchette.Più tardi, suo marito acquistò anche un pacchetto di 8 nuove forchette e le diede ad Aisha.Mentre Aisha stava realizzando i peperoni ripieni, ha usato sedici delle forcelle per assaggiare i suoi peperoni ripieni, quindi ha gettato via 6 forchette difettose.Gli ospiti hanno anche portato 2 pacchetti di forchette, ognuno con 6 al suo interno.Più tardi, quando andò a impostare il tavolo, aveva un totale di 32 forchette.Quante forcelle c'erano nel pacchetto che Aisha ha acquistato?",34
"Emma si stava preparando per una festa potluck a casa sua, dove intendeva servire Creme Brulee.Notò che era fuori dai piatti di plastica, quindi acquistò un nuovo pacchetto di piastre.Più tardi, suo marito acquistò anche un pacchetto di 19 nuovi piatti e li diede a Emma.Mentre Emma stava preparando la crema brulée, usava dieci piastre per assaggiare la sua crema brulee, quindi gettò via 10 piastre difettose.Gli ospiti hanno anche portato 4 pacchetti di piatti, ognuno con 10 al suo interno.Più tardi, quando andò a impostare il tavolo, aveva un totale di 59 piastre.Quante piastre erano nel pacchetto che Emma ha acquistato?",20
"Diego sceglie 67 ananas mercoledì.Quindi sceglie 176 ananas giovedì.Venerdì, sceglie Quintuple il numero di ananas che ha fatto mercoledì.Sabato, sceglie la metà della quantità di ciò che ha scelto negli ultimi 3 giorni combinati.Domenica, Diego venderà ananas in scatole di 17 ananas ciascuno.Venderà ogni scatola per $ 12.Quanto farà Diego?",612
"Deshawn sceglie 142 pere sabato.Quindi sceglie 172 pere di domenica.Lunedì sceglie il triplo del numero di pere che ha fatto sabato.Martedì, sceglie la metà della quantità di ciò che ha scelto negli ultimi 3 giorni combinati.Mercoledì, Deshawn venderà pere in scatole di 15 pere ciascuna.Venderà ogni scatola per $ 14.Quanto farà Deshawn?",1036
"Leon sceglie 80 mele giovedì.Quindi sceglie 50 mele venerdì.Sabato, sceglie il triplo del numero di mele che ha fatto giovedì.Domenica, sceglie la metà della quantità di ciò che ha scelto negli ultimi 3 giorni combinati.Lunedì, Leon venderà mele in scatole di 15 mele ciascuna.Venderà ogni scatola per $ 12.Quanto farà Leon?",444
"Luis sceglie 55 uve venerdì.Poi sceglie 170 uve sabato.Domenica, sceglie Quintuple il numero di uve che ha fatto venerdì.Lunedì sceglie la metà della quantità di ciò che ha scelto negli ultimi 3 giorni combinati.Martedì Luis venderà uva in scatole di 15 uve ciascuna.Venderà ogni scatola per $ 10.Quanto farà Luis?",500
"Oliver sceglie 111 arance martedì.Quindi sceglie 170 arance mercoledì.Giovedì, sceglie Quintuple il numero di arance che ha fatto martedì.Venerdì, sceglie la metà della quantità di ciò che ha scelto negli ultimi 3 giorni combinati.Sabato, Oliver venderà arance in scatole di 19 arance ciascuna.Venderà ogni scatola per $ 9.Quanto farà Oliver?",594
"Domenica Umar sceglie 147 mele.Quindi raccoglie 99 mele lunedì.Martedì prende il doppio del numero di mele che ha fatto domenica.Mercoledì, sceglie la metà della quantità di ciò che ha scelto negli ultimi 3 giorni combinati.Giovedì, Umar venderà mele in scatole di 27 mele ciascuna.Venderà ogni scatola per $ 11.Quanto farà Umar?",330
"Mateo sceglie 45 mele martedì.Quindi sceglie 105 mele mercoledì.Giovedì, sceglie il doppio del numero di mele che ha fatto martedì.Venerdì, sceglie la metà della quantità di ciò che ha scelto negli ultimi 3 giorni combinati.Sabato, Mateo venderà mele in scatole di 24 mele ciascuna.Venderà ogni scatola per $ 13.Quanto farà Mateo?",195
"Sanjay sceglie 179 prugne venerdì.Quindi sceglie 185 prugne sabato.Domenica, sceglie il quadruplo del numero di prugne che ha fatto venerdì.Lunedì sceglie la metà della quantità di ciò che ha scelto negli ultimi 3 giorni combinati.Martedì, Sanjay venderà prugne in scatole di 20 prugne ciascuna.Venderà ogni scatola per $ 11.Quanto farà Sanjay?",891
"Martedì Carlos sceglie 129 mele.Quindi sceglie 129 mele mercoledì.Giovedì, sceglie il doppio del numero di mele che ha fatto martedì.Venerdì, sceglie la metà della quantità di ciò che ha scelto negli ultimi 3 giorni combinati.Sabato, Carlos venderà mele in scatole di 18 mele ciascuna.Venderà ogni scatola per $ 12.Quanto farà Carlos?",516
"Viktor sceglie 142 banane giovedì.Quindi sceglie 92 banane venerdì.Sabato, sceglie il triplo del numero di banane che ha fatto giovedì.Domenica, sceglie la metà della quantità di ciò che ha scelto negli ultimi 3 giorni combinati.Lunedì, Viktor venderà banane in scatole di 22 banane ciascuna.Venderà ogni scatola per $ 10.Quanto farà Viktor?",450
"Una struttura di assistenza ha una capacità di 1700 camere con 1/5 occupato e un quinto di tutte le stanze fuori servizio.A causa della pandemia, 20 pazienti vengono ammessi nella struttura di cura ogni giorno.Calcola il numero totale di stanze non occupate nella struttura di cura dopo 2 settimane.",740
"Una struttura di assistenza ha una capacità di 1800 camere con 1/6 occupata e un nono di tutte le stanze fuori servizio.A causa della pandemia, 25 pazienti vengono ammessi nella struttura di cura ogni giorno.Calcola il numero totale di stanze non occupate nella struttura di cura dopo 2 settimane.",950
"Una clinica ha una capacità di 1600 camere con 1/10 occupato e due quinti di tutte le stanze fuori servizio.A causa del disastro naturale, 30 pazienti vengono ammessi ogni giorno in clinica.Calcola il numero totale di stanze non occupate nella clinica dopo 3 settimane.",170
"Un centro medico ha una capacità di 1300 letti con 1/5 occupato e un quarto di tutti i letti fuori servizio.A causa dell'incidente principale, 30 pazienti vengono ammessi al centro medico ogni giorno.Calcola il numero totale di letti non occupati nel centro medico dopo 2 settimane.",295
"Un ospedale ha una capacità di 1300 letti con 1/6 occupato e due-sessi di tutti i letti fuori servizio.A causa della stagione influenzale, 30 pazienti vengono ammessi in ospedale ogni giorno.Calcola il numero totale di letti non occupati in ospedale dopo 2 settimane.",230
"Un centro medico ha una capacità di 1200 letti con 2/4 occupati e un ottavo di tutti i letti fuori servizio.A causa del grande incidente, 20 pazienti vengono ammessi al centro medico ogni giorno.Calcola il numero totale di letti non occupati nel centro medico dopo 2 settimane.",170
"Una clinica ha una capacità di 1700 camere con 1/10 occupato e un quarto di tutte le stanze fuori servizio.A causa del disastro naturale, 20 pazienti vengono ammessi ogni giorno in clinica.Calcola il numero totale di stanze non occupate nella clinica dopo 2 settimane.",825
"Una struttura di assistenza ha una capacità di 1400 camere con 1/7 occupato e un decimo di tutte le stanze fuori servizio.A causa della pandemia, 35 pazienti vengono ammessi ogni giorno nella struttura di cura.Calcola il numero totale di stanze non occupate nella struttura di cura dopo 2 settimane.",570
"Un ospedale ha una capacità di 1800 letti con 1/9 occupato e un nono di tutti i letti fuori servizio.A causa della stagione influenzale, 20 pazienti vengono ammessi in ospedale ogni giorno.Calcola il numero totale di letti non occupati in ospedale dopo 2 settimane.",1120
"Un ospedale ha una capacità di 1400 letti con 1/3 occupato e un sesto di tutti i letti fuori servizio.A causa della stagione influenzale, 25 pazienti vengono ammessi ogni giorno in ospedale.Calcola il numero totale di letti non occupati in ospedale dopo 3 settimane.",175
"Valeria e Viktor sono andati in un negozio di forniture di costruzione.Viktor è un membro, ma Valeria non lo è.Valeria ha ₣ 97.37 e vuole acquistare 15 ancore da un bidone nel negozio.Ha anche bisogno di 8 chiodi, ciascuno dei costi ₣ 0,64.Ogni ancoraggio di ancoraggio ₣ 0,35.Inoltre, Valeria raccoglie 8 litri di vernice.Viktor inizia con ₣ 90 e vuole 10 galloni di vernice, ciascuno al prezzo di ₣ 7,0 e 4 matite per carpentiere, ciascuna costosa ₣ 2.Il negozio offre uno sconto del 10% sulla vernice per i membri.Quanto più denaro resta Valeria di Viktor dopo aver lasciato il negozio?",12
"Gabrielle e Arash andarono in un negozio di forniture di costruzioni.Arash è un membro, ma Gabrielle non lo è.Gabrielle ha € 92,27 e vuole acquistare 15 chiodi da un bidone nel negozio.Ha anche bisogno di 8 rondelle, ciascuna che costa € 0,64.Ogni chiodo costa € 0,21.Inoltre, Gabrielle raccoglie 8 litri di vernice.Arash inizia con € 100 e desidera 12 galloni di vernice, ciascuno al prezzo di € 7,5 e 3 matite per carpentiere, ciascuna che costa € 3.Il negozio offre uno sconto del 10% sulla vernice per i membri.Quanto più denaro ha rimasto Gabrielle di Arash dopo aver lasciato il negozio?",14
"Kimia e Yusuf andarono in un negozio di forniture di costruzioni.Yusuf è un membro, ma Kimia non lo è.Kimia ha ¥ 91,25 e vuole acquistare 16 unghie da un bidone nel negozio.Ha anche bisogno di 9 rondelle, ciascuna che costa ¥ 0,65.Ogni chiodo costa ¥ 0,4.Inoltre, Kimia raccoglie 8 litri di vernice.Yusuf inizia con ¥ 80 e desidera 10 galloni di vernice, ciascuno al prezzo di ¥ 7,0 e 4 matite per carpentiere, ciascuna che costa ¥ 2.Il negozio offre uno sconto del 10% sulla vernice per i membri.Quanto più denaro ha rimasto Kimia di Yusuf dopo aver lasciato il negozio?",14
"Valentina e Liam andarono in un negozio di forniture di costruzione.Liam è membro, ma Valentina non lo è.Valentina ha ¥ 99,41 e vuole acquistare 17 viti da un bidone al negozio.Ha anche bisogno di 9 rondelle, ciascuna che costa ¥ 0,59.Ogni vite costa ¥ 0,3.Inoltre, Valentina raccoglie 8 litri di vernice.Liam inizia con ¥ 90 e desidera 10 litri di vernice, ciascuno al prezzo di ¥ 8,0 e 3 matite per carpentiere, ciascuna che costa ¥ 2.Il negozio offre uno sconto del 10% sulla vernice per i membri.Quanto più denaro ha rimasto Valentina di Liam dopo aver lasciato il negozio?",13
"Quinn e Faisal andarono in un negozio di rifornimenti di costruzione.Faisal è un membro, ma Quinn non lo è.Quinn ha ₣ 98.39 e vuole acquistare 17 dadi da un bidone nel negozio.Ha anche bisogno di 9 ancore, ognuna delle quali costò ₣ 0,68.Ogni dado costa ₣ 0,31.Inoltre, Quinn raccoglie 8 litri di vernice.Faisal inizia con ₣ 80 e vuole 10 galloni di vernice, ciascuno al prezzo di ₣ 7,0 e 3 matite per carpentiere, ciascuna costosa ₣ 2.Il negozio offre uno sconto del 10% sulla vernice per i membri.Quanto più denaro ha rimasto Quinn di Faisal dopo aver lasciato il negozio?",20
"Kayla e Luca andarono in un negozio di forniture di costruzioni.Luca è membro, ma Kayla non lo è.Kayla ha ₣ 90,23 e vuole acquistare 17 unghie da un bidone nel negozio.Ha anche bisogno di 8 rondelle, ognuna delle quali costò ₣ 0,62.Ogni unghie costa ₣ 0,31.Inoltre, Kayla raccoglie 8 litri di vernice.Luca inizia con ₣ 80 e vuole 10 galloni di vernice, ciascuno al prezzo di ₣ 7,0 e 4 matite per carpentiere, ciascuna che costa ₣ 2.Il negozio offre uno sconto del 10% sulla vernice per i membri.Quanto più denaro ha rimasto Kayla di Luca dopo aver lasciato il negozio?",15
"Gabrielle e Santiago sono andati in un negozio di forniture di costruzioni.Santiago è membro, ma Gabrielle non lo è.Gabrielle ha € 86,15 e vuole acquistare 16 viti da un bidone al negozio.Ha anche bisogno di 9 unghie, ciascuna che costa € 0,59.Ogni vite costa € 0,24.Inoltre, Gabrielle raccoglie 8 litri di vernice.Santiago inizia con € 100 e vuole 12 galloni di vernice, ciascuno al prezzo di € 7,5 e 4 matite per il carpentiere, ciascuna che costa € 2.Il negozio offre uno sconto del 10% sulla vernice per i membri.Quanto più denaro ha rimasto Gabrielle di Santiago dopo aver lasciato il negozio?",6
"Beatriz e Jin sono andati in un negozio di forniture per l'edilizia.Jin è un membro, ma Beatriz non lo è.Beatriz ha ₺82.07 e vuole acquistare 15 dadi da un bidone nel negozio.Ha anche bisogno di 8 viti, ognuna delle costi ₺0,64.Ogni dado costa ₺0.33.Inoltre, Beatriz raccoglie 8 litri di vernice.Jin inizia con ₺100 e vuole 12 galloni di vernice, ciascuno al prezzo di ₺7,5 e 4 matite per carpentiere, ciascuna che costa ₺2.Il negozio offre uno sconto del 10% sulla vernice per i membri.Quanto più denaro ha rimasto Beatriz di Jin dopo aver lasciato il negozio?",1
"Yara e Umar andarono in un negozio di forniture di costruzioni.Umar è un membro, ma Yara non lo è.Yara ha ₣ 90.23 e vuole acquistare 17 viti da un bidone al negozio.Ha anche bisogno di 9 ancore, ognuna delle quali costò ₣ 0,61.Ogni vite costa ₣ 0,22.Inoltre, Yara raccoglie 8 litri di vernice.Umar inizia con ₣ 100 e desidera 10 galloni di vernice, ciascuno al prezzo di ₣ 8,0 e 3 matite per il carpentiere, ciascuna costante ₣ 4.Il negozio offre uno sconto del 10% sulla vernice per i membri.Quanto più denaro ha rimasto Yara di Umar dopo aver lasciato il negozio?",1
"Kimia e Arjun andarono in un negozio di forniture di costruzioni.Arjun è un membro, ma Kimia non lo è.Kimia ha ¥ 100,43 e vuole acquistare 17 dadi da un bidone al negozio.Ha anche bisogno di 8 viti, ciascuna che costa ¥ 0,69.Ogni dado costa ¥ 0,23.Inoltre, Kimia raccoglie 10 litri di vernice.Arjun inizia con ¥ 90 e desidera 10 galloni di vernice, ciascuno al prezzo di ¥ 7,0 e 3 matite per carpentiere, ciascuna che costa ¥ 3.Il negozio offre uno sconto del 10% sulla vernice per i membri.Quanto più denaro ha rimasto Kimia di Arjun dopo aver lasciato il negozio?",3
"Una piramide è composta da 9 cubetti verdi, doppio cubi bianchi e un numero sconosciuto di cubi rosa.Se ci sono 45 cubi nella piramide in totale, quale percentuale di cubi è rosa?",40
"Uno stack è realizzato con 5 piastrelle arancioni, due volte più piastrelle rosa e un numero sconosciuto di piastrelle verdi.Se ci sono 20 piastrelle nello stack in totale, quale percentuale di piastrelle sono verdi?",25
"Uno stack è realizzato con 8 piastrelle rosa, due volte più piastrelle verdi e un numero sconosciuto di piastrelle arancioni.Se ci sono 48 piastrelle nello stack in totale, quale percentuale di piastrelle sono arancioni?",50
"Un edificio è realizzato con 4 mattoni bianchi, il doppio dei mattoni arancioni e un numero sconosciuto di mattoni viola.Se ci sono 40 mattoni nell'edificio in totale, quale percentuale di mattoni sono viola?",70
"Una piramide è fatta da 4 cubetti viola, sette volte più cubetti bianchi e un numero sconosciuto di cubi neri.Se ci sono 40 cubi nella piramide in totale, quale percentuale di cubi è nera?",20
"Uno stack è realizzato con 4 piastrelle nere, due volte più piastrelle bianche e un numero sconosciuto di piastrelle rosa.Se ci sono 24 piastrelle nello stack in totale, quale percentuale di piastrelle è rosa?",50
"Una pila è fatta di 9 piastrelle arancioni, tre volte più piastrelle rosa e un numero sconosciuto di piastrelle verdi.Se ci sono 40 piastrelle nello stack in totale, quale percentuale di piastrelle è verde?",10
"Un edificio è fatto di 2 mattoni viola, otto volte più mattoni neri e un numero sconosciuto di mattoni arancioni.Se ci sono 45 mattoni nell'edificio in totale, quale percentuale di mattoni sono arancioni?",60
"Un edificio è fatto di 7 mattoni viola, due volte più mattoni rosa e un numero sconosciuto di mattoni bianchi.Se ci sono 25 mattoni nell'edificio in totale, quale percentuale di mattoni sono bianchi?",16
"Un edificio è fatto di 4 mattoni viola, quattro volte più mattoni neri e un numero sconosciuto di mattoni rosa.Se ci sono 25 mattoni nell'edificio in totale, quale percentuale di mattoni sono rosa?",20
Olga può sbucciare 12 vongole al minuto e rosolare 30 vongole in 9 minuti.Quanti minuti ci vorrà per sbucciare e rosolare 180 vongole se ci vogliono 19 secondi per lavare ogni vongola prima di sbucciarla?Nota che OLGA non può lavorare in parallelo e deve fare una pausa di 11 minuti dopo aver sbucciato le vongole prima di poter iniziare a saltarle.,137
Aisha può sbucciare 10 vongole al minuto e rosolare 30 vongole in 6 minuti.Quanti minuti ci vorrà per sbucciare e rosolare 120 vongole se ci vogliono 14 secondi per lavare ogni vongola prima di sbucciarla?Nota che Aisha non può lavorare in parallelo e deve fare una pausa di 7 minuti dopo aver sbucciato le vongole prima di poter iniziare a saltarle.,71
Chen può sbucciare 5 vongole al minuto e rosolare 20 vongole in 16 minuti.Quanti minuti ci vorrà per sbucciare e rosolare 120 vongole se ci vogliono 15 secondi per lavare ogni vongola prima di sbucciarla?Nota che Chen non può lavorare in parallelo e deve fare una pausa di 6 minuti dopo aver sbucciato le vongole prima di poter iniziare a saltarle.,156
Ava può sbucciare 5 zucchini al minuto e rosolare 20 zucchini in 6 minuti.Quanti minuti ci vorrà per sbucciare e rosolare 140 zucchini se ci vogliono 24 secondi per lavare ogni zucchina prima di sbucciarlo?Nota che Ava non può lavorare in parallelo e deve fare una pausa di 15 minuti dopo aver sbucciato le zucchine prima di poter iniziare a saltarli.,141
Roya può sbucciare 6 vongole al minuto e rosolare 30 vongole in 11 minuti.Quanti minuti ci vorrà per sbucciare e rosolare 90 vongole se ci vogliono 14 secondi per lavare ogni vongola prima di sbucciarla?Nota che Roya non può lavorare in parallelo e deve fare una pausa di 7 minuti dopo aver sbucciato le vongole prima di poter iniziare a saltarle.,76
Kimia può sbucciare 6 gamberi al minuto e saltare 20 gamberi in 17 minuti.Quanti minuti ci vorrà per sbucciare e saltare 60 gamberi se ci vogliono 15 secondi per lavare ogni gambero prima di sbucciarlo?Nota che Kimia non può lavorare in parallelo e deve fare una pausa di 8 minuti dopo aver sbucciato i gamberi prima di poter iniziare a saltarli.,84
Nadia può sbucciare 4 carote al minuto e rosolare 20 carote in 11 minuti.Quanti minuti ci vorrà per sbucciare e rosolare 160 carote se ci vogliono 18 secondi per lavare ogni carota prima di sbucciarla?Nota che Nadia non può lavorare in parallelo e deve fare una pausa di 6 minuti dopo aver sbucciato le carote prima di poter iniziare a saltarle.,182
Beatriz può sbucciare 8 carote al minuto e rosolare 20 carote in 12 minuti.Quanti minuti ci vorrà per sbucciare e rosolare 160 carote se ci vogliono 12 secondi per lavare ogni carota prima di sbucciarla?Nota che Beatriz non può lavorare in parallelo e deve fare una pausa di 5 minuti dopo aver sbucciato le carote prima di poter iniziare a saltarle.,153
Nia può sbucciare 12 carote al minuto e rosolare 30 carote in 10 minuti.Quanti minuti ci vorrà per sbucciare e rosolare 180 carote se ci vogliono 25 secondi per lavare ogni carota prima di sbucciarla?Si noti che Nia non può lavorare in parallelo e deve fare una pausa di 13 minuti dopo aver sbucciato le carote prima di poter iniziare a saltarle.,163
Fatima può sbucciare 12 zucchini al minuto e rosolare 30 zucchini in 14 minuti.Quanti minuti ci vorrà per sbucciare e saltare 60 zucchini se ci vogliono 11 secondi per lavare ogni zucchina prima di sbucciarlo?Nota che Fatima non può lavorare in parallelo e deve fare una pausa di 12 minuti dopo aver sbucciato le zucchine prima di poter iniziare a saltarli.,56
"Uma e Zahra sono sorelle di Marrakech che adorano raccogliere le firme dai politici.Durante le loro vacanze di primavera da scuola, le sorelle trascorrono ogni pomeriggio a raccogliere firme.Dopo 6 settimane, Uma e Zahra confrontano i loro libri autografi, contando il numero di firme che ogni sorella ha raccolto.Uma ha 29 firme nel suo libro e Zahra ha 37. Le sorelle hanno altre 4 settimane di pause di primavera e decidono di voler raggiungere 130 firme tra loro entro la fine della pausa.Tuttavia, durante le restanti 4 settimane, UMA è in grado di raccogliere firme solo nei fine settimana, riducendo la sua collezione settimanale di 5 a settimana, mentre Zahra decide di aumentare la sua collezione settimanale.Di quante firme avranno bisogno di Zahra a raccogliere a settimana per assicurarsi che raggiungano il loro obiettivo?",11
"Daphne e Olivia sono sorelle del Cairo che adorano raccogliere le firme dalle star del cinema.Durante le loro vacanze di primavera da scuola, le sorelle trascorrono ogni pomeriggio a raccogliere firme.Dopo 3 settimane, Daphne e Olivia confrontano i loro libri autografi, contando il numero di firme che ogni sorella ha raccolto.Daphne ha 17 firme nel suo libro e Olivia ha 31. Le sorelle hanno altre 3 settimane di pause di primavera e decidono di voler raggiungere 120 firme tra loro entro la fine della pausa.Tuttavia, durante le restanti 3 settimane, Daphne è in grado di raccogliere firme solo nei fine settimana, riducendo la sua collezione settimanale di 5 a settimana, mentre Olivia decide di aumentare la sua collezione settimanale.Di quante firme dovranno raccogliere Olivia a settimana per assicurarsi che raggiungano il loro obiettivo?",19
"Ava e Quinn sono sorelle di Helsinki che adorano raccogliere firme dagli autori.Durante le loro vacanze di primavera da scuola, le sorelle trascorrono ogni pomeriggio a raccogliere firme.Dopo 3 settimane, Ava e Quinn confrontano i loro libri di autografi, contando il numero di firme che ogni sorella ha raccolto.Ava ha 30 firme nel suo libro e Quinn ne ha 37. Le sorelle hanno altre 2 settimane di primavera e decidono di voler raggiungere 135 firme tra loro entro la fine della pausa.Tuttavia, durante le restanti 2 settimane, AVA è in grado di raccogliere firme solo nei fine settimana, riducendo la sua collezione settimanale di 5 a settimana, mentre Quinn decide di aumentare la sua collezione settimanale.Di quante firme dovranno raccogliere Quinn a settimana per assicurarsi che raggiungano il loro obiettivo?",29
"Mei e Haruka sono sorelle di Singapore che adorano raccogliere le firme dai politici.Durante la loro pausa estiva da scuola, le sorelle trascorrono ogni pomeriggio a raccogliere firme.Dopo 5 settimane, Mei e Haruka confrontano i loro libri di autografi, contando il numero di firme che ogni sorella ha raccolto.Mei ha 24 firme nel suo libro e Haruka ha 51. Le sorelle hanno altre 3 settimane di pause estive e decidono di voler raggiungere 135 firme tra loro entro la fine della pausa.Tuttavia, durante le restanti 3 settimane, Mei è in grado di raccogliere firme solo nei fine settimana, riducendo la sua collezione settimanale di 5 a settimana, mentre Haruka decide di aumentare la sua collezione settimanale.Di quante firme avranno bisogno di Haruka di raccogliere a settimana per assicurarsi che raggiungano il loro obiettivo?",15
"Uma e Olga sono sorelle di Lisbona che adorano raccogliere firme dai politici.Durante la loro pausa estiva da scuola, le sorelle trascorrono ogni pomeriggio a raccogliere firme.Dopo 3 settimane, Uma e Olga confrontano i loro libri autografi, contando il numero di firme che ogni sorella ha raccolto.Uma ha 25 firme nel suo libro e Olga ha 59. Le sorelle hanno altre 2 settimane di pausa estiva e decidono di voler raggiungere 140 firme tra loro entro la fine della pausa.Tuttavia, durante le restanti 2 settimane, UMA è in grado di raccogliere firme solo nei fine settimana, riducendo la sua collezione settimanale di 5 a settimana, mentre OLGA decide di aumentare la sua collezione settimanale.Di quante firme dovranno raccogliere OLGA a settimana per assicurarsi che raggiungano il loro obiettivo?",23
"Chen e Tara sono sorelle di Lisbona che adorano raccogliere firme dai politici.Durante la loro pausa invernale da scuola, le sorelle trascorrono ogni pomeriggio a raccogliere firme.Dopo 5 settimane, Chen e Tara confrontano i loro libri di autografi, contando il numero di firme che ogni sorella ha raccolto.Chen ha 36 firme nel suo libro e Tara ha 32. Le sorelle hanno altre 4 settimane di pausa invernale e decidono di voler raggiungere 140 firme tra loro entro la fine della pausa.Tuttavia, durante le restanti 4 settimane, Chen è in grado di raccogliere firme solo nei fine settimana, riducendo la sua collezione settimanale di 5 a settimana, mentre Tara decide di aumentare la sua collezione settimanale.Quante firme dovranno raccogliere Tara a settimana per assicurarsi che raggiungano il loro obiettivo?",13
"Zahra e Yara sono sorelle di Città del Capo che adorano raccogliere firme dagli autori.Durante le loro vacanze di primavera da scuola, le sorelle trascorrono ogni pomeriggio a raccogliere firme.Dopo 7 settimane, Zahra e Yara confrontano i loro libri di autografi, contando il numero di firme che ogni sorella ha raccolto.Zahra ha 20 firme nel suo libro e Yara ne ha 30. Le sorelle hanno altre 3 settimane di pausa primaverile e decidono di voler raggiungere 140 firme tra loro entro la fine della pausa.Tuttavia, durante le restanti 3 settimane, Zahra è in grado di raccogliere firme solo nei fine settimana, riducendo la sua collezione settimanale di 5 a settimana, mentre Yara decide di aumentare la sua collezione settimanale.Di quante firme avranno bisogno di raccogliere a settimana per assicurarsi che raggiungano il loro obiettivo?",25
"Ava e Kayla sono sorelle di Bangkok che adorano raccogliere firme dagli atleti.Durante la loro pausa invernale da scuola, le sorelle trascorrono ogni pomeriggio a raccogliere firme.Dopo 3 settimane, Ava e Kayla confrontano i loro libri di autografi, contando il numero di firme che ogni sorella ha raccolto.Ava ha 38 firme nel suo libro e Kayla ne ha 41. Le sorelle hanno altre 4 settimane di pausa invernale e decidono di voler raggiungere 135 firme tra loro entro la fine della pausa.Tuttavia, durante le restanti 4 settimane, AVA è in grado di raccogliere firme solo nei fine settimana, riducendo la sua collezione settimanale di 5 a settimana, mentre Kayla decide di aumentare la sua collezione settimanale.Di quante firme dovranno raccogliere Kayla a settimana per assicurarsi che raggiungano il loro obiettivo?",9
"Sophia ed Elena sono sorelle di Auckland che adorano raccogliere firme dai musicisti.Durante le loro vacanze di primavera da scuola, le sorelle trascorrono ogni pomeriggio a raccogliere firme.Dopo 4 settimane, Sophia ed Elena confrontano i loro libri di autografi, contando il numero di firme che ogni sorella ha raccolto.Sophia ha 32 firme nel suo libro e Elena ha 56. Le sorelle hanno altre 3 settimane di pause di primavera e decidono di voler raggiungere 130 firme tra loro entro la fine della pausa.Tuttavia, durante le restanti 3 settimane, Sophia è in grado di raccogliere firme solo nei fine settimana, riducendo la sua collezione settimanale di 5 a settimana, mentre Elena decide di aumentare la sua collezione settimanale.Di quante firme dovranno raccogliere Elena a settimana per assicurarsi che raggiungano il loro obiettivo?",9
"Zahra e Nia sono sorelle di Hanoi che adorano raccogliere firme dalle star del cinema.Durante la loro pausa autunnale da scuola, le sorelle trascorrono ogni pomeriggio a raccogliere firme.Dopo 3 settimane, Zahra e Nia confrontano i loro libri autografi, contando il numero di firme che ogni sorella ha raccolto.Zahra ha 28 firme nel suo libro e Nia ne ha 46. Le sorelle hanno altre 2 settimane di pausa autunnale e decidono di voler raggiungere 120 firme tra loro entro la fine della pausa.Tuttavia, durante le restanti 2 settimane, Zahra è in grado di raccogliere firme solo nei fine settimana, riducendo la sua collezione settimanale di 5 a settimana, mentre Nia decide di aumentare la sua collezione settimanale.Quante firme dovranno raccogliere Nia a settimana per assicurarsi che raggiungano il loro obiettivo?",18
"Leon andò a comprare alcune materie prime scolastiche.Ha acquistato 8 pastelli che costano ¥ 7,0 ciascuno, 8 quaderni che costano ¥ 13,75 ciascuno e un risme di carta obbligazionaria che costa ¥ 10.Ha anche acquistato 4 cartelle che costano ¥ 11 ciascuno.Leon può pagare una commissione ¥ una tantum per diventare un membro e ottenere uno sconto del 20% su tutti gli acquisti o non diventare membro e ricevere solo uno sconto del 5%.Qual è il minimo importo che Leon può spendere per tutto?",196
"Bodhi andò a comprare alcune provviste scolastiche.Ha acquistato 24 cartelle che costano € 2,75 ciascuna, 12 matite che costano € 19,25 ciascuna e un risme di carta obbligazionaria che costa € 23.Ha anche acquistato 5 marcatori che costano € 8 ciascuno.Bodhi può pagare una commissione di € 20 per diventare un membro e ottenere uno sconto del 20% su tutti gli acquisti o non diventare membro e ricevere solo uno sconto del 5%.Qual è la minima quantità che Bodhi può spendere per tutto?",308
"Deshawn è andato a comprare alcune materie prime scolastiche.Ha comprato 14 gomme che costano ₺7,5 ciascuno, 4 sovrani che costano ₺18,5 ciascuno e un risme di carta obbligazionaria che costa ₺21.Ha anche comprato 8 cartelle che costano ₺10 ciascuna.Deshawn può pagare una commissione di ₺20 una tantum per diventare un membro e ottenere uno sconto del 20% su tutti gli acquisti o non diventare membro e ricevere solo uno sconto del 5%.Qual è il minimo importo che Deshawn può spendere per tutto?",244
"Andre andò a comprare alcune materie prime scolastiche.Ha acquistato 20 marcatori che costano ₣ 8,0 ciascuno, 10 matite che costano ₣ 18,0 ciascuno e una risme di carta obbligazionaria che costa ₣ 15.Ha anche acquistato 5 sovrani che costano ₣ 9 ciascuno.Andre può pagare una commissione una tantum per diventare un membro e ottenere uno sconto del 20% su tutti gli acquisti o non diventare un membro e ricevere solo uno sconto del 5%.Qual è il minimo importo che Andre può spendere per tutto?",340
"Faisal è andato a comprare alcune materie prime scolastiche.Ha comprato 18 matite che costano ₣ 6,0 ciascuna, 14 sovrani che costano ₣ 14,5 ciascuno e un risme di carta obbligazionaria che costa ₣ 24.Ha anche comprato 5 matite colorate che costano ₣ 9 ciascuna.Faisal può pagare una commissione una tantum per diventare un membro e ottenere uno sconto del 20% su tutti gli acquisti o non diventare membro e ricevere solo uno sconto del 5%.Qual è il minimo importo che Faisal può spendere per tutto?",324
"Oscar è andato a comprare alcune materie prime scolastiche.Ha acquistato 24 quaderni che costano ₺3,5 ciascuno, 6 sovrani che costano ₺13,0 ciascuno e un risme di carta obbligazionaria che costa ₺15.Ha anche comprato 7 matite che costano ₺9 ciascuno.Oscar può pagare una commissione di ₺20 una tantum per diventare un membro e ottenere uno sconto del 20% su tutti gli acquisti o non diventare membro e ricevere solo uno sconto del 5%.Qual è il minimo importo che Oscar può spendere per tutto?",212
"Qasim andò a comprare alcune materie prime scolastiche.Ha acquistato 18 quaderni che costano ¥ 9,0 ciascuno, 12 pastelli che costano ¥ 18,75 ciascuno e un risme di carta obbligazionaria che costava ¥ 21.Ha anche comprato 8 matite che costano ¥ 9 ciascuna.Qasim può pagare una commissione ¥ una tantum per diventare un membro e ottenere uno sconto del 20% su tutti gli acquisti o non diventare un membro e ricevere solo uno sconto del 5%.Qual è il minimo importo che Qasim può spendere per tutto?",404
"Yuki andò a comprare alcune materie prime scolastiche.Ha comprato 22 pastelli che costano ¥ 8,0 ciascuno, 14 gomme che costano ¥ 17,0 ciascuno e un risme di carta obbligazionaria che costa ¥ 13.Ha anche acquistato 3 marcatori che costano ¥ 11 ciascuno.Yuki può pagare una commissione di ¥ 20 per diventare un membro e ottenere uno sconto del 20% su tutti gli acquisti o non diventare membro e ricevere solo uno sconto del 5%.Qual è il minimo importo che Yuki può spendere per tutto?",388
"James andò a comprare alcune materie prime scolastiche.Ha acquistato 12 marcatori che costano $ 3,0 ciascuno, 14 pasticceri che costano $ 8,5 ciascuno e una risma di carta obbligazionaria che costa $ 17.Ha anche acquistato 6 matite colorate che costano $ 8 ciascuna.James può pagare una commissione una tantum di $ 20 per diventare un membro e ottenere uno sconto del 20% su tutti gli acquisti, o non diventare membro e ricevere solo uno sconto del 5%.Qual è il minimo importo che James può spendere per tutto?",196
"James andò a comprare alcune materie prime scolastiche.Ha acquistato 6 quaderni che costano ¥ 7,0 ciascuno, 14 matite che costano ¥ 10,0 ciascuno e un risme di carta obbligazionaria che costa ¥ 24.Ha anche acquistato 6 marcatori che costano ¥ 9 ciascuno.James può pagare una commissione di ¥ 20 per diventare un membro e ottenere uno sconto del 20% su tutti gli acquisti, o non diventare membro e ricevere solo uno sconto del 5%.Qual è il minimo importo che James può spendere per tutto?",228
"Yara andò al suo frutteto per scegliere alcune fragole e trovò nove volte più scarafaggi dei bruchi nel giardino.Yara ha quindi trovato 66 animali bianchi, metà dei quali erano conigli.Inoltre, ha visto 24 api e 13 bruchi.Quale percentuale di animali nel giardino erano i conigli?",15
"Ava andò alla sua assegnazione per scegliere alcuni lamponi e trovò un terzo di più api delle vespe nella patch.Ava ha quindi trovato 60 animali bianchi, metà dei quali erano conigli.Inoltre, ha visto 24 bruchi e 12 vespe.Quale percentuale di animali nella patch erano i conigli?",30
"Jasmine andò nel suo cortile per raccogliere alcune ciliegie e trovò la metà di molte vespe come le formiche sul campo.Jasmine ha quindi trovato 46 animali bianchi, metà dei quali erano conigli.Inoltre, ha visto 39 api e 10 formiche.Quale percentuale di animali sul campo erano conigli?",23
"Leilani andò alla sua assegnazione per scegliere alcuni lamponi e trovò due quarti di formiche delle vespe nella patch.Leilani ha quindi trovato 40 animali bianchi, metà dei quali erano conigli.Inoltre, ha visto 36 cavallette e 16 vespe.Quale percentuale di animali nella patch erano i conigli?",20
"Gabrielle andò alla sua assegnazione per raccogliere alcuni lamponi e trovò due quinti tante vespe delle api nella patch.Gabrielle ha quindi trovato 38 animali bianchi, metà dei quali erano conigli.Inoltre, ha visto 41 bruchi e 15 api.Quale percentuale di animali nella patch erano i conigli?",19
"Valeria è andata alla sua assegnazione per scegliere alcuni lamponi e ha trovato 4/5 tante formiche come coleotteri nella patch.Valeria ha quindi trovato 18 animali bianchi, metà dei quali erano conigli.Inoltre, ha visto 30 bruchi e 15 coleotteri.Quale percentuale di animali nella patch erano i conigli?",12
"Kimia andò nella sua serra per scegliere alcuni mirtilli e trovò sei volte più bruchi delle vespe nella trama.Kimia ha quindi trovato 40 animali bianchi, metà dei quali erano conigli.Inoltre, ha visto 25 coccinelle e 5 vespe.Quale percentuale di animali nella trama erano i conigli?",20
"Elena è andata alla sua assegnazione per scegliere alcuni lamponi e ha trovato sei volte più coccinelle delle vespe nella patch.Elena ha quindi trovato 74 animali bianchi, metà dei quali erano conigli.Inoltre, ha visto 32 formiche e 6 vespe.Quale percentuale di animali nella patch erano i conigli?",25
"Valeria andò alla sua assegnazione per scegliere alcuni lamponi e trovò 2/5 più bruchi delle api nella patch.Valeria ha quindi trovato 42 animali bianchi, metà dei quali erano conigli.Inoltre, ha visto 21 coccinelle e 15 api.Quale percentuale di animali nella patch erano i conigli?",25
"Nadia andò al suo frutteto per raccogliere alcune fragole e trovò tre sesti di tante vespe quante api nel giardino.Nadia ha quindi trovato 26 animali bianchi, metà dei quali erano conigli.Inoltre, ha visto 17 bruchi e 6 api.Quale percentuale di animali nel giardino erano i conigli?",25
"Yara ha visto una balena di 32 piedi con 16 remora, ogni 12 pollici di lunghezza ad essa.Quindi, 1/2 delle Remoras nuotò via.Più tardi, Yara ha visto un'altra balena di 10 piedi con 6 remora, ogni 8 pollici di lunghezza, attaccata ad essa.In media, quale percentuale della lunghezza del corpo di ogni balena è coperta dalle Remoras?",32
"Ali vide una balena di 30 piedi con 18 remora, ogni 15 pollici di lunga durata ad essa.Quindi, 1/3 dei Remoras nuotò via.Più tardi, Ali ha visto un'altra balena di 10 piedi con 6 remora, ogni 8 pollici di lunghezza, attaccata ad essa.In media, quale percentuale della lunghezza del corpo di ogni balena è coperta dalle Remoras?",45
"Il gelsomino ha visto un delfino da 32 piedi con 24 remoras, ogni 12 pollici di lunghezza ad esso attaccata.Quindi, 1/3 dei Remoras nuotò via.Più tardi, Jasmine vide un altro delfino da 8 piedi con 4 remora, ogni 6 pollici di lunghezza, attaccato ad esso.In media, quale percentuale della lunghezza del corpo di ciascun delfino è coperta dalle Remoras?",37
"Luis ha visto un delfino da 48 piedi con 24 remoras, ogni 18 pollici di lunghezza ad esso attaccata.Quindi, un terzo delle Remoras nuotò via.Più tardi, Luis vide un altro delfino da 10 piedi con 6 remoras, ogni 8 pollici di lunghezza, attaccato ad esso.In media, quale percentuale della lunghezza del corpo di ciascun delfino è coperta dalle Remoras?",45
"Pavel ha visto una balena di 45 piedi con 18 remora, ogni 12 pollici di lunga durata.Quindi, 1/2 delle Remoras nuotò via.Più tardi, Pavel ha visto un'altra balena di 10 piedi con 4 remora, ogni 3 pollici di lunghezza, attaccata ad essa.In media, quale percentuale della lunghezza del corpo di ogni balena è coperta dalle Remoras?",15
"Gabrielle ha visto uno squalo da 33 piedi con 12 remora, ogni 22 pollici di lunghezza ad esso.Quindi, un quarto dei Remoras nuotò via.Più tardi, Gabrielle ha visto un altro squalo di 8 piedi con 6 remora, ciascuno di 4 pollici, attaccato ad esso.In media, quale percentuale della lunghezza del corpo di ogni squalo è coperta dalle Remoras?",37
"Oscar ha visto uno squalo da 38 piedi con 16 remora, ciascuno da 19 pollici è stato attaccato ad esso.Quindi, un quarto dei Remoras nuotò via.Più tardi, Oscar ha visto un altro squalo da 10 piedi con 6 remora, ogni 3 pollici di lunghezza, attaccato ad esso.In media, quale percentuale della lunghezza del corpo di ogni squalo è coperta dalle Remoras?",32
"Oliver ha visto una balena di 48 piedi con 12 remora, ogni 24 pollici di lunghezza ad essa.Quindi, 1/2 delle Remoras nuotò via.Più tardi, Oliver ha visto un'altra balena di 10 piedi con 6 remora, ogni 6 pollici di lunghezza, attaccata ad essa.In media, quale percentuale della lunghezza del corpo di ogni balena è coperta dalle Remoras?",27
"Carlos vide uno squalo da 34 piedi con 18 remora, ogni 17 pollici di lunga durata.Quindi, un terzo delle Remoras nuotò via.Più tardi, Carlos ha visto un altro squalo da 10 piedi con 4 remora, ciascuno di 3 pollici, attaccato ad esso.In media, quale percentuale della lunghezza del corpo di ogni squalo è coperta dalle Remoras?",30
"Andre ha visto una balena di 30 piedi con 18 remora, ogni 15 pollici di lunghezza ad essa.Quindi, un terzo delle Remoras nuotò via.Più tardi, Andre ha visto un'altra balena di 10 piedi con 6 remora, ogni 7 pollici di lunghezza, attaccata ad essa.In media, quale percentuale della lunghezza del corpo di ogni balena è coperta dalle Remoras?",42
"Thiago sta raccogliendo fondi per una fiera scientifica di 3 giorni.Ogni giorno costa $ 250 per hotel, $ 30 per cibo e $ 30 per il trasporto.Thiago ha solo $ 35.I suoi amici si sono intervenuti e copriranno il costo di tutto il cibo per la fiera scientifica.Thiago ha anche chiesto aiuto alla scuola, che ha deciso di coprire 1/4 del costo rimanente della fiera scientifica.Quanti soldi manca ancora a Thago?",595
"Ali sta raccogliendo fondi per un torneo sportivo di 3 giorni.Ogni giorno costa ₣ 200 per hotel, ₣ 20 per cibo e ₣ 10 per il trasporto.Ali ha solo ₣ 40.I suoi amici si sono imbarcati e copriranno il costo di tutto il cibo per il torneo sportivo.Ali ha anche chiesto aiuto all'organizzazione benefica locale, che ha deciso di coprire 1/5 del costo rimanente del torneo sportivo.Quanti soldi mancano ancora Ali?",464
"Benjamin sta raccogliendo fondi per una fiera scientifica di 3 giorni.Ogni giorno costa ₺250 per hotel, ₺30 per cibo e ₺20 per il trasporto.Benjamin ha solo ₺165.I suoi amici si sono intervenuti e copriranno il costo di tutto il cibo per la fiera scientifica.Benjamin ha anche richiesto aiuto all'Associazione madre, che ha deciso di coprire un decimo del costo rimanente della fiera scientifica.Quanti soldi manca ancora a Benjamin?",564
"Leon sta raccogliendo fondi per un seminario di 2 giorni.Ogni giorno costa ¥ 150 per hotel, ¥ 30 per cibo e ¥ 10 per il trasporto.Leon ha solo ¥ 155.I suoi amici si sono imbarcati e copriranno il costo di tutto il cibo per il laboratorio.Leon ha anche chiesto aiuto al Youth Club, che ha deciso di coprire un quinto del costo rimanente del seminario.Quanti soldi manca ancora a Leon?",101
"Yuki sta raccogliendo fondi per un festival musicale di 2 giorni.Ogni giorno costa ₺100 per hotel, ₺40 per cibo e ₺30 per il trasporto.Yuki ha solo ₺10.I suoi amici si sono imbarcati e copriranno il costo di tutto il cibo per il festival musicale.Yuki ha anche richiesto aiuto alla Parent Association, che ha deciso di coprire 1/2 del costo rimanente del festival musicale.Quanti soldi manca ancora a Yuki?",120
"Ibrahim sta raccogliendo fondi per una conferenza di 2 giorni.Ogni giorno costa $ 200 per hotel, $ 30 per cibo e $ 30 per il trasporto.Ibrahim ha solo $ 95.I suoi amici si sono imbarcati e copriranno il costo di tutto il cibo per la conferenza.Ibrahim ha anche chiesto aiuto alla scuola, che ha deciso di coprire un quarto del costo rimanente della conferenza.Quanti soldi manca ancora a Ibrahim?",250
"Oscar sta raccogliendo fondi per un festival musicale di 3 giorni.Ogni giorno costa ₣ 250 per hotel, ₣ 40 per cibo e ₣ 10 per il trasporto.Oscar ha solo ₣ 125.I suoi amici si sono imbarcati e copriranno il costo di tutto il cibo per il festival musicale.Oscar ha anche chiesto aiuto all'organizzazione benefica locale, che ha deciso di coprire 1/6 del costo rimanente del festival musicale.Quanti soldi manca ancora all'Oscar?",525
"Pavel sta raccogliendo fondi per una fiera scientifica di 2 giorni.Ogni giorno costa ₺150 per hotel, ₺20 per cibo e ₺10 per il trasporto.Pavel ha solo ₺25.I suoi amici si sono intervenuti e copriranno il costo di tutto il cibo per la fiera scientifica.Pavel ha anche richiesto aiuto all'Associazione madre, che ha deciso di coprire la metà del costo rimanente della fiera scientifica.Quanti soldi mancano ancora a Pavel?",135
"Ali sta raccogliendo fondi per un torneo sportivo di 2 giorni.Ogni giorno costa ₺150 per hotel, ₺40 per cibo e ₺10 per il trasporto.Ali ha solo ₺160.I suoi amici si sono imbarcati e copriranno il costo di tutto il cibo per il torneo sportivo.ALI ha anche chiesto aiuto alla Parent Association, che ha deciso di coprire 1/8 del costo rimanente del torneo sportivo.Quanti soldi mancano ancora Ali?",120
"Faisal sta raccogliendo fondi per una conferenza di 3 giorni.Ogni giorno costa ¥ 200 per hotel, ¥ 30 per cibo e ¥ 30 per il trasporto.Faisal ha solo ¥ 115.I suoi amici si sono imbarcati e copriranno il costo di tutto il cibo per la conferenza.Faisal ha anche chiesto aiuto al Youth Club, che ha deciso di coprire 1/2 del costo rimanente della conferenza.Quanti soldi manca ancora a Faisal?",230
"Secondo le sue informazioni nutrizionali, un sacchetto di pane ha 225 calorie per porzione.Una borsa da 300 once ha 5 porzioni.Il bersaglio calorico quotidiano sano è di 15 calorie per chilo di peso corporeo.Carlos pesa 200 libbre e ha già consumato 900 calorie e ha bruciato 150 calorie attraverso l'esercizio.Zahra pesa 150 libbre e ha già consumato 900 alimenti e 225 calorie nel gelato.Quante altre once di pane devono consumare Carlos rispetto a Zahra?",300
"Secondo le sue informazioni nutrizionali, una borsa di popcorn ha 300 calorie per porzione.Una borsa da 325 grammi ha 5 porzioni.Il bersaglio calorico quotidiano sano è di 15 calorie per chilo di peso corporeo.Ibrahim pesa 190 libbre e ha già consumato 950 calorie e bruciato 200 calorie attraverso l'esercizio.Priya pesa 170 libbre e ha già consumato 1100 in cibo e 250 calorie nel gelato.Quanti più grammi di popcorn hanno bisogno di consumare di Priya?",195
"Secondo le sue informazioni nutrizionali, un sacchetto di pane ha 250 calorie per porzione.Una borsa da 350 once ha 5 porzioni.Il bersaglio calorico quotidiano sano è di 15 calorie per chilo di peso corporeo.Yuki pesa 210 libbre e ha già consumato 1050 calorie e bruciato 150 calorie attraverso l'esercizio.Jasmine pesa 140 libbre e ha già consumato 900 in cibo e 200 calorie nel gelato.Di quante più once di pane hanno bisogno di Yuki di consumare rispetto al gelsomino?",350
"Secondo le sue informazioni nutrizionali, un sacchetto di biscotti ha 175 calorie per porzione.Una borsa da 125 once ha 5 porzioni.Il bersaglio calorico quotidiano sano è di 15 calorie per chilo di peso corporeo.Theo pesa 250 libbre e ha già consumato 1100 calorie e bruciato 150 calorie attraverso l'esercizio.Sakura pesa 130 libbre e ha già consumato 900 in cibo e 175 calorie nel gelato.Quanti più oz di biscotti ha bisogno di consumare di Sakura?",275
"Secondo le sue informazioni nutrizionali, un sacchetto di popcorn ha 325 calorie per porzione.Una borsa da 100 grammi ha 4 porzioni.Il bersaglio calorico quotidiano sano è di 15 calorie per chilo di peso corporeo.Arash pesa 200 libbre e ha già consumato 1200 calorie e bruciato 150 calorie attraverso l'esercizio.Mei pesa 180 libbre e ha già consumato 900 in cibo e 175 calorie nel gelato.Quanti più grammi di popcorn hanno bisogno di consumare di mei?",25
"Secondo le sue informazioni nutrizionali, un sacchetto di popcorn ha 150 calorie per porzione.Una borsa da 300 grammi ha 5 porzioni.Il bersaglio calorico quotidiano sano è di 15 calorie per chilo di peso corporeo.Arjun pesa 210 libbre e ha già consumato 1000 calorie e bruciato 100 calorie attraverso l'esercizio.Elena pesa 180 libbre e ha già consumato 900 alimentari e 150 calorie nel gelato.Quanti più grammi di popcorn hanno bisogno di consumare di Elena?",240
"Secondo le sue informazioni nutrizionali, un sacchetto di biscotti ha 150 calorie per porzione.Una borsa da 100 once ha 4 porzioni.Il bersaglio calorico quotidiano sano è di 15 calorie per chilo di peso corporeo.Gabriel pesa 200 libbre e ha già consumato 900 calorie e bruciato 150 calorie attraverso l'esercizio.Valentina pesa 130 libbre e ha già consumato 1100 in cibo e 250 calorie nel gelato.Quanti più oz di cookie devono consumare Gabriel che Valentina?",275
"Secondo le sue informazioni nutrizionali, un sacchetto di popcorn ha 450 calorie per porzione.Una borsa da 275 grammi ha 5 porzioni.Il bersaglio calorico quotidiano sano è di 15 calorie per chilo di peso corporeo.Hiroshi pesa 230 libbre e ha già consumato 900 calorie e bruciato 150 calorie attraverso l'esercizio.Valentina pesa 180 libbre e ha già consumato 1100 in cibo e 250 calorie nel gelato.Quanti più grammi di popcorn hanno bisogno di consumare di Valentina?",165
"Secondo le sue informazioni nutrizionali, un sacchetto di biscotti ha 200 calorie per porzione.Una borsa da 400 once ha 5 porzioni.Il bersaglio calorico quotidiano sano è di 15 calorie per chilo di peso corporeo.Bodhi pesa 230 libbre e ha già consumato 1100 calorie e bruciato 50 calorie attraverso l'esercizio.Nia pesa 130 libbre e ha già consumato 1000 in cibo e 150 calorie nel gelato.Di quanti più Oz di biscotti Bodhi ha bisogno di consumare di Nia?",640
"Secondo le sue informazioni nutrizionali, un sacchetto di pane ha 175 calorie per porzione.Una borsa da 125 once ha 5 porzioni.Il bersaglio calorico quotidiano sano è di 15 calorie per chilo di peso corporeo.Sanjay pesa 210 libbre e ha già consumato 1150 calorie e bruciato 100 calorie attraverso l'esercizio.Sofia pesa 150 libbre e ha già consumato 800 in cibo e 225 calorie nel gelato.Di quante altre once di pane hanno bisogno di consumare di Sanjay rispetto a Sofia?",125
"Per effettuare una chiamata da una cabina telefonica, devi pagare $ 0,7 per ogni minuto della tua chiamata.Dopo 10 minuti, il prezzo scende a $ 0,5 al minuto.Dopo 30 minuti dall'inizio della chiamata, il prezzo scende ancora di più a $ 0,1 per due minuti.Se la fattura totale è superiore a $ 15, ottieni uno sconto del 15% sulla fattura totale.Quanto costa una chiamata di 90 minuti?",17
"Per effettuare una chiamata da una cabina telefonica, è necessario pagare ₺0,9 per ogni minuto della chiamata.Dopo 10 minuti, il prezzo scende a ₺0,6 al minuto.Dopo 35 minuti dall'inizio della chiamata, il prezzo scende ancora di più a ₺0,4 per due minuti.Se la fattura totale è superiore a ₺25, ottieni uno sconto del 20% sulla fattura totale.Quanto costa una chiamata di 115 minuti?",32
"Per effettuare una chiamata da un telefono in camera d'albergo, è necessario pagare € 0,4 per ogni minuto della tua chiamata.Dopo 15 minuti, il prezzo scende a € 0,3 al minuto.Dopo 35 minuti dall'inizio della chiamata, il prezzo scende ancora di più a € 0,2 per due minuti.Se la fattura totale è superiore a € 15, ottieni uno sconto del 10% sulla fattura totale.Quanto costa una chiamata di 115 minuti?",18
"Per effettuare una chiamata da una cabina telefonica, devi pagare ₺0,8 per ogni minuto della chiamata.Dopo 10 minuti, il prezzo scende a ₺0,7 al minuto.Dopo 30 minuti dall'inizio della chiamata, il prezzo scende ancora di più a ₺0,4 per due minuti.Se la fattura totale è superiore a ₺15, ottieni uno sconto del 15% sulla fattura totale.Quanto costa una chiamata di 120 minuti?",34
"Per effettuare una chiamata da un telefono in camera d'albergo, devi pagare ₺0,6 per ogni minuto della chiamata.Dopo 10 minuti, il prezzo scende a ₺0,4 al minuto.Dopo 35 minuti dall'inizio della chiamata, il prezzo scende ancora di più a ₺0,1 per due minuti.Se la fattura totale è superiore a ₺15, ottieni uno sconto del 15% sulla fattura totale.Quanto costa una chiamata di 115 minuti?",17
"Per effettuare una chiamata da un telefono in camera d'albergo, è necessario pagare ¥ 0,9 per ogni minuto della chiamata.Dopo 10 minuti, il prezzo scende a ¥ 0,6 al minuto.Dopo 35 minuti dall'inizio della chiamata, il prezzo scende ancora di più a ¥ 0,4 per due minuti.Se la fattura totale è superiore a ¥ 15, ottieni uno sconto del 20% sulla fattura totale.Quanto costa una chiamata di 65 minuti?",24
"Per effettuare una chiamata da un telefono in camera d'albergo, devi pagare ₣ 0,8 per ogni minuto della chiamata.Dopo 10 minuti, il prezzo scende a ₣ 0,4 al minuto.Dopo 30 minuti dall'inizio della chiamata, il prezzo scende ancora di più a ₣ 0,1 per due minuti.Se la fattura totale è superiore a ₣ 15, ottieni uno sconto del 20% sulla fattura totale.Quanto costa una chiamata di 110 minuti?",16
"Per effettuare una chiamata da una cabina telefonica, è necessario pagare ¥ 0,9 per ogni minuto della chiamata.Dopo 10 minuti, il prezzo scende a ¥ 0,4 al minuto.Dopo 35 minuti dall'inizio della chiamata, il prezzo scende ancora di più a ¥ 0,1 per due minuti.Se la fattura totale è superiore a ¥ 15, ottieni uno sconto del 10% sulla fattura totale.Quanto costa una chiamata di 55 minuti?",18
"Per effettuare una chiamata da un telefono in camera d'albergo, devi pagare $ 0,9 per ogni minuto della tua chiamata.Dopo 10 minuti, il prezzo scende a $ 0,4 al minuto.Dopo 30 minuti dall'inizio della chiamata, il prezzo scende ancora di più a $ 0,1 per due minuti.Se la fattura totale è superiore a $ 15, ottieni uno sconto del 15% sulla fattura totale.Quanto costa una chiamata di 90 minuti?",17
"Per effettuare una chiamata da una cabina telefonica, devi pagare $ 0,7 per ogni minuto della tua chiamata.Dopo 10 minuti, il prezzo scende a $ 0,3 al minuto.Dopo 40 minuti dall'inizio della chiamata, il prezzo scende ancora di più a $ 0,1 per due minuti.Se la fattura totale è superiore a $ 15, ottieni uno sconto del 10% sulla fattura totale.Quanto costa una chiamata di 120 minuti?",18
"Una pagnotta di lievito naturale al caffè costa $ 10.Il costo di un muffin è un ottavo di una pagnotta di lievito naturale.Il caffè ha una promozione che se uno acquista 6 muffin o più, ottengono uno sconto del 10% sui muffin.Quanto più costano 2 pani di lievito naturale di 8 muffin?",11
"Una pagnotta di pane al negozio costa ¥ 5.Il costo di un croissant è 3/4 di una pagnotta di pane.Il negozio ha una promozione che se uno acquista 6 croissant o più, ottengono uno sconto del 10% sui croissant.Quanto più costano 10 pagnotte di pane rispetto a 8 croissant?",23
"Una pagnotta di lievito naturale al caffè costa ¥ 15.Il costo di un muffin è 1/4 di una pagnotta di lievito naturale.Il caffè ha una promozione che se uno acquista 6 muffin o più, ottengono uno sconto del 20% sui muffin.Quanto più costano 5 pagnotte di lievito naturale di 8 muffin?",51
"Una pagnotta di pane al forno costa € 10.Il costo di un bagel è 1/8 di una pagnotta di pane.Il forno ha una promozione che se uno acquista 7 bagel o più, ottengono uno sconto del 10% sui bagel.Quanto più costano 5 pagnotte di pane rispetto a 8 bagel?",41
"Una pagnotta di lievito naturale al caffè costa ¥ 15.Il costo di un muffin è un quarto di una pagnotta di lievito naturale.Il caffè ha una promozione che se uno acquista 3 muffin o più, ottengono uno sconto del 20% sui muffin.Quanto più costano 10 pagnotte di lievito naturale di 8 muffin?",126
"Una pagnotta di lievito a lievito naturale ai costi del caffè ₣ 10.Il costo di un muffin è un ottavo di una pagnotta di lievito naturale.Il caffè ha una promozione che se uno acquista 4 muffin o più, ottengono uno sconto del 20% sui muffin.Quanto più costano 3 pagnotte di lievito naturale di 12 muffin?",18
"Una pagnotta di lievito naturale ai costi del mercato ₣ 5.Il costo di un biscotto è un quarto di una pagnotta di lievito naturale.Il mercato ha una promozione che se uno acquista 4 o più biscotti, ottengono uno sconto del 20% sui biscotti.Quanto più costano 9 pagnotte di lievito naturale di 8 biscotti?",37
"Una pagnotta di lievito naturale sul mercato costa $ 5.Il costo di un biscotto è 3/4 di una pagnotta di natura da pasta madre.Il mercato ha una promozione che se uno acquista 5 o più biscotti, ottengono uno sconto del 10% sui biscotti.Quanto più costano 7 pagnotte di lievito naturale di 8 biscotti?",8
"Una pagnotta di pane al negozio costa ¥ 5.Il costo di un croissant è un quarto di una pagnotta di pane.Il negozio ha una promozione che se uno acquista 5 croissant o più, ottengono uno sconto del 20% sui croissant.Quanto più costano 4 pagnotte di pane rispetto a 8 croissant?",12
"Una pagnotta di pane al negozio costa ₣ 5.Il costo di un croissant è 3/4 di una pagnotta di pane.Il negozio ha una promozione che se uno acquista 4 croissant o più, ottengono uno sconto del 20% sui croissant.Quanto più costano 9 pagnotte di pane rispetto a 8 croissant?",21
"Un bidello deve pulire un edificio con 80 camere.Hanno 4 giorni per farlo.Ci vogliono 6 minuti per camera.Tuttavia, a causa di un recente infortunio, il bidello è diventato più lento e ci vorrà il doppio per pulire una stanza in questi giorni.Se lavorano per 10 ore al giorno, quale percentuale della loro giornata, in media, viene spesa le sale per la pulizia?",40
"Un addetto alla manutenzione deve pulire un'università con 150 piani.Hanno 6 giorni per farlo.Ci vogliono 6 minuti al piano.Tuttavia, a causa di un recente infortunio, l'operaio di manutenzione è diventato più lento e ci vorrà il doppio per pulire un pavimento in questi giorni.Se lavorano per 10 ore al giorno, quale percentuale della loro giornata, in media, viene spesa per la pulizia dei pavimenti?",50
"Un bidello deve pulire un edificio con 135 piani.Hanno 3 giorni per farlo.Ci vogliono 5 minuti al piano.Tuttavia, a causa di un recente infortunio, il bidello è diventato più lento e ci vorrà il doppio per pulire un pavimento in questi giorni.Se lavorano per 15 ore al giorno, quale percentuale della loro giornata, in media, viene spesa per la pulizia dei pavimenti?",50
"Un detergente deve pulire un ospedale con 60 piani.Hanno 3 giorni per farlo.Ci vogliono 6 minuti al piano.Tuttavia, a causa di un recente infortunio, il detergente è diventato più lento e ci vorrà il doppio per pulire un pavimento in questi giorni.Se lavorano per 8 ore al giorno, quale percentuale della loro giornata, in media, viene spesa per la pulizia dei pavimenti?",50
"Un detergente deve pulire un ospedale con 90 piani.Hanno 10 giorni per farlo.Ci vogliono 10 minuti al piano.Tuttavia, a causa di un recente infortunio, il detergente è diventato più lento e ci vorrà il doppio per pulire un pavimento in questi giorni.Se lavorano per 15 ore al giorno, quale percentuale della loro giornata, in media, viene spesa per la pulizia dei pavimenti?",20
"Un detergente deve pulire un ospedale con 135 piani.Hanno 5 giorni per farlo.Ci vogliono 5 minuti al piano.Tuttavia, a causa di un recente infortunio, il detergente è diventato più lento e ci vorrà il doppio per pulire un pavimento in questi giorni.Se lavorano per 9 ore al giorno, quale percentuale della loro giornata, in media, viene spesa per la pulizia dei pavimenti?",50
"Un addetto alla manutenzione deve pulire un'università con 160 piani.Hanno 10 giorni per farlo.Ci vogliono 15 minuti al piano.Tuttavia, a causa di un recente infortunio, l'operaio di manutenzione è diventato più lento e ci vorrà il doppio per pulire un pavimento in questi giorni.Se lavorano per 10 ore al giorno, quale percentuale della loro giornata, in media, viene spesa per la pulizia dei pavimenti?",80
"Un operaio di manutenzione deve pulire un'università con 120 piani.Hanno 5 giorni per farlo.Ci vogliono 5 minuti al piano.Tuttavia, a causa di un recente infortunio, l'operaio di manutenzione è diventato più lento e ci vorrà il doppio per pulire un pavimento in questi giorni.Se lavorano per 10 ore al giorno, quale percentuale della loro giornata, in media, viene spesa per la pulizia dei pavimenti?",40
"Un detergente deve pulire un ospedale con 70 camere.Hanno 10 giorni per farlo.Ci vogliono 15 minuti per camera.Tuttavia, a causa di un recente infortunio, il detergente è diventato più lento e ci vorrà il doppio per pulire una stanza in questi giorni.Se lavorano per 7 ore al giorno, quale percentuale della loro giornata, in media, viene spesa le sale per la pulizia?",50
"Un detergente deve pulire un ospedale con 165 camere.Hanno 11 giorni per farlo.Ci vogliono 6 minuti per camera.Tuttavia, a causa di un recente infortunio, il detergente è diventato più lento e ci vorrà il doppio per pulire una stanza in questi giorni.Se lavorano per 10 ore al giorno, quale percentuale della loro giornata, in media, viene spesa le sale per la pulizia?",30
"Un gruppo di 290 studenti ha vari hobby.12 Mi piace dipingere, a 8 piace giocare a scacchi, 13 piace nuotare, 39 piace giocare a cricket e il resto piace giocare ai videogiochi o all'escursione.Quale percentuale degli studenti piace giocare ai videogiochi se il numero degli studenti che amano fare un'escursione è 5 in meno di due volte il numero che preferisce giocare a cricket?",50
"Una classe di 230 studenti ha vari hobby.5 Mi piace ballare, 8 piace giocare a scacchi, 13 piace nuotare, 32 piace giocare a pallavolo e il resto piace giocare ai videogiochi o giocare musica.Quale percentuale degli studenti piace giocare ai videogiochi se il numero di studenti a cui piace giocare musica è 7 in meno di due volte il numero che preferisce giocare a pallavolo?",50
"Una classe di 150 studenti ha vari hobby.20 Mi piace dipingere, 8 piace giocare a scacchi, 13 piace nuotare, 17 piace giocare a calcio e il resto piace ballare o leggere.Quale percentuale degli studenti piace ballare se il numero degli studenti a cui piace leggere è 2 in meno di due volte il numero che preferisce giocare a calcio?",40
"Un gruppo di 150 studenti ha vari hobby.27 Mi piace suonare musica, 8 piace giocare a scacchi, 13 piace nuotare, 9 piace giocare a calcio e il resto piace dipingere o giocare ai videogiochi.Quale percentuale degli studenti piace dipingere se il numero degli studenti a cui piace giocare ai videogiochi è 3 in meno di due volte il numero che preferisce giocare a calcio?",52
"Una classe di 100 studenti ha vari hobby.14 Mi piace fare un'escursione, 8 piace giocare a scacchi, 13 piace nuotare, 2 piace giocare a cricket e il resto piace ballare o suonare musica.Quale percentuale degli studenti piace ballare se il numero di studenti a cui piace suonare musica è 5 in meno di dieci volte il numero che preferisce giocare a cricket?",48
"Una classe di 150 studenti ha vari hobby.17 Mi piace cuocere, 8 piace giocare a scacchi, 13 piace nuotare, 23 piace giocare a calcio e il resto piace leggere o dipingere.Quale percentuale degli studenti piace leggere se il numero degli studenti che piace dipingere è 4 in meno di tre volte il numero che preferisce giocare a calcio?",16
"Un gruppo di 100 studenti ha vari hobby.29 Mi piace ballare, 8 piace giocare a scacchi, 13 piace nuotare, 4 piace giocare a scagliare e il resto piace leggere o dipingere.Quale percentuale degli studenti piace leggere se il numero di studenti che piace dipingere è 5 in meno di quattro volte il numero che preferisce giocare a scagliare?",35
"Una classe di 90 studenti ha vari hobby.11 Mi piace leggere, 8 piace giocare a scacchi, 13 piace nuotare, 6 mi piace giocare a scagliare e il resto piace ballare o cuocere.Quale percentuale degli studenti piace ballare se il numero di studenti che piace cuocere è 2 meno di sei volte il numero che preferisce giocare a scagliare?",20
"Un gruppo di 150 studenti ha vari hobby.A 59 piace ballare, 8 piace giocare a scacchi, 13 piace nuotare, 3 piace giocare a scagliare e il resto piace suonare musica o giocare ai videogiochi.Quale percentuale degli studenti piace suonare musica se il numero degli studenti a cui piace giocare ai videogiochi è 2 in meno di dieci volte il numero che preferisce giocare a lanciare?",26
"Un gruppo di 200 studenti ha vari hobby.30 Mi piace cuocere, 8 piace giocare a scacchi, 13 piace nuotare, 6 mi piace giocare a scagliare e il resto piace ballare o dipingere.Quale percentuale degli studenti piace ballare se il numero degli studenti che piace dipingere è 5 in meno di nove volte il numero che preferisce giocare a scagliare?",47
"Gabriel mette le mandorle su piatti e ciotole.Ogni piastra può contenere 20 mandorle mentre ogni ciotola può trattenerlo quattro volte.Gabriel ha 675 mandorle, 9 piatti e 3 ciotole.Sfortunatamente, 2 ciotole si rompono.Gabriel mangia quindi un quinto di tutte le mandorle.Di quanti più piatti ha bisogno Gabriel in modo da poter posizionare tutte le mandorle rimanenti?",14
"Ali pone i cracker su ciotole e piatti.Ogni ciotola può contenere 40 cracker mentre ogni piastra può trattenerlo due volte.Ali ha 675 cracker, 8 ciotole e 5 piatti.Sfortunatamente, 2 piatti si rompono.Ali mangia quindi un nono di tutti i cracker.Di quante altre ciotole hanno bisogno Ali in modo da poter posizionare tutti i cracker rimanenti?",1
"Sanjay mette mandorle su ciotole e piatti.Ogni ciotola può contenere 30 mandorle mentre ogni piastra può trattenerlo tre volte.Sanjay ha 675 mandorle, 12 ciotole e 3 piatti.Sfortunatamente, 2 piatti si rompono.Sanjay quindi mangia un nono di tutte le mandorle.Di quante altre ciotole hanno bisogno Sanjay in modo da poter posizionare tutte le mandorle rimanenti?",5
"Carlos mette i cracker su ciotole e tavoli.Ogni ciotola può contenere 20 cracker mentre ogni tavolo può trattenerlo tre volte.Carlos ha 525 cracker, 13 ciotole e 4 tavoli.Sfortunatamente, 2 tavoli si rompono.Carlos mangia quindi un quinto di tutti i cracker.Di quante altre ciotole ha bisogno Carlos in modo da poter posizionare tutti i cracker rimanenti?",2
"Benjamin mette i cracker su ciotole e piatti.Ogni ciotola può contenere 21 cracker mentre ogni piastra può trattenerlo due volte.Benjamin ha 720 cracker, 9 ciotole e 3 piatti.Sfortunatamente, 2 piatti si rompono.Benjamin mangia quindi un ottavo di tutti i cracker.Di quanti altri ciotole ha bisogno Benjamin in modo da poter posizionare tutti i cracker rimanenti?",19
"Wei mette i cracker su ciotole e piatti.Ogni ciotola può contenere 25 cracker mentre ogni piastra può trattenerlo quattro volte.Wei ha 630 cracker, 12 ciotole e 3 piatti.Sfortunatamente, 2 piatti si rompono.Wei quindi mangia un sesto di tutti i cracker.Di quante altre ciotole abbiamo bisogno in modo da poter posizionare tutti i cracker rimanenti?",5
"Carlos posiziona mandorle su ciotole e tavoli.Ogni ciotola può contenere 24 mandorle mentre ogni tavolo può trattenerlo tre volte.Carlos ha 720 mandorle, 7 ciotole e 3 tavoli.Sfortunatamente, 2 tavoli si rompono.Carlos mangia quindi un quinto di tutte le mandorle.Di quante altre ciotole ha bisogno Carlos in modo da poter posizionare tutte le mandorle rimanenti?",14
"Arash pone i cracker su tavoli e piastre.Ogni tavolo può contenere 25 cracker mentre ogni piastra può trattenerlo sei volte.Arash ha 600 cracker, 11 tavoli e 3 piastre.Sfortunatamente, 2 piatti si rompono.Arash mangia quindi un quarto di tutti i cracker.Di quanti più tavoli ha bisogno Arash in modo che possa posizionare tutti i cracker rimanenti?",1
"Thiago mette i biscotti su ciotole e tavoli.Ogni ciotola può contenere 20 biscotti mentre ogni tavolo può trattenerlo due volte.Thiago ha 600 biscotti, 17 ciotole e 5 tavoli.Sfortunatamente, 2 tavoli si rompono.Thiago quindi mangia un quinto di tutti i biscotti.Di quanti più ciotole ha bisogno di Thiago in modo da poter posizionare tutti i biscotti rimanenti?",1
"Yuki mette le olive su piatti e ciotole.Ogni piatto può contenere 24 olive mentre ogni ciotola può trattenerlo due volte.Yuki ha 720 olive, 11 piatti e 3 ciotole.Sfortunatamente, 2 ciotole si rompono.Yuki mangia quindi due quinti di tutte le olive.Di quanti più piatti ha bisogno Yuki in modo da poter posizionare tutte le olive rimanenti?",5
"Faisal guarda la TV dopo aver finito i compiti ogni sera.Mercoledì e giovedì ha visto episodi di 4 ore del suo programma preferito ogni notte.Venerdì, ha visto alcuni episodi di uno spettacolo di 30 minuti.Sabato, ha terminato i compiti presto e ha visto un episodio di 5 ore e uno spettacolo di 15 minuti.Domenica, ha avuto modo di stare alzato fino a tardi, quindi ha visto quattro episodi di 3 ore.Lunedì ha visto tre episodi, ogni 45 minuti.Se ha visto 28 ore di TV in tutto, quanti episodi di 30 minuti hanno guardato venerdì?",1
"Liam guarda la TV dopo aver finito i compiti ogni sera.Sabato e domenica, ha visto episodi di 5 ore del suo programma preferito ogni notte.Lunedì ha visto alcuni episodi di uno spettacolo di 30 minuti.Martedì ha terminato i compiti presto e ha visto un episodio di 4 ore e uno spettacolo di 60 minuti.Mercoledì ha avuto modo di stare alzato fino a tardi, quindi ha visto tre episodi di 3 ore.Giovedì ha visto cinque episodi, ogni 30 minuti.Se ha visto 28 ore di TV in tutto, quanti episodi di 30 minuti hanno guardato lunedì?",3
"Thiago guarda la TV dopo aver finito i compiti ogni sera.Martedì e mercoledì ha visto episodi di 5 ore del suo programma preferito ogni notte.Giovedì ha visto alcuni episodi di uno spettacolo di 30 minuti.Venerdì, ha terminato i compiti presto e ha visto un episodio di 5 ore e uno spettacolo di 30 minuti.Sabato ha avuto modo di stare alzato fino a tardi, quindi ha visto tre episodi di 4 ore.Domenica ha visto due episodi, ogni 15 minuti.Se ha visto 31 ore di TV in tutto, quanti episodi di 30 minuti hanno guardato giovedì?",6
"Arash guarda la TV dopo aver finito i compiti ogni sera.Domenica e lunedì, ha visto episodi di 4 ore del suo programma preferito ogni notte.Martedì ha visto alcuni episodi di uno spettacolo di 45 minuti.Mercoledì ha terminato i compiti presto e ha visto un episodio di 2 ore e uno spettacolo di 15 minuti.Giovedì, ha avuto modo di stare alzato fino a tardi, quindi ha visto cinque episodi di 2 ore.Venerdì ha visto quattro episodi, ogni 30 minuti.Se ha visto 26 ore di TV in tutto, quanti episodi di 45 minuti hanno guardato martedì?",5
"Leon guarda la TV dopo aver finito i compiti ogni sera.Domenica e lunedì, ha visto episodi di 4 ore del suo programma preferito ogni notte.Martedì ha visto alcuni episodi di uno spettacolo di 30 minuti.Mercoledì ha terminato i compiti presto e ha visto un episodio di 2 ore e uno spettacolo di 60 minuti.Giovedì, ha avuto modo di stare alzato fino a tardi, quindi ha visto tre episodi di 3 ore.Venerdì ha visto tre episodi, ogni 30 minuti.Se ha visto 24 ore di TV in tutto, quanti episodi di 30 minuti hanno guardato martedì?",5
"Bodhi guarda la TV dopo aver finito i compiti ogni sera.Mercoledì e giovedì ha visto episodi di 3 ore del suo programma preferito ogni notte.Venerdì, ha visto alcuni episodi di uno spettacolo di 60 minuti.Sabato, ha terminato i compiti presto e ha visto un episodio di 5 ore e uno spettacolo di 60 minuti.Domenica, ha avuto modo di stare alzato fino a tardi, quindi ha visto quattro episodi di 4 ore.Lunedì ha visto quattro episodi, ogni 30 minuti.Se ha visto 31 ore di TV in tutto, quanti episodi di 60 minuti hanno guardato venerdì?",1
"James guarda la TV dopo aver finito i compiti ogni sera.Martedì e mercoledì ha visto episodi di 4 ore del suo programma preferito ogni notte.Giovedì ha visto alcuni episodi di uno spettacolo di 15 minuti.Venerdì, ha terminato i compiti presto e ha visto un episodio di 4 ore e uno spettacolo di 15 minuti.Sabato ha avuto modo di stare alzato fino a tardi, quindi ha visto quattro episodi di 4 ore.Domenica ha visto tre episodi, ogni 45 minuti.Se ha visto 31 ore di TV in tutto, quanti episodi di 15 minuti hanno guardato giovedì?",2
"Alejandro guarda la TV dopo aver finito i compiti ogni sera.Lunedì e martedì ha visto episodi di 4 ore del suo programma preferito ogni notte.Mercoledì ha visto alcuni episodi di uno spettacolo di 45 minuti.Giovedì ha terminato i compiti presto e ha visto un episodio di 4 ore e uno spettacolo di 15 minuti.Venerdì, ha avuto modo di stare alzato fino a tardi, quindi ha visto quattro episodi di 3 ore.Sabato ha visto tre episodi, ogni 45 minuti.Se ha visto 31 ore di TV in tutto, quanti episodi di 45 minuti hanno guardato mercoledì?",6
"Mateo guarda la TV dopo aver finito i compiti ogni sera.Domenica e lunedì, ha guardato episodi di 3 ore del suo programma preferito ogni notte.Martedì ha visto alcuni episodi di uno spettacolo di 60 minuti.Mercoledì ha terminato i compiti presto e ha visto un episodio di 5 ore e uno spettacolo di 30 minuti.Giovedì ha avuto modo di stare alzato fino a tardi, quindi ha visto due episodi di 5 ore.Venerdì ha visto due episodi, ogni 15 minuti.Se ha visto 29 ore di TV in tutto, quanti episodi di 60 minuti hanno guardato martedì?",7
"Qasim guarda la TV dopo aver finito i compiti ogni sera.Mercoledì e giovedì ha visto episodi di 3 ore del suo programma preferito ogni notte.Venerdì, ha visto alcuni episodi di uno spettacolo di 60 minuti.Sabato, ha terminato i compiti presto e ha visto un episodio di 2 ore e uno spettacolo di 15 minuti.Domenica, ha avuto modo di stare alzato fino a tardi, quindi ha visto quattro episodi di 3 ore.Lunedì ha visto tre episodi, ogni 15 minuti.Se ha visto 28 ore di TV in tutto, quanti episodi di 60 minuti hanno guardato venerdì?",7
"Ravi, Pavel è attualmente a distanza di 22 anni.Ravi e Leilani sono attualmente a distanza di 10 anni.Ravi, che è più giovane di Pavel ma più vecchio di Leilani, avrà 47 anni in 8 anni.Quanto è più giovane Leilani rispetto all'età media di tutti e tre?",14
"Chen, Theo è attualmente a 10 anni di età.Chen e Tara sono attualmente a distanza di 7 anni.Chen, che è più giovane di Theo ma più vecchio di Tara, avrà 60 anni in 7 anni.Quanto è più giovane Tara dell'età media di tutti e tre?",8
"Benjamin, Luca è attualmente a distanza di 29 anni.Benjamin e Sofia sono attualmente a distanza di 17 anni.Benjamin, che è più giovane di Luca ma più vecchio di Sofia, avrà 27 anni in 4 anni.Quanto è più giovane Sofia rispetto all'età media di tutti e tre?",21
"Sakura, Arash è attualmente a distanza di 29 anni.Sakura e Tara sono attualmente a distanza di 11 anni.Sakura, che è più giovane di Arash ma più vecchio di Tara, avrà 66 anni in 5 anni.Quanto è più giovane Tara dell'età media di tutti e tre?",17
"Luca, Liam è attualmente a distanza di 19 anni.Luca e Pavel sono attualmente a distanza di 10 anni.Luca, che è più giovane di Liam ma più vecchio di Pavel, avrà 59 anni in 6 anni.Quanto è più giovane Pavel rispetto all'età media di tutti e tre?",13
"Sophia, Ibrahim è attualmente a distanza di 27 anni.Sophia e Theo sono attualmente a distanza di 15 anni.Sophia, che è più giovane di Ibrahim ma più vecchia di Theo, avrà 35 anni in 10 anni.Quanto è più giovane Theo rispetto all'età media di tutti e tre?",19
"Olivia, Bodhi è attualmente a distanza di 24 anni.Olivia e Keisha sono attualmente a distanza di 15 anni.Olivia, che è più giovane di Bodhi ma più vecchia di Keisha, avrà 42 anni in 7 anni.Quanto è più giovane Keisha rispetto all'età media di tutti e tre?",18
"Diego, Oscar sono attualmente a distanza di 19 anni.Diego e Leon sono attualmente a distanza di 10 anni.Diego, che è più giovane di Oscar ma più vecchio di Leon, avrà 36 anni in 9 anni.Quanto è più giovane Leon dell'età media di tutti e tre?",13
"Esteban, Oliver è attualmente a distanza di 16 anni di età.Esteban e Yuki sono attualmente a distanza di 13 anni.Esteban, che è più giovane di Oliver ma più vecchio di Yuki, avrà 70 anni in 6 anni.Quanto è più giovane Yuki rispetto all'età media di tutti e tre?",14
"Yuki, Andre sono attualmente a 17 anni di distanza.Yuki e Diego sono attualmente a distanza di 8 anni.Yuki, che è più giovane di Andre ma più vecchio di Diego, avrà 43 anni in 6 anni.Quanto è più giovane Diego rispetto all'età media di tutti e tre?",11
"Wei sta vendendo cupcakes e torte di prugne per una raccolta fondi.Lunedì ha venduto 28 scatole di cupcake e 19 in meno scatole di torta di prugne, che martedì.Martedì ha venduto 14 in altre scatole di cupcakes rispetto a lunedì e 27 scatole di Plum Pie.Mercoledì ha venduto tanto quanto negli ultimi due giorni combinati.Se il cupcake costa $ 11 e la torta di prugne costa $ 23, qual era il guadagno giornaliero medio di Wei?",1050
"Benjamin sta vendendo cupcakes e torte all'ananas per una raccolta fondi.Mercoledì ha venduto 27 scatole di cupcake e 18 in meno scatole di torta di ananas, che giovedì.Giovedì ha venduto altre 12 scatole di cupcakes rispetto a mercoledì e 27 scatole di torta all'ananas.Venerdì ha venduto tanto quanto negli ultimi due giorni combinati.Se il cupcake costa ¥ 8 e la torta di ananas costa ¥ 22, qual era il guadagno giornaliero medio di Benjamin?",880
"Umar vende muffin e torte di albicocche per una raccolta fondi.Giovedì ha venduto 28 scatole di muffin e 13 scatole in meno di torta di albicocche, che venerdì.Venerdì, ha venduto altri 13 scatole di muffin che giovedì e 21 scatole di torta di albicocche.Sabato, ha venduto tanto quanto ha combinato negli ultimi due giorni.Se il muffin costa $ 11 e la torta di albicocche costa $ 30, qual era il guadagno giornaliero medio di Umar?",1086
"Tariq vende brownies e torte di albicocche per una raccolta fondi.Giovedì ha venduto 25 scatole di brownie e 12 in meno scatole di torta di albicocche, che venerdì.Venerdì, ha venduto 14 in altre scatole di brownies che giovedì e 24 scatole di torta di albicocche.Sabato, ha venduto tanto quanto ha combinato negli ultimi due giorni.Se il brownie costa ₣ 9 e il costo della torta di albicocche ₣ 20, qual era il guadagno giornaliero medio di Tariq?",864
"Ali vende muffin e torte arancioni per una raccolta fondi.Martedì ha venduto 22 scatole di muffin e 13 in meno scatole di torta arancione, rispetto a mercoledì.Mercoledì ha venduto altre 13 scatole di muffin che martedì e 23 scatole di torta arancione.Giovedì ha venduto tanto quanto negli ultimi due giorni combinati.Se il muffin costava € 9 e la torta arancione costa € 32, qual era il guadagno giornaliero medio di Ali?",1046
"Thiago sta vendendo biscotti e torte di albicocche per una raccolta fondi.Martedì ha venduto 26 scatole di biscotti e 19 in meno scatole di torta di albicocche, che mercoledì.Mercoledì ha venduto più 14 scatole di biscotti che martedì e 24 scatole di torta di albicocche.Giovedì ha venduto tanto quanto negli ultimi due giorni combinati.Se il cookie costa ₣ 11 e il costo della torta di albicocche ₣ 24, qual era il guadagno giornaliero medio di Thiago?",948
"Carlos vende cupcakes e torte di albicocche per una raccolta fondi.Giovedì ha venduto 24 scatole di cupcake e 19 in meno scatole di torta di albicocche, che venerdì.Venerdì ha venduto altre 12 scatole di cupcakes rispetto a giovedì e 29 scatole di torta di albicocche.Sabato, ha venduto tanto quanto ha combinato negli ultimi due giorni.Se il cupcake costa ¥ 8 e la torta di albicocche costa ¥ 21, qual era il guadagno giornaliero medio di Carlos?",866
"Viktor vende biscotti e torte di anguria per una raccolta fondi.Martedì ha venduto 22 scatole di biscotti e 14 in meno scatole di torta di anguria, che mercoledì.Mercoledì ha venduto 14 scatole in più di biscotti che martedì e 23 scatole di torta di anguria.Giovedì ha venduto tanto quanto negli ultimi due giorni combinati.Se il cookie costa ₣ 10 e il costo della torta di anguria ₣ 22, qual era il guadagno giornaliero medio di Viktor?",856
"Gabriel vende muffin e prugne per una raccolta fondi.Domenica ha venduto 28 scatole di muffin e 11 in meno scatole di torta di prugne, che lunedì.Lunedì ha venduto 14 in altre scatole di muffin che domenica e 22 scatole di Plum Pie.Martedì ha venduto tanto quanto negli ultimi due giorni combinati.Se il muffin costa $ 12 e la torta di prugne costa $ 22, qual era il guadagno giornaliero medio di Gabriel?",1044
"Viktor vende muffin e torte all'ananas per una raccolta fondi.Domenica ha venduto 24 scatole di muffin e 15 in meno scatole di torta all'ananas, che lunedì.Lunedì ha venduto altre 12 scatole di muffin che domenica e 27 scatole di torta all'ananas.Martedì ha venduto tanto quanto negli ultimi due giorni combinati.Se il muffin costa ₺12 e il costo della torta dell'ananas ₺23, qual era il guadagno giornaliero medio di Viktor?",1078
"Diego ha 21 anni.Tra 5 anni, suo cugino Priya sarà 2 volte vecchio quanto Diego ora.Il fratello di Diego, Qasim, ha 9 anni più giovane di Diego, e la sorella Priya Mia ha 10 anni più di Qasim.Quale sarà la media di tutti e quattro in 4 anni?",27
"Oliver ha 15 anni.Tra 8 anni, sua cugina Olivia sarà 3 volte più vecchia come Oliver ora.Il fratello di Oliver, Gabriel, ha 11 anni più giovane di Oliver e la sorella di Olivia Fatima ha 8 anni più di Gabriel.Quale sarà la media di tutti e quattro in 5 anni?",22
"Kai ha 22 anni.Tra 5 anni, suo cugino Uma sarà 4 volte vecchio come Kai ora.Il fratello di Kai, Jamal, ha 6 anni più giovane di Kai e la sorella di Uma Rania ha 11 anni più di Jamal.Quale sarà la media di tutti e quattro in 4 anni?",41
"Carlos ha 14 anni.Tra 8 anni, suo cugino Yara sarà 4 volte più vecchio come Carlos ora.Il fratello di Carlos, Jin, ha 11 anni più giovane di Carlos e la sorella di Yara Mia ha 8 anni più di Jin.Quale sarà la media di tutti e quattro in 6 anni?",25
"Oscar ha 15 anni.Tra 9 anni, suo cugino Zahra sarà 3 volte vecchio come Oscar ora.Il fratello di Oscar, Oliver, ha 12 anni più giovane di Oscar e la sorella di Zahra Emma ha 11 anni più di Oliver.Quale sarà la media di tutti e quattro in 3 anni?",20
"Theo ha 20 anni.Tra 7 anni, suo cugino Yara sarà 2 volte vecchio come Theo è adesso.Il fratello di Theo, Oscar, ha 7 anni più giovane di Theo, e la sorella di Yara Tara ha 9 anni più di Oscar.Quale sarà la media di tutti e quattro in 6 anni?",28
"Oliver ha 12 anni.Tra 9 anni, sua cugina Ananya sarà 3 volte più vecchia come Oliver ora.Il fratello di Oliver, Kai, ha 9 anni più giovane di Oliver e la sorella di Ananya Kimia ha 7 anni più di Kai.Quale sarà la media di tutti e quattro in 4 anni?",17
"Deshawn ha 23 anni.Tra 8 anni, sua cugina Ananya sarà 4 volte più vecchia come Deshawn ora.Il fratello di Deshawn, Diego, ha 9 anni più giovane di Deshawn, e la sorella di Ananya Sophia ha 9 anni più di Diego.Quale sarà la media di tutti e quattro in 2 anni?",38
"Bodhi ha 21 anni.Tra 8 anni, sua cugina Valentina sarà 3 volte più vecchia come Bodhi ora.Il fratello di Bodhi, Qasim, ha 9 anni più giovane di Bodhi, e la sorella di Valentina Beatriz ha 8 anni più di Qasim.Quale sarà la media di tutti e quattro in 2 anni?",29
"Qasim ha 15 anni.Tra 2 anni, sua cugina Elena sarà 3 volte più vecchia come Qasim ora.Il fratello di Qasim, Liam, ha 9 anni più giovane di Qasim e la sorella di Elena Sophia ha 10 anni più di Liam.Quale sarà la media di tutti e quattro in 5 anni?",25
"Quando Sofia osserva suo fratello, tira fuori una varietà di giocattoli per lui.La borsa di blocchi ha 33 blocchi.Il cestino di animali di peluche ha 5 animali di peluche all'interno.Il numero di cifre d'azione nel pacchetto di figura d'azione è il doppio del numero di blocchi e gli animali di peluche combinati.La scatola di Crayon ha 12 diversi colori di Crayon e il libro adesivo ha 9 pagine, ognuna con 13 adesivi.La torre degli anelli di impilamento ha 28 anelli multicolori.Sofia ha recentemente acquistato un tubo di palle rimbalzanti, portando il suo numero totale di oggetti per suo fratello fino a 320. Quante palle rimbalzanti sono venute nel tubo?",49
"Quando Nadia osserva suo cugino, tira fuori una varietà di giocattoli per lui.La borsa di elementi costitutivi ha 36 blocchi.Il cestino di animali di peluche ha 8 animali di peluche all'interno.Il numero di cifre d'azione nel pacchetto di figura d'azione è il doppio del numero di blocchi e gli animali di peluche combinati.La scatola di Crayon ha 12 diversi colori di Crayon e il libro adesivo ha 9 pagine, ognuna con 12 adesivi.La torre degli anelli di impilamento ha 30 anelli multicolori.Nadia ha recentemente acquistato un tubo di palle rimbalzanti, portando il suo numero totale di oggetti per suo cugino fino a 330. Quante palle rimbalzanti sono venute nel tubo?",48
"Quando Nia osserva suo cugino, tira fuori una varietà di giocattoli per lui.La borsa di elementi costitutivi ha 36 blocchi.Il cestino di animali di peluche ha 8 animali di peluche all'interno.Il numero di cifre d'azione nel pacchetto di figura d'azione è il doppio del numero di blocchi e gli animali di peluche combinati.La scatola di Crayon ha 12 diversi colori di Crayon e il libro adesivo ha 9 pagine, ognuna con 11 adesivi.La torre degli anelli di impilamento ha 26 anelli multicolori.Nia ha recentemente acquistato un tubo di palle rimbalzanti, portando il suo numero totale di oggetti per suo cugino fino a 310. Quante palle rimbalzanti sono venute nel tubo?",41
"Quando Kayla guarda suo fratello, tira fuori una varietà di giocattoli per lui.La borsa di blocchi di costruzione ha 32 blocchi.Il cestino di animali di peluche ha 5 animali di peluche all'interno.Il numero di cifre d'azione nel pacchetto di figura d'azione è il doppio del numero di blocchi e gli animali di peluche combinati.La scatola di Crayon ha 12 diversi colori di Crayon e il libro adesivo ha 6 pagine, ognuna con 11 adesivi.La torre degli anelli di impilamento ha 32 anelli multicolori.Kayla ha recentemente acquistato un tubo di palle rimbalzanti, portando il suo numero totale di oggetti per suo fratello fino a 270. Quante palle rimbalzanti sono venute nel tubo?",49
"Quando Xena osserva suo cugino, tira fuori una varietà di giocattoli per lui.La borsa di blocchi ha 33 blocchi.Il cestino di animali di peluche ha 8 animali di peluche all'interno.Il numero di cifre d'azione nel pacchetto di figura d'azione è il doppio del numero di blocchi e gli animali di peluche combinati.La scatola di Crayon ha 12 diversi colori di Crayon e il libro adesivo ha 7 pagine, ognuna con 12 adesivi.La torre degli anelli di impilamento ha 26 anelli multicolori.Xena ha recentemente acquistato un tubo di palle rimbalzanti, portando il suo numero totale di oggetti per suo cugino fino a 300. Quante palle rimbalzanti sono venute nel tubo?",55
"Quando Mia guarda suo fratello, tira fuori una varietà di giocattoli per lui.Il sacchetto di elementi costitutivi ha 42 blocchi.Il cestino di animali di peluche ha 5 animali di peluche all'interno.Il numero di cifre d'azione nel pacchetto di figura d'azione è il doppio del numero di blocchi e gli animali di peluche combinati.La scatola di Crayon ha 12 diversi colori di Crayon e il libro adesivo ha 6 pagine, ognuna con 9 adesivi.La torre degli anelli di impilamento ha 34 anelli multicolori.Mia ha recentemente acquistato un tubo di palle rimbalzanti, portando il suo numero totale di oggetti per suo fratello fino a 290. Quante palle rimbalzanti sono venute nel tubo?",49
"Quando Chen guarda suo nipote, tira fuori una varietà di giocattoli per lui.La borsa di blocchi di costruzione ha 32 blocchi.Il cestino di animali di peluche ha 6 animali di peluche all'interno.Il numero di cifre d'azione nel pacchetto di figura d'azione è il doppio del numero di blocchi e gli animali di peluche combinati.La scatola di Crayon ha 12 diversi colori di Crayon e il libro adesivo ha 8 pagine, ognuna con 13 adesivi.La torre degli anelli di impilamento ha 28 anelli multicolori.Chen ha recentemente acquistato un tubo di palle rimbalzanti, portando il suo numero totale di oggetti per suo nipote fino a 300. Quante palle rimbalzanti sono venute nel tubo?",42
"Quando Haruka osserva suo fratello, tira fuori una varietà di giocattoli per lui.La borsa di blocchi ha 34 blocchi.Il cestino di animali di peluche ha 8 animali di peluche all'interno.Il numero di cifre d'azione nel pacchetto di figura d'azione è il doppio del numero di blocchi e gli animali di peluche combinati.La scatola di Crayon ha 12 diversi colori di Crayon e il libro adesivo ha 9 pagine, ognuna con 9 adesivi.La torre degli anelli di impilamento ha 26 anelli multicolori.Haruka ha recentemente acquistato un tubo di palle rimbalzanti, portando il suo numero totale di oggetti per suo fratello fino a 300. Quante palle rimbalzanti sono venute nel tubo?",55
"Quando Yara guarda suo nipote, tira fuori una varietà di giocattoli per lui.Il sacchetto di elementi costitutivi ha 35 blocchi.Il cestino di animali di peluche ha 9 animali di peluche all'interno.Il numero di cifre d'azione nel pacchetto di figura d'azione è il doppio del numero di blocchi e gli animali di peluche combinati.La scatola di Crayon ha 12 diversi colori di Crayon e il libro adesivo ha 7 pagine, ognuna con 13 adesivi.La torre degli anelli di impilamento ha 31 anelli multicolori.Yara ha recentemente acquistato un tubo di palle rimbalzanti, portando il suo numero totale di oggetti per suo nipote fino a 340. Quante palle rimbalzanti sono venute nel tubo?",74
"Quando Tara guarda suo nipote, tira fuori una varietà di giocattoli per lui.La borsa di blocchi di costruzione ha 38 blocchi.Il cestino di animali di peluche ha 5 animali di peluche all'interno.Il numero di cifre d'azione nel pacchetto di figura d'azione è il doppio del numero di blocchi e gli animali di peluche combinati.La scatola di Crayon ha 12 diversi colori di Crayon e il libro adesivo ha 7 pagine, ognuna con 11 adesivi.La torre degli anelli di impilamento ha 30 anelli multicolori.Tara ha recentemente acquistato un tubo di palle rimbalzanti, portando il suo numero totale di oggetti per suo nipote fino a 290. Quante palle rimbalzanti sono venute nel tubo?",42
"Uno zio mangia 16 pizze al giorno, il coniuge mangia 16 pizze al giorno e il loro nipote mangia la metà del numero combinato di pizze che mangiano al giorno.Dopo un mese, la famiglia decide di seguire una dieta nel secondo mese, riducendo il consumo di cibo del 25% per la prima metà del mese e poi di un ulteriore 50% per la seconda metà.Quante pizze mangia questa famiglia in due mesi?",2250
"Uno zio mangia 24 hamburger al giorno, il coniuge mangia 24 hamburger al giorno e il loro nipote mangia la metà del numero combinato di hamburger che mangiano al giorno.Dopo un mese, la famiglia decide di seguire una dieta nel secondo mese, riducendo il consumo di cibo del 75% per la prima metà del mese e poi di un ulteriore 50% per la seconda metà.Quanti hamburger mangia questa famiglia in due mesi?",2565
"Un padre mangia 5 burritos al giorno, sua moglie mangia 25 burritos al giorno e la loro figlia mangia un terzo del numero combinato di burritos che mangiano al giorno.Dopo un mese, la famiglia decide di seguire una dieta nel secondo mese, riducendo il consumo di cibo del 60% per la prima metà del mese e poi di un ulteriore 50% per la seconda metà.Quanti burritos mangia questa famiglia in due mesi?",1560
"Un nonno mangia 10 involtini di sushi al giorno, il suo partner mangia 15 rotoli di sushi al giorno e il loro figlio mangia quattro quinti del numero combinato di involtini di sushi che mangiano al giorno.Dopo un mese, la famiglia decide di seguire una dieta nel secondo mese, riducendo il consumo di cibo del 20% per la prima metà del mese e poi di un ulteriore 25% per la seconda metà.Quanti involtini di sushi mangia questa famiglia in due mesi?",2295
"Un padre mangia 20 pizze al giorno, sua moglie mangia 5 pizze al giorno e la loro figlia mangia un quinto del numero combinato di pizze che mangiano al giorno.Dopo un mese, la famiglia decide di seguire una dieta nel secondo mese, riducendo il consumo di cibo del 20% per la prima metà del mese e poi di un ulteriore 75% per la seconda metà.Quante pizze mangia questa famiglia in due mesi?",1350
"Un padre mangia 25 hamburger al giorno, sua moglie mangia 20 hamburger al giorno e la loro figlia mangia i due terzi del numero combinato di hamburger che mangiano al giorno.Dopo un mese, la famiglia decide di seguire una dieta nel secondo mese, riducendo il consumo di cibo del 20% per la prima metà del mese e poi di un ulteriore 25% per la seconda metà.Quanti hamburger mangia questa famiglia in due mesi?",3825
"Uno zio mangia 20 involtini di sushi al giorno, il suo coniuge mangia 10 rotoli di sushi al giorno e il loro nipote mangia i due-sessi del numero combinato di involtini di sushi al giorno.Dopo un mese, la famiglia decide di seguire una dieta nel secondo mese, riducendo il consumo di cibo del 60% per la prima metà del mese e poi di un ulteriore 75% per la seconda metà.Quanti involtini di sushi mangia questa famiglia in due mesi?",1500
"Uno zio mangia 10 burritos al giorno, il suo coniuge mangia 20 burritos al giorno e il loro nipote mangia tre-sessi del numero combinato di burritos che mangiano al giorno.Dopo un mese, la famiglia decide di seguire una dieta nel secondo mese, riducendo il consumo di cibo del 20% per la prima metà del mese e poi di un ulteriore 75% per la seconda metà.Quanti burritos mangia questa famiglia in due mesi?",2025
"Un nonno mangia 20 hamburger al giorno, il suo partner mangia 20 hamburger al giorno e il loro figlio mangia i tre-sessi del numero combinato di hamburger che mangiano al giorno.Dopo un mese, la famiglia decide di seguire una dieta nel secondo mese, riducendo il consumo di cibo del 25% per la prima metà del mese e poi di un ulteriore 20% per la seconda metà.Quanti hamburger mangia questa famiglia in due mesi?",3015
"Un nonno mangia 10 tacos al giorno, il suo partner mangia 20 tacos al giorno e il loro figlio mangia la metà del numero combinato di tacos che mangiano al giorno.Dopo un mese, la famiglia decide di seguire una dieta nel secondo mese, riducendo il consumo di cibo del 60% per la prima metà del mese e poi di un ulteriore 50% per la seconda metà.Quanti tacos mangia questa famiglia in due mesi?",1755
"Kimia ha un aiuola lungo 126 piedi.Kimia vuole riempire la sua letta di fiori con le piante.I fiori di Kimia crescono di 7 piedi di larghezza, quindi ha bisogno di lasciare 14 piedi tra ogni pianta (compresa la larghezza delle piante).Kimia possiede già 6 fiori.Ogni pianta di fioritura costa ₣ 4 nel negozio.Tuttavia, se acquista più di 2 piante, riceverà uno sconto di ₣ 5 sull'intero acquisto.Quanti soldi spenderà Kimia nel negozio per riempire il suo letto di fiori?",7
"Gabrielle ha un aiuola lungo 150 metri.Gabrielle vuole riempire la sua letta di fiori con le piante.I fiori di Gabrielle crescono larghi 3 metri in modo da dover lasciare 15 metri tra ogni pianta (compresa la larghezza delle piante).Gabrielle possiede già 7 fiori.Ogni pianta di fioritura costa $ 3 nel negozio.Tuttavia, se acquista più di 2 piante, riceverà uno sconto di $ 8 sull'intero acquisto.Quanti soldi spenderà Gabrielle nel negozio per riempire il suo letto di fiori?",1
"Mei ha un aiuola lungo 120 metri.Mei vuole riempire la sua letta di fiori con le piante.I fiori di Mei crescono di 4 metri di larghezza, quindi ha bisogno di lasciare 12 metri tra ogni pianta (compresa la larghezza delle piante).Mei possiede già 6 fiori.Ogni pianta di fioritura costa $ 5 nel negozio.Tuttavia, se acquista più di 2 piante, riceverà uno sconto di $ 5 sull'intero acquisto.Quanti soldi spenderà Mei nel negozio per riempire il suo alhing da sorso?",15
"Haruka ha un aiuola lungo 117 metri.Haruka vuole riempire la sua letta di fiori con le piante.I fiori di Haruka crescono di 3 metri di larghezza, quindi ha bisogno di lasciare 13 metri tra ogni pianta (compresa la larghezza delle piante).Haruka possiede già 6 fiori.Ogni pianta di fioritura costa € 8 nel negozio.Tuttavia, se acquista più di 2 piante, riceverà uno sconto di € 9 sull'intero acquisto.Quanti soldi spenderà Haruka nel negozio per riempire il suo letto di fiori?",15
"Valentina ha un aiuola lungo 144 piedi.Valentina vuole riempire la sua letta di fiori con le piante.I fiori di Valentina crescono di 7 piedi di larghezza, quindi ha bisogno di lasciare 18 piedi tra ogni pianta (compresa la larghezza delle piante).Valentina possiede già 5 fiori.Ogni pianta di fioritura costa $ 5 nel negozio.Tuttavia, se acquista più di 2 piante, riceverà uno sconto di $ 8 sull'intero acquisto.Quanti soldi spenderà Valentina nel negozio per riempire la sua letta di fiori?",7
"Zahra ha un aiuola lungo 144 piedi.Zahra vuole riempire la sua letta di fiori con le piante.I fiori di Zahra crescono di 4 piedi di larghezza, quindi ha bisogno di lasciare 12 piedi tra ogni pianta (compresa la larghezza delle piante).Zahra possiede già 5 fiori.Ogni pianta di fioritura costa ₣ 13 al negozio.Tuttavia, se acquista più di 2 piante, riceverà uno sconto di ₣ 5 sull'intero acquisto.Quanti soldi spenderà Zahra nel negozio per riempire il suo letto di fiori?",86
"Isabella ha un aiuola lungo 143 metri.Isabella vuole riempire la sua letta di fiori con le piante.I fiori di Isabella crescono di 2 metri di larghezza, quindi deve lasciare 13 metri tra ogni pianta (compresa la larghezza delle piante).Isabella possiede già 5 fiori.Ogni pianta di fioritura costa ₣ 10 al negozio.Tuttavia, se acquista più di 2 piante, riceverà uno sconto di ₣ 7 sull'intero acquisto.Quanti soldi spenderà Isabella nel negozio per riempire il suo letto di fiori?",53
"Daphne ha un aiuola lungo 144 metri.Daphne vuole riempire la sua letta di fiori con le piante.I fiori di Daphne crescono di 2 metri di larghezza, quindi ha bisogno di lasciare 12 metri tra ogni pianta (compresa la larghezza delle piante).Daphne possiede già 7 fiori.Ogni pianta di fioritura costa ¥ 3 nel negozio.Tuttavia, se acquista più di 2 piante, riceverà uno sconto ¥ 9 sull'intero acquisto.Quanti soldi spenderà Daphne nel negozio per riempire il suo letto di fiori?",6
"Sakura ha un aiuola lungo 120 metri.Sakura vuole riempire la sua letta di fiori con le piante.I fiori di Sakura crescono di 7 metri di larghezza, quindi ha bisogno di lasciare 12 metri tra ogni pianta (compresa la larghezza delle piante).Sakura possiede già 7 fiori.Ogni pianta di fioritura costa ₺9 nel negozio.Tuttavia, se acquista più di 2 piante, riceverà uno sconto di ₺6 sull'intero acquisto.Quanti soldi spenderà Sakura al negozio per riempire il suo alhhop?",21
"Mia ha un aiuola lungo 128 piedi.Mia vuole riempire la sua letta di fiori con le piante.I fiori di Mia crescono largo 2 piedi, quindi ha bisogno di lasciare 16 piedi tra ogni pianta (compresa la larghezza delle piante).Mia possiede già 5 fiori.Ogni pianta di fioritura costa ¥ 3 nel negozio.Tuttavia, se acquista più di 2 piante, riceverà uno sconto ¥ 8 sull'intero acquisto.Quanti soldi spenderà Mia nel negozio per riempire il suo letto di fiori?",1
"Andre sta scoppiando popcorn per uno spuntino.Mentre la pentola dei kernel si riscalda, i kernel iniziano a spuntare più velocemente.80 pop nei primi 10 secondi di cucina, quindi 4 volte quella quantità nei successivi 10 secondi.I kernel aumentano a 6 volte il tasso di scoppio iniziale nei prossimi 10 secondi.Negli ultimi 10 secondi, lo scoppio rallenta fino alla metà della velocità con gli ultimi 10 secondi.Dopo che Andre toglie la pentola dal caldo, un quarto del numero di kernel che è saltato negli ultimi 10 secondi di cucina è scoppiato anche dal caldo residuo.Andre dà 1/10 dei popcorn fatti a suo fratello Jin.Quanti più pezzi di popcorn devono mangiare Andre di suo fratello?",944
"Benjamin sta facendo scoppiare popcorn per uno spuntino.Mentre la padella dei kernel si riscalda, i kernel iniziano a spuntare più velocemente.80 pop nei primi 26 secondi di cucina, quindi 2 volte quella quantità nei successivi 26 secondi.I kernel aumentano a 3 volte il tasso di scoppio iniziale nei prossimi 26 secondi.Negli ultimi 26 secondi, lo scoppio rallenta fino alla metà della velocità con gli ultimi 26 secondi.Dopo che Benjamin toglie la padella dal caldo, un quarto del numero di kernel che è saltato negli ultimi 26 secondi di cucina è scoppiato anche dal caldo residuo.Benjamin dà 1/7 dei popcorn fatti a suo fratello Yusuf.Quanti altri pezzi di popcorn devono mangiare Benjamin di suo fratello?",450
"Oliver sta facendo scoppiare popcorn per uno spuntino.Mentre la padella dei kernel si riscalda, i kernel iniziano a spuntare più velocemente.60 pop nei primi 22 secondi di cucina, quindi 3 volte quella quantità nei successivi 22 secondi.I kernel aumentano a 4 volte il tasso di scoppio iniziale nei prossimi 22 secondi.Negli ultimi 22 secondi, lo scoppio rallenta fino alla metà della velocità con gli ultimi 22 secondi.Dopo che Oliver toglie la padella dal caldo, un quarto del numero di kernel che è saltato negli ultimi 22 secondi di cucina è scoppiato anche dal caldo residuo.Oliver dà un decimo dei popcorn fatti a suo fratello Thiago.Quanti più pezzi di popcorn devono mangiare Oliver di suo fratello?",504
"Thiago sta facendo scoppiare popcorn per uno spuntino.Mentre la padella dei kernel si riscalda, i kernel iniziano a spuntare più velocemente.40 pop nei primi 26 secondi di cucina, quindi 3 volte quella quantità nei successivi 26 secondi.I kernel aumentano a 4 volte il tasso di scoppio iniziale nei prossimi 26 secondi.Negli ultimi 26 secondi, lo scoppio rallenta fino alla metà della velocità con gli ultimi 26 secondi.Dopo che Thiago toglie la padella dal caldo, un quarto del numero di kernel che è saltato negli ultimi 26 secondi di cucina è scoppiato dal caldo residuo.Thiago dà 1/10 dei popcorn fatti a suo fratello Sanjay.Quanti più pezzi di popcorn devono mangiare thiago di suo fratello?",336
"Sanjay sta facendo scoppiare popcorn per uno spuntino.Mentre la padella dei kernel si riscalda, i kernel iniziano a spuntare più velocemente.80 pop nei primi 26 secondi di cucina, quindi 4 volte quella quantità nei successivi 26 secondi.I kernel aumentano a 6 volte il tasso di scoppio iniziale nei prossimi 26 secondi.Negli ultimi 26 secondi, lo scoppio rallenta fino alla metà della velocità con gli ultimi 26 secondi.Dopo che Sanjay toglie la padella dal caldo, un quarto del numero di kernel che è saltato negli ultimi 26 secondi di cucina è scoppiato dal caldo residuo.Sanjay dà 1/5 dei popcorn fatti a suo fratello Noah.Quanti più pezzi di popcorn devono mangiare Sanjay di suo fratello?",708
"Oscar sta spuntando popcorn per uno spuntino.Mentre la padella dei kernel si riscalda, i kernel iniziano a spuntare più velocemente.80 pop nei primi 16 secondi di cucina, quindi 3 volte quella quantità nei successivi 16 secondi.I kernel aumentano a 5 volte il tasso di scoppio iniziale nei successivi 16 secondi.Negli ultimi 16 secondi, lo scoppio rallenta fino alla metà della velocità con gli ultimi 16 secondi.Dopo che Oscar toglie la padella dal caldo, un quarto del numero di kernel che è saltato negli ultimi 16 secondi di cucina è scoppiato anche dal caldo residuo.Oscar dà due quinti dei popcorn fatti a suo fratello Benjamin.Quanti altri pezzi di popcorn devono mangiare Oscar di suo fratello?",194
"Pavel sta spuntando popcorn per uno spuntino.Mentre la padella dei kernel si riscalda, i kernel iniziano a spuntare più velocemente.80 pop nei primi 12 secondi di cucina, quindi 2 volte quella quantità nei successivi 12 secondi.I kernel aumentano a 6 volte il tasso di scoppio iniziale nei prossimi 12 secondi.Negli ultimi 12 secondi, lo scoppio rallenta fino alla metà della velocità con gli ultimi 12 secondi.Dopo che Pavel toglie la padella dal caldo, un quarto del numero di kernel che è saltato negli ultimi 12 secondi di cucina è scoppiato anche dal caldo residuo.Pavel dà un sesto dei popcorn fatti a suo fratello Luca.Quanti più pezzi di popcorn devono mangiare Pavel di suo fratello?",680
"Leon sta spuntando popcorn per uno spuntino.Mentre la pentola dei kernel si riscalda, i kernel iniziano a spuntare più velocemente.40 pop nei primi 26 secondi di cucina, quindi 4 volte quella quantità nei successivi 26 secondi.I kernel aumentano a 5 volte il tasso di scoppio iniziale nei prossimi 26 secondi.Negli ultimi 26 secondi, lo scoppio rallenta fino alla metà della velocità con gli ultimi 26 secondi.Dopo che Leon toglie la pentola dal caldo, un quarto del numero di kernel che è saltato negli ultimi 26 secondi di cucina è scoppiato anche dal caldo residuo.Leon dà due quinti dei popcorn fatti a suo fratello Noah.Quanti più pezzi di popcorn devono mangiare Leon di suo fratello?",105
"Deshawn sta scoppiando popcorn per uno spuntino.Mentre la padella dei kernel si riscalda, i kernel iniziano a spuntare più velocemente.100 pop nei primi 30 secondi di cottura, quindi 2 volte quella quantità nei successivi 30 secondi.I kernel aumentano a 4 volte il tasso di scoppio iniziale nei prossimi 30 secondi.Negli ultimi 30 secondi, lo scoppio rallenta fino alla metà della velocità con gli ultimi 30 secondi.Dopo che Deshawn toglie la padella dal caldo, un quarto del numero di kernel che è saltato negli ultimi 30 secondi di cucina è scoppiato dal caldo residuo.Deshawn dà 2/5 dei popcorn fatti a suo fratello Ibrahim.Quanti altri pezzi di popcorn devono mangiare Deshawn di suo fratello?",190
"Mohammed sta spuntando popcorn per uno spuntino.Mentre la pentola dei kernel si riscalda, i kernel iniziano a spuntare più velocemente.20 pop nei primi 16 secondi di cucina, quindi 2 volte quella quantità nei successivi 16 secondi.I kernel aumentano a 4 volte il tasso di scoppio iniziale nei successivi 16 secondi.Negli ultimi 16 secondi, lo scoppio rallenta fino alla metà della velocità con gli ultimi 16 secondi.Dopo che Mohammed toglie la pentola dal caldo, un quarto del numero di kernel che è saltato negli ultimi 16 secondi di cucina è scoppiato dal caldo residuo.Mohammed dà 2/5 dei popcorn fatti a suo fratello Arash.Quanti altri pezzi di popcorn devono mangiare Mohammed di suo fratello?",38
"Luca vuole fare cubetti di ghiaccio di dimensioni diverse con 337 once di acqua.Può creare cubi giganti che usano 14 once per cubo, cubi medi che usano 3 once, cubi piccoli che usano 1/2 di oncia e cubi piccoli che hanno la metà delle dimensioni di piccoli cubi.Produce 47 cubetti di ghiaccio totali, tra cui 9 cubetti giganti, 14 cubetti piccoli, 12 cubi medi e alcuni cubi piccoli.Quante once d'acqua hanno lasciato Luca?",165
"Deshawn vuole fare cubetti di ghiaccio di dimensioni diverse con 312 once di acqua.Può creare cubi giganti che usano 15 once per cubo, cubi medi che usano 5 once, piccoli cubi che usano 1/2 di oncia e cubi piccoli che hanno la metà delle dimensioni di piccoli cubi.Produce 46 cubetti di ghiaccio totali, tra cui 8 cubetti giganti, 14 cubi piccoli, 12 cubi medi e alcuni cubi piccoli.Quante once d'acqua hanno lasciato Deshawn?",122
"Noah vuole fare cubetti di ghiaccio di dimensioni diverse con 336 once di acqua.Può creare cubi giganti che usano 15 once per cubo, cubi medi che usano 4 once, cubi piccoli che usano 1/2 di oncia e cubi piccoli che hanno la metà delle dimensioni di piccoli cubi.Produce 49 cubetti di ghiaccio totali, tra cui 8 cubetti giganti, 14 cubi piccoli, 15 cubi medi e alcuni cubi piccoli.Quante once d'acqua hanno lasciato Noah?",146
"Viktor vuole fare cubetti di ghiaccio di dimensioni diverse con 313 once di acqua.Può creare cubi giganti che usano 12 once per cubo, cubi medi che usano 4 once, cubi piccoli che usano 1/2 di oncia e cubi piccoli che hanno la metà delle dimensioni di piccoli cubi.Produce 50 cubetti di ghiaccio totali, tra cui 12 cubetti giganti, 14 cubi piccoli, 12 cubi medi e alcuni cubi.Quante once d'acqua hanno lasciato Viktor?",111
"Alejandro vuole fare cubetti di ghiaccio di dimensioni diverse con 309 once d'acqua.Può creare cubi giganti che usano 14 once per cubo, cubi medi che usano 6 once, piccoli cubi che usano 1/2 di oncia e cubi piccoli che hanno la metà delle dimensioni di piccoli cubi.Produce 50 cubetti di ghiaccio totali, tra cui 9 cubetti giganti, 14 cubetti piccoli, 15 cubi medi e alcuni cubi piccoli.Quante once d'acqua hanno lasciato Alejandro?",83
"Oliver vuole fare cubetti di ghiaccio di dimensioni diverse con 326 once di acqua.Può creare cubi giganti che usano 14 once per cubo, cubi medi che usano 4 once, piccoli cubi che usano 2/4 di oncia e cubi piccoli che hanno la metà delle dimensioni di piccoli cubi.Produce 48 cubetti di ghiaccio totali, tra cui 10 cubetti giganti, 14 cubetti piccoli, 12 cubi medi e alcuni cubi piccoli.Quante once d'acqua hanno lasciato Oliver?",128
"Carlos vuole fare cubetti di ghiaccio di dimensioni diverse con 318 once d'acqua.Può creare cubi giganti che usano 13 once per cubo, cubi medi che usano 3 once, cubi piccoli che usano 2/4 di oncia e cubi piccoli che hanno la metà delle dimensioni di piccoli cubi.Produce 47 cubetti di ghiaccio totali, tra cui 9 cubetti giganti, 14 cubetti piccoli, 12 cubi medi e alcuni cubi piccoli.Quante once d'acqua hanno lasciato Carlos?",155
"Mateo vuole fare cubetti di ghiaccio di dimensioni diverse con 322 once di acqua.Può creare cubi giganti che usano 12 once per cubo, cubi medi che usano 6 once, piccoli cubi che usano 2/4 di oncia e cubi piccoli che hanno la metà delle dimensioni di piccoli cubi.Produce 48 cubetti di ghiaccio totali, tra cui 10 cubetti giganti, 14 cubetti piccoli, 12 cubi medi e alcuni cubi piccoli.Quante once d'acqua hanno lasciato Mateo?",120
"Alejandro vuole fare cubetti di ghiaccio di dimensioni diverse con 341 once di acqua.Può realizzare cubi giganti che usano 13 once per cubo, cubi medi che usano 3 once, piccoli cubi che usano 1/2 di oncia e cubi piccoli che hanno la metà delle dimensioni di piccoli cubi.Produce 50 cubetti di ghiaccio totali, tra cui 9 cubetti giganti, 14 cubetti piccoli, 15 cubi medi e alcuni cubi piccoli.Quante once d'acqua hanno lasciato Alejandro?",169
"Ali vuole fare cubetti di ghiaccio di dimensioni diverse con 331 once di acqua.Può creare cubi giganti che usano 16 once per cubo, cubi medi che usano 4 once, cubi piccoli che usano 1/2 di oncia e cubi piccoli che hanno la metà delle dimensioni di piccoli cubi.Produce 48 cubetti di ghiaccio totali, tra cui 10 cubetti giganti, 14 cubetti piccoli, 12 cubi medi e alcuni cubi piccoli.Quante once d'acqua hanno lasciato Ali?",113
"In un quiz di 100 elementi, il 40% delle domande è chimica, il 20% è geografia e il resto è equamente diviso come storia di storia e algebra.Se Aisha è sicuro di ottenere il 25% delle domande geografiche, il 100% delle domande di chimica e un decimo della storia e delle domande di algebra correttamente, quanti punti sarà sicuro di ottenere?",49
"In un quiz di 80 elementi, il 50% delle domande è chimica, il 5% è biologia e il resto è equamente diviso come geometria e domande di letteratura.Se Keisha è sicuro di ottenere il 25% delle domande di biologia, il 70% delle domande di chimica e un terzo delle domande di geometria e letteratura correttamente, quanti punti sarà sicuro di ottenere?",41
"In un quiz a 80 elementi, il 55% delle domande è fisica, il 20% è geometria e il resto è equamente diviso come domande di letteratura e geografia.Se Rania è sicuro di ottenere il 25% delle domande sulla geometria, il 100% delle domande di fisica e 1/2 delle domande sulla letteratura e sulla geografia correttamente, quanti punti è sicuro di ottenere?",58
"In un quiz di 40 elementi, il 50% delle domande è chimica, il 10% è una storia e il resto è equamente diviso come domande di geografia e biologia.Se OLGA è sicuro di ottenere il 25% delle domande sulla storia, l'85% delle domande di chimica e 1/8 delle domande sulla geografia e sulla biologia, quanti punti sarà sicuro di ottenere?",20
"In un quiz a 120 elementi, il 5% delle domande è economica, il 20% è biologia e il resto è equamente diviso come domande di fisica e storia.Se Amelia avrà sicuramente il 25% delle domande di biologia, il 100% delle domande di economia e 1/3 delle domande sulla fisica e sulla storia correttamente, quanti punti sarà sicuro di ottenere?",42
"In un quiz di 80 elementi, il 25% delle domande è fisica, il 15% è biologia e il resto è equamente diviso come geografia e domande di letteratura.Se Fatima è sicuro di ottenere il 25% delle domande di biologia, il 40% delle domande di fisica e un ottavo delle domande geografiche e letterature correttamente, quanti punti sarà sicuro di ottenere?",17
"In un quiz di 120 elementi, il 30% delle domande è geografia, il 20% è algebra e il resto è equamente diviso come domande sulla storia e chimica.Se Gabrielle avrà sicuramente il 25% delle domande di algebra, il 50% delle domande geografiche e un decimo delle domande sulla storia e sulla chimica correttamente, quanti punti è sicuro di ottenere?",30
"In un quiz a 80 elementi, il 35% delle domande è storia, il 15% è biologia e il resto è equamente diviso come domande di algebra e geografia.Se Nadia è sicuro di ottenere il 25% delle domande di biologia, il 75% delle domande sulla storia e un'ottavo delle domande di algebra e geografia correttamente, quanti punti è sicuro di ottenere?",29
"In un quiz di 80 elementi, il 25% delle domande è fisica, il 15% è geometria e il resto è equamente diviso come domande di chimica e letteratura.Se Chen è sicuro di ottenere il 25% delle domande sulla geometria, il 75% delle domande di fisica e 1/8 delle domande sulla chimica e della letteratura correttamente, quanti punti è sicuro di ottenere?",24
"In un quiz di 120 elementi, il 30% delle domande è economica, il 20% è fisica e il resto è equamente diviso come domande di letteratura e biologia.Se Haruka è sicuro di ottenere il 25% delle domande di fisica, il 100% delle domande di economia e 1/2 delle domande sulla letteratura e sulla biologia correttamente, quanti punti è sicuro di ottenere?",72
"Sakura è un abbigliamento invernale per i suoi 4 nipoti.Sono quadrupletti, quindi sono tutte delle stesse dimensioni.Vuole fare un gilet, un cardigan, uno scialle, guanti e guanti per ciascuno di essi.Ci vogliono 5 matasse di lana per fare un gilet, 4 per un cardigan, 10 per uno scialle, 12 per un paio di guanti e 9 per un paio di guanti.Sakura vuole fare due giacche calde per se stessa, ognuna che necessita di 4 matasse di lana.Ogni dozzina di matasse di lana costa $ 9.Il negozio ha una promozione in cui i clienti ricevono uno sconto di $ 20 sugli acquisti oltre $ 100.Quanto dovrebbe pagare Sakura per tutte le matasse di lana di cui ha bisogno?",106
"Fatima è un abbigliamento invernale per i suoi 5 nipoti.Sono quintuplet, quindi sono tutte delle stesse dimensioni.Vuole fare un berretto, un gilet, un cardigan, guanti e guanti per ciascuno di essi.Ci vogliono 4 matasse di lana per fare un berretto, 6 per un gilet, 8 per un cardigan, 12 per un paio di guanti e 10 per un paio di guanti.Fatima vuole fare due giacche calde per se stessa, ognuna che necessita di 8 matasse di lana.Ogni dozzina di matasse di lana costa $ 8.Il negozio ha una promozione in cui i clienti ricevono uno sconto di $ 20 sugli acquisti oltre $ 100.Quanto dovrebbe pagare Fatima per tutte le matasse di lana di cui ha bisogno?",124
"Valeria è un abbigliamento invernale per i suoi 4 nipoti.Sono quadrupletti, quindi sono tutte delle stesse dimensioni.Vuole fare una tunica, un cappello, uno scialle, stivaletti e guanti per ciascuno di essi.Ci vogliono 6 matasse di lana per fare una tunica, 6 per un cappello, 12 per uno scialle, 12 per un paio di stivaletti e 13 per un paio di guanti.Valeria vuole fare due giacche calde per se stessa, ognuna che necessita di 4 matasse di lana.Ogni dozzina di matasse di lana costa $ 9.Il negozio ha una promozione in cui i clienti ricevono uno sconto di $ 20 sugli acquisti oltre $ 100.Quanto dovrebbe pagare Valeria per tutte le matasse di lana di cui ha bisogno?",133
"Valentina è a maglia invernale per i suoi 5 nipoti.Sono quintuplet, quindi sono tutte delle stesse dimensioni.Vuole fare uno scialle, tunica, cardigan, stivaletti e guanti per ciascuno di essi.Ci vogliono 5 matasi di lana per fare uno scialle, 3 per una tunica, 9 per un cardigan, 10 per un paio di stivaletti e 11 per un paio di guanti.Valentina vuole preparare due giacche calde per se stessa, ognuna che necessita di 7 matasse di lana.Ogni dozzina di matasse di lana costa $ 7.Il negozio ha una promozione in cui i clienti ricevono uno sconto di $ 20 sugli acquisti oltre $ 100.Quanto dovrebbe pagare Valentina per tutte le matasse di lana di cui ha bisogno?",99
"Uma sta lavorando a maglia invernale per i suoi 4 nipoti.Sono quadrupletti, quindi sono tutte delle stesse dimensioni.Vuole fare uno scialle, un cappello, un cardigan, gli scaldini e le calze per ciascuno di essi.Ci vogliono 5 matasi di lana per fare uno scialle, 3 per un cappello, 12 per un cardigan, 11 per un paio di scaldini e 15 per un paio di calzini.Uma vuole fare due giacche calde per se stessa, ognuna che necessita di 10 matasse di lana.Ogni dozzina di matasse di lana costa $ 9.Il negozio ha una promozione in cui i clienti ricevono uno sconto di $ 20 sugli acquisti oltre $ 100.Quanto dovrebbe pagare Uma per tutte le matasse di lana di cui ha bisogno?",133
"Roya è un abbigliamento invernale per i suoi 5 nipoti.Sono quintuplet, quindi sono tutte delle stesse dimensioni.Vuole fare un cardigan, un poncho, un maglione, calzini e guanti per ciascuno di essi.Ci vogliono 5 matasi di lana per fare un cardigan, 3 per un poncho, 8 per un maglione, 10 per un paio di calzini e 14 per un paio di guanti.Roya vuole fare due giacche calde per se stessa, ognuna che necessita di 8 matasse di lana.Ogni dozzina di matasse di lana costa $ 8.Il negozio ha una promozione in cui i clienti ricevono uno sconto di $ 20 sugli acquisti oltre $ 100.Quanto dovrebbe pagare Roya per tutte le matasse di lana di cui ha bisogno?",124
"Gabrielle sta lavorando a maglia invernale per i suoi 5 nipoti.Sono quintuplet, quindi sono tutte delle stesse dimensioni.Vuole fare un poncho, un maglione, un cappello, guanti e scaldamuscoli per ognuno di essi.Ci vogliono 6 matasse di lana per fare un poncho, 3 per un maglione, 12 per un cappello, 11 per un paio di guanti e 12 per un paio di scaldamuscoli.Gabrielle vuole fare due giacche calde per se stessa, ognuna che necessita di 10 matatte di lana.Ogni dozzina di matasse di lana costa $ 7.Il negozio ha una promozione in cui i clienti ricevono uno sconto di $ 20 sugli acquisti oltre $ 100.Quanto dovrebbe pagare Gabrielle per tutte le matasse di lana di cui ha bisogno?",120
"Jasmine è un abbigliamento invernale per i suoi 5 nipoti.Sono quintuplet, quindi sono tutte delle stesse dimensioni.Vuole fare un poncho, cardigan, tunica, stivaletti e guanti per ciascuno di essi.Ci vogliono 6 matasi di lana per creare un poncho, 4 per un cardigan, 10 per una tunica, 12 per un paio di stivaletti e 10 per un paio di guanti.Jasmine vuole fare due giacche calde per se stessa, ognuna che ha bisogno di 9 matasse di lana.Ogni dozzina di matasse di lana costa $ 6.Il negozio ha una promozione in cui i clienti ricevono uno sconto di $ 20 sugli acquisti oltre $ 100.Quanto dovrebbe pagare Jasmine per tutte le matasse di lana di cui ha bisogno?",94
"Kayla sta lavorando a maglia invernale per i suoi 5 nipoti.Sono quintuplet, quindi sono tutte delle stesse dimensioni.Vuole fare un poncho, un maglione, una tunica, gli scaldini e i guanti per ognuno di essi.Ci vogliono 3 matasse di lana per creare un poncho, 3 per un maglione, 10 per una tunica, 10 per un paio di scaldamuscoli e 10 per un paio di guanti.Kayla vuole fare due giacche calde per se stessa, ognuna che necessita di 6 matasse di lana.Ogni dozzina di matasse di lana costa $ 8.Il negozio ha una promozione in cui i clienti ricevono uno sconto di $ 20 sugli acquisti oltre $ 100.Quanto dovrebbe pagare Kayla per tutte le matasse di lana di cui ha bisogno?",108
"Tara è un abbigliamento invernale per i suoi 4 nipoti.Sono quadrupletti, quindi sono tutte delle stesse dimensioni.Vuole fare un berretto, un cardigan, uno scialle, stivaletti e guanti per ciascuno di essi.Ci vogliono 5 matasse di lana per fare un berretto, 5 per un cardigan, 12 per uno scialle, 8 per un paio di stivaletti e 15 per un paio di guanti.Tara vuole fare due giacche calde per se stessa, ognuna che necessita di 6 matasse di lana.Ogni dozzina di matasse di lana costa $ 8.Il negozio ha una promozione in cui i clienti ricevono uno sconto di $ 20 sugli acquisti oltre $ 100.Quanto dovrebbe pagare Tara per tutte le matasse di lana di cui ha bisogno?",108
"Nella classe di 100 studenti della signora Johnson, il 46% della classe è giocatori di calcio.Della classe rimanente, il 50% degli studenti è membro del Club Robotica o parte dei ballerini.Questi 3 gruppi di studenti dovranno partire presto oggi per recarsi in una competizione in trasferta.La metà dei giocatori di calcio è assente per essere malati.Inoltre, 3 cheerleader accompagneranno ciascuno di questi gruppi.Quanti studenti stanno partendo presto alla competizione?",59
"Nella classe di 150 studenti della signora Johnson, il 40% della classe è giocatori di calcio.Della classe rimanente, il 30% degli studenti è ballerini o parte dei membri del coro.Questi 3 gruppi di studenti dovranno partire presto oggi per recarsi in una competizione in trasferta.La metà dei giocatori di calcio è assente per essere malati.Inoltre, 3 cheerleader accompagneranno ciascuno di questi gruppi.Quanti studenti stanno partendo presto alla competizione?",66
"Nella classe della signora Garcia di 160 studenti, il 50% della classe è nuotatori.Della classe rimanente, il 35% degli studenti è i membri del team di dibattito o parte dei ballerini.Questi 3 gruppi di studenti dovranno partire presto oggi per viaggiare in un torneo in trasferta.La metà dei nuotatori è assente per essere malati.Inoltre, 3 cheerleader accompagneranno ciascuno di questi gruppi.Quanti studenti partono presto al torneo?",77
"Nella classe di 20 studenti della signora Johnson, il 20% della classe è giocatori di calcio.Della classe rimanente, il 50% degli studenti è i membri del team di dibattito o parte dei membri del coro.Questi 3 gruppi di studenti dovranno partire presto oggi per recarsi in una competizione in trasferta.La metà dei giocatori di calcio è assente per essere malati.Inoltre, 3 cheerleader accompagneranno ciascuno di questi gruppi.Quanti studenti stanno partendo presto alla competizione?",19
"Nella classe di 104 studenti del Dr. Lee, il 50% della classe è giocatori di pallavolo.Della classe rimanente, il 25% degli studenti è membro del Club Robotica o parte dei membri del coro.Questi 3 gruppi di studenti dovranno partire presto oggi per recarsi in una competizione in trasferta.La metà dei giocatori di pallavolo è assente per essere malati.Inoltre, 3 cheerleader accompagneranno ciascuno di questi gruppi.Quanti studenti stanno partendo presto alla competizione?",48
"Nella classe di 80 studenti del signor Smith, il 20% della classe è giocatori di basket.Della classe rimanente, il 50% degli studenti è ballerini o parte dei membri del team di dibattito.Questi 3 gruppi di studenti dovranno partire presto oggi per viaggiare in un torneo in trasferta.La metà dei giocatori di basket è assente per essere malati.Inoltre, 3 cheerleader accompagneranno ciascuno di questi gruppi.Quanti studenti partono presto al torneo?",49
"Nella classe di 84 studenti della signora Garcia, il 50% della classe è nuotatori.Della classe rimanente, il 50% degli studenti è i membri del team di dibattito o parte dei membri del coro.Questi 3 gruppi di studenti dovranno partire presto oggi per viaggiare in un torneo in trasferta.La metà dei nuotatori è assente per essere malati.Inoltre, 3 cheerleader accompagneranno ciascuno di questi gruppi.Quanti studenti partono presto al torneo?",51
"Nella classe di 50 studenti della signora Johnson, il 52% della classe è giocatori di calcio.Della classe rimanente, il 50% degli studenti è i membri del team di dibattito o parte dei membri del Robotics Club.Questi 3 gruppi di studenti dovranno partire presto oggi per recarsi in una competizione in trasferta.La metà dei giocatori di calcio è assente per essere malati.Inoltre, 3 cheerleader accompagneranno ciascuno di questi gruppi.Quanti studenti stanno partendo presto alla competizione?",34
"Nella classe di 120 studenti del Dr. Lee, il 25% della classe è giocatori di pallavolo.Della classe rimanente, il 30% degli studenti è i membri del team di dibattito o parte dei ballerini.Questi 3 gruppi di studenti dovranno partire presto oggi per recarsi in una competizione in trasferta.La metà dei giocatori di pallavolo è assente per essere malati.Inoltre, 3 cheerleader accompagneranno ciascuno di questi gruppi.Quanti studenti stanno partendo presto alla competizione?",51
"Nella classe di 125 studenti del signor Smith, il 40% della classe è giocatori di basket.Della classe rimanente, il 24% degli studenti è membri del Club Robotica o parte dei membri del coro.Questi 3 gruppi di studenti dovranno partire presto oggi per viaggiare in un torneo in trasferta.La metà dei giocatori di basket è assente per essere malati.Inoltre, 3 cheerleader accompagneranno ciascuno di questi gruppi.Quanti studenti partono presto al torneo?",52
