question,answer_number
"Sakura ging zur Urlaub zur Promenade.Ihre Eltern gaben ihr 1300 €, um zu kaufen, was sie wollte.Im Geschenkeladen wurde Saltwater Taffy für ""16 kg für 22 € pro kg kaufen, 4 kg 1/4 Rabatt erhalten"".Sie sammelte 22 kg.Sie kaufte auch eine gemischte Tüte Seestern für 11,0 € und 12 Schlüsselanhänger, die jeweils 20,0 € waren.Sakura spendete dann 5 € auf einem Wohltätigkeitsorganisation.Wie viel Geld hat Sakura übrig?",582
"Kayla ging zum Urlaub zum Pier.Ihre Eltern gaben ihr ₺1400, um zu kaufen, was sie wollte.Im Strandgeschäft wurde Rock Candy für ""16 kg bei ₺22 pro kg kaufen, 6 kg 2/3 Rabatt erhalten"".Sie sammelte 23 kg.Sie kaufte auch einen gemischten Sack Seeglas für ₺11.0- und 14 Aufkleber, die jeweils 20,5 ° C waren.Kayla spendete dann ₺5 in einem Wohltätigkeitsorganisation auf dem Weg.Wie viel Geld hat Kayla übrig?",679
"Chen ging zur Urlaub zur Promenade.Ihre Eltern gaben ihr 1300 Dollar, um zu kaufen, was sie wollte.Im Geschenkeladen wurde Saltwater Taffy für ""16 kg zu 22 USD pro kg kaufen, 6 kg 1/4 Rabatt erhalten"".Sie sammelte 23 kg.Sie kaufte auch eine gemischte Tüte Seestern für 11,0 USD und 11 Schlüsselanhänger, die jeweils 21,0 US -Dollar waren.Chen spendete dann 5 US -Dollar für einen Wohltätigkeitsstand auf dem Weg.Wie viel Geld hat Chen übrig?",580
"Fatima ging zum Urlaub zum Pier.Ihre Eltern gaben ihr ₣ 1200 ₣, um zu kaufen, was sie wollte.Im Strandgeschäft wurde Rock Candy für ""16 kg bei ₣ 20 ₣ pro kg kaufen, 6 kg 1/3 Rabatt erhalten"".Sie sammelte 23 kg.Sie kaufte auch einen gemischten Sack Seeglas für ₣ 11,0 und 13 Aufkleber, die jeweils 20,0 ₣ ₣ 20,0 waren.Fatima spendete dann ₣ 5 in einem Wohltätigkeitsorganisation.Wie viel Geld hat Fatima übrig?",504
"Ava ging für den Urlaub an die Küste.Ihre Eltern gaben ihr 1400 Dollar, um zu kaufen, was sie wollte.Im Küstenladen wurde Cotton Candy für ""17 Pfund zu 22 USD pro Pfund kaufen, 4 Pfund 1/2 Rabatt erhalten"".Sie sammelte 23 Pfund.Sie kaufte auch eine gemischte Tüte Korallenstücke für 11,0 und 18 Stifte, die jeweils 20,5 US -Dollar betrugen.Ava spendete dann 5 US -Dollar auf einem Wohltätigkeitsstand auf dem Weg.Wie viel Geld hat Ava übrig?",553
"Valeria ging zum Urlaub an die Küste.Ihre Eltern gaben ihr 1300 €, um zu kaufen, was sie wollte.Im Küstenladen stand Baumwoll -Süßigkeiten für ""15 Pfund bei 21 € pro Pfund, 5 Pfund 1/3 Rabatt"".Sie sammelte 23 Pfund.Sie kaufte auch eine gemischte Tüte Korallenstücke für 11,0 € und 11 Pins, die jeweils 21,0 € waren.Valeria spendete dann 5 € auf einem Wohltätigkeitsorganisation.Wie viel Geld hat Valeria übrig?",605
"Sophia ging zum Urlaub zum Pier.Ihre Eltern gaben ihr ₺1400, um zu kaufen, was sie wollte.Im Strandgeschäft wurde Rock Candy für ""17 kg in ₺20 ₺ pro kg kaufen, 5 kg 1/2 Rabatt erhalten"".Sie sammelte 23 kg.Sie kaufte auch einen gemischten Sack Seeglas für ₺11.0- und 13 Aufkleber, die jeweils 20,0 ₺0 waren.Sophia spendete dann ₺5 in einem Wohltätigkeitsorganisation auf dem Weg.Wie viel Geld hat Sophia übrig?",714
"Mei ging zum Urlaub zum Strand.Ihre Eltern gaben ihr 1300 Yen, um zu kaufen, was sie wollte.Im Souvenir Store wurde Fudge für ""15 Kilogramm bei 23 Yen pro Kilogramm kaufen, 4 Kilogramm 1/4 Rabatt erhalten"".Sie sammelte 20 Kilogramm.Sie kaufte auch eine gemischte Tüte Sanddollar für 11,0 Yen und 14 Postkarten, die jeweils 21,0 Yen waren.Mei spendete dann 5 Yen in einem Wohltätigkeitsstand auf dem Weg.Wie viel Geld hat Mei übrig?",553
"Sophia ging zum Urlaub zum Pier.Ihre Eltern gaben ihr ₺1400, um zu kaufen, was sie wollte.Im Strandgeschäft wurde Rock Candy für ""15 Kilogramm bei ₺23 pro Kilogramm kaufen, 6 Kilogramm 1/3 Rabatt erhalten"".Sie sammelte 23 Kilogramm.Sie kaufte auch einen gemischten Sack Seeglas für ₺11.0- und 18 Aufkleber, die jeweils 20,5 ₺ 5 waren.Sophia spendete dann ₺5 in einem Wohltätigkeitsorganisation auf dem Weg.Wie viel Geld hat Sophia übrig?",532
"Tara ging zur Urlaub zur Promenade.Ihre Eltern gaben ihr ₣ 1200 ₣, um zu kaufen, was sie wollte.Im Geschenkeladen wurde Saltwater Taffy für ""17 kg bei 22 ₣ 22 pro kg kaufen, 4 kg 1/4 Rabatt erhalten"".Sie sammelte 23 kg.Sie kaufte auch eine gemischte Tüte Seestern für ₣ 11,0 und 12 Schlüsselanhänger, die jeweils ₣ 20,0 ° C waren.Tara spendete dann ₣ 5 in einem Wohltätigkeitsorganisation auf dem Weg.Wie viel Geld hat Tara übrig?",460
"Ein Bauer kauft Futter für seine Kühe.Er kauft eine Vielzahl von Äpfeln, Heu, Gurken und Mais.Da Mais ein seltener Genuss ist, kauft er nur vier 6-Pfund-Kisten für den ganzen Stall.Er möchte nur genug Gurken, um die Kühe zu füttern, während das Gemüse frisch ist, also kauft er vierzehn 8-Pfund-Beutel.Äpfel sind die Hauptdiät seiner Kühe, also kauft er fünfunddreißig 42-Pfund-Packungen.Heu ist ein Grundnahrungsmittel, um die Äpfel zu ergänzen, also kauft er achtzehn Pfund Säcke.Schließlich kauft er 43 Pfund Lebensmittel und 27 Pfund Werkzeuge und 100 Pfund Holz.Ein Farmwagen kann jeweils 140 Pfund tragen.Wenn der Landwirt drei Lastwagen hat, wie viele Reisen muss der Landwirt alle gekauften Gegenstände transportieren?",5
"Ein Bauer kauft Futter für seine Schafe.Er kauft eine Vielzahl von Weizen, Mais, Rüben und Hafer.Da Hafer ein seltener Genuss sind, kauft er nur fünf 3-kg-Kisten von ihnen für den ganzen Stall.Er möchte nur genug Rüben, um die Schafe zu füttern, während das Gemüse frisch ist, also kauft er elf 7-kg-Beutel.Weizen sind die Hauptdiät seiner Schafe, also kauft er vierunddreißig 44-kg-Packungen.Mais sind ein Grundnahrungsmittel, um den Weizen zu ergänzen, also kauft er achtzehn 19-kg-Säcke.Schließlich kauft er 43 kg Lebensmittel und 27 kg Werkzeuge und 100 kg Holz.Ein Farmwagen kann jeweils 140 kg tragen.Wenn der Landwirt drei Lastwagen hat, wie viele Reisen muss der Landwirt alle gekauften Gegenstände transportieren?",5
"Ein Bauer kauft Futter für seine Kühe.Er kauft eine Vielzahl von Weizen, Hafer, Karotten und Mais.Da Mais ein seltener Genuss ist, kauft er nur sieben 5-kg-Kisten von ihnen für den ganzen Stall.Er möchte nur genug Karotten, um die Kühe zu füttern, während das Gemüse frisch ist, also kauft er elf 7-kg-Beutel.Weizen sind die Hauptdiät seiner Kühe, also kauft er vierunddreißig 39-kg-Packungen.Hafer sind ein Grundnahrungsmittel, um den Weizen zu ergänzen, also kauft er neunzehn 18-kg-Säcke.Schließlich kauft er 43 kg Lebensmittel und 27 kg Werkzeuge und 100 kg Holz.Ein Farmwagen kann jeweils 130 kg tragen.Wenn der Landwirt drei Lastwagen hat, wie viele Reisen muss der Landwirt alle gekauften Gegenstände transportieren?",5
"Ein Bauer kauft Futter für seine Kühe.Er kauft eine Vielzahl von Heu, Weizen, Karotten und Äpfeln.Da Äpfel ein seltener Genuss sind, kauft er nur fünf 7-Pfund-Kisten für den ganzen Stall.Er möchte nur genug Karotten, um die Kühe zu füttern, während das Gemüse frisch ist, also kauft er vierzehn 5-Pfund-Beutel.Heu ist die Hauptdiät seiner Kühe, also kauft er fünfunddreißig 44-Pfund-Packungen.Weizen sind ein Grundnahrungsmittel, um das Heu zu ergänzen, also kauft er neunzehn Pfund Säcke.Schließlich kauft er 43 Pfund Lebensmittel und 27 Pfund Werkzeuge und 100 Pfund Holz.Ein Farmwagen kann jeweils 100 Pfund tragen.Wenn der Landwirt drei Lastwagen hat, wie viele Reisen muss der Landwirt alle gekauften Gegenstände transportieren?",7
"Ein Bauer kauft Futter für seine Schafe.Er kauft eine Vielzahl von Äpfeln, Weizen, Karotten und Hafer.Da Hafer ein seltener Genuss sind, kauft er nur acht 7-Pfund-Kisten für den ganzen Stall.Er möchte nur genug Karotten, um die Schafe zu füttern, während das Gemüse frisch ist, also kauft er zwölf 6-Pfund-Taschen.Äpfel sind die Hauptdiät seiner Schafe, also kauft er zweiunddreißig 43-Pfund-Packungen.Weizen sind ein Grundnahrungsmittel, um die Äpfel zu ergänzen, also kauft er achtzehn 17-Pfund-Säcke.Schließlich kauft er 43 Pfund Lebensmittel und 27 Pfund Werkzeuge und 100 Pfund Holz.Ein Farmwagen kann jeweils 110 Pfund tragen.Wenn der Landwirt drei Lastwagen hat, wie viele Reisen muss der Landwirt alle gekauften Gegenstände transportieren?",6
"Ein Landwirt kauft Futter für seine Alpakas.Er kauft eine Vielzahl von Äpfeln, Weizen, Gurken und Heu.Da Heu ein seltener Genuss ist, kauft er nur sechs 3-Pfund-Kisten für den ganzen Stall.Er möchte nur genug Gurken, um die Alpakas zu füttern, während das Gemüse frisch ist, also kauft er fünfzehn 8-Pfund-Beutel.Äpfel sind die Hauptdiät seiner Alpakas, also kauft er vierunddreißig 43-Pfund-Packungen.Weizen sind ein Grundnahrungsmittel, um die Äpfel zu ergänzen, also kauft er achtzehn Pfund Säcke.Schließlich kauft er 43 Pfund Lebensmittel und 27 Pfund Werkzeuge und 100 Pfund Holz.Ein Farmwagen kann 170 Pfund gleichzeitig tragen.Wenn der Landwirt drei Lastwagen hat, wie viele Reisen muss der Landwirt alle gekauften Gegenstände transportieren?",4
"Ein Landwirt kauft Futter für seine Alpakas.Er kauft eine Vielzahl von Äpfeln, Weizen, Rüben und Heu.Da Heu ein seltener Vergnügen ist, kauft er nur sechs 7-Pfund-Kisten für den Ganzen.Er möchte nur genug Rüben, um die Alpakas zu füttern, während das Gemüse frisch ist, also kauft er elf 6-Pfund-Beutel.Äpfel sind die Hauptdiät seiner Alpakas, also kauft er vierunddreißig 43-Pfund-Packungen.Weizen sind ein Grundnahrungsmittel, um die Äpfel zu ergänzen, also kauft er zwanzig 18-Pfund-Säcke.Schließlich kauft er 43 Pfund Lebensmittel und 27 Pfund Werkzeuge und 100 Pfund Holz.Ein Farmwagen kann jeweils 100 Pfund tragen.Wenn der Landwirt drei Lastwagen hat, wie viele Reisen muss der Landwirt alle gekauften Gegenstände transportieren?",7
"Ein Bauer kauft Futter für seine Schafe.Er kauft eine Vielzahl von Weizen, Hafer, Karotten und Äpfeln.Da Äpfel ein seltener Genuss sind, kauft er nur acht 4-Pfund-Kisten für den gesamten Stall.Er möchte nur genug Karotten, um die Schafe zu füttern, während das Gemüse frisch ist, also kauft er zwölf 6-Pfund-Taschen.Weizen sind die Hauptdiät seiner Schafe, also kauft er dreiunddreißig 42-Pfund-Packungen.Hafer sind ein Grundnahrungsmittel, um den Weizen zu ergänzen, also kauft er 20-Pfund-Säcke.Schließlich kauft er 43 Pfund Lebensmittel und 27 Pfund Werkzeuge und 100 Pfund Holz.Ein Farmwagen kann jeweils 110 Pfund tragen.Wenn der Landwirt drei Lastwagen hat, wie viele Reisen muss der Landwirt alle gekauften Gegenstände transportieren?",6
"Ein Bauer kauft Futter für seine Schafe.Er kauft eine Vielzahl von Äpfeln, Hafer, Karotten und Heu.Da Heu ein seltener Genuss ist, kauft er nur fünf 6-Pfund-Kisten für den ganzen Stall.Er möchte nur genug Karotten, um die Schafe zu füttern, während das Gemüse frisch ist, also kauft er vierzehn 6-Pfund-Taschen.Äpfel sind die Hauptdiät seiner Schafe, also kauft er zweiunddreißig 38-Pfund-Packungen.Hafer sind ein Grundnahrungsmittel, um die Äpfel zu ergänzen, also kauft er 15-Pfund-Säcke.Schließlich kauft er 43 Pfund Lebensmittel und 27 Pfund Werkzeuge und 100 Pfund Holz.Ein Farmwagen kann jeweils 150 Pfund tragen.Wenn der Landwirt drei Lastwagen hat, wie viele Reisen muss der Landwirt alle gekauften Gegenstände transportieren?",4
"Ein Bauer kauft Futter für seine Kühe.Er kauft eine Vielzahl von Heu, Weizen, Gurken und Mais.Da Mais ein seltener Genuss ist, kauft er nur sechs 5-kg-Kisten von ihnen für den ganzen Stall.Er möchte nur genug Gurken, um die Kühe zu füttern, während das Gemüse frisch ist, also kauft er fünfzehn 8-kg-Beutel.Heu ist die Hauptdiät seiner Kühe, also kauft er fünfunddreißig 35-kg-Packungen.Weizen sind ein Grundnahrungsmittel, um das Heu zu ergänzen, also kauft er siebzehn 15 kg Säcke.Schließlich kauft er 43 kg Lebensmittel und 27 kg Werkzeuge und 100 kg Holz.Ein Farmwagen kann jeweils 120 kg tragen.Wenn der Landwirt drei Lastwagen hat, wie viele Reisen muss der Landwirt alle gekauften Gegenstände transportieren?",5
"Eine Nebelbank rollt aus dem Meer ein, um eine Stadt zu bedecken.Es dauert 30 Minuten, um alle 3 Meilen der Stadt abzudecken.Wir wissen jedoch, dass die Windgeschwindigkeit in einer Stunde halbiert wird.Wenn die Stadt 72 Meilen gegenüber der Meerfront bis zum gegenüberliegenden Inland -Rand ist, wie viele Minuten dauert es, bis die Nebelbank ein Viertel der Stadt abdeckt?",300
"Eine Nebelbank rollt aus dem Meer ein, um eine Stadt zu bedecken.Es dauert 75 Minuten, um alle 10 Meilen der Stadt abzudecken.Wir wissen jedoch, dass die Windgeschwindigkeit in einer Stunde halbiert wird.Wenn die Stadt 72 Meilen gegenüber dem Meer bis zum gegenüberliegenden Inland -Rand ist, wie viele Minuten dauert es, bis die Nebelbank 1/4 der Stadt abdeckt?",210
"Eine Nebelbank rollt aus dem Meer ein, um eine Stadt zu bedecken.Es dauert 60 Minuten, um alle 3 Meilen der Stadt abzudecken.Wir wissen jedoch, dass die Windgeschwindigkeit in einer Stunde halbiert wird.Wenn die Stadt 54 Meilen gegenüber dem Meer bis zum gegenüberliegenden Inland -Rand ist, wie viele Minuten dauert es, bis die Nebelbank 1/3 der Stadt abdeckt?",660
"Eine Nebelbank rollt aus dem Meer ein, um eine Stadt zu bedecken.Es dauert 60 Minuten, um alle 6 Meilen der Stadt zu bedecken.Wir wissen jedoch, dass die Windgeschwindigkeit in einer Stunde halbiert wird.Wenn die Stadt 72 Meilen gegenüber dem Meer bis zum gegenüberliegenden Inland -Rand ist, wie viele Minuten dauert es, bis die Nebelbank 1/3 der Stadt abdeckt?",420
"Eine Nebelbank rollt aus dem Meer ein, um eine Stadt zu bedecken.Es dauert 25 Minuten, um alle 5 Meilen der Stadt abzudecken.Wir wissen jedoch, dass die Windgeschwindigkeit in einer Stunde halbiert wird.Wenn die Stadt 54 Meilen gegenüber dem Meer bis zum gegenüberliegenden Inland -Rand ist, wie viele Minuten dauert es, bis die Nebelbank den 1/2 der Stadt abdeckt?",210
"Eine Nebelbank rollt aus dem Meer ein, um eine Stadt zu bedecken.Es dauert 90 Minuten, um alle 3 Meilen der Stadt abzudecken.Wir wissen jedoch, dass die Windgeschwindigkeit in einer Stunde halbiert wird.Wenn die Stadt 78 Meilen gegenüber dem Meer bis zum gegenüberliegenden Inland -Rand ist, wie viele Minuten dauert es, bis die Nebelbank ein Drittel der Stadt abdeckt?",1500
"Eine Nebelbank rollt aus dem Meer ein, um eine Stadt zu bedecken.Es dauert 30 Minuten, um alle 13 Meilen der Stadt abzudecken.Wir wissen jedoch, dass die Windgeschwindigkeit in einer Stunde halbiert wird.Wenn die Stadt 78 Meilen gegenüber dem Meer bis zum gegenüberliegenden Inland -Rand ist, wie viele Minuten dauert es, bis die Nebelbank 1/2 der Stadt abdeckt?",120
"Eine Nebelbank rollt aus dem Meer ein, um eine Stadt zu bedecken.Es dauert 15 Minuten, um alle 3 Meilen der Stadt abzudecken.Wir wissen jedoch, dass die Windgeschwindigkeit in einer Stunde halbiert wird.Wenn die Stadt 96 Meilen gegenüber dem Meer bis zum gegenüberliegenden Inland -Rand ist, wie viele Minuten dauert es, bis die Nebelbank ein Viertel der Stadt abdeckt?",180
"Eine Nebelbank rollt aus dem Meer ein, um eine Stadt zu bedecken.Es dauert 20 Minuten, um alle 3 Meilen der Stadt abzudecken.Wir wissen jedoch, dass die Windgeschwindigkeit in einer Stunde halbiert wird.Wenn die Stadt 72 Meilen gegenüber dem Meer bis zum gegenüberliegenden Inland -Rand ist, wie viele Minuten dauert es, bis die Nebelbank ein Drittel der Stadt abdeckt?",260
"Eine Nebelbank rollt aus dem Meer ein, um eine Stadt zu bedecken.Es dauert 15 Minuten, um alle 3 Meilen der Stadt abzudecken.Wir wissen jedoch, dass die Windgeschwindigkeit in einer Stunde halbiert wird.Wenn die Stadt 96 Meilen gegenüber dem Meer bis zum gegenüberliegenden Inlandrand liegt, wie viele Minuten dauert es, bis die Nebelbank 1/2 der Stadt abdeckt?",420
"Emma geht jeden Tag 32 Kilometer auf ihrem Lieblings -Wanderweg, der 14 Kilometer am Strand und 18 Kilometer auf dem Bürgersteig spazieren geht.Auf dem Bürgersteig geht Emma dreimal so hoch wie die Geschwindigkeit, die sie am Strand tut.Aufgrund einer jüngsten Verletzung hat die Geschwindigkeit von Emma jedoch sowohl am Strand als auch am Bürgersteig um die Hälfte zurückgegangen.Wenn 56 Minuten ihres Spaziergangs am Strand verbracht werden, wie lange dauert es, bis sie in wenigen Minuten den gesamten 32 Kilometer langen Spaziergang absolviert?",80
"Olivia geht jeden Tag 29 Meilen auf ihrem Lieblings -Wanderweg, der 13 Meilen laufende Spaziergänge am Strand und 16 Meilen auf dem Bürgersteig beinhaltet.Auf dem Bürgersteig geht Olivia viermal so schnell wie am Strand.Aufgrund einer jüngsten Verletzung hat sich Olivias Geschwindigkeit sowohl am Strand als auch am Bürgersteig um die Hälfte verringert.Wenn 65 Minuten ihres Spaziergangs am Strand verbracht werden, wie lange dauert es, bis sie in wenigen Minuten den gesamten 29-Meilen-Spaziergang beendet ist?",85
"Fatima geht jeden Tag 26 Meilen auf ihrem Lieblings -Wanderweg, der 11 Meilen laufend am Strand und 15 Meilen laufende Spaziergänge auf dem Bürgersteig umfasst.Auf dem Bürgersteig geht Fatima dreimal so schnell wie die Geschwindigkeit, die sie am Strand tut.Aufgrund einer jüngsten Verletzung ist die Geschwindigkeit von Fatima jedoch sowohl am Strand als auch am Bürgersteig um die Hälfte zurückgegangen.Wenn 44 Minuten ihres Spaziergangs am Strand verbracht werden, wie lange dauert es, bis sie den gesamten 26-Meilen-Spaziergang in Minuten absolviert hat?",64
"Rania geht jeden Tag 28 Kilometer auf ihrem Lieblings -Wanderweg, der 14 Kilometer am Strand und 14 Kilometer auf dem Bürgersteig spazieren geht.Auf dem Bürgersteig geht Rania zweimal so schnell wie die Geschwindigkeit, die sie am Strand macht.Aufgrund einer jüngsten Verletzung hat sich Ranias Geschwindigkeit sowohl am Strand als auch auf dem Bürgersteig um die Hälfte verringert.Wenn 42 Minuten ihres Spaziergangs am Strand verbracht werden, wie lange dauert es, bis sie in wenigen Minuten den gesamten 28 Kilometer langen Spaziergang absolviert?",63
"Ananya geht jeden Tag 20 Meilen auf ihrem Lieblings -Wanderweg, der 10 Meilen laufende Spaziergänge am Strand und 10 Meilen laufende Spaziergänge auf dem Bürgersteig umfasst.Auf dem Bürgersteig geht Ananya zweimal so schnell wie die Geschwindigkeit, die sie am Strand tut.Aufgrund einer jüngsten Verletzung ist die Geschwindigkeit von Ananya jedoch sowohl am Strand als auch am Bürgersteig um die Hälfte zurückgegangen.Wenn 40 Minuten ihres Spaziergangs am Strand verbracht werden, wie lange dauert es, bis sie die gesamte 20-Meilen-Spaziergang in Minuten absolviert hat?",60
"Keisha geht jeden Tag 33 Meilen auf ihrem Lieblings -Wanderweg, der 17 Meilen laufende Spaziergänge am Strand und 16 Meilen laufende Spaziergänge auf dem Bürgersteig umfasst.Auf dem Bürgersteig geht Keisha zweimal so schnell wie die Geschwindigkeit, die sie am Strand macht.Aufgrund einer jüngsten Verletzung hat die Geschwindigkeit von Keisha jedoch sowohl am Strand als auch am Bürgersteig um die Hälfte zurückgegangen.Wenn 51 Minuten ihres Spaziergangs am Strand verbracht werden, wie lange dauert es, bis sie in wenigen Minuten den gesamten 33-Meilen-Spaziergang beendet ist?",75
"Xena geht jeden Tag 24 Kilometer auf ihrem Lieblings -Wanderweg, der 11 Kilometer am Strand und 13 Kilometer auf dem Bürgersteig spazieren geht.Auf dem Bürgersteig geht Xena dreimal so hoch wie die Geschwindigkeit, die sie am Strand tut.Aufgrund einer jüngsten Verletzung hat die Geschwindigkeit von Xena jedoch sowohl am Strand als auch am Bürgersteig um die Hälfte zurückgegangen.Wenn 66 Minuten ihres Spaziergangs am Strand verbracht werden, wie lange dauert es, bis sie in wenigen Minuten den gesamten 24 Kilometer langen Weg absolviert?",92
"Gabrielle geht jeden Tag 29 Kilometer auf ihrem Lieblingswanderweg, der 15 Kilometer am Strand und 14 Kilometer auf dem Bürgersteig spazieren geht.Auf dem Bürgersteig geht Gabrielle zweimal so schnell wie am Strand.Aufgrund einer jüngsten Verletzung hat die Geschwindigkeit von Gabrielle jedoch sowohl am Strand als auch am Bürgersteig um die Hälfte zurückgegangen.Wenn 45 Minuten ihres Spaziergangs am Strand verbracht werden, wie lange dauert es, bis sie in wenigen Minuten den gesamten 29 Kilometer langen Spaziergang absolviert?",66
"Roya geht jeden Tag 21 Kilometer auf ihrem Lieblings -Wanderweg, der 11 Kilometer am Strand und 10 Kilometer auf dem Bürgersteig spazieren geht.Auf dem Bürgersteig geht Roya zweimal so schnell wie die Geschwindigkeit, die sie am Strand tut.Aufgrund einer jüngsten Verletzung ist die Geschwindigkeit von Roya jedoch sowohl am Strand als auch am Bürgersteig um die Hälfte zurückgegangen.Wenn 44 Minuten ihres Spaziergangs am Strand verbracht werden, wie lange dauert es, bis sie in wenigen Minuten den gesamten 21 Kilometer langen Spaziergang absolviert?",64
"Yara geht jeden Tag 28 Kilometer auf ihrem Lieblingswanderweg, der 14 Kilometer am Strand und 14 Kilometer auf dem Bürgersteig spazieren geht.Auf dem Bürgersteig geht Yara zweifache Geschwindigkeit, die sie am Strand macht.Aufgrund einer jüngsten Verletzung hat die Geschwindigkeit von Yara jedoch sowohl am Strand als auch am Bürgersteig um die Hälfte zurückgegangen.Wenn 56 Minuten ihres Spaziergangs am Strand verbracht werden, wie lange dauert es, bis sie in wenigen Minuten den gesamten 28 Kilometer langen Spaziergang absolviert?",84
"Mateos Hund hat 149 Welpen, von denen 25 Flecken haben.Mohammeds Hund hat 49 Welpen, von denen 12 Flecken haben.Ibrahim hat 54 Hunde, die jeweils 13 Welpen mit Flecken haben.Nach einem Besuch beim Tierarzt entdeckte Mateo, dass die Hälfte seiner unbefuhrten Welpen tatsächlich Plätze haben, die vorher nicht sichtbar waren.Wie viel Prozent aller Welpen haben Plätze?",89
"Oscars Hund hat 130 Welpen, von denen 28 Flecken haben.Andres Hund hat 44 Welpen, von denen 14 Flecken haben.Jin hat 66 Hunde, jeweils 11 Welpen mit Flecken.Nach einem Besuch im Tierarzt entdeckte Oscar, dass die Hälfte seiner unbefuhrten Welpen tatsächlich Plätze haben, die vorher nicht sichtbar waren.Wie viel Prozent aller Welpen haben Plätze?",91
"Leons Hund hat 99 Welpen, von denen 23 Flecken haben.James 'Hund hat 53 Welpen, von denen 12 Plätze haben.Hiroshi hat 58 Hunde mit jeweils 11 Welpen mit Flecken.Nach einem Besuch des Tierarztes entdeckte Leon, dass die Hälfte seiner unbeförderten Welpen tatsächlich Plätze haben, die vorher nicht sichtbar waren.Wie viel Prozent aller Welpen haben Plätze?",90
"Pavels Hund hat 100 Welpen, von denen 22 Flecken haben.Hiroshis Hund hat 40 Welpen, von denen 15 Plätze haben.Santiago hat 55 Hunde mit jeweils 12 Welpen mit Flecken.Nach einem Besuch des Tierarztes entdeckte Pavel, dass die Hälfte seiner unbeförderten Welpen tatsächlich Plätze haben, die vorher nicht sichtbar waren.Wie viel Prozent aller Welpen haben Plätze?",92
"Kais Hund hat 135 Welpen, von denen 17 Flecken haben.Arashs Hund hat 43 Welpen, von denen 14 Flecken haben.Carlos hat 54 Hunde mit jeweils 13 Welpen mit Flecken.Nach einem Besuch beim Tierarzt entdeckte Kai, dass die Hälfte seiner unbefuhrten Welpen tatsächlich Plätze haben, die vorher nicht sichtbar waren.Wie viel Prozent aller Welpen haben Plätze?",90
"Deshawns Hund hat 146 Welpen, von denen 28 Plätze haben.Mohammeds Hund hat 43 Welpen, von denen 12 Flecken haben.Hiroshi hat 51 Hunde mit jeweils 11 Welpen mit Flecken.Nach einem Besuch des Tierarztes entdeckte Deshawn, dass die Hälfte seiner unbeförderten Welpen tatsächlich Plätze haben, die vorher nicht sichtbar waren.Wie viel Prozent aller Welpen haben Plätze?",88
"Lucas Hund hat 103 Welpen, von denen 25 Plätze haben.Dergos Hund hat 42 Welpen, von denen 12 Flecken haben.Noah hat 67 Hunde, jeweils 15 Welpen mit Flecken.Nach einem Besuch des Tierarztes entdeckte Luca, dass die Hälfte seiner unbeförderten Welpen tatsächlich Plätze haben, die vorher nicht sichtbar waren.Wie viel Prozent aller Welpen haben Plätze?",94
"Noahs Hund hat 113 Welpen, von denen 23 Flecken haben.Qasims Hund hat 47 Welpen, von denen 15 Flecken haben.Tariq hat 60 Hunde mit jeweils 9 Welpen mit Flecken.Nach einem Besuch des Tierarztes entdeckte Noah, dass die Hälfte seiner unbeförderten Welpen tatsächlich Plätze haben, die vorher nicht sichtbar waren.Wie viel Prozent aller Welpen haben Plätze?",89
"Yukis Hund hat 95 Welpen, von denen 23 Flecken haben.Kais Hund hat 53 Welpen, von denen 12 Flecken haben.Faisal hat 68 Hunde mit jeweils 14 Welpen mit Flecken.Nach einem Besuch des Tierarztes entdeckte Yuki, dass die Hälfte seiner unbeförderten Welpen tatsächlich Plätze haben, die vorher nicht sichtbar waren.Wie viel Prozent aller Welpen haben Plätze?",93
"Jins Hund hat 100 Welpen, von denen 28 Plätze haben.Theos Hund hat 50 Welpen, von denen 13 Flecken haben.Noah hat 58 Hunde, jeweils 10 Welpen mit Flecken.Nach einem Besuch des Tierarztes entdeckte Jin, dass die Hälfte seiner unbeförderten Welpen tatsächlich Plätze haben, die vorher nicht sichtbar waren.Wie viel Prozent aller Welpen haben Plätze?",90
"Fatima und Mei haben 247 Minuten Zeit, um zusammen ins Fitnessstudio zu gehen.Es dauert 26 Minuten, um in die Ecke zu gelangen, in der sich die Bibliothek befindet.Es dauert weitere 18 Minuten, um zum Lebensmittelgeschäft zu gelangen.Wenn sie das Lebensmittelgeschäft erreichen, erinnern sie sich daran, dass sie ihre Brieftaschen zu Hause vergessen haben, also müssen sie zurückkehren, um ihre Brieftaschen abzuholen und dann den ganzen Weg zurück zum Lebensmittelgeschäft zu gehen.Wenn sie zum zweiten Mal das Lebensmittelgeschäft erreicht haben, wie lange müssen sie noch in das Fitnessstudio kommen, ohne zu spät zu kommen?",115
"Gabriel und Pavel haben 212 Minuten Zeit, um zusammen ins Fitnessstudio zu gehen.Es dauert 29 Minuten, um in die Ecke zu gelangen, in der sich die Bibliothek befindet.Es dauert weitere 19 Minuten, um ins Kino zu kommen.Wenn sie das Kino erreichen, erinnern sie sich daran, dass sie ihre Brieftaschen zu Hause vergessen haben, also müssen sie zurückkehren, um ihre Brieftaschen abzuholen und dann wieder ins Kino zurückzugehen.Sobald sie zum zweiten Mal das Kino erreicht haben, wie lange müssen sie noch in das Fitnessstudio kommen, ohne zu spät zu kommen?",68
"Nadia und Sanjay haben 261 Minuten Zeit, um zusammen zum Lebensmittelgeschäft von zu Hause aus zu gehen.Es dauert 24 Minuten, um in die Ecke zu gelangen, in der sich das Fitnessstudio befindet.Es braucht weitere 27 Minuten, um ins Einkaufszentrum zu gelangen.Wenn sie das Einkaufszentrum erreichen, erinnern sie sich daran, dass sie ihre Brieftaschen zu Hause vergessen haben, also müssen sie zurückkehren, um ihre Brieftaschen abzuholen und dann den ganzen Weg wieder ins Einkaufszentrum zu gehen.Sobald sie zum zweiten Mal das Einkaufszentrum erreicht haben, wie lange müssen sie noch in das Lebensmittelgeschäft gelangen, ohne zu spät zu kommen?",108
"Thiago und Ali haben 163 Minuten Zeit, um zusammen ins Fitnessstudio zu gehen.Es dauert 21 Minuten, um in die Ecke zu gelangen, wo sich die Bank befindet.Es dauert weitere 28 Minuten, um ins Kino zu gelangen.Wenn sie das Kino erreichen, erinnern sie sich daran, dass sie ihre Brieftaschen zu Hause vergessen haben, also müssen sie zurückkehren, um ihre Brieftaschen abzuholen und dann wieder ins Kino zurückzugehen.Sobald sie zum zweiten Mal das Kino erreicht haben, wie lange müssen sie noch in das Fitnessstudio kommen, ohne zu spät zu kommen?",16
"Gabriel und Kai haben 137 Minuten Zeit, um zusammen ins Fitnessstudio zu gehen.Es dauert 16 Minuten, um in die Ecke zu gelangen, in der sich der Park befindet.Es braucht weitere 22 Minuten, um ins Einkaufszentrum zu gelangen.Wenn sie das Einkaufszentrum erreichen, erinnern sie sich daran, dass sie ihre Brieftaschen zu Hause vergessen haben, also müssen sie zurückkehren, um ihre Brieftaschen abzuholen und dann den ganzen Weg wieder ins Einkaufszentrum zu gehen.Sobald sie zum zweiten Mal das Einkaufszentrum erreicht haben, wie lange müssen sie noch in das Fitnessstudio kommen, ohne zu spät zu kommen?",23
"Tara und Ananya haben 163 Minuten Zeit, um zusammen zum Lebensmittelgeschäft von zu Hause aus zu gehen.Es dauert 16 Minuten, um in die Ecke zu gelangen, in der sich die Bibliothek befindet.Es dauert weitere 29 Minuten, um ins Einkaufszentrum zu gelangen.Wenn sie das Einkaufszentrum erreichen, erinnern sie sich daran, dass sie ihre Brieftaschen zu Hause vergessen haben, also müssen sie zurückkehren, um ihre Brieftaschen abzuholen und dann den ganzen Weg wieder ins Einkaufszentrum zu gehen.Sobald sie zum zweiten Mal das Einkaufszentrum erreicht haben, wie lange müssen sie noch in das Lebensmittelgeschäft gelangen, ohne zu spät zu kommen?",28
"Bodhi und Kai haben 267 Minuten Zeit, um zusammen in die Bibliothek von zu Hause aus zu gehen.Es dauert 17 Minuten, um in die Ecke zu gelangen, in der sich das Fitnessstudio befindet.Es dauert weitere 19 Minuten, um ins Kino zu kommen.Wenn sie das Kino erreichen, erinnern sie sich daran, dass sie ihre Brieftaschen zu Hause vergessen haben, also müssen sie zurückkehren, um ihre Brieftaschen abzuholen und dann wieder ins Kino zurückzugehen.Sobald sie zum zweiten Mal das Kino erreicht haben, wie lange müssen sie noch in die Bibliothek kommen, ohne zu spät zu kommen?",159
"Beatriz und Sakura haben 253 Minuten Zeit, um zusammen ins Fitnessstudio zu gehen.Es dauert 16 Minuten, um in die Ecke zu gelangen, in der sich das Einkaufszentrum befindet.Es dauert weitere 58 Minuten, um ins Kino zu gelangen.Wenn sie das Kino erreichen, erinnern sie sich daran, dass sie ihre Brieftaschen zu Hause vergessen haben, also müssen sie zurückkehren, um ihre Brieftaschen abzuholen und dann wieder ins Kino zurückzugehen.Sobald sie zum zweiten Mal das Kino erreicht haben, wie lange müssen sie noch in das Fitnessstudio kommen, ohne zu spät zu kommen?",31
"Ravi und Isabella haben 266 Minuten Zeit, um zusammen ins Kino zu gehen.Es dauert 14 Minuten, um in die Ecke zu gelangen, wo sich die Bank befindet.Es dauert weitere 38 Minuten, um in die Bibliothek zu gelangen.Wenn sie die Bibliothek erreichen, erinnern sie sich daran, dass sie ihre Brieftaschen zu Hause vergessen haben, also müssen sie zurückkehren, um ihre Brieftaschen abzuholen und dann den ganzen Weg wieder in die Bibliothek zurückzugehen.Sobald sie zum zweiten Mal die Bibliothek erreicht haben, wie lange müssen sie noch im Kino kommen, ohne zu spät zu kommen?",110
"Chen und Diego haben 221 Minuten Zeit, um zusammen von zu Hause aus zusammen in den Park zu gehen.Es dauert 28 Minuten, um in die Ecke zu gelangen, in der sich das Einkaufszentrum befindet.Es dauert weitere 22 Minuten, um ins Kino zu gelangen.Wenn sie das Kino erreichen, erinnern sie sich daran, dass sie ihre Brieftaschen zu Hause vergessen haben, also müssen sie zurückkehren, um ihre Brieftaschen abzuholen und dann wieder ins Kino zurückzugehen.Sobald sie zum zweiten Mal das Kino erreicht haben, wie lange müssen sie noch in den Park kommen, ohne zu spät zu kommen?",71
"Ein Jongler kann 480 Bälle jonglieren.Ein Zehntel der Bälle sind Golfbälle, und der Rest sind Tennisbälle.1/2 der Golfbälle sind lila, von denen 1/6 markiert sind.1/9 der Tennisbälle sind Indigo, und alle außer einem Drittel dieser Indigo -Bälle sind markiert.Wie viele markierte Bälle gibt es insgesamt?",36
"Ein Jongleur kann 360 Bälle jonglieren.Die Hälfte der Bälle sind Tennisbälle und der Rest sind Golfbälle.Ein Drittel der Tennisbälle ist blaugrün, von denen 1/4 markiert ist.1/3 der Golfbälle sind rosa und alle außer einem Fünftel dieser rosa Bälle sind markiert.Wie viele markierte Bälle gibt es insgesamt?",63
"Ein Jongleur kann 360 Bälle jonglieren.Ein Zehntel der Bälle sind Golfbälle, und der Rest sind Tennisbälle.1/3 der Golfbälle sind weiß, von denen 1/4 markiert sind.Die Hälfte der Tennisbälle ist Magenta, und alle außer 1/2 dieser Magenta -Bälle sind markiert.Wie viele markierte Bälle gibt es insgesamt?",84
"Ein Jongleur kann 240 Bälle jonglieren.1/4 der Bälle sind Tennisbälle, und der Rest sind Golfbälle.1/3 der Tennisbälle sind schwarz, von denen 1/5 markiert sind.Ein Drittel der Golfbälle ist Cyan, und alle außer der Hälfte dieser Cyan -Kugeln sind markiert.Wie viele markierte Bälle gibt es insgesamt?",34
"Ein Jongleur kann 300 Bälle jonglieren.Ein Zehntel der Bälle sind Tennisbälle, und der Rest sind Golfbälle.Ein Fünftel der Tennisbälle ist Magenta, von denen ein Drittel gekennzeichnet ist.1/3 der Golfbälle sind lila und alle außer der Hälfte dieser lila Bälle sind markiert.Wie viele markierte Bälle gibt es insgesamt?",47
"Ein Jongleur kann 160 Bälle jonglieren.Ein Viertel der Bälle sind Tennisbälle, und der Rest sind Golfbälle.1/5 der Tennisbälle sind lila, von denen 1/4 markiert sind.1/8 der Golfbälle sind Indigo, und alle außer 1/5 dieser Indigo -Bälle sind markiert.Wie viele markierte Bälle gibt es insgesamt?",14
"Ein Jongleur kann 160 Bälle jonglieren.Ein Viertel der Bälle sind Tennisbälle, und der Rest sind Golfbälle.Ein Viertel der Tennisbälle ist blaugrün, von denen 1/5 markiert sind.Ein Viertel der Golfbälle ist rosa und alle außer der Hälfte dieser rosa Bälle sind markiert.Wie viele markierte Bälle gibt es insgesamt?",17
"Ein Jongleur kann 120 Bälle jonglieren.Ein Viertel der Bälle sind Golfbälle, und der Rest sind Tennisbälle.1/5 der Golfbälle sind gelb, von denen 1/6 markiert sind.1/3 der Tennisbälle sind rosa und alle außer 1/6 dieser rosa Kugeln sind markiert.Wie viele markierte Bälle gibt es insgesamt?",26
"Ein Jongleur kann 540 Bälle jonglieren.1/9 der Bälle sind Golfbälle, und der Rest sind Tennisbälle.1/2 der Golfbälle sind lila, von denen ein Zehntel gekennzeichnet ist.Ein Achtel der Tennisbälle ist braun, und alle außer 1/10 dieser braunen Kugeln sind markiert.Wie viele markierte Bälle gibt es insgesamt?",57
"Ein Jongleur kann 400 Bälle jonglieren.1/5 der Bälle sind Golfbälle, und der Rest sind Tennisbälle.1/4 der Golfbälle sind blaugrün, von denen ein Fünftel gekennzeichnet ist.Ein Achtel der Tennisbälle ist blau, und alle außer einem Zehntel dieser blauen Bälle sind markiert.Wie viele markierte Bälle gibt es insgesamt?",40
"Hiroshi hat 20 Hektar Aprikosenfeld.Es gibt 28 Aprikosen pro zwei Viertel eines Hektars.Hiroshi kann seine Aprikosen alle 6 Monate ernten.Darüber hinaus besitzt Hiroshi ein 12-Hektar-Traubenfeld, das 14 Trauben pro Hektar produziert.Die Trauben können alle 4 Monate geerntet werden.Wie viele Aprikosen, die Hiroshi in zwei Jahren, erntet Hiroshi als Trauben?",3472
"Oliver hat 15 Hektar Traubenfeld.Es gibt 15 Trauben pro 1/3 Hektar.Oliver kann alle 4 Monate seine Trauben ernten.Darüber hinaus besitzt Oliver ein 9 Hektar großes Apple-Feld, das 16 Äpfel pro Hektar produziert.Die Äpfel können alle 4 Monate geerntet werden.Wie viel mehr Trauben, in zwei Jahren, erntet Oliver als Äpfel?",3186
"Mohammed hat 35 Quadratmeter Traubenfeld.Es gibt 12 Trauben pro 2/3 Quadratmeter.Mohammed kann alle 6 Monate seine Trauben ernten.Darüber hinaus besitzt Mohammed ein 11 Quadratmeter großes Aprikosenfeld, das 18 Aprikosen pro Quadratmeter produziert.Die Aprikosen können alle 4 Monate geerntet werden.Wie viel mehr Trauben, in zwei Jahren, erntet Mohammed als Aprikosen?",1332
"Yusuf hat 10 Quadratmeter Wassermelonenfeld.Es gibt 19 Wassermelonen pro zwei Sechstel in einem Quadratmeter.Yusuf kann seine Wassermelonen alle 2 Monate ernten.Darüber hinaus besitzt Yusuf ein 9 Quadratmeter großes Traubenfeld, das 14 Trauben pro Quadratmeter produziert.Die Trauben können alle 4 Monate geerntet werden.Wie viele Wassermelonen erntet Yusuf in zwei Jahren in zwei Jahren als Trauben?",6084
"Ravi hat 10 Quadratmeter Bananenfeld.Es gibt 36 Bananen pro vier Fünftel eines Quadratmessens.Ravi kann seine Bananen alle 4 Monate ernten.Darüber hinaus besitzt Ravi ein 13 Quadratmeter großes Aprikosenfeld, das 12 Aprikosen pro Quadratmeter produziert.Die Aprikosen können alle 4 Monate geerntet werden.Wie viele Bananen, in zwei Jahren, erntet Ravi in ​​zwei Jahren als Aprikosen?",1764
"Thiago hat 25 Quadratmeter Orangenfeld.Es gibt 23 Orangen pro Viertel eines Quadratmessens.Thiago kann alle 12 Monate seine Orangen ernten.Darüber hinaus besitzt Thiago ein 9 Quadratmeteres Traubenfeld, das 13 Trauben pro Quadratmeter produziert.Die Trauben können alle 4 Monate geerntet werden.Wie viel mehr Orangen, in zwei Jahren, erntet Thiago als Trauben?",3898
"Carlos hat 80 Quadratmeter Kiwi Field.Es gibt 29 Kiwis pro vier Sechstel mit einem Quadratmeter.Carlos kann seine Kiwis alle 12 Monate ernten.Darüber hinaus besitzt Carlos ein 10 Quadratmeter großes Aprikosenfeld, das 17 Aprikosen pro Quadratmeter produziert.Die Aprikosen können alle 4 Monate geerntet werden.Wie viele Kiwis erntet Carlos in zwei Jahren als Aprikosen?",5940
"Deshawn hat 10 Hektar Bananenfeld.Es gibt 20 Bananen pro 2/4 Hektar.Deshawn kann seine Bananen alle 3 Monate ernten.Darüber hinaus besitzt Deshawn ein 11 Hektar großes Orangenfeld, das 14 Orangen pro Hektar produziert.Die Orangen können alle 4 Monate geerntet werden.Wie viele Bananen, in zwei Jahren, erntet Deshawn als Orangen?",2276
"Deshawn hat 10 Hektar Traubenfeld.Es gibt 33 Trauben pro achtster Hektar.Deshawn kann alle 12 Monate seine Trauben ernten.Darüber hinaus besitzt Deshawn ein 10 Hektar großes Ananasfeld, das 18 Ananas pro Hektar produziert.Die Ananas können alle 4 Monate geerntet werden.Wie viel mehr Trauben, in zwei Jahren, erntet Deshawn als Ananas?",4200
"Noah hat 85 Hektar Birnenfeld.Es gibt 13 Birnen pro Zwei-Sechstel eines Hektars.Noah kann alle 12 Monate seine Birnen ernten.Darüber hinaus besitzt Noah ein 11 Hektar großes Aprikosenfeld, das 12 Aprikosen pro Hektar produziert.Die Aprikosen können alle 4 Monate geerntet werden.Wie viele mehr Birnen erntet sich in zwei Jahren in zwei Jahren als Aprikosen?",5838
"Dr. Miller verkaufte seine Wohnung für 490000 US -Dollar.Er zahlte die Anwaltskosten, die 1% des Verkaufspreises betrugen, und zahlte auch eine Maklergebühr, die 5% des Verkaufspreises entspricht.Er zahlte außerdem 390000 US -Dollar für den verbleibenden Darlehensbetrag für die Wohnung und 10000 US -Dollar für die Abschlusskosten.Dr. Miller nutzte den Nettoerlös aus dem Verkauf der Wohnung, um in Aktien zu investieren.Die Aktien haben zwei Jahre lang pro Jahr 10% zugenommen.Wie viel war Dr. Millers Nettoerlös nach zwei Jahren?",73326
"Herr Martinez verkaufte sein Cottage für 690000 US -Dollar.Er zahlte die Überweisungsgebühren, die 3% des Verkaufspreises betrugen, und zahlte auch eine Maklergebühr, die 6% des Verkaufspreises entspricht.Er zahlte außerdem 590000 US -Dollar für den verbleibenden Darlehensbetrag für das Cottage und 5000 US -Dollar für die Abschlusskosten.Herr Martinez nutzte den Nettoerlös aus dem Verkauf des Cottage, um in Aktien zu investieren.Die Aktien haben zwei Jahre lang pro Jahr 10% zugenommen.Wie viel war der Nettoerlös von Herrn Martinez nach zwei Jahren?",39809
"Prof. Miller verkaufte seine Wohnung für 810000 US -Dollar.Er zahlte die Registrierungsgebühren, die 3% des Verkaufspreises belief, und zahlte auch eine Agentengebühr, die 3% des Verkaufspreises entspricht.Er zahlte außerdem 670000 US -Dollar für den verbleibenden Darlehensbetrag für die Wohnung und 20000 US -Dollar für die Abschlusskosten.Prof. Miller nutzte den Nettoerlös aus dem Verkauf der Wohnung, um in Aktien zu investieren.Die Aktien haben zwei Jahre lang pro Jahr 10% zugenommen.Wie viel war der Nettoerlös von Prof. Miller nach zwei Jahren?",86394
"Prof. Miller verkaufte seine Wohnung für 760000 US -Dollar.Er zahlte die Registrierungsgebühren, die 3% des Verkaufspreises belief, und zahlte auch eine Agentengebühr, die 4% des Verkaufspreises entspricht.Er zahlte außerdem 570000 US -Dollar für den verbleibenden Darlehensbetrag für die Wohnung und 15000 US -Dollar für die Abschlusskosten.Prof. Miller nutzte den Nettoerlös aus dem Verkauf der Wohnung, um in Aktien zu investieren.Die Aktien haben zwei Jahre lang pro Jahr 10% zugenommen.Wie viel war der Nettoerlös von Prof. Miller nach zwei Jahren?",147378
"Dr. Smith verkaufte sein Haus für 590000 US -Dollar.Er zahlte die Anwaltskosten, die 3% des Verkaufspreises betrugen, und zahlte auch eine Maklergebühr, die 4% des Verkaufspreises entspricht.Er zahlte außerdem 380000 US -Dollar für den verbleibenden Kreditbetrag für das Haus und 25000 US -Dollar für die Abschlusskosten.Dr. Smith nutzte den Nettoerlös aus dem Verkauf des Hauses, um in Aktien zu investieren.Die Aktien haben zwei Jahre lang pro Jahr 10% zugenommen.Wie viel war Dr. Smiths Nettoerlös nach zwei Jahren?",173877
"Prof. Smith verkaufte sein Haus für 560000 US -Dollar.Er zahlte die Registrierungsgebühren, die 3% des Verkaufspreises belief, und zahlte auch eine Agentengebühr, die 4% des Verkaufspreises entspricht.Er zahlte außerdem 440000 US -Dollar für den verbleibenden Darlehensbetrag für das Haus und 15000 US -Dollar für die Abschlusskosten.Prof. Smith nutzte den Nettoerlös aus dem Verkauf des Hauses, um in Aktien zu investieren.Die Aktien haben zwei Jahre lang pro Jahr 10% zugenommen.Wie viel war der Nettoerlös von Prof. Smith nach zwei Jahren?",79618
"Dr. Miller verkaufte seine Wohnung für 550000 US -Dollar.Er zahlte die Anwaltskosten, die 2% des Verkaufspreises betrugen, und zahlte auch eine Maklergebühr, die 3% des Verkaufspreises entspricht.Er zahlte außerdem 370000 US -Dollar für den verbleibenden Darlehensbetrag für die Wohnung und 25000 US -Dollar für die Abschlusskosten.Dr. Miller nutzte den Nettoerlös aus dem Verkauf der Wohnung, um in Aktien zu investieren.Die Aktien haben zwei Jahre lang pro Jahr 10% zugenommen.Wie viel war Dr. Millers Nettoerlös nach zwei Jahren?",154275
"Prof. Brown verkaufte seine Villa für 460000 US -Dollar.Er zahlte die Registrierungsgebühren, die 3% des Verkaufspreises betrugen, und zahlte auch eine Agentengebühr, die 2% des Verkaufspreises beträgt.Er bezahlte auch 300000 US -Dollar für den verbleibenden Kreditbetrag für die Villa und 15000 US -Dollar für die Abschlusskosten.Prof. Brown nutzte den Nettoerlös aus dem Verkauf der Villa, um in Aktien zu investieren.Die Aktien haben zwei Jahre lang pro Jahr 10% zugenommen.Wie viel war Prof. Browns Nettoerlöse nach zwei Jahren?",147620
"Prof. Martinez verkaufte sein Cottage für 470000 US -Dollar.Er zahlte die Registrierungsgebühren, die 2% des Verkaufspreises belief, und zahlte auch eine Agentengebühr, die 3% des Verkaufspreises entspricht.Er zahlte außerdem 400000 US -Dollar für den verbleibenden Darlehensbetrag für das Cottage und 15000 US -Dollar für die Abschlusskosten.Prof. Martinez nutzte den Nettoerlös aus dem Verkauf des Cottage, um in Aktien zu investieren.Die Aktien haben zwei Jahre lang pro Jahr 10% zugenommen.Wie viel war der Nettoerlös von Prof. Martinez nach zwei Jahren?",38115
"Dr. Brown verkaufte seine Villa für 300000 Dollar.Er zahlte die Anwaltskosten, die 3% des Verkaufspreises betrugen, und zahlte auch eine Maklergebühr, die 3% des Verkaufspreises entspricht.Er zahlte außerdem 200000 US -Dollar für den verbleibenden Darlehensbetrag für die Villa und 20000 US -Dollar für die Abschlusskosten.Dr. Brown nutzte den Nettoerlös aus dem Verkauf der Villa, um in Aktien zu investieren.Die Aktien haben zwei Jahre lang pro Jahr 10% zugenommen.Wie viel war Dr. Browns Nettoerlöse nach zwei Jahren?",75020
"Olivia macht Tee mit Teelöffeln von Zucker und Tassen Wasser in einem Verhältnis von 51: 5.Sie verwendet auch 7 Esslöffel Milch pro 5 Tassen Wasser und 2 Esslöffel Sahne für jeden Teelöffel Zucker.Sie verwendete insgesamt 220 Teelöffel Zucker, Tassen Wasser, Esslöffel Sahne und Esslöffel Milch.Wie viele Teelöffel Zucker haben sie verwendet?",68
"Olga macht Kaffee mit Teelöffeln von Zucker und Tassen Wasser in einem Verhältnis von 48:10.Sie verwendet auch 6 Esslöffel Milch pro 10 Tassen Wasser und 2 Esslöffel Sahne für jeden Teelöffel Zucker.Sie verwendete insgesamt 210 Teelöffel Zucker, Tassen Wasser, Esslöffel Sahne und Esslöffel Milch.Wie viele Teelöffel Zucker haben sie verwendet?",63
"Gabrielle macht Tee mit Teelöffeln von Zucker und Tassen Wasser in einem Verhältnis von 54:12.Sie verwendet auch 7 Esslöffel Milch pro 2 Tassen Wasser und 2 Esslöffel Sahne für jeden Teelöffel Zucker.Sie verwendete insgesamt 240 Teelöffel Zucker, Tassen Wasser, Esslöffel Sahne und Esslöffel Milch.Wie viele Teelöffel Zucker haben sie verwendet?",60
"Mia baut Kaffee mit Teelöffeln aus Zucker und Tassen Wasser in einem Verhältnis von 48: 7 her.Sie verwendet auch 9 Esslöffel Milch pro 7 Tassen Wasser und 2 Esslöffel Sahne für jeden Teelöffel Zucker.Sie verwendete insgesamt 170 Teelöffel Zucker, Tassen Wasser, Esslöffel Sahne und Esslöffel Milch.Wie viele Teelöffel Zucker haben sie verwendet?",51
"Kimia macht Kaffee mit Teelöffeln von Zucker und Tassen Wasser in einem Verhältnis von 55:44.Sie verwendet auch 6 Esslöffel Milch pro 24 Tassen Wasser und 2 Esslöffel Sahne für jeden Teelöffel Zucker.Sie verwendete insgesamt 240 Teelöffel Zucker, Tassen Wasser, Esslöffel Sahne und Esslöffel Milch.Wie viele Teelöffel Zucker haben sie verwendet?",60
"Uma macht Tee mit Teelöffeln von Zucker und Tassen Wasser in einem Verhältnis von 45: 5.Sie verwendet auch 8 Esslöffel Milch pro 4 Tassen Wasser und 2 Esslöffel Sahne für jeden Teelöffel Zucker.Sie verwendete insgesamt 210 Teelöffel Zucker, Tassen Wasser, Esslöffel Sahne und Esslöffel Milch.Wie viele Teelöffel Zucker haben sie verwendet?",63
"Fatima macht Tee mit Teelöffeln von Zucker und Tassen Wasser in einem Verhältnis von 52:30.Sie verwendet auch 6 Esslöffel Milch pro 20 Tassen Wasser und 2 Esslöffel Sahne für jeden Teelöffel Zucker.Sie verwendete insgesamt 210 Teelöffel Zucker, Tassen Wasser, Esslöffel Sahne und Esslöffel Milch.Wie viele Teelöffel Zucker haben sie verwendet?",56
"Beatriz kostet Kaffee mit Teelöffeln von Zucker und Tassen Wasser in einem Verhältnis von 48:12.Sie verwendet auch 7 Esslöffel Milch pro 7 Tassen Wasser und 2 Esslöffel Sahne für jeden Teelöffel Zucker.Sie verwendete insgesamt 210 Teelöffel Zucker, Tassen Wasser, Esslöffel Sahne und Esslöffel Milch.Wie viele Teelöffel Zucker haben sie verwendet?",60
"Quinn macht Kaffee mit Teelöffeln aus Zucker und Tassen Wasser in einem Verhältnis von 63: 9.Sie verwendet auch 7 Esslöffel Milch pro 7 Tassen Wasser und 2 Esslöffel Sahne für jeden Teelöffel Zucker.Sie verwendete insgesamt 230 Teelöffel Zucker, Tassen Wasser, Esslöffel Sahne und Esslöffel Milch.Wie viele Teelöffel Zucker haben sie verwendet?",70
"Zahra macht Tee mit Teelöffeln von Zucker und Tassen Wasser in einem Verhältnis von 60: 5.Sie verwendet auch 6 Esslöffel Milch pro 2 Tassen Wasser und 2 Esslöffel Sahne für jeden Teelöffel Zucker.Sie verwendete insgesamt 210 Teelöffel Zucker, Tassen Wasser, Esslöffel Sahne und Esslöffel Milch.Wie viele Teelöffel Zucker haben sie verwendet?",63
"Eine riesige Pizza hat 87 Portionen.Aisha kann 3 Portionen pro Tag essen, während Amelia doppelt so viel essen kann und Ava viermal so viel essen kann wie Amelia.Nach 2 Tagen beschließt Ava, eine Diät zu machen und den Verbrauch um die Hälfte zu senken.Wie viele Tage dauert es, bis die Pizza vollständig gegessen wird?",3
"Eine riesige Lasagne hat 102 Stücke.Leon kann 3 Stück pro Tag essen, während Mohammed dreimal so viel essen kann und Sakura zweimal so viel essen kann wie Mohammed.Nach 2 Tagen beschließt Sakura, eine Diät zu machen und den Verbrauch um die Hälfte zu senken.Wie viele Tage dauert es, bis die Lasagne vollständig gegessen wird?",4
"Ein riesiger Kuchen hat 122 Stücke.Ananya kann 2 Stück pro Tag essen, während Kimia dreimal so viel essen kann und Fatima fünfmal so viel essen kann wie Kimia.Nach 2 Tagen beschließt Fatima, eine Diät zu machen und den Verbrauch um die Hälfte zu senken.Wie viele Tage dauert es, bis der Kuchen vollständig gegessen wird?",4
"Ein riesiger Kuchen hat 126 Portionen.Kimia kann 3 Portionen pro Tag essen, während Fatima dreimal so viel essen kann und Daphne viermal so viel essen kann wie Fatima.Nach 2 Tagen beschließt Daphne, eine Diät zu machen und den Verbrauch um die Hälfte zu senken.Wie viele Tage dauert es, bis der Kuchen vollständig gegessen wird?",3
"Ein riesiger Kuchen hat 99 Stücke.Luis kann 2 Stück pro Tag essen, während Amelia dreimal so viel essen kann und Aisha fünfmal so viel essen kann wie Amelia.Nach 2 Tagen beschließt Aisha, eine Diät zu machen und den Verbrauch um die Hälfte zu senken.Wie viele Tage dauert es, bis der Kuchen vollständig gegessen wird?",3
"Eine riesige Pizza hat 110 Portionen.Tara kann 2 Portionen pro Tag essen, während Bodhi dreimal so viel essen kann und Olivia doppelt so viel essen kann wie Bodhi.Nach 2 Tagen beschließt Olivia, eine Diät zu machen und den Verbrauch um die Hälfte zu senken.Wie viele Tage dauert es, bis die Pizza vollständig gegessen wird?",7
"Ein riesiger Kuchen hat 126 Portionen.Esteban kann 3 Portionen pro Tag essen, während Theo dreimal so viel essen kann und Gabriel viermal so viel essen kann wie Theo.Nach 2 Tagen beschließt Gabriel, eine Diät zu machen und den Verbrauch um die Hälfte zu senken.Wie viele Tage dauert es, bis der Kuchen vollständig gegessen wird?",3
"Eine riesige Pizza hat 105 Portionen.Haruka kann 3 Portionen pro Tag essen, während Daphne viermal so viel essen kann und Arash doppelt so viel essen kann wie Daphne.Nach 2 Tagen beschließt Arash, eine Diät zu machen und den Verbrauch um die Hälfte zu senken.Wie viele Tage dauert es, bis die Pizza vollständig gegessen wird?",3
"Ein riesiger Kuchen hat 87 Portionen.Oliver kann 3 Portionen pro Tag essen, während Pavel doppelt so viel essen kann und Mei zweimal so viel essen kann wie Pavel.Nach 2 Tagen beschließt Mei, eine Diät zu machen und den Verbrauch um die Hälfte zu senken.Wie viele Tage dauert es, bis der Kuchen vollständig gegessen wird?",5
"Ein riesiger Kuchen hat 120 Portionen.Jasmine kann 5 Portionen pro Tag essen, während Roya doppelt so viel essen kann und Sophia doppelt so viel essen kann wie Roya.Nach 2 Tagen beschließt Sophia, eine Diät zu machen und den Verbrauch um die Hälfte zu senken.Wie viele Tage dauert es, bis der Kuchen vollständig gegessen wird?",4
"Sanjay erhält 32 E -Mails pro Tag.25% dieser E -Mails erfordern keine Antwort.Von den anderen kann Sanjay nur auf 2 weniger als die 1/2 von ihnen reagieren.Wie viele E -Mails reagiert Sanjay in einer 4 -tägigen Arbeitswoche?Sanjay arbeitet am letzten Tag Überstunden, damit er auf 20% mehr E -Mails als gewöhnlich reagieren kann.",42
"Leon erhält 30 E -Mails pro Tag.20% dieser E -Mails erfordern keine Antwort.Von den anderen kann Leon nur auf 2 weniger als die Hälfte von ihnen reagieren.Wie viele E -Mails reagiert Leon in einer 6 -tägigen Arbeitswoche?Leon arbeitet am letzten Tag Überstunden, damit er auf 50% mehr E -Mails als gewöhnlich reagieren kann.",65
"Oliver erhält 32 E -Mails pro Tag.25% dieser E -Mails erfordern keine Antwort.Von den anderen kann Oliver nur auf 2 weniger als die 1/2 von ihnen reagieren.Wie viele E -Mails reagiert Oliver in einer 4 -tägigen Arbeitswoche?Oliver arbeitet am letzten Tag Überstunden, damit er auf 10% mehr E -Mails als gewöhnlich reagieren kann.",41
"Luis erhält 30 E -Mails pro Tag.20% dieser E -Mails erfordern keine Antwort.Von den anderen kann Luis nur auf 4 weniger als die 1/2 von ihnen reagieren.Wie viele E -Mails reagiert Luis in einer 5 -tägigen Arbeitswoche?Luis arbeitet am letzten Tag Überstunden, damit er auf 25% mehr E -Mails als gewöhnlich reagieren kann.",42
"Hiroshi erhält 32 E -Mails pro Tag.25% dieser E -Mails erfordern keine Antwort.Von den anderen kann Hiroshi nur auf 2 weniger als die 1/2 von ihnen reagieren.Wie viele E -Mails reagiert Hiroshi in einer 5 -tägigen Arbeitswoche?Hiroshi arbeitet am letzten Tag Überstunden, damit er auf 30% mehr E -Mails als gewöhnlich reagieren kann.",53
"Carlos erhält 32 E -Mails pro Tag.25% dieser E -Mails erfordern keine Antwort.Von den anderen kann Carlos nur auf 4 weniger als die Hälfte von ihnen reagieren.Wie viele E -Mails reagiert Carlos in einer 4 -tägigen Arbeitswoche?Carlos arbeitet am letzten Tag Überstunden, damit er auf 75% mehr E -Mails als gewöhnlich reagieren kann.",38
"Ravi erhält 25 E -Mails pro Tag.12% dieser E -Mails erfordern keine Antwort.Von den anderen kann Ravi nur auf 3 weniger als die Hälfte von ihnen reagieren.Wie viele E -Mails reagiert Ravi in ​​einer 4 -tägigen Arbeitswoche?Ravi arbeitet am letzten Tag Überstunden, damit er auf 75% mehr E -Mails als gewöhnlich reagieren kann.",38
"Yuki erhält 32 E -Mails pro Tag.25% dieser E -Mails erfordern keine Antwort.Von den anderen kann Yuki nur auf 2 weniger als die 1/2 von ihnen reagieren.Wie viele E -Mails reagiert Yuki in einer 6 -tägigen Arbeitswoche?Yuki arbeitet am letzten Tag Überstunden, damit er auf 10% mehr E -Mails als gewöhnlich reagieren kann.",61
"Mohammed erhält 25 E -Mails pro Tag.12% dieser E -Mails erfordern keine Antwort.Von den anderen kann Mohammed nur auf 3 weniger als die Hälfte von ihnen reagieren.Auf wie viele E -Mails reagiert Mohammed in einer 5 -tägigen Arbeitswoche?Mohammed arbeitet am letzten Tag Überstunden, damit er auf 25% mehr E -Mails als gewöhnlich reagieren kann.",42
"Ibrahim erhält 32 E -Mails pro Tag.25% dieser E -Mails erfordern keine Antwort.Von den anderen kann Ibrahim nur auf 2 weniger als die Hälfte von ihnen reagieren.Wie viele E -Mails reagiert Ibrahim in einer 4 -tägigen Arbeitswoche?Ibrahim arbeitet am letzten Tag Überstunden, damit er auf 60% mehr E -Mails als gewöhnlich reagieren kann.",46
"Gabriel rollt einen D4 -Würfel.Wie viel wahrscheinlicher ist es (ausgedrückt als Unterschied in den Prozentpunkten), dass er eine Anzahl als zweimal hintereinander rollt, als dass er vier ungerade Zahlen in Folge rollt?",50
"Tariq rollt einen vierseitigen Würfel.Wie viel wahrscheinlicher ist es (ausgedrückt als Unterschied in den Prozentpunkten), dass er zweimal zwei Mal hintereinander eine Zahl von mehr als zwei als zwei Zahlen in Folge rollt?",18
"Mohammed rollt einen 20-seitigen Würfel.Wie viel wahrscheinlicher ist es (ausgedrückt als Unterschied in den Prozentpunkten), dass er zweimal zweimal hintereinander eine Zahl von mehr als 10 Jahren rollt, als dass er vier sogar Zahlen hintereinander rollt?",18
"Viktor rollt einen 20-seitigen Würfel.Wie viel wahrscheinlicher ist es (ausgedrückt als Unterschied in den Prozentpunkten), dass er zweimal zwei Mal hintereinander eine Zahl von mehr als zwei als zwei Zahlen in Folge rollt?",74
"Deshawn rollt einen D10 -Würfel.Wie viel wahrscheinlicher ist es (ausgedrückt als Unterschied in den Prozentpunkten), dass er zweimal hintereinander eine Zahl von mehr als 5 in Folge rollt, als dass er vier sogar Zahlen in Folge rollt?",18
"Mateo rollt einen D6 -Würfel.Wie viel wahrscheinlicher ist es (ausgedrückt als Unterschied in den Prozentpunkten), dass er zweimal zwei zweimal hintereinander eine Reihe rollt, als dass er vier ungerade Zahlen in Folge rollt?",18
"Yusuf rollt einen 10-seitigen Würfel.Wie viel wahrscheinlicher ist es (ausgedrückt als Unterschied in den Prozentpunkten), dass er zweimal hintereinander eine Zahl von mehr als 5 in Folge rollt, als dass er vier sogar Zahlen in Folge rollt?",18
"Oliver rollt einen D8 -Würfel.Wie viel wahrscheinlicher ist es (ausgedrückt als Unterschied in den Prozentpunkten), dass er zweimal zwei zweimal hintereinander eine Reihe rollt, als dass er vier ungerade Zahlen in Folge rollt?",50
"Arjun rollt einen D6 -Würfel.Wie viel wahrscheinlicher ist es (ausgedrückt als Unterschied in den Prozentpunkten), dass er zweimal zwei zweimal hintereinander eine Reihe rollt, als dass er vier ungerade Zahlen in Folge rollt?",18
"Liam rollt einen D20 -Würfel.Wie viel wahrscheinlicher ist es (ausgedrückt als Unterschied in den Prozentpunkten), dass er eine Anzahl als zweimal hintereinander rollt, als dass er vier sogar Zahlen in Folge rollt?",84
"Viktor hatte zunächst 9 Dutzend Pfannkuchen, aß dann 3 Pfannkuchen zum Frühstück und versteckte dann den Rest im Hof ​​für die Ostereiersuche.Liam findet 5 Pfannkuchen.Yusuf findet zweimal so viele wie Liam.Pavel findet 4 weniger als Yusuf.Daphne findet halb so viele wie Pavel und James findet vier Dutzend Pfannkuchen mehr als Yusuf und Liam zusammen.Wie viele Pfannkuchen sind im Hof ​​noch versteckt?",18
"Ali hatte zunächst 11 Dutzend Kekse, aß dann 3 Kekse zum Frühstück und versteckte dann den Rest im Hof ​​für die Ostereiersuche.Faisal findet 5 Kekse.Hiroshi findet dreimal so viele wie Faisal.Benjamin findet 3 weniger als Hiroshi.Wei findet ein Viertel so viele wie Benjamin, und Quinn findet drei Dutzend Kekse mehr als Hiroshi und Faisal zusammen.Wie viele Kekse sind noch im Hof ​​versteckt?",38
"Beatriz hatte zunächst 10 Dutzend Pfannkuchen, aß dann 3 Pfannkuchen zum Frühstück und versteckte dann den Rest im Hof ​​für die Ostereiersuche.Kimia findet 6 Pfannkuchen.Sophia findet dreimal so viele wie Kimia.Mateo findet 2 weniger als Sophia.Umar findet halb so viele wie Mateo, und Mei findet zwei Dutzend Pfannkuchen mehr als Sophia und Kimia zusammen.Wie viele Pfannkuchen sind im Hof ​​noch versteckt?",21
"Zahra hatte zunächst 9 Dutzend Waffeln, aß dann 5 Waffeln zum Frühstück und versteckte dann den Rest auf dem Hof ​​für die Ostereiersuche.Viktor findet 5 Waffeln.Andre findet dreimal so viele wie Viktor.Rania findet 3 weniger als Andre.Uma findet 1/4 so viele wie Rania, und Arash findet drei Dutzend Waffeln mehr als Andre und Viktor zusammen.Wie viele Waffeln sind im Hof ​​noch versteckt?",12
"Kai hatte zunächst 7 Dutzend Pfannkuchen, aß dann 2 Pfannkuchen zum Frühstück und versteckte den Rest im Hof ​​für die Ostereiersuche.Nia findet 6 Pfannkuchen.Isabella findet zweimal so viele wie NIA.Roya findet 4 weniger als Isabella.Diego findet ein Viertel so viele wie Roya und Yara findet zwei Dutzend Pfannkuchen mehr als Isabella und Nia zusammen.Wie viele Pfannkuchen sind im Hof ​​noch versteckt?",12
"Olga hatte zunächst 8 Dutzend Pfannkuchen, aß dann 5 Pfannkuchen zum Frühstück und versteckte den Rest im Hof ​​für die Ostereiersuche.Gabrielle findet 3 Pfannkuchen.Jasmine findet viermal so viele wie Gabrielle.Tariq findet 2 weniger als Jasmine.Ravi findet 1/5 so viele wie Tariq, und Alejandro findet zwei Dutzend Pfannkuchen mehr als Jasmine und Gabrielle kombiniert.Wie viele Pfannkuchen sind im Hof ​​noch versteckt?",25
"Isabella hatte zunächst 11 Dutzend Pfannkuchen, aß dann 5 Pfannkuchen zum Frühstück und versteckte dann den Rest im Hof ​​für die Ostereiersuche.Elena findet 5 Pfannkuchen.Qasim findet zweimal so viele wie Elena.Sanjay findet 1 weniger als Qasim.Winnie findet 1/9 so viele wie Sanjay, und Faisal findet vier Dutzend Pfannkuchen mehr als Qasim und Elena zusammen.Wie viele Pfannkuchen sind im Hof ​​noch versteckt?",39
"Valeria hatte zunächst 11 Dutzend Pfannkuchen, aß dann 2 Pfannkuchen zum Frühstück und versteckte dann den Rest im Hof ​​für die Ostereiersuche.James findet 5 Pfannkuchen.Jamal findet dreimal so viele wie James.Daphne findet 3 weniger als Jamal.Nadia findet 1/2 so viele wie Daphne, und Leon findet drei Dutzend Pfannkuchen mehr als Jamal und James zusammen.Wie viele Pfannkuchen sind im Hof ​​noch versteckt?",36
"Beatriz hatte zunächst 8 Dutzend Eier, aß dann 3 Eier zum Frühstück und versteckte dann den Rest im Hof ​​für die Ostereiersuche.Mateo findet 3 Eier.Luis findet sechs Mal so viele wie Mateo.Tariq findet 2 weniger als Luis.Qasim findet halb so viele wie Tariq und Noah findet zwei Dutzend Eier mehr als Luis und Mateo zusammen.Wie viele Eier sind noch im Hof ​​versteckt?",3
"Diego hatte zunächst 8 Dutzend Waffeln, aß dann 2 Waffeln zum Frühstück und versteckte dann den Rest im Hof ​​für die Ostereiersuche.Roya findet 7 Waffeln.Yusuf findet doppelt so viele wie Roya.Priya findet 2 weniger als Yusuf.Keisha findet 1/3 so viele wie Priya, und Ava findet zwei Dutzend Waffeln mehr als Yusuf und Roya zusammen.Wie viele Waffeln sind im Hof ​​noch versteckt?",12
"Qasim sammelt Müll aus 5 verschiedenen Apartmentkomplexen.Die ersten 4 haben jeweils 100 Wohnungen und die letzte sind 30% größer als die anderen 4 zusammen.In dieser Woche waren jedoch 5 Wohnungen aus jedem der ersten 4 Komplexe frei und benötigten keinen Inkasso -Service.Qasim sammelt Müll 2 Mal pro Woche von jedem Ort und er wird für jede Wohnung ₣ 0,3 pro Sammlung bezahlt.Er verdient auch weitere 10% an Tipps.Wie viel Geld verdient er in einer Woche?",594
"Hiroshi sammelt Müll aus 6 verschiedenen Apartmentkomplexen.Die ersten 5 haben jeweils 100 Wohnungen und die letzte sind 40% größer als die anderen 5 zusammen.In dieser Woche waren jedoch 8 Wohnungen aus jedem der ersten 5 Komplexe frei und benötigten keinen Inkasso -Service.Hiroshi sammelt 2 Mal pro Woche Müll von jedem Ort und er wird für jede Wohnung ₣ 0,25 pro Sammlung bezahlt.Er verdient auch weitere 10% an Tipps.Wie viel Geld verdient er in einer Woche?",638
"Tariq sammelt Müll aus 4 verschiedenen Apartmentkomplexen.Die ersten 3 haben jeweils 100 Wohnungen und die letzte sind 30% größer als die anderen 3 zusammen.In dieser Woche waren jedoch 10 Wohnungen aus jedem der ersten drei Komplexe frei und benötigten keinen Inkasso -Service.Tariq sammelt Müll dreimal pro Woche von jedem Ort und er wird für jede Wohnung £ 0,5 pro Sammlung bezahlt.Er verdient auch weitere 10% an Tipps.Wie viel Geld verdient er in einer Woche?",1089
"Pavel sammelt Müll aus 6 verschiedenen Apartmentkomplexen.Die ersten 5 haben jeweils 100 Wohnungen und die letzte sind 70% größer als die anderen 5 zusammen.Diese Woche waren jedoch 10 Wohnungen aus jedem der ersten 5 Komplexe frei und benötigten keinen Inkasso -Service.Pavel sammelt Müll 2 mal pro Woche von jedem Ort von jedem Ort und er wird für jede Wohnung ₺0,45 pro Sammlung bezahlt.Er verdient auch weitere 10% an Tipps.Wie viel Geld verdient er in einer Woche?",1287
"Oliver sammelt Müll aus 5 verschiedenen Apartmentkomplexen.Die ersten 4 haben jeweils 100 Wohnungen und die letzte sind 50% größer als die anderen 4 zusammen.In dieser Woche waren jedoch 6 Wohnungen aus jedem der ersten 4 Komplexe frei und benötigten keinen Inkasso -Service.Oliver sammelt 5 mal pro Woche Müll von jedem Ort und er wird für jede Wohnung ₣ 0,25 pro Sammlung bezahlt.Er verdient auch weitere 10% an Tipps.Wie viel Geld verdient er in einer Woche?",1342
"Noah sammelt Müll aus 5 verschiedenen Apartmentkomplexen.Die ersten 4 haben jeweils 100 Wohnungen und die letzte sind 75% größer als die anderen 4 zusammen.In dieser Woche waren jedoch 5 Wohnungen aus jedem der ersten 4 Komplexe frei und benötigten keinen Inkasso -Service.Noah sammelt Müll 2 mal pro Woche von jedem Ort und er wird für jede Wohnung ₣ 0,25 pro Sammlung bezahlt.Er verdient auch weitere 10% an Tipps.Wie viel Geld verdient er in einer Woche?",594
"Esteban sammelt Müll aus 3 verschiedenen Apartmentkomplexen.Die ersten 2 haben jeweils 150 Wohnungen und die letzte sind 70% größer als die anderen 2 zusammen.In dieser Woche waren jedoch 5 Wohnungen aus jedem der ersten 2 Komplexe frei und benötigten keinen Inkasso -Service.Esteban sammelt Müll dreimal pro Woche von jedem Ort und erhält für jede Wohnung 0,45 € pro Sammlung.Er verdient auch weitere 10% an Tipps.Wie viel Geld verdient er in einer Woche?",1188
"Yusuf sammelt Müll aus 7 verschiedenen Apartmentkomplexen.Die ersten 6 haben jeweils 100 Wohnungen und die letzte sind 35% größer als die anderen 6 zusammen.In dieser Woche waren jedoch 10 Wohnungen aus jedem der ersten 6 Komplexe frei und benötigten keinen Inkasso -Service.Yusuf sammelt Müll 2 Mal pro Woche von jedem Ort und er erhält für jede Wohnung 0,4 ¥ pro Sammlung.Er verdient auch weitere 10% an Tipps.Wie viel Geld verdient er in einer Woche?",1188
"Wei sammelt Müll aus 3 verschiedenen Apartmentkomplexen.Die ersten 2 haben jeweils 100 Wohnungen und die letzte sind 70% größer als die anderen 2 zusammen.In dieser Woche waren jedoch 5 Wohnungen aus jedem der ersten 2 Komplexe frei und benötigten keinen Inkasso -Service.Wei sammelt 4 Mal pro Woche Müll von jedem Ort und er wird für jede Wohnung ₺0,25 pro Sammlung bezahlt.Er verdient auch weitere 10% an Tipps.Wie viel Geld verdient er in einer Woche?",583
"Carlos sammelt Müll aus 3 verschiedenen Apartmentkomplexen.Die ersten 2 haben jeweils 200 Wohnungen und die letzte sind 40% größer als die anderen 2 zusammen.In dieser Woche waren jedoch 10 Wohnungen aus jedem der ersten 2 Komplexe frei und benötigten keinen Inkasso -Service.Carlos sammelt 4 Mal pro Woche Müll von jedem Ort und er wird für jede Wohnung ₣ 0,25 pro Sammlung bezahlt.Er verdient auch weitere 10% an Tipps.Wie viel Geld verdient er in einer Woche?",1034
"Sakura ist ein begeisterter Gärtner.Vor zwei Tagen erhielt sie 49 neue Topfpflanzen aus ihrem Lieblingspflanzentlauen.Sie hat bereits 7 Topfpflanzen auf jedem der 60 Fensterlederungen ihres großen Landes.Sie kaufte gestern auch 100 neue Pflanzen mit einem Rabatt von 50%.Sie fühlte sich großzügig und hat beschlossen, dass sie Freunden und der Familie morgen 3 Topfpflanzen von jeder Felsvorsprung geben wird.Mit wie vielen Topfpflanzen wird Sakura bleiben?",389
"Daphne ist ein begeisterter Gärtner.Vor zwei Tagen erhielt sie 23 neue Topfpflanzen aus ihrem Lieblings -Pflanzen -Kindergarten.Sie hat bereits 8 Topfpflanzen auf jedem der 56 Fensterlederungen ihres großen Landes.Sie hat gestern auch 200 neue Pflanzen mit einem Rabatt von 50% gekauft.Sie fühlte sich großzügig und hat beschlossen, dass sie an Freunden und der Familie 6 Topfpflanzen von jeder Kante geben wird.Mit wie vielen Topfpflanzen wird Daphne bleiben?",335
"Amelia ist ein begeisterter Gärtner.Letzte Woche erhielt sie 25 neue Topfpflanzen aus ihrem Lieblingspflanzentlauen.Sie hat bereits 12 Topfpflanzen auf jedem der 54 Fenstervorstellungen ihres großen Landes.Sie kaufte gestern auch 110 neue Pflanzen mit einem Rabatt von 50%.Sie fühlte sich großzügig und hat beschlossen, dass sie an Freunden und der Familie 4 Topfpflanzen von jeder Felsvorsprung geben wird.Mit wie vielen Topfpflanzen wird Amelia bleiben?",567
"Elena ist ein begeisterter Gärtner.Vor zwei Tagen erhielt sie 38 neue Topfpflanzen aus ihrem Lieblingspflanzentlauen.Sie hat bereits 12 Topfpflanzen auf jedem der 55 Fensterlederungen ihres großen Landes.Sie kaufte gestern auch 70 neue Pflanzen mit einem Rabatt von 50%.Sie fühlte sich großzügig und hat beschlossen, dass sie Freunden und der Familie morgen 3 Topfpflanzen von jeder Felsvorsprung geben wird.Mit wie vielen Topfpflanzen wird Elena bleiben?",603
"Yara ist ein begeisterter Gärtner.Vor zwei Tagen erhielt sie 49 neue Topfpflanzen aus ihrem Lieblingspflanzentlauen.Sie hat bereits 12 Topfpflanzen auf jedem der 54 Fenstervorstellungen ihres großen Landes.Sie kaufte gestern auch 130 neue Pflanzen mit einem Rabatt von 50%.Sie fühlte sich großzügig und hat beschlossen, dass sie an Freunden und der Familie 4 Topfpflanzen von jeder Felsvorsprung geben wird.Mit wie vielen Topfpflanzen wird Yara bleiben?",611
"Mei ist ein begeisterter Gärtner.Vor zwei Tagen erhielt sie 38 neue Topfpflanzen aus ihrem Lieblingspflanzentlauen.Sie hat bereits 9 Topfpflanzen auf jedem der 60 Fensterläufer ihres großen Landes.Sie kaufte gestern auch 170 neue Pflanzen mit einem Rabatt von 50%.Sie fühlte sich großzügig und hat beschlossen, dass sie an Freunden und der Familie 6 Topfpflanzen von jeder Kante geben wird.Wie viele Topfpflanzen werden Mei bleiben?",388
"Valentina ist ein begeisterter Gärtner.Letzte Nacht erhielt sie 48 neue Topfpflanzen aus ihrem Lieblings -Pflanzen -Kindergarten.Sie hat bereits 11 Topfpflanzen auf jedem der 63 Fensterläufer ihres großen Landes.Sie kaufte gestern auch 100 neue Pflanzen mit einem Rabatt von 50%.Sie fühlte sich großzügig und hat beschlossen, dass sie an Freunden und der Familie 6 Topfpflanzen von jeder Kante geben wird.Mit wie vielen Topfpflanzen wird Valentina bleiben?",463
"Quinn ist ein begeisterter Gärtner.Letzte Nacht erhielt sie 23 neue Topfpflanzen aus ihrem Lieblingspflanzentlauen.Sie hat bereits 8 Topfpflanzen auf jedem der 57 Fensterlederungen ihres großen Landes.Sie kaufte gestern auch 20 neue Pflanzen mit einem Rabatt von 50%.Sie fühlte sich großzügig und hat beschlossen, dass sie an Freunden und der Familie 4 Topfpflanzen von jeder Felsvorsprung geben wird.Wie viele Topfpflanzen werden Quinn verbleiben?",271
"Amelia ist ein begeisterter Gärtner.Letzte Nacht erhielt sie 42 neue Topfpflanzen aus ihrem Lieblings -Pflanzen -Kindergarten.Sie hat bereits 7 Topfpflanzen auf jedem der 56 Fensterlederungen ihres großen Landes.Sie kaufte gestern auch 180 neue Pflanzen mit einem Rabatt von 50%.Sie fühlte sich großzügig und hat beschlossen, dass sie an Freunden und der Familie 4 Topfpflanzen von jeder Felsvorsprung geben wird.Mit wie vielen Topfpflanzen wird Amelia bleiben?",390
"Sophia ist ein begeisterter Gärtner.Letzte Woche erhielt sie 26 neue Topfpflanzen aus ihrem Lieblingspflanzentlauen.Sie hat bereits 11 Topfpflanzen auf jedem der 55 Fensterlederungen ihres großen Landes.Sie kaufte gestern auch 130 neue Pflanzen mit einem Rabatt von 50%.Sie fühlte sich großzügig und hat beschlossen, dass sie Freunden und der Familie morgen 3 Topfpflanzen von jeder Felsvorsprung geben wird.Wie viele Topfpflanzen werden Sophia verbleiben?",596
"Es gibt 24 Mädchen im Park.Wenn es ein Drittel der Anzahl der Jungen im Park gibt, wie viel Prozent der Kinder im Park sind Mädchen?",75
"Es gibt 39 Mädchen auf dem Hof.Wenn die Anzahl der Jungen auf dem Hof ​​zwei Sechstel gibt, wie viel Prozent der Kinder im Hof ​​sind Mädchen?",75
"Es gibt 22 Mädchen im Garten.Wenn es dreimal so viele Jungen im Garten gibt, wie viel Prozent der Kinder im Garten sind Mädchen?",25
"Es gibt 20 Mädchen im Garten.Wenn es 1/4 der Anzahl der Jungen im Garten gibt, wie viel Prozent der Kinder im Garten sind Mädchen?",80
"Es gibt 24 Mädchen auf dem Feld.Wenn es die vierfache Anzahl der Jungen auf dem Feld gibt, wie viel Prozent der Kinder auf dem Feld sind Mädchen?",20
"Es gibt 16 Mädchen im Garten.Wenn es die neunfache Anzahl der Jungen im Garten gibt, wie viel Prozent der Kinder im Garten sind Mädchen?",10
"Es gibt 21 Mädchen auf dem Spielplatz.Wenn es viermal so viele Jungen auf dem Spielplatz gibt, wie viel Prozent der Kinder auf dem Spielplatz sind Mädchen?",20
"Es gibt 18 Mädchen auf dem Feld.Wenn es die vierfache Anzahl der Jungen auf dem Feld gibt, wie viel Prozent der Kinder auf dem Feld sind Mädchen?",20
"Es gibt 31 Mädchen im Park.Wenn es viermal so viele Jungen im Park gibt, wie viel Prozent der Kinder im Park sind Mädchen?",20
"Es gibt 19 Mädchen auf dem Feld.Wenn es die neunfache Anzahl der Jungen auf dem Feld gibt, wie viel Prozent der Kinder auf dem Feld sind Mädchen?",10
"Frau Smith sucht nach einem neuen Haus, das nicht über ihr Budget von 410000 US -Dollar hinausgeht.Sie sah eine Immobilie mit einem Verkaufspreis von 500000 US -Dollar.Darüber hinaus muss der Käufer eine Maklergebühr zahlen, die 7% des Verkaufspreises beträgt, und auch die Übertragungsgebühr, die 12% des Verkaufspreises entspricht.Wenn Frau Smith 20% Rabatt auf den Verkaufspreis erhalten kann, wie viel mehr werden die Gesamtkosten als das Budget von Frau Smith sein?",66000
"Dr. Patel sucht nach einer neuen Wohnung, die nicht über ihr Budget von 390000 US -Dollar hinausgeht.Sie sah eine Immobilie mit einem Verkaufspreis von 560000 US -Dollar.Darüber hinaus muss der Käufer eine Maklergebühr zahlen, die 7% des Verkaufspreises beträgt, und auch die Übertragungsgebühr, die 14% des Verkaufspreises entspricht.Wenn Dr. Patel 25% Rabatt auf den Verkaufspreis erhalten kann, wie viel mehr sind die Gesamtkosten als das Budget von Dr. Patel?",118200
"Frau Johnson sucht nach einer neuen Wohnung, die nicht über ihr Budget von 430000 US -Dollar hinausgeht.Sie sah eine Immobilie mit einem Verkaufspreis von 400000 US -Dollar.Darüber hinaus muss der Käufer eine Maklergebühr zahlen, die 7% des Verkaufspreises beträgt, und auch die Übertragungsgebühr von 14% des Verkaufspreises.Wenn Frau Johnson 5% Rabatt auf den Verkaufspreis erhalten kann, wie viel mehr sind die Gesamtkosten als das Budget von Frau Johnson?",29800
"Frau Smith sucht nach einem neuen Haus, das nicht über ihr Budget von 410000 US -Dollar hinausgeht.Sie sah eine Immobilie mit einem Verkaufspreis von 480000 US -Dollar.Darüber hinaus muss der Käufer eine Maklergebühr zahlen, die 3% des Verkaufspreises beträgt, und auch die Übertragungsgebühr, die 12% des Verkaufspreises entspricht.Wenn Frau Smith 5% Rabatt auf den Verkaufspreis erhalten kann, wie viel mehr sind die Gesamtkosten als das Budget von Frau Smith?",114400
"Frau Lee sucht nach einem neuen Stadthaus, das nicht über ihr Budget von 330000 US -Dollar hinausgeht.Sie sah eine Immobilie mit einem Verkaufspreis von 440000 US -Dollar.Darüber hinaus muss der Käufer eine Maklergebühr zahlen, die 5% des Verkaufspreises beträgt, und auch die Übertragungsgebühr, die 12% des Verkaufspreises beträgt.Wenn Frau Lee 25% Rabatt auf den Verkaufspreis erhalten kann, wie viel mehr sind die Gesamtkosten als das Budget von Frau Lee?",56100
"Frau Smith sucht nach einem neuen Haus, das nicht über ihr Budget von 310000 US -Dollar hinausgeht.Sie sah eine Immobilie mit einem Verkaufspreis von 400000 US -Dollar.Darüber hinaus muss der Käufer eine Maklergebühr zahlen, die 5% des Verkaufspreises beträgt, und auch die Übertragungsgebühr, die 12% des Verkaufspreises beträgt.Wenn Frau Smith 10% Rabatt auf den Verkaufspreis erhalten kann, wie viel mehr sind die Gesamtkosten als das Budget von Frau Smith?",111200
"Frau Johnson sucht nach einer neuen Wohnung, die nicht über ihr Budget von 490000 US -Dollar hinausgeht.Sie sah eine Immobilie mit einem Verkaufspreis von 640000 US -Dollar.Darüber hinaus muss der Käufer eine Maklergebühr zahlen, die 3% des Verkaufspreises beträgt, und auch die Übertragungsgebühr, die 14% des Verkaufspreises entspricht.Wenn Frau Johnson 25% Rabatt auf den Verkaufspreis erhalten kann, wie viel mehr sind die Gesamtkosten als das Budget von Frau Johnson?",71600
"Frau Johnson sucht nach einer neuen Wohnung, die nicht über ihr Budget von 400000 US -Dollar hinausgeht.Sie sah eine Immobilie mit einem Verkaufspreis von 480000 US -Dollar.Darüber hinaus muss der Käufer eine Maklergebühr zahlen, die 7% des Verkaufspreises beträgt, und auch die Übertragungsgebühr, die 12% des Verkaufspreises entspricht.Wenn Frau Johnson 25% Rabatt auf den Verkaufspreis erhalten kann, wie viel mehr sind die Gesamtkosten als das Budget von Frau Johnson?",28400
"Frau Lee sucht nach einem neuen Stadthaus, das nicht über ihr Budget von 440000 US -Dollar hinausgeht.Sie sah eine Immobilie mit einem Verkaufspreis von 400000 US -Dollar.Darüber hinaus muss der Käufer eine Maklergebühr zahlen, die 7% des Verkaufspreises beträgt, und auch die Übertragungsgebühr, die 12% des Verkaufspreises entspricht.Wenn Frau Lee 5% Rabatt auf den Verkaufspreis erhalten kann, wie viel mehr sind die Gesamtkosten als das Budget von Frau Lee?",12200
"Frau Johnson sucht nach einer neuen Wohnung, die nicht über ihr Budget von 470000 US -Dollar hinausgeht.Sie sah eine Immobilie mit einem Verkaufspreis von 650000 US -Dollar.Darüber hinaus muss der Käufer eine Maklergebühr zahlen, die 4% des Verkaufspreises beträgt, und auch die Übertragungsgebühr, die 13% des Verkaufspreises beträgt.Wenn Frau Johnson 20% Rabatt auf den Verkaufspreis erhalten kann, wie viel mehr sind die Gesamtkosten als das Budget von Frau Johnson?",138400
"Nadia ging in die Bäckerei und kaufte verschiedene Arten von Gebäck.Sie kaufte 60 Donuts für 14 US -Dollar pro Dutzend, 60 Mini -Cupcakes für 25 USD pro Dutzend und 24 Mini -Käsekuchen.Nach einem Rabatt von 20% bezahlte sie insgesamt 1540 US -Dollar.Was kosteten Mini -Käsekuchen pro Dutzend?",865
"Nia ging zur Patisserie und kaufte verschiedene Arten von Backwaren.Sie kaufte 60 Croissants für 19 US -Dollar pro Dutzend, 72 Macarons für 20 USD pro Dutzend und 36 Brownies.Nach einem Rabatt von 5% zahlte sie insgesamt 1330 US -Dollar.Was kosteten Brownies pro Dutzend?",395
"Ava ging zum Süßwaren und kaufte verschiedene Arten von Desserts.Sie kaufte 36 Eclairs für 13 USD pro Dutzend, 60 Kekse zu 26 USD pro Dutzend und 24 Muffins.Nach einem Rabatt von 20% bezahlte sie insgesamt 980 US -Dollar.Was kosteten Muffins pro Dutzend?",528
"Roya ging zur Patisserie und kaufte verschiedene Arten von Backwaren.Sie kaufte 48 Croissants für 19 US -Dollar pro Dutzend, 48 Macarons zu 31 USD pro Dutzend und 24 Brownies.Nach einem Rabatt von 25% bezahlte sie insgesamt 1530 US -Dollar.Was kosteten Brownies pro Dutzend?",920
"Aisha ging zur Patisserie und kaufte verschiedene Arten von Backwaren.Sie kaufte 24 Croissants für 12 US -Dollar pro Dutzend, 48 Macarons zu 20 USD pro Dutzend und 24 Brownies.Nach einem Rabatt von 20% bezahlte sie insgesamt 1520 US -Dollar.Was kosteten Brownies pro Dutzend?",898
"Sophia ging in die Bäckerei und kaufte verschiedene Arten von Gebäck.Sie kaufte 48 Donuts für 19 US -Dollar pro Dutzend, 48 Mini -Cupcakes für 24 US -Dollar pro Dutzend und 48 Mini -Käsekuchen.Nach einem Rabatt von 25% zahlte sie insgesamt 1440 US -Dollar.Was kosteten Mini -Käsekuchen pro Dutzend?",437
"Uma ging ins Café und kaufte verschiedene Arten von Leckereien.Sie kaufte 48 Dänien für 16 US -Dollar pro Dutzend, 48 Törtchen zu 25 USD pro Dutzend und 48 Scones.Nach einem Rabatt von 25% zahlte sie insgesamt 1050 US -Dollar.Was kosteten Scones pro Dutzend Kosten?",309
"Mia ging ins Café und kaufte verschiedene Arten von Leckereien.Sie kaufte 48 Dänien für 20 US -Dollar pro Dutzend, 60 Törtchen zu 24 US -Dollar pro Dutzend und 24 Scones.Nach einem Rabatt von 25% zahlte sie insgesamt 1140 US -Dollar.Was kosteten Scones pro Dutzend Kosten?",660
"Daphne ging in die Bäckerei und kaufte verschiedene Arten von Gebäck.Sie kaufte 48 Donuts für 18 US -Dollar pro Dutzend, 72 Mini -Cupcakes für 29 US -Dollar pro Dutzend und 72 Mini -Käsekuchen.Nach einem Rabatt von 20% zahlte sie insgesamt 1200 US -Dollar.Was kosteten Mini -Käsekuchen pro Dutzend?",209
"Emma ging zur Patisserie und kaufte verschiedene Arten von Backwaren.Sie kaufte 60 Croissants für 16 US -Dollar pro Dutzend, 48 Macarons für 30 USD pro Dutzend und 60 Brownies.Nach einem Rabatt von 20% zahlte sie insgesamt 1400 US -Dollar.Was kosteten Brownies pro Dutzend?",310
"Sunnyside High hat in diesem Jahr einen Abschluss in seiner Sportarena, die Platz für 7500 Menschen hat.Nach der Berücksichtigung der 600 Sitze für Absolventen, 250 Sitzplätzen für die Teilnahme an der Fakultät und der Reservierung von 50 Sitzen für das Personal der Veranstaltung, wie viele Tickets würden jeder Absolventen erhalten, um es seinen Freunden und ihrer Familie zu geben, wenn die Tickets gleich aufgeteilt sind?",11
"Die Greenville High School hat in diesem Jahr einen Abschluss in ihrem Kongresszentrum, das Platz für 7700 Menschen hat.Nach der Berücksichtigung der 550 Sitzplätze für Absolventen, 450 Sitze für die Teilnahme an der Fakultät und der Reservierung von 100 Sitzen für das Personal der Veranstaltung, wie viele Tickets, die jeder Absolvent an seine Freunde und Familie erhalten, wenn die Tickets gleich aufgeteilt sind?",12
"Die Riverside Academy hat in diesem Jahr einen Abschluss in ihrem Gymnasium, das Platz für 7800 Menschen hat.Nach der Berücksichtigung der 1050 Sitze für Absolventen, 350 Sitze für die Teilnahme an der Fakultät und der Reservierung von 100 Sitzen für das Personal der Veranstaltung, wie viele Tickets, die jeder Absolvent an seine Freunde und Familie erhalten, wenn die Tickets gleich aufgeteilt sind?",6
"Die Greenville High School hat in diesem Jahr einen Abschluss in ihrem Kongresszentrum, das Platz für 3900 Menschen hat.Wie viele Tickets würden jeder Absolventen erhalten, um seinen Freunden und ihrer Familie zu geben, wenn die Tickets gleich aufgeteilt werden?",2
"Die Riverside Academy hat in diesem Jahr einen Abschluss in ihrem Gymnasium, das Platz für 8900 Menschen hat.Nach der Berücksichtigung der 1050 Sitze für Absolventen, 400 Sitzplätzen für die Teilnahme an der Fakultät und der Reservierung von 100 Sitzen für die Mitarbeiter der Veranstaltung, wie viele Tickets, die jeder Absolvent an seine Freunde und Familie erhalten, wenn die Tickets gleich aufgeteilt sind?",7
"Die Riverside Academy hat in diesem Jahr einen Abschluss in ihrem Gymnasium, das Platz für 7300 Menschen hat.Nachdem die 700 Sitze für Absolventen, 200 Sitze für die Teilnahme an der Fakultät und die Reserve von 100 Sitzen für die Mitarbeiter der Veranstaltung berücksichtigt wurden, wie viele Tickets, die jeder Absolvent an seine Freunde und Familie erhalten, wenn die Tickets gleich aufgeteilt sind?",9
"Sunnyside High hat in diesem Jahr einen Abschluss in seiner Sportarena, die Platz für 6700 Menschen hat.Nach der Berücksichtigung der 1250 Sitze für Absolventen, 350 Sitze für die Teilnahme an der Fakultät und der Reservierung von 100 Sitzen für die Mitarbeiter der Veranstaltung, wie viele Tickets, die jeder Absolvent an seine Freunde und Familie erhalten, wenn die Tickets gleich aufgeteilt sind?",4
"Sunnyside High hat in diesem Jahr einen Abschluss in seiner Sportarena, die Platz für 4100 Menschen hat.Nach der Berücksichtigung der 750 Sitze für Absolventen, 250 Sitzplätzen für die Teilnahme an der Fakultät und der Reservierung von 100 Sitzen für das Personal der Veranstaltung, wie viele Tickets würden jeder Absolventen erhalten, um es seinen Freunden und ihrer Familie zu geben, wenn die Tickets gleich aufgeteilt sind?",4
"Die Greenville High School hat in diesem Jahr einen Abschluss in ihrem Kongresszentrum, das Platz für 7200 Menschen hat.Wie viele Tickets würden jeder Absolventen erhalten, um seinen Freunden und ihrer Familie zu geben, wenn die Tickets gleich aufgeteilt werden?",8
"Die Oakwood High School hat in diesem Jahr einen Abschluss in ihrem Auditorium, das Platz für 3500 Menschen hat.Wie viele Tickets würden jeder Absolventen erhalten, um seinen Freunden und ihrer Familie zu geben, wenn die Tickets gleich aufgeteilt werden?",3
"Bodhi geht in den Laden, um etwas Reis zu kaufen.Die normale Reismarke, die er kauft, kostet 15 US -Dollar pro Pfund.Er muss eine teurere Marke kaufen, die 20% mehr kostet, da seine Lieblingsmarke ausverkauft war.Er beschließt, einen Woche Reis zu kaufen und verwendet 2 Pfund Reis pro Tag.Der Laden hat einen Rabatt von 20% auf Reis, der nur bis zu 10 Pfund gilt.Jeder zusätzliche Reis wird zum regulären Preis verkauft.Bodhi beschließt auch, sich für 1 Dollar einen Keks zu kaufen.Wie viel muss Bodhi bezahlen?",217
"Oliver geht in den Laden, um etwas Mehl zu kaufen.Die normale Mehlmarke, die er kauft, kauft die Kosten ₣ 16 pro Kilogramm.Er muss eine teurere Marke kaufen, die 25% mehr kostet, da seine Lieblingsmarke ausverkauft war.Er beschließt, ein Mehl im Wert von Woche zu kaufen, und verwendet 2 Kilogramm Mehl pro Tag.Das Geschäft hat einen Rabatt von 5% auf Mehl, der nur bis zu 10 Kilogramm gilt.Jedes zusätzliche Mehl wird zum regulären Preis verkauft.Oliver beschließt auch, sich für ₣ 4 einen Muffin zu kaufen.Wie viel muss Oliver bezahlen?",274
"Arjun geht in den Laden, um etwas Tee zu kaufen.Die normale Tee -Marke, die er kauft, kostet 10 Yen pro Kilogramm.Er muss eine teurere Marke kaufen, die 40% mehr kostet, da seine Lieblingsmarke ausverkauft war.Er beschließt, einen Woche Tee zu kaufen und verwendet 2 Kilogramm Tee pro Tag.Das Geschäft hat einen Rabatt von 10% auf Tee, der nur bis zu 10 Kilogramm gilt.Jeder zusätzliche Tee wird zum regulären Preis verkauft.Arjun beschließt auch, sich für 4 Yen einen Muffin zu kaufen.Wie viel muss Arjun bezahlen?",186
"Benjamin geht in den Laden, um Zucker zu kaufen.Die normale Zuckermarke, die er kauft, kauft 10 ₺10 pro kg.Er muss eine teurere Marke kaufen, die 20% mehr kostet, da seine Lieblingsmarke ausverkauft war.Er beschließt, Zucker im Wert von einer Woche zu kaufen und verwendet 3 kg Zucker pro Tag.Das Geschäft hat einen Rabatt von 30% auf Zucker, der nur bis zu 10 kg gilt.Jeder zusätzliche Zucker wird zum regulären Preis verkauft.Benjamin beschließt auch, sich einen Bagel für ₺1 zu kaufen.Wie viel muss Benjamin bezahlen?",217
"Mohammed geht in den Laden, um Zucker zu kaufen.Die normale Zuckermarke, die er kauft, kostet 15 US -Dollar pro kg.Er muss eine teurere Marke kaufen, die 40% mehr kostet, da seine Lieblingsmarke ausverkauft war.Er beschließt, Zucker im Wert von einer Woche zu kaufen und verwendet 3 kg Zucker pro Tag.Das Geschäft hat einen Rabatt von 10% auf Zucker, der nur bis zu 20 kg gilt.Jeder zusätzliche Zucker wird zum regulären Preis verkauft.Mohammed beschließt auch, sich für 1 Dollar einen Bagel zu kaufen.Wie viel muss Mohammed bezahlen?",400
"Theo geht in den Laden, um etwas Reis zu kaufen.Die normale Reismarke, die er kauft, kostet 5 Yen pro kg.Er muss eine teurere Marke kaufen, die 20% mehr kostet, da seine Lieblingsmarke ausverkauft war.Er beschließt, einen Woche Reis zu kaufen und verwendet 2 kg Reis pro Tag.Das Geschäft hat einen Rabatt von 40% auf Reis, der nur bis zu 10 kg gilt.Jeder zusätzliche Reis wird zum regulären Preis verkauft.Theo beschließt auch, sich für 4 Yen einen Bagel zu kaufen.Wie viel muss Theo bezahlen?",64
"Faisal geht in den Laden, um Zucker zu kaufen.Die normale Zuckermarke, die er kauft, kostet 10 US -Dollar pro Pfund.Er muss eine teurere Marke kaufen, die 20% mehr kostet, da seine Lieblingsmarke ausverkauft war.Er beschließt, Zucker im Wert von einer Woche zu kaufen und verwendet 2 Pfund Zucker pro Tag.Das Geschäft hat einen Rabatt von 10% auf Zucker, der nur bis zu 10 Pfund gilt.Jeder zusätzliche Zucker wird zum regulären Preis verkauft.Faisal beschließt auch, sich einen Keks für 3 Dollar zu kaufen.Wie viel muss Faisal bezahlen?",159
"Mateo geht in den Laden, um Zucker zu kaufen.Die normale Zuckermarke, die er kauft, kauft die Kosten ₺5 pro Kilogramm.Er muss eine teurere Marke kaufen, die 40% mehr kostet, da seine Lieblingsmarke ausverkauft war.Er beschließt, Zucker im Wert von einer Woche zu kaufen, und verwendet 3 Kilogramm Zucker pro Tag.Das Geschäft hat einen Rabatt von 20% auf Zucker, der nur bis zu 20 Kilogramm gilt.Jeder zusätzliche Zucker wird zum regulären Preis verkauft.Mateo beschließt auch, sich für ₺4 einen Muffin zu kaufen.Wie viel muss Mateo bezahlen?",123
"Carlos geht in den Laden, um etwas Mehl zu kaufen.Die normale Mehlmarke, die er kauft, kostet ₣ 10 pro kg.Er muss eine teurere Marke kaufen, die 40% mehr kostet, da seine Lieblingsmarke ausverkauft war.Er beschließt, ein Mehl im Wert von Woche zu kaufen und verwendet 2 kg Mehl pro Tag.Das Geschäft hat einen Rabatt von 45% auf Mehl, der nur bis zu 10 kg gilt.Jedes zusätzliche Mehl wird zum regulären Preis verkauft.Carlos beschließt auch, sich für ₣ 2 einen Bagel zu kaufen.Wie viel muss Carlos bezahlen?",135
"Wei geht in den Laden, um etwas Reis zu kaufen.Die normale Reismarke, die er kauft, kostet 15 US -Dollar pro kg.Er muss eine teurere Marke kaufen, die 20% mehr kostet, da seine Lieblingsmarke ausverkauft war.Er beschließt, einen Woche Reis zu kaufen und verwendet 3 kg Reis pro Tag.Das Geschäft hat einen Rabatt von 5% auf Reis, der nur bis zu 20 kg gilt.Jeder zusätzliche Reis wird zum regulären Preis verkauft.Wei beschließt auch, sich für 4 Dollar einen Bagel zu kaufen.Wie viel muss Wei bezahlen?",364
"Valentina bereitete sich auf einen Spielabend in ihrem Haus vor, wo sie die Gemüselasagne servieren wollte.Sie bemerkte, dass sie keine Plastikgabeln mehr hatte, also kaufte sie ein neues Paket von Gabeln.Später kaufte ihr Mann auch ein Paket mit 19 neuen Gabeln und gab sie Valentina.Während Valentina die Gemüselasagne machte, benutzte sie sechs Gabeln, um ihre Gemüselasagne zu probieren, und warf dann 8 defekte Gabeln weg.Die Gäste brachten auch 2 Packungen Gabeln mit jeweils 8 in sich.Später, als sie den Tisch setzte, hatte sie insgesamt 49 Gabeln.Wie viele Gabeln waren in dem Paket, das Valentina gekauft hat?",28
"Uma bereitete sich auf eine Potluck -Party in ihrem Haus vor, wo sie Shrimp Scampi servieren wollte.Sie bemerkte, dass sie außerhalb von Plastiklöffel war, also kaufte sie ein neues Paket Löffel.Später kaufte ihr Mann auch ein Paket mit 11 neuen Löffeln und gab sie Uma.Während Uma den Shrimp Scampi machte, benutzte sie sieben der Löffel, um ihren Garnelen -Scampi zu probieren, und warf dann 5 defekte Löffel weg.Die Gäste brachten auch 2 Packungen Löffel mit jeweils 5 in sich.Später, als sie den Tisch setzte, hatte sie insgesamt 36 Löffel.Wie viele Löffel waren in dem Paket, das Uma gekauft hat?",27
"Xena bereitete sich auf eine Geburtstagsfeier in ihrem Haus vor, wo sie Creme Brulee servieren wollte.Sie bemerkte, dass sie keine Plastikgabeln mehr hatte, also kaufte sie ein neues Paket von Gabeln.Später kaufte ihr Mann auch ein Paket mit 16 neuen Gabeln und gab sie Xena.Während Xena die Creme Brulee machte, benutzte sie sieben Gabeln, um ihre Creme Brulee zu probieren, und warf dann 8 defekte Gabeln weg.Die Gäste brachten auch 2 Packungen Gabeln mit jeweils 8 in sich.Später, als sie den Tisch setzte, hatte sie insgesamt 39 Gabeln.Wie viele Gabeln waren in dem Paket, das Xena gekauft hat?",22
"Chen bereitete sich auf eine Geburtstagsfeier in ihrem Haus vor, wo sie beabsichtigte, Rindfleischtopf zu servieren.Sie bemerkte, dass sie keine Plastikgabeln mehr hatte, also kaufte sie ein neues Paket von Gabeln.Später kaufte ihr Mann auch ein Paket mit 9 neuen Gabeln und gab sie Chen.Während Chen den Rindfleischtopf machte, benutzte sie sechzehn Gabeln, um ihren Rindfleischtopf zu probieren, und warf dann 12 defekte Gabeln weg.Die Gäste brachten auch 2 Packungen Gabeln mit jeweils 12 in sich.Später, als sie den Tisch setzte, hatte sie insgesamt 32 Gabeln.Wie viele Gabeln waren in dem Paket, das Chen gekauft hat?",27
"Sakura bereitete sich auf eine Geburtstagsfeier in ihrem Haus vor, wo sie gegrillte Lachs servieren wollte.Sie bemerkte, dass sie keine Plastikplatten mehr hatte, also kaufte sie ein neues Paket von Tellern.Später kaufte ihr Mann auch ein Paket mit 7 neuen Tellern und gab sie Sakura.Während Sakura den gegrillten Lachs machte, benutzte sie acht der Platten, um ihren gegrillten Lachs zu probieren, und warf dann 15 defekte Platten weg.Die Gäste brachten auch 2 Packungen Teller mit jeweils 15 in sich.Später, als sie den Tisch setzte, hatte sie insgesamt 56 Teller.Wie viele Teller befanden sich in dem Paket, das Sakura gekauft hat?",42
"Isabella bereitete sich auf eine Mittagsparty in ihrem Haus vor, wo sie die Gemüselasagne servieren wollte.Sie bemerkte, dass sie keine Plastikgabeln mehr hatte, also kaufte sie ein neues Paket von Gabeln.Später kaufte ihr Mann auch ein Paket mit 14 neuen Gabeln und gab sie Isabella.Während Isabella die Gemüselasagne machte, verwendete sie sieben Gabeln, um ihre Gemüselasagne zu probieren, und warf dann 7 defekte Gabeln weg.Die Gäste brachten auch 4 Packungen Gabeln mit jeweils 7 in sich.Später, als sie den Tisch setzte, hatte sie insgesamt 66 Gabeln.Wie viele Gabeln waren in dem Paket, das Isabella gekauft hat?",38
"Olivia bereitete sich auf eine Mittagsparty in ihrem Haus vor, wo sie das Brathähnchen servieren wollte.Sie bemerkte, dass sie keine Plastikplatten mehr hatte, also kaufte sie ein neues Paket von Tellern.Später kaufte ihr Mann auch ein Paket mit 8 neuen Tellern und gab sie Olivia.Während Olivia das Brathähnchen machte, benutzte sie dreizehn Teller, um ihr Brathähnchen zu probieren, und warf dann 14 defekte Teller weg.Die Gäste brachten auch 3 Packungen Teller mit jeweils 14 in sich.Später, als sie den Tisch setzte, hatte sie insgesamt 60 Teller.Wie viele Teller befanden sich in dem Paket, das Olivia gekauft hat?",37
"Sophia bereitete sich auf einen Spielabend in ihrem Haus vor, wo sie gefüllte Paprika servieren wollte.Sie bemerkte, dass sie außerhalb von Plastiklöffel war, also kaufte sie ein neues Paket Löffel.Später kaufte ihr Mann auch ein Paket mit 6 neuen Löffeln und gab sie Sophia.Während Sophia die gefüllten Paprika herstellte, benutzte sie siebzehn Löffel, um ihre gefüllten Paprika zu probieren, und warf dann 9 defekte Löffel weg.Die Gäste brachten auch 2 Packungen Löffel mit jeweils 9 in sich.Später, als sie den Tisch setzte, hatte sie insgesamt 25 Löffel.Wie viele Löffel waren in dem Paket, das Sophia gekauft hat?",27
"Aisha bereitete sich auf eine Mittagsparty in ihrem Haus vor, wo sie gestopfte Paprika servieren wollte.Sie bemerkte, dass sie keine Plastikgabeln mehr hatte, also kaufte sie ein neues Paket von Gabeln.Später kaufte ihr Mann auch ein Paket mit 8 neuen Gabeln und gab sie Aisha.Während Aisha die gefüllten Paprika machte, benutzte sie sechzehn Gabeln, um ihre gefüllten Paprika zu probieren, und warf dann 6 defekte Gabeln weg.Die Gäste brachten auch 2 Packungen Gabeln mit jeweils 6 in sich.Später, als sie den Tisch setzte, hatte sie insgesamt 32 Gabeln.Wie viele Gabeln waren in dem Paket, das Aisha gekauft hat?",34
"Emma bereitete sich auf eine Potluck -Party in ihrem Haus vor, wo sie Creme Brulee servieren wollte.Sie bemerkte, dass sie keine Plastikplatten mehr hatte, also kaufte sie ein neues Paket von Tellern.Später kaufte ihr Mann auch ein Paket mit 19 neuen Tellern und gab sie Emma.Während Emma die Creme Brulee machte, benutzte sie zehn der Platten, um ihre Creme Brulee zu probieren, und warf dann 10 defekte Teller weg.Die Gäste brachten auch 4 Packungen Teller mit jeweils 10 in sich.Später, als sie den Tisch setzte, hatte sie insgesamt 59 Teller.Wie viele Teller befanden sich in dem Paket, das Emma gekauft hat?",20
"Diego wählt am Mittwoch 67 Ananas.Dann wählt er am Donnerstag 176 Ananas.Am Freitag wählt er die Anzahl der Ananas, die er am Mittwoch gemacht hat.Am Samstag wählt er die Hälfte der Menge dessen, was er in den letzten 3 Tagen ausgewählt hat.Am Sonntag wird Diego Ananas in Kisten mit jeweils 17 Ananas verkaufen.Er wird jede Schachtel für 12 Dollar verkaufen.Wie viel wird Diego verdienen?",612
"Deshawn wählt am Samstag 142 Birnen aus.Dann wählt er am Sonntag 172 Birnen aus.Am Montag wählt er die Anzahl der Birnen, die er am Samstag gemacht hat.Am Dienstag wählt er die Hälfte der Menge dessen, was er in den letzten 3 Tagen ausgewählt hat.Am Mittwoch wird Deshawn Birnen in Kisten mit jeweils 15 Birnen verkaufen.Er wird jede Schachtel für 14 Dollar verkaufen.Wie viel wird Deshawn verdienen?",1036
"Leon wählt am Donnerstag 80 Äpfel aus.Dann wählt er am Freitag 50 Äpfel aus.Am Samstag wählt er die Anzahl der Äpfel aus, die er am Donnerstag gemacht hat.Am Sonntag wählt er die Hälfte der Menge dessen, was er in den letzten 3 Tagen ausgewählt hat.Am Montag wird Leon Äpfel in Kisten mit jeweils 15 Äpfeln verkaufen.Er wird jede Schachtel für 12 Dollar verkaufen.Wie viel wird Leon verdienen?",444
"Luis wählt am Freitag 55 Trauben aus.Dann wählt er am Samstag 170 Trauben aus.Am Sonntag wählt er die Anzahl der Trauben, die er am Freitag gemacht hat.Am Montag wählt er die Hälfte der Menge dessen, was er in den letzten 3 Tagen ausgewählt hat.Am Dienstag wird Luis Trauben in Kisten mit jeweils 15 Trauben verkaufen.Er wird jede Schachtel für 10 Dollar verkaufen.Wie viel wird Luis verdienen?",500
"Oliver wählt am Dienstag 111 Orangen aus.Dann wählt er am Mittwoch 170 Orangen aus.Am Donnerstag wählt er die Anzahl der Orangen, die er am Dienstag gemacht hat.Am Freitag wählt er die Hälfte der Menge dessen, was er in den letzten 3 Tagen ausgewählt hat.Am Samstag wird Oliver Orangen in Kisten mit jeweils 19 Orangen verkaufen.Er wird jede Schachtel für 9 Dollar verkaufen.Wie viel wird Oliver verdienen?",594
"Umar wählt am Sonntag 147 Äpfel aus.Dann wählt er am Montag 99 Äpfel aus.Am Dienstag wählt er doppelt so viele Äpfel, die er am Sonntag gemacht hat.Am Mittwoch wählt er die Hälfte der Menge dessen, was er in den letzten 3 Tagen ausgewählt hat.Am Donnerstag wird Umar Äpfel in Kisten mit jeweils 27 Äpfeln verkaufen.Er wird jede Schachtel für 11 Dollar verkaufen.Wie viel wird Umar verdienen?",330
"Mateo wählt am Dienstag 45 Äpfel aus.Dann wählt er am Mittwoch 105 Äpfel aus.Am Donnerstag wählt er doppelt so viele Äpfel, die er am Dienstag gemacht hat.Am Freitag wählt er die Hälfte der Menge dessen, was er in den letzten 3 Tagen ausgewählt hat.Am Samstag wird Mateo Äpfel in Kisten mit jeweils 24 Äpfeln verkaufen.Er wird jede Schachtel für 13 Dollar verkaufen.Wie viel wird Mateo verdienen?",195
"Sanjay wählt am Freitag 179 Pflaumen.Dann wählt er am Samstag 185 Pflaumen aus.Am Sonntag wählt er die Anzahl der Pflaumen, die er am Freitag gemacht hat.Am Montag wählt er die Hälfte der Menge dessen, was er in den letzten 3 Tagen ausgewählt hat.Am Dienstag wird Sanjay Pflaumen in Kisten mit jeweils 20 Pflaumen verkaufen.Er wird jede Schachtel für 11 Dollar verkaufen.Wie viel wird Sanjay verdienen?",891
"Carlos wählt am Dienstag 129 Äpfel aus.Dann wählt er am Mittwoch 129 Äpfel aus.Am Donnerstag wählt er doppelt so viele Äpfel, die er am Dienstag gemacht hat.Am Freitag wählt er die Hälfte der Menge dessen, was er in den letzten 3 Tagen ausgewählt hat.Am Samstag wird Carlos Äpfel in Kisten mit jeweils 18 Äpfeln verkaufen.Er wird jede Schachtel für 12 Dollar verkaufen.Wie viel verdienen Carlos?",516
"Viktor wählt am Donnerstag 142 Bananen aus.Dann wählt er am Freitag 92 Bananen aus.Am Samstag wählt er die Anzahl der Bananen aus, die er am Donnerstag gemacht hat.Am Sonntag wählt er die Hälfte der Menge dessen, was er in den letzten 3 Tagen ausgewählt hat.Am Montag wird Viktor Bananen in Kisten mit jeweils 22 Bananen verkaufen.Er wird jede Schachtel für 10 Dollar verkaufen.Wie viel wird Viktor verdienen?",450
"Eine Pflegeeinrichtung hat eine Kapazität von 1700 Zimmern mit 1/5 besetztem und einem Fünftel aller Räume, die außer Betrieb sind.Aufgrund der Pandemie werden täglich 20 Patienten in die Pflegeeinrichtung aufgenommen.Berechnen Sie die Gesamtzahl der nicht besetzten Räume in der Pflegeeinrichtung nach 2 Wochen.",740
"Eine Pflegeeinrichtung hat eine Kapazität von 1800 Zimmern mit 1/6 besetztem und einem neunten Zimmern aller Räume, die außer Betrieb sind.Aufgrund der Pandemie werden täglich 25 Patienten in die Pflegeeinrichtung aufgenommen.Berechnen Sie die Gesamtzahl der nicht besetzten Räume in der Pflegeeinrichtung nach 2 Wochen.",950
"Eine Klinik hat eine Kapazität von 1600 Zimmern mit 1/10 besetztem und zwei Fünfteln aller Räume, die außer Betrieb sind.Aufgrund der Naturkatastrophe werden täglich 30 Patienten in die Klinik aufgenommen.Berechnen Sie die Gesamtzahl der nicht besetzten Räume in der Klinik nach 3 Wochen.",170
"Ein medizinisches Zentrum hat eine Kapazität von 1300 Betten mit 1/5 besetztem und einem Viertel aller Betten, die außer Betrieb sind.Aufgrund des schweren Unfalls werden täglich 30 Patienten in das medizinische Zentrum aufgenommen.Berechnen Sie die Gesamtzahl der unbesetzten Betten im medizinischen Zentrum nach 2 Wochen.",295
"Ein Krankenhaus hat eine Kapazität von 1300 Betten mit 1/6 besetztem und zwei Sechstel aller Betten, die außer Betrieb sind.Aufgrund der Grippesaison werden täglich 30 Patienten ins Krankenhaus eingeliefert.Berechnen Sie die Gesamtzahl der unbesetzten Betten im Krankenhaus nach 2 Wochen.",230
"Ein medizinisches Zentrum hat eine Kapazität von 1200 Betten mit 2/4 besetztem und einem Achtel aller Betten, die außer Betrieb sind.Aufgrund des schweren Unfalls werden täglich 20 Patienten in das medizinische Zentrum aufgenommen.Berechnen Sie die Gesamtzahl der unbesetzten Betten im medizinischen Zentrum nach 2 Wochen.",170
"Eine Klinik hat eine Kapazität von 1700 Zimmern mit 1/10 besetztem und einem Viertel aller Räume, die außer Betrieb sind.Aufgrund der Naturkatastrophe werden täglich 20 Patienten in die Klinik aufgenommen.Berechnen Sie die Gesamtzahl der nicht besetzten Räume in der Klinik nach 2 Wochen.",825
"Eine Pflegeeinrichtung hat eine Kapazität von 1400 Zimmern mit 1/7 besetztem und einem Zehntel aller Räume, die außer Betrieb sind.Aufgrund der Pandemie werden täglich 35 Patienten in die Pflegeeinrichtung aufgenommen.Berechnen Sie die Gesamtzahl der nicht besetzten Räume in der Pflegeeinrichtung nach 2 Wochen.",570
"Ein Krankenhaus hat eine Kapazität von 1800 Betten, wobei 1/9 besetzt ist und ein neunstes aller Betten außer Betrieb ist.Aufgrund der Grippesaison werden täglich 20 Patienten ins Krankenhaus eingeliefert.Berechnen Sie die Gesamtzahl der unbesetzten Betten im Krankenhaus nach 2 Wochen.",1120
"Ein Krankenhaus hat eine Kapazität von 1400 Betten mit 1/3 besetztem und einem Sechstel aller Betten, die außer Betrieb sind.Aufgrund der Grippesaison werden täglich 25 Patienten ins Krankenhaus eingeliefert.Berechnen Sie die Gesamtzahl der unbesetzten Betten im Krankenhaus nach 3 Wochen.",175
"Valeria und Viktor gingen in ein Baugeschäft.Viktor ist Mitglied, aber Valeria nicht.Valeria hat 97,37 ₣ und möchte 15 Anker aus einem Behälter im Geschäft kaufen.Sie braucht auch 8 Nägel, die jeweils ₣ 0,64 kostet.Jeder Anker kostet ₣ 0,35.Zusätzlich nimmt Valeria 8 Gallonen Farbe auf.Viktor beginnt mit 90 ₣ und will 10 Gallonen Farbe, jeweils ₣ 7,0 und 4 Schreinerstifte, jeweils ₣ 2.Das Geschäft bietet einen Rabatt von 10% auf Farbe für Mitglieder.Wie viel mehr Geld hat Valeria, nachdem sie den Laden verlassen haben?",12
"Gabrielle und Arash gingen in ein Baugeschäft.Arash ist Mitglied, aber Gabrielle nicht.Gabrielle hat 92,27 € und möchte 15 Nägel aus einem Behälter im Laden kaufen.Sie braucht auch 8 Unterlegscheiben, die jeweils 0,64 € kosten.Jeder Nagel kostet 0,21 €.Zusätzlich nimmt Gabrielle 8 Gallonen Farbe auf.Arash beginnt mit 100 € und will 12 Gallonen Farbe, jeweils bei 7,5 €, und 3 Schreinerstifte, jeweils 3 €.Das Geschäft bietet einen Rabatt von 10% auf Farbe für Mitglieder.Wie viel mehr Geld hat Gabrielle gegangen als Arash, nachdem sie den Laden verlassen haben?",14
"Kimia und Yusuf gingen in ein Baugeschäft.Yusuf ist Mitglied, aber Kimia nicht.Kimia hat 91,25 Yen und möchte 16 Nägel aus einem Mülleimer im Laden kaufen.Sie braucht auch 9 Unterlegscheiben, die jeweils 0,65 Yen kostet.Jeder Nagel kostet ¥ 0,4.Zusätzlich nimmt Kimia 8 Gallonen Farbe auf.Yusuf beginnt mit 80 Yen und will 10 Gallonen Farbe, jeweils bei 7,0 Yen, und 4 Schreinerstifte, die jeweils 2 kostet.Das Geschäft bietet einen Rabatt von 10% auf Farbe für Mitglieder.Wie viel mehr Geld hat Kimia, nachdem sie den Laden verlassen haben?",14
"Valentina und Liam gingen in ein Baugeschäft.Liam ist Mitglied, aber Valentina nicht.Valentina hat 99,41 Yen und möchte 17 Schrauben aus einem Behälter im Geschäft kaufen.Sie braucht auch 9 Unterlegscheiben, die jeweils 0,59 Yen kostet.Jede Schraube kostet ¥ 0,3.Zusätzlich nimmt Valentina 8 Gallonen Farbe auf.Liam beginnt mit 90 Yen und will 10 Gallonen Farbe, jeweils ¥ 8,0, und 3 Schreinerstifte, die jeweils 2 kostet.Das Geschäft bietet einen Rabatt von 10% auf Farbe für Mitglieder.Wie viel mehr Geld hat Valentina verlassen als Liam, nachdem sie den Laden verlassen haben?",13
"Quinn und Faisal gingen in ein Baugeschäft.Faisal ist Mitglied, aber Quinn nicht.Quinn hat ₣ 98,39 ₣ und möchte 17 Nüsse aus einem Behälter im Geschäft kaufen.Sie braucht auch 9 Anker, die jeweils ₣ 0,68 kostet.Jede Mutter kostet ₣ 0,31.Zusätzlich nimmt Quinn 8 Gallonen Farbe auf.Faisal beginnt mit 80 ₣ ₣ und will 10 Gallonen Farbe, jeweils ₣ 7,0 und 3 Schreinerstifte, jeweils ₣ 2.Das Geschäft bietet einen Rabatt von 10% auf Farbe für Mitglieder.Wie viel mehr Geld hat Quinn nach dem Verlassen des Ladens Faisal übrig?",20
"Kayla und Luca gingen in ein Baugeschäft.Luca ist Mitglied, aber Kayla nicht.Kayla hat 90,23 ₣ und möchte 17 Nägel aus einem Mülleimer im Laden kaufen.Sie braucht auch 8 Unterlegscheiben, die jeweils ₣ 0,62 kostet.Jeder Nagel kostet ₣ 0,31.Zusätzlich nimmt Kayla 8 Gallonen Farbe auf.Luca beginnt mit 80 ₣ ₣ und will 10 Gallonen Farbe, jeweils ₣ 7,0 und 4 Schreinerstifte, jeweils ₣ 2.Das Geschäft bietet einen Rabatt von 10% auf Farbe für Mitglieder.Wie viel mehr Geld hat Kayla, nachdem sie den Laden verlassen haben?",15
"Gabrielle und Santiago gingen in ein Baugeschäft.Santiago ist Mitglied, aber Gabrielle nicht.Gabrielle hat 86,15 € und möchte 16 Schrauben aus einem Behälter im Geschäft kaufen.Sie braucht auch 9 Nägel, die jeweils 0,59 € kosten.Jede Schraube kostet 0,24 €.Zusätzlich nimmt Gabrielle 8 Gallonen Farbe auf.Santiago beginnt mit 100 € und will 12 Gallonen Farbe, jeweils bei 7,5 € und 4 Schreinerstifte, jeweils 2 €.Das Geschäft bietet einen Rabatt von 10% auf Farbe für Mitglieder.Wie viel mehr Geld hat Gabrielle verlassen als Santiago, nachdem sie den Laden verlassen haben?",6
"Beatriz und Jin gingen in ein Baugeschäft.Jin ist Mitglied, aber Beatriz nicht.Beatriz hat 82,07 ₺ und möchte 15 Nüsse aus einem Mülleimer im Laden kaufen.Sie braucht auch 8 Schrauben, die jeweils ₺0.64 kostet.Jede Mutter kostet ₺0.33.Zusätzlich nimmt Beatriz 8 Gallonen Farbe auf.Jin beginnt mit ₺100 und will 12 Gallonen Farbe, jeweils ₺7,5 und 4 Schreinerstifte, jeweils ₺2.Das Geschäft bietet einen Rabatt von 10% auf Farbe für Mitglieder.Wie viel mehr Geld hat Beatriz, nachdem sie den Laden verlassen haben?",1
"Yara und Umar gingen in ein Baugeschäft.Umar ist Mitglied, aber Yara nicht.Yara hat ₣ 90,23 und möchte 17 Schrauben aus einem Mülleimer im Geschäft kaufen.Sie braucht auch 9 Anker, die jeweils ₣ 0,61 kostet.Jede Schraube kostet ₣ 0,22.Zusätzlich nimmt Yara 8 Gallonen Farbe auf.Umar beginnt mit 100 ₣ und will 10 Gallonen Farbe, jeweils ₣ 8,0 und 3 Schreinerstifte, jeweils ₣ 4.Das Geschäft bietet einen Rabatt von 10% auf Farbe für Mitglieder.Wie viel mehr Geld hat Yara, nachdem sie den Laden verlassen haben?",1
"Kimia und Arjun gingen in ein Baugeschäft.Arjun ist Mitglied, aber Kimia nicht.Kimia hat 100,43 Yen und möchte 17 Nüsse aus einem Behälter im Laden kaufen.Sie braucht auch 8 Schrauben, jeweils ¥ 0,69 Yen.Jede Mutter kostet 0,23 Yen.Zusätzlich nimmt Kimia 10 Gallonen Farbe auf.Arjun beginnt mit 90 Yen und will 10 Gallonen Farbe, jeweils ¥ 7,0, und 3 Schreinerstifte, die jeweils 3 ¥ 3 kostet.Das Geschäft bietet einen Rabatt von 10% auf Farbe für Mitglieder.Wie viel mehr Geld hat Kimia, nachdem sie den Laden verlassen haben?",3
"Eine Pyramide besteht aus 9 grünen Würfeln, doppelt so viele weiße Würfel und einer unbekannten Anzahl rosa Würfel.Wenn insgesamt 45 Würfel in der Pyramide sind, wie viel Prozent der Würfel sind rosa?",40
"Ein Stapel besteht aus 5 orangefarbenen Fliesen, zweimal so viele rosa Fliesen und einer unbekannten Anzahl von grünen Fliesen.Wenn insgesamt 20 Kacheln im Stapel im Stapel sind, wie viel Prozent der Fliesen sind grün?",25
"Ein Stapel besteht aus 8 rosa Fliesen, zweimal so vielen grünen Fliesen und einer unbekannten Anzahl von orangefarbenen Fliesen.Wenn insgesamt 48 Kacheln im Stapel enthalten sind, wie viel Prozent der Fliesen sind orange?",50
"Ein Gebäude besteht aus 4 weißen Ziegeln, doppelt so viele orangefarbene Ziegel und eine unbekannte Anzahl von lila Ziegeln.Wenn insgesamt 40 Steine ​​im Gebäude sind, wie viel Prozent der Ziegel sind lila?",70
"Eine Pyramide besteht aus 4 lila Würfeln, siebenmal so viele weiße Würfel und einer unbekannten Anzahl schwarzer Würfel.Wenn insgesamt 40 Würfel in der Pyramide sind, wie viel Prozent der Würfel sind schwarz?",20
"Ein Stapel besteht aus 4 schwarzen Fliesen, zweimal so vielen weißen Fliesen und einer unbekannten Anzahl rosa Fliesen.Wenn insgesamt 24 Kacheln im Stapel enthalten sind, wie viel Prozent der Fliesen sind rosa?",50
"Ein Stapel besteht aus 9 orangefarbenen Fliesen, dreimal so viele rosa Fliesen und einer unbekannten Anzahl von grünen Fliesen.Wenn insgesamt 40 Kacheln im Stapel im Stapel sind, wie viel Prozent der Fliesen sind grün?",10
"Ein Gebäude besteht aus 2 lila Ziegeln, achtmal so vielen schwarzen Ziegeln und einer unbekannten Anzahl von orangefarbenen Ziegeln.Wenn insgesamt 45 Steine ​​im Gebäude sind, wie viel Prozent der Ziegel sind orange?",60
"Ein Gebäude besteht aus 7 lila Ziegeln, zweimal so vielen rosa Ziegeln und einer unbekannten Anzahl weißer Ziegel.Wenn insgesamt 25 Ziegel im Gebäude sind, wie viel Prozent der Ziegel sind weiß?",16
"Ein Gebäude besteht aus 4 lila Ziegeln, viermal so vielen schwarzen Ziegeln und einer unbekannten Anzahl von rosa Ziegeln.Wenn insgesamt 25 Ziegel im Gebäude sind, wie viel Prozent der Steine ​​sind rosa?",20
"Olga kann 12 Muscheln pro Minute schälen und 30 Muscheln in 9 Minuten anbraten.Wie viele Minuten dauert sie, um 180 Muscheln zu schälen und zu braten, wenn es 19 Sekunden dauert, um jede Muschel zu waschen, bevor sie sie schälen?Beachten Sie, dass Olga nicht parallel arbeiten kann und eine 11-minütige Pause einlegen muss, nachdem sie die Muscheln geschält, bevor sie anfangen kann, sie zu sautieren.",137
"Aisha kann 10 Muscheln pro Minute schälen und 30 Muscheln in 6 Minuten anbraten.Wie viele Minuten dauert sie, um 120 Muscheln zu schälen und zu braten, wenn es 14 Sekunden dauert, um jede Muschel zu waschen, bevor sie sie schälen?Beachten Sie, dass Aisha nicht parallel arbeiten kann und eine 7-minütige Pause einlegen muss, nachdem sie die Muscheln geschält, bevor sie anfangen kann, sie zu sautieren.",71
"Chen kann 5 Muscheln pro Minute schälen und in 16 Minuten 20 Muscheln anbraten.Wie viele Minuten braucht sie, um 120 Muscheln zu schälen und zu braten, wenn es 15 Sekunden dauert, um jede Muschel zu waschen, bevor sie sie schälen?Beachten Sie, dass Chen nicht parallel arbeiten kann und eine 6-minütige Pause einlegen muss, nachdem sie die Muscheln geschält haben, bevor sie anfangen kann, sie zu sautieren.",156
"Ava kann 5 Zucchinis pro Minute schälen und 20 Zucchinis in 6 Minuten anbraten.Wie viele Minuten dauert sie, um 140 Zucchinis zu schälen und zu braten, wenn es 24 Sekunden dauert, um jeden Zucchini zu waschen, bevor es sich schält?Beachten Sie, dass AVA nicht parallel arbeiten kann und eine 15-minütige Pause einlegen muss, nachdem sie die Zucchinis geschält haben, bevor sie anfangen kann, sie zu sautieren.",141
"Roya kann 6 Muscheln pro Minute schälen und 30 Muscheln in 11 Minuten anbraten.Wie viele Minuten dauert sie, um 90 Muscheln zu schälen und zu braten, wenn es 14 Sekunden dauert, um jede Muschel zu waschen, bevor sie sie schälen?Beachten Sie, dass Roya nicht parallel arbeiten kann und eine 7-minütige Pause einlegen muss, nachdem sie die Muscheln geschält, bevor sie anfangen kann, sie zu sautieren.",76
"Kimia kann 6 Garnelen pro Minute schälen und in 17 Minuten 20 Garnelen anbraten.Wie viele Minuten dauert sie, um 60 Garnelen zu schälen und zu braten, wenn es 15 Sekunden dauert, um jede Garnelen zu waschen, bevor sie sie schälen?Beachten Sie, dass Kimia nicht parallel arbeiten kann und eine 8-minütige Pause einlegen muss, nachdem sie die Garnelen geschälte, bevor sie anfangen kann, sie zu sautieren.",84
"Nadia kann 4 Karotten pro Minute schälen und in 11 Minuten 20 Karotten anbraten.Wie viele Minuten dauert sie, um 160 Karotten zu schälen und zu braten, wenn es 18 Sekunden dauert, um jede Karotte zu waschen, bevor sie sie schälen?Beachten Sie, dass Nadia nicht parallel arbeiten kann und eine 6-minütige Pause einlegen muss, nachdem sie die Karotten geschält haben, bevor sie anfangen kann, sie zu sautieren.",182
"Beatriz kann 8 Karotten pro Minute schälen und in 12 Minuten 20 Karotten anbraten.Wie viele Minuten dauert sie, um 160 Karotten zu schälen und zu braten, wenn es 12 Sekunden dauert, um jede Karotte zu waschen, bevor sie sie schälen?Beachten Sie, dass Beatriz nicht parallel arbeiten kann und eine 5-minütige Pause einlegen muss, nachdem sie die Karotten geschält haben, bevor sie anfangen kann, sie zu sautieren.",153
"Nia kann 12 Karotten pro Minute schälen und 30 Karotten in 10 Minuten anbraten.Wie viele Minuten dauert sie, um 180 Karotten zu schälen und zu braten, wenn es 25 Sekunden dauert, um jede Karotte zu waschen, bevor sie sie schälen?Beachten Sie, dass die NIA nicht parallel arbeiten kann und nach dem Schälen der Karotten eine 13-minütige Pause machen muss, bevor sie ansetzen kann.",163
"Fatima kann 12 Zucchinis pro Minute schälen und 30 Zucchinis in 14 Minuten anbraten.Wie viele Minuten dauert sie, um 60 Zucchinis zu schälen und zu braten, wenn es 11 Sekunden dauert, um jeden Zucchini zu waschen, bevor es sich schält?Beachten Sie, dass Fatima nicht parallel arbeiten kann und eine 12-minütige Pause einlegen muss, nachdem sie die Zucchinis geschält, bevor sie anfangen kann, sie zu sautieren.",56
"Uma und Zahra sind Schwestern von Marrakesch, die es lieben, Unterschriften von Politikern zu sammeln.Während ihrer Frühjahrspause von der Schule verbringen die Schwestern jeden Nachmittag damit, Unterschriften zu sammeln.Nach 6 Wochen vergleichen Uma und Zahra ihre Autogrammbücher und zählen die Anzahl der Unterschriften, die jede Schwester gesammelt hat.Uma hat 29 Unterschriften in ihrem Buch, und Zahra hat 37. Die Schwestern haben noch 4 weitere Wochen Frühlingsferien, und sie beschließen, bis zum Ende der Pause 130 Unterschriften zwischen ihnen zu erreichen.Während der verbleibenden 4 Wochen kann Uma jedoch nur am Wochenende Unterschriften sammeln und ihre wöchentliche Sammlung um 5 pro Woche verringern, während Zahra beschließt, ihre wöchentliche Sammlung zu erhöhen.Wie viele Unterschriften muss Zahra pro Woche sammeln, um sicherzustellen, dass sie ihr Ziel erreichen?",11
"Daphne und Olivia sind Schwestern aus Kairo, die es lieben, Unterschriften von Filmstars zu sammeln.Während ihrer Frühjahrspause von der Schule verbringen die Schwestern jeden Nachmittag damit, Unterschriften zu sammeln.Nach 3 Wochen vergleichen Daphne und Olivia ihre Autogrammbücher und zählen die Anzahl der Signaturen, die jede Schwester gesammelt hat.Daphne hat 17 Unterschriften in ihrem Buch, und Olivia hat 31. Die Schwestern haben noch 3 weitere Wochen Frühlingsferien, und sie entscheiden, dass sie bis zum Ende der Pause 120 Unterschriften zwischen ihnen erreichen wollen.Während der verbleibenden 3 Wochen kann Daphne jedoch nur am Wochenende Unterschriften sammeln und ihre wöchentliche Sammlung um 5 pro Woche verringern, während Olivia beschließt, ihre wöchentliche Sammlung zu erhöhen.Wie viele Unterschriften muss Olivia pro Woche sammeln, um sicherzustellen, dass sie ihr Ziel erreichen?",19
"Ava und Quinn sind Schwestern aus Helsinki, die es lieben, Unterschriften von Autoren zu sammeln.Während ihrer Frühjahrspause von der Schule verbringen die Schwestern jeden Nachmittag damit, Unterschriften zu sammeln.Nach 3 Wochen vergleichen AVA und Quinn ihre Autogrammbücher und zählen die Anzahl der Signaturen, die jede Schwester gesammelt hat.Ava hat 30 Unterschriften in ihrem Buch, und Quinn hat 37. Die Schwestern haben 2 weitere Wochen Frühlingsferien und sie entscheiden, dass sie bis zum Ende der Pause 135 Unterschriften zwischen ihnen erreichen wollen.Während der verbleibenden 2 Wochen kann AVA jedoch nur am Wochenende Unterschriften sammeln und ihre wöchentliche Sammlung um 5 pro Woche verringern, während Quinn beschließt, ihre wöchentliche Sammlung zu erhöhen.Wie viele Unterschriften muss Quinn pro Woche sammeln, um sicherzustellen, dass sie ihr Ziel erreichen?",29
"Mei und Haruka sind Schwestern aus Singapur, die es lieben, Unterschriften von Politikern zu sammeln.Während ihrer Sommerpause von der Schule verbringen die Schwestern jeden Nachmittag damit, Unterschriften zu sammeln.Nach 5 Wochen vergleichen Mei und Haruka ihre Autogrammbücher und zählen die Anzahl der Unterschriften, die jede Schwester gesammelt hat.Mei hat 24 Unterschriften in ihrem Buch, und Haruka hat 51. Die Schwestern haben noch 3 Wochenswochen -Sommerpause, und sie beschließen, bis zum Ende der Pause 135 Unterschriften zwischen ihnen zu erreichen.Während der verbleibenden 3 Wochen kann MEI jedoch nur am Wochenende Unterschriften sammeln und ihre wöchentliche Sammlung um 5 pro Woche verringern, während Haruka beschließt, ihre wöchentliche Sammlung zu erhöhen.Wie viele Unterschriften muss Haruka pro Woche sammeln, um sicherzustellen, dass sie ihr Ziel erreichen?",15
"Uma und Olga sind Schwestern aus Lissabon, die es lieben, Unterschriften von Politikern zu sammeln.Während ihrer Sommerpause von der Schule verbringen die Schwestern jeden Nachmittag damit, Unterschriften zu sammeln.Nach 3 Wochen vergleichen Uma und Olga ihre Autogrammbücher und zählen die Anzahl der Signaturen, die jede Schwester gesammelt hat.Uma hat 25 Unterschriften in ihrem Buch, und Olga hat 59. Die Schwestern haben noch 2 Wochen Sommerpause, und sie entscheiden, dass sie bis zum Ende der Pause 140 Unterschriften zwischen ihnen erreichen wollen.Während der verbleibenden 2 Wochen kann Uma jedoch nur am Wochenende Unterschriften sammeln und ihre wöchentliche Sammlung um 5 pro Woche verringern, während Olga beschließt, ihre wöchentliche Sammlung zu erhöhen.Wie viele Unterschriften muss Olga pro Woche sammeln, um sicherzustellen, dass sie ihr Ziel erreichen?",23
"Chen und Tara sind Schwestern aus Lissabon, die es lieben, Unterschriften von Politikern zu sammeln.Während ihrer Winterpause von der Schule verbringen die Schwestern jeden Nachmittag damit, Unterschriften zu sammeln.Nach 5 Wochen vergleichen Chen und Tara ihre Autogrammbücher und zählen die Anzahl der Unterschriften, die jede Schwester gesammelt hat.Chen hat 36 Unterschriften in ihrem Buch, und Tara hat 32. Die Schwestern haben noch 4 weitere Winterpause, und sie beschließen, bis zum Ende der Pause 140 Unterschriften zwischen ihnen zu erreichen.Während der verbleibenden 4 Wochen kann Chen jedoch nur am Wochenende Unterschriften sammeln und ihre wöchentliche Sammlung um 5 pro Woche verringern, während Tara beschließt, ihre wöchentliche Sammlung zu erhöhen.Wie viele Unterschriften muss Tara pro Woche sammeln, um sicherzustellen, dass sie ihr Ziel erreichen?",13
"Zahra und Yara sind Schwestern aus Kapstadt, die es lieben, Unterschriften von Autoren zu sammeln.Während ihrer Frühjahrspause von der Schule verbringen die Schwestern jeden Nachmittag damit, Unterschriften zu sammeln.Nach 7 Wochen vergleichen Zahra und Yara ihre Autogrammbücher und zählen die Anzahl der Unterschriften, die jede Schwester gesammelt hat.Zahra hat 20 Unterschriften in ihrem Buch, und Yara hat 30. Die Schwestern haben noch 3 weitere Wochen Frühlingsferien, und sie beschließen, bis zum Ende der Pause 140 Unterschriften zwischen ihnen zu erreichen.Während der verbleibenden 3 Wochen kann Zahra jedoch nur am Wochenende Unterschriften sammeln und ihre wöchentliche Sammlung um 5 pro Woche verringern, während Yara beschließt, ihre wöchentliche Sammlung zu erhöhen.Wie viele Unterschriften muss Yara pro Woche sammeln, um sicherzustellen, dass sie ihr Ziel erreichen?",25
"Ava und Kayla sind Schwestern aus Bangkok, die es lieben, Unterschriften von Sportlern zu sammeln.Während ihrer Winterpause von der Schule verbringen die Schwestern jeden Nachmittag damit, Unterschriften zu sammeln.Nach 3 Wochen vergleichen Ava und Kayla ihre Autogrammbücher und zählen die Anzahl der Signaturen, die jede Schwester gesammelt hat.Ava hat 38 Unterschriften in ihrem Buch, und Kayla hat 41. Die Schwestern haben noch 4 weitere Winterpause und beschließen, bis zum Ende der Pause 135 Unterschriften zwischen ihnen zu erreichen.Während der verbleibenden 4 Wochen kann AVA jedoch nur am Wochenende Unterschriften sammeln und ihre wöchentliche Sammlung um 5 pro Woche verringern, während Kayla beschließt, ihre wöchentliche Sammlung zu erhöhen.Wie viele Unterschriften muss Kayla pro Woche sammeln, um sicherzustellen, dass sie ihr Ziel erreichen?",9
"Sophia und Elena sind Schwestern aus Auckland, die es lieben, Unterschriften von Musikern zu sammeln.Während ihrer Frühjahrspause von der Schule verbringen die Schwestern jeden Nachmittag damit, Unterschriften zu sammeln.Nach 4 Wochen vergleichen Sophia und Elena ihre Autogrammbücher und zählen die Anzahl der Unterschriften, die jede Schwester gesammelt hat.Sophia hat 32 Unterschriften in ihrem Buch, und Elena hat 56. Die Schwestern haben noch 3 Wochen Frühlingsferien, und sie beschließen, bis zum Ende der Pause 130 Unterschriften zwischen ihnen zu erreichen.Während der verbleibenden 3 Wochen kann Sophia jedoch nur am Wochenende Unterschriften sammeln und ihre wöchentliche Sammlung um 5 pro Woche verringern, während Elena beschließt, ihre wöchentliche Sammlung zu erhöhen.Wie viele Unterschriften muss Elena pro Woche sammeln, um sicherzustellen, dass sie ihr Ziel erreichen?",9
"Zahra und Nia sind Schwestern aus Hanoi, die es lieben, Unterschriften von Filmstars zu sammeln.Während ihrer Herbstpause von der Schule verbringen die Schwestern jeden Nachmittag damit, Unterschriften zu sammeln.Nach 3 Wochen vergleichen Zahra und Nia ihre Autogrammbücher und zählen die Anzahl der Signaturen, die jede Schwester gesammelt hat.Zahra hat 28 Unterschriften in ihrem Buch, und Nia hat 46. Die Schwestern haben 2 weitere Herbstpause und sie entscheiden, dass sie bis zum Ende der Pause 120 Unterschriften zwischen ihnen erreichen wollen.Während der verbleibenden 2 Wochen kann Zahra jedoch nur am Wochenende Unterschriften sammeln und ihre wöchentliche Sammlung um 5 pro Woche verringern, während die NIA beschließt, ihre wöchentliche Sammlung zu erhöhen.Wie viele Unterschriften muss Nia pro Woche sammeln, um sicherzustellen, dass sie ihr Ziel erreichen?",18
"Leon kaufte ein paar Schulmaterialien.Er kaufte 8 Buntstifte, die jeweils 7,0 Yen kosteten, 8 Notizbücher, die jeweils 13,75 Yen kosteten, und ein Reib von Anleihepapier, die 10 Yen kosten.Er kaufte auch 4 Ordner, die jeweils 11 Yen kosten.Leon kann entweder eine einmalige Gebühr von 20 Yen zahlen, um Mitglied zu werden und einen Rabatt von 20% auf alle Einkäufe zu erhalten oder nicht Mitglied zu werden und nur einen Rabatt von 5% zu erhalten.Was ist die geringste Menge, die Leon für alles ausgeben kann?",196
"Bodhi kaufte ein paar Schulmaterialien.Er kaufte 24 Ordner, die jeweils 2,75 € kosteten, 12 Stifte, die jeweils 19,25 € kosten, und ein Reib von Anleihenpapier, die 23 € kosten.Er kaufte auch 5 Marker, die jeweils 8 € kosten.Bodhi kann entweder eine einmalige Gebühr von 20 € zahlen, um Mitglied zu werden und einen Rabatt von 20% auf alle Einkäufe zu erhalten oder nicht Mitglied zu werden und nur einen Rabatt von 5% zu erhalten.Was ist die geringste Menge, die Bodhi für alles ausgeben kann?",308
"Deshawn kaufte ein paar Schulmaterialien.Er kaufte 14 Radiergummis, die jeweils 7,5 ₺7,5 kosteten, 4 Herrscher, die jeweils 18,5 ₺5 kosteten, und ein Reib von Anleihepapier, die ₺21 kosten.Er kaufte auch 8 Ordner, die jeweils ₺10 kosten.Deshawn kann entweder eine einmalige Gebühr von ₺20 ₺ 20 zahlen, um Mitglied zu werden und einen Rabatt von 20% auf alle Einkäufe zu erhalten oder nicht Mitglied zu werden und nur einen Rabatt von 5% zu erhalten.Was ist die geringste Menge, die Deshawn für alles ausgeben kann?",244
"Andre kaufte ein paar Schulmaterialien.Er kaufte 20 Marker, die jeweils 8,0 ₣ 8,0 kosteten, 10 Bleistifte, die jeweils 18,0 ₣ ₣ 18,0 kosteten, und ein Reis von Bondpapier, die 15 ₣ kosten.Er kaufte auch 5 Herrscher, die jeweils ₣ 9 kosteten.Andre kann entweder eine einmalige Gebühr von ₣ 20 ₣ 20 zahlen, um Mitglied zu werden und einen Rabatt von 20% auf alle Einkäufe zu erhalten oder nicht Mitglied zu werden und nur einen Rabatt von 5% zu erhalten.Was ist die geringste Menge, die Andre für alles ausgeben kann?",340
"Faisal kaufte ein paar Schulmaterialien.Er kaufte 18 Bleistifte, die jeweils 6,0 ₣ 6,0 kosteten, 14 Herrscher, die jeweils 14,5 ₣ ₣ ₣ 14,5 kosteten, und ein Rennen von Anleihenpapier, die ₣ 24 ₣ kosteten.Er kaufte auch 5 farbige Stifte, die jeweils ₣ 9 kosteten.Faisal kann entweder eine einmalige Gebühr von ₣ 20 ₣ 20 zahlen, um Mitglied zu werden und einen Rabatt von 20% auf alle Einkäufe zu erhalten oder nicht Mitglied zu werden und nur einen Rabatt von 5% zu erhalten.Was ist die geringste Menge, die Faisal für alles ausgeben kann?",324
"Oscar kaufte ein paar Schulmaterialien.Er kaufte 24 Notizbücher, die jeweils 3,5 ₺3,5 kosteten, 6 Herrscher, die jeweils ₺ 13,0 kosteten, und ein Rennen von Anleihenpapier, die ₺15 kosten.Er kaufte auch 7 Stifte, die jeweils ₺9 kosten.Oscar kann entweder eine einmalige Gebühr von ₺20 ₺ 20 zahlen, um Mitglied zu werden und einen Rabatt von 20% auf alle Einkäufe zu erhalten oder nicht Mitglied zu werden und nur einen Rabatt von 5% zu erhalten.Was ist der geringste Betrag, den Oscar für alles ausgeben kann?",212
"Qasim kaufte einige Schulmaterialien.Er kaufte 18 Notizbücher, die jeweils 9,0 Yen kosteten, 12 Buntstifte, die jeweils 18,75 Yen kosteten, und ein Reib von Anleihepapier, die 21 Yen kosten.Er kaufte auch 8 Stifte, die jeweils 9 Yen kosten.Qasim kann entweder eine einmalige Gebühr von 20 Yen zahlen, um Mitglied zu werden und einen Rabatt von 20% auf alle Einkäufe zu erhalten oder nicht Mitglied zu werden und nur einen Rabatt von 5% zu erhalten.Was ist die geringste Menge, die Qasim für alles ausgeben kann?",404
"Yuki kaufte ein paar Schulmaterialien.Er kaufte 22 Buntstifte, die jeweils 8,0 Yen kosteten, 14 Radiergummis, die jeweils 17,0 Yen kosten, und ein Reib von Anleihepapier, die 13 Yen kosten.Er kaufte auch 3 Marker, die jeweils 11 Yen kosten.Yuki kann entweder eine einmalige Gebühr von 20 Yen zahlen, um Mitglied zu werden und einen Rabatt von 20% auf alle Einkäufe zu erhalten oder nicht Mitglied zu werden und nur einen Rabatt von 5% zu erhalten.Was ist die geringste Menge, die Yuki für alles ausgeben kann?",388
"James kaufte ein paar Schulmaterialien.Er kaufte 12 Marker, die jeweils 3,0 USD kosteten, 14 Buntstifte, die jeweils 8,5 USD kosten, und ein Reis von Anleihenpapier, die 17 US -Dollar kosten.Er kaufte auch 6 farbige Stifte, die jeweils 8 US -Dollar kosten.James kann entweder eine einmalige Gebühr von 20 US-Dollar zahlen, um Mitglied zu werden und einen Rabatt von 20% auf alle Einkäufe zu erhalten oder nicht Mitglied zu werden und nur einen Rabatt von 5% zu erhalten.Was ist die geringste Menge, die James für alles ausgeben kann?",196
"James kaufte ein paar Schulmaterialien.Er kaufte 6 Notizbücher, die jeweils 7,0 Yen kosteten, 14 Stifte, die jeweils 10,0 Yen kosten, und ein Reib von Anleihepapier, die 24 Yen kosten.Er kaufte auch 6 Marker, die jeweils 9 Yen kosten.James kann entweder eine einmalige Gebühr von 20 Yen zahlen, um Mitglied zu werden und einen Rabatt von 20% auf alle Einkäufe zu erhalten oder nicht Mitglied zu werden und nur einen Rabatt von 5% zu erhalten.Was ist die geringste Menge, die James für alles ausgeben kann?",228
"Yara ging zu ihrem Obstgarten, um ein paar Erdbeeren zu wählen, und fand neun Mal so viele Käfer wie Raupen im Garten.Yara fand dann 66 weiße Tiere, von denen die Hälfte Kaninchen waren.Außerdem sah sie 24 Bienen und 13 Raupen.Wie viel Prozent der Tiere im Garten waren Kaninchen?",15
"Ava ging zu ihrer Zuteilung, um einige Himbeeren auszuwählen, und fand ein Drittel so viele Bienen wie Wespen im Patch.Ava fand dann 60 weiße Tiere, von denen die Hälfte Kaninchen waren.Außerdem sah sie 24 Raupen und 12 Wespen.Wie viel Prozent der Tiere im Patch waren Kaninchen?",30
"Jasmine ging in ihren Hinterhof, um einige Kirschen zu wählen, und fand die Hälfte so viele Wespen wie Ameisen auf dem Feld.Jasmine fand dann 46 weiße Tiere, von denen die Hälfte Kaninchen waren.Außerdem sah sie 39 Bienen und 10 Ameisen.Wie viel Prozent der Tiere auf dem Feld waren Kaninchen?",23
"Leilani ging zu ihrer Zuteilung, um ein paar Himbeeren auszuwählen, und fand zwei Viertel so viele Ameisen wie Wespen im Patch.Leilani fand dann 40 weiße Tiere, von denen die Hälfte Kaninchen waren.Außerdem sah sie 36 Heuschrecken und 16 Wespen.Wie viel Prozent der Tiere im Patch waren Kaninchen?",20
"Gabrielle ging zu ihrer Zuteilung, um ein paar Himbeeren auszuwählen, und fand zwei Fünftel so viele Wespen wie Bienen im Patch.Gabrielle fand dann 38 weiße Tiere, von denen die Hälfte Kaninchen waren.Außerdem sah sie 41 Raupen und 15 Bienen.Wie viel Prozent der Tiere im Patch waren Kaninchen?",19
"Valeria ging zu ihrer Zuteilung, um einige Himbeeren auszuwählen, und fand 4/5 so viele Ameisen wie Käfer im Patch.Valeria fand dann 18 weiße Tiere, von denen die Hälfte Kaninchen waren.Außerdem sah sie 30 Raupen und 15 Käfer.Wie viel Prozent der Tiere im Patch waren Kaninchen?",12
"Kimia ging zu ihrem Gewächshaus, um ein paar Blaubeeren zu wählen, und fand sechsmal so viele Raupen wie Wespen in der Handlung.Kimia fand dann 40 weiße Tiere, von denen die Hälfte Kaninchen waren.Außerdem sah sie 25 Marienkäfer und 5 Wespen.Wie viel Prozent der Tiere in der Handlung waren Kaninchen?",20
"Elena ging zu ihrer Zuteilung, um ein paar Himbeeren auszuwählen, und fand sechs Mal so viele Ladykäfer wie Wespen im Patch.Elena fand dann 74 weiße Tiere, von denen die Hälfte Kaninchen waren.Außerdem sah sie 32 Ameisen und 6 Wespen.Wie viel Prozent der Tiere im Patch waren Kaninchen?",25
"Valeria ging zu ihrer Zuteilung, um einige Himbeeren auszuwählen, und fand 2/5 so viele Raupen wie Bienen im Patch.Valeria fand dann 42 weiße Tiere, von denen die Hälfte Kaninchen waren.Außerdem sah sie 21 Marienkäfer und 15 Bienen.Wie viel Prozent der Tiere im Patch waren Kaninchen?",25
"Nadia ging zu ihrem Obstgarten, um einige Erdbeeren zu wählen, und fand drei Sechstel wie Bienen im Garten.Nadia fand dann 26 weiße Tiere, von denen die Hälfte Kaninchen waren.Außerdem sah sie 17 Raupen und 6 Bienen.Wie viel Prozent der Tiere im Garten waren Kaninchen?",25
"Yara sah einen 32-Fuß-Wal mit 16 Remoras, die jeweils 12 Zoll lang befestigt waren.Dann schwammen 1/2 der Remoras weg.Später sah Yara einen weiteren 10-Fuß-Wal mit 6 Remoras, die jeweils 8 Zoll lang waren und daran befestigt waren.Wie viel Prozent der Körperlänge jedes Wales wird im Durchschnitt von den Remoras bedeckt?",32
"Ali sah einen 30-Fuß-Wal mit 18 Remoras, die jeweils 15 Zoll lang befestigt waren.Dann schwammen 1/3 der Remoras weg.Später sah Ali einen weiteren 10-Fuß-Wal mit 6 Remoras, die jeweils 8 Zoll lang waren und daran befestigt waren.Wie viel Prozent der Körperlänge jedes Wales wird im Durchschnitt von den Remoras bedeckt?",45
"Jasmine sah einen 32-Fuß-Delphin mit 24 Remoras, von denen jeweils 12 Zoll lang daran befestigt war.Dann schwammen 1/3 der Remoras weg.Später sah Jasmine einen weiteren 8-Fuß-Delphin mit 4 Remoras, die jeweils 6 Zoll lang waren und daran befestigt waren.Wie viel Prozent der Körperlänge jedes Delphins wird im Durchschnitt von den Remoras bedeckt?",37
"Luis sah einen 48-Fuß-Delphin mit 24 Remoras, von denen jeweils 18 Zoll lange gebunden war.Dann schwamm ein Drittel der Remoras weg.Später sah Luis einen weiteren 10-Fuß-Delphin mit 6 Remoras, die jeweils 8 Zoll lang waren und daran befestigt waren.Wie viel Prozent der Körperlänge jedes Delphins wird im Durchschnitt von den Remoras bedeckt?",45
"Pavel sah einen 45-Fuß-Wal mit 18 Remoras, die jeweils 12 Zoll lang befestigt waren.Dann schwammen 1/2 der Remoras weg.Später sah Pavel einen weiteren 10-Fuß-Wal mit 4 Remoras, die jeweils 3 Zoll lang waren und daran befestigt waren.Wie viel Prozent der Körperlänge jedes Wales wird im Durchschnitt von den Remoras bedeckt?",15
"Gabrielle sah einen 33-Fuß-Hai mit 12 Remoras, die jeweils 22 Zoll lang befestigt waren.Dann schwammen ein Viertel der Remoras weg.Später sah Gabrielle einen weiteren 8-Fuß-Hai mit 6 Remoras, die jeweils 4 Zoll lang waren und daran befestigt waren.Wie viel Prozent der Körperlänge der einzelnen Hai wird im Durchschnitt von den Remoras bedeckt?",37
"Oscar sah einen 38-Fuß-Hai mit 16 Remoras, von denen jeweils 19 Zoll gebunden war.Dann schwammen ein Viertel der Remoras weg.Später sah Oscar einen weiteren 10-Fuß-Hai mit 6 Remoras, die jeweils 3 Zoll lang waren und daran befestigt waren.Wie viel Prozent der Körperlänge der einzelnen Hai wird im Durchschnitt von den Remoras bedeckt?",32
"Oliver sah einen 48-Fuß-Wal mit 12 Remoras, die jeweils 24 Zoll lang befestigt waren.Dann schwammen 1/2 der Remoras weg.Später sah Oliver einen weiteren 10-Fuß-Wal mit 6 Remoras, die jeweils 6 Zoll lang waren und daran befestigt waren.Wie viel Prozent der Körperlänge jedes Wales wird im Durchschnitt von den Remoras bedeckt?",27
"Carlos sah einen 34-Fuß-Hai mit 18 Remoras, die jeweils 17 Zoll lang waren.Dann schwamm ein Drittel der Remoras weg.Später sah Carlos einen weiteren 10-Fuß-Hai mit 4 Remoras, die jeweils 3 Zoll lang waren und daran befestigt waren.Wie viel Prozent der Körperlänge der einzelnen Hai wird im Durchschnitt von den Remoras bedeckt?",30
"Andre sah einen 30-Fuß-Wal mit 18 Remoras, die jeweils 15 Zoll lang befestigt waren.Dann schwamm ein Drittel der Remoras weg.Später sah Andre einen weiteren 10-Fuß-Wal mit 6 Remoras, die jeweils 7 Zoll lang waren und daran befestigt waren.Wie viel Prozent der Körperlänge jedes Wales wird im Durchschnitt von den Remoras bedeckt?",42
"Thiago sammelt Geld für eine 3-tägige Wissenschaftsmesse.Jeder Tag kostet 250 US -Dollar für das Hotel, 30 US -Dollar für Lebensmittel und 30 US -Dollar für den Transport.Thiago hat nur 35 US -Dollar.Seine Freunde haben die Kosten für das Essen der Wissenschaftsmesse eingebrochen und werden die Kosten für das Essen decken.Thiago hat sich auch um Hilfe bei der Schule beantragt, die beschlossen hat, den 1/4 der verbleibenden Kosten der Wissenschaftsmesse zu decken.Wie viel Geld fehlt Thiago noch?",595
"Ali sammelt Geld für ein 3-tägiges Sportturnier.Jeden Tag kostet ₣ 200 für Hotel, 20 ₣ für Lebensmittel und 10 ₣ 10 für den Transport.Ali hat nur ₣ 40.Seine Freunde haben die Kosten für das Essen für das Sportturnier eingehalten und werden die Kosten für das Essen decken.Ali hat sich auch um Hilfe bei der lokalen Wohltätigkeitsorganisation beantragt, die beschlossen hat, die verbleibenden Kosten des Sportturniers zu decken.Wie viel Geld fehlt Ali noch?",464
"Benjamin sammelt Geld für eine 3-tägige Wissenschaftsmesse.Jeder Tag kostet ₺250 für das Hotel, 30 ₺ 30 für Lebensmittel und ₺20 für den Transport.Benjamin hat nur ₺165.Seine Freunde haben die Kosten für das Essen der Wissenschaftsmesse eingebrochen und werden die Kosten für das Essen decken.Benjamin hat sich auch von der Muttervereinigung beantragt, die beschlossen hat, ein Zehntel der verbleibenden Kosten der Wissenschaftsmesse zu decken.Wie viel Geld fehlt Benjamin noch?",564
"Leon sammelt Geld für einen 2-tägigen Workshop.Jeder Tag kostet 150 Yen für Hotel, 30 Yen für Lebensmittel und 10 Yen für den Transport.Leon hat nur 155 Yen.Seine Freunde haben die Kosten für das Essen für den Workshop abgebaut und werden die Kosten für das Essen decken.Leon hat sich auch um Hilfe beim Youth Club beantragt, der beschlossen hat, ein Fünftel der verbleibenden Kosten des Workshops zu decken.Wie viel Geld fehlt Leon noch?",101
"Yuki sammelt Geld für ein 2-tägiges Musikfestival.Jeder Tag kostet ₺100 für das Hotel, 40 ₺40 für Lebensmittel und 30 ₺ 30 für den Transport.Yuki hat nur ₺10.Seine Freunde haben die Kosten für das Essen für das Musikfestival eingebunden und werden die Kosten für das Essen decken.Yuki hat sich auch von der Elternvereinigung beantragt, die beschlossen hat, den 2 der verbleibenden Kosten des Musikfestivals zu decken.Wie viel Geld fehlt Yuki noch?",120
"Ibrahim sammelt Geld für eine 2-tägige Konferenz.Jeder Tag kostet 200 US -Dollar für das Hotel, 30 US -Dollar für Lebensmittel und 30 US -Dollar für den Transport.Ibrahim hat nur 95 Dollar.Seine Freunde haben die Kosten für das Essen für die Konferenz eingehalten und werden die Kosten für das Essen decken.Ibrahim hat sich auch um Hilfe bei der Schule beworben, was beschlossen hat, ein Viertel der verbleibenden Kosten der Konferenz zu decken.Wie viel Geld fehlt Ibrahim noch?",250
"Oscar sammelt Geld für ein 3-tägiges Musikfestival.Jeden Tag kostet ₣ 250 ₣ 250 für Hotel, 40 ₣ für Lebensmittel und 10 ₣ 10 für den Transport.Oscar hat nur ₣ 125.Seine Freunde haben die Kosten für das Essen für das Musikfestival eingebunden und werden die Kosten für das Essen decken.Oscar hat sich auch von der lokalen Wohltätigkeitsorganisation beantragt, die beschlossen hat, 1/6 der verbleibenden Kosten des Musikfestivals zu decken.Wie viel Geld fehlt Oscar noch?",525
"Pavel sammelt Geld für eine zweitägige Wissenschaftsmesse.Jeden Tag kostet ₺150 für das Hotel, ₺20 für Lebensmittel und 10 ₺ 10 für den Transport.Pavel hat nur ₺25.Seine Freunde haben die Kosten für das Essen der Wissenschaftsmesse eingebrochen und werden die Kosten für das Essen decken.Pavel hat sich auch von der Elternvereinigung beantragt, die beschlossen hat, die Hälfte der verbleibenden Kosten der Wissenschaftsmesse zu decken.Wie viel Geld fehlt Pavel noch?",135
"Ali sammelt Geld für ein 2-tägiges Sportturnier.Jeder Tag kostet ₺150 für das Hotel, 40 ₺40 für Lebensmittel und ₺10 für den Transport.Ali hat nur ₺160.Seine Freunde haben die Kosten für das Essen für das Sportturnier eingehalten und werden die Kosten für das Essen decken.Ali hat sich auch um Hilfe bei der Elternvereinigung beantragt, die beschlossen hat, 1/8 der verbleibenden Kosten des Sportturniers zu decken.Wie viel Geld fehlt Ali noch?",120
"Faisal sammelt Geld für eine 3-tägige Konferenz.Jeder Tag kostet 200 Yen für Hotel, 30 Yen für Lebensmittel und 30 Yen für den Transport.Faisal hat nur 115 Yen.Seine Freunde haben die Kosten für das Essen für die Konferenz eingehalten und werden die Kosten für das Essen decken.Faisal hat sich auch um Hilfe beim Youth Club beantragt, der beschlossen hat, den halben der verbleibenden Kosten der Konferenz zu decken.Wie viel Geld fehlt Faisal noch?",230
Nach seinen Ernährungsinformationen hat eine Tüte Brot 225 Kalorien pro Portion.Eine 300 -Unzen -Tasche hat 5 Portionen.Das gesunde tägliche Kalorienziel beträgt 15 Kalorien pro Pfund Körpergewicht.Carlos wiegt 200 Pfund und er hat bereits 900 Kalorien konsumiert und durch Bewegung 150 Kalorien verbrannt.Zahra wiegt 150 Pfund und sie hat bereits 900 Lebensmittel und 225 Kalorien in Eis konsumiert.Wie viel mehr Unzen Brot braucht Carlos als Zahra?,300
Nach seinen Ernährungsinformationen verfügt eine Tüte Popcorn über 300 Kalorien pro Portion.Eine 325 Gramm -Tasche hat 5 Portionen.Das gesunde tägliche Kalorienziel beträgt 15 Kalorien pro Pfund Körpergewicht.Ibrahim wiegt 190 Pfund und er hat bereits 950 Kalorien konsumiert und 200 Kalorien durch Bewegung verbrannt.Priya wiegt 170 Pfund und sie hat bereits 1100 Lebensmittel und 250 Kalorien in Eis konsumiert.Wie viele mehr Gramm Popcorn muss Ibrahim als Priya konsumieren?,195
Nach seinen Ernährungsinformationen hat eine Tüte Brot 250 Kalorien pro Portion.Eine 350 -Unzen -Tasche hat 5 Portionen.Das gesunde tägliche Kalorienziel beträgt 15 Kalorien pro Pfund Körpergewicht.Yuki wiegt 210 Pfund und er hat bereits 1050 Kalorien konsumiert und 150 Kalorien durch Bewegung verbrannt.Jasmine wiegt 140 Pfund und sie hat bereits 900 Lebensmittel und 200 Kalorien in Eis konsumiert.Wie viel mehr Unzen Brot muss Yuki als Jasmine konsumieren?,350
Nach seinen Ernährungsinformationen verfügt eine Tüte Cookies über 175 Kalorien pro Portion.Eine 125 -Unzen -Tasche hat 5 Portionen.Das gesunde tägliche Kalorienziel beträgt 15 Kalorien pro Pfund Körpergewicht.Theo wiegt 250 Pfund und er hat bereits 1100 Kalorien konsumiert und 150 Kalorien durch Bewegung verbrannt.Sakura wiegt 130 Pfund und sie hat bereits 900 Lebensmittel und 175 Kalorien in Eis konsumiert.Wie viel mehr Oz von Keksen muss Theo konsumieren als Sakura?,275
Nach seinen Ernährungsinformationen hat eine Tüte Popcorn 325 Kalorien pro Portion.Eine 100 -Gramm -Tasche hat 4 Portionen.Das gesunde tägliche Kalorienziel beträgt 15 Kalorien pro Pfund Körpergewicht.Arash wiegt 200 Pfund und er hat bereits 1200 Kalorien konsumiert und 150 Kalorien durch Bewegung verbrannt.Mei wiegt 180 Pfund und sie hat bereits 900 Lebensmittel und 175 Kalorien in Eis konsumiert.Wie viele mehr Gramm Popcorn muss Arash konsumieren als Mei?,25
Nach seinen Ernährungsinformationen hat eine Tüte Popcorn 150 Kalorien pro Portion.Eine 300 -Gramm -Tasche hat 5 Portionen.Das gesunde tägliche Kalorienziel beträgt 15 Kalorien pro Pfund Körpergewicht.Arjun wiegt 210 lbs und er hat bereits 1000 Kalorien konsumiert und 100 Kalorien durch Bewegung verbrannt.Elena wiegt 180 Pfund und sie hat bereits 900 Lebensmittel und 150 Kalorien in Eis konsumiert.Wie viele mehr Gramm Popcorn muss Arjun konsumieren als Elena?,240
Nach seinen Ernährungsinformationen verfügt eine Tüte Kekse um 150 Kalorien pro Portion.Eine 100 -Unzen -Tasche hat 4 Portionen.Das gesunde tägliche Kalorienziel beträgt 15 Kalorien pro Pfund Körpergewicht.Gabriel wiegt 200 Pfund und er hat bereits 900 Kalorien konsumiert und 150 Kalorien durch Bewegung verbrannt.Valentina wiegt 130 Pfund und sie hat bereits 1100 Lebensmittel und 250 Kalorien in Eis konsumiert.Wie viel mehr Oz von Keksen muss Gabriel konsumieren als Valentina?,275
Nach seinen Ernährungsinformationen hat eine Tüte Popcorn 450 Kalorien pro Portion.Eine 275 Gramm -Tasche hat 5 Portionen.Das gesunde tägliche Kalorienziel beträgt 15 Kalorien pro Pfund Körpergewicht.Hiroshi wiegt 230 Pfund und er hat bereits 900 Kalorien konsumiert und durch Bewegung 150 Kalorien verbrannt.Valentina wiegt 180 Pfund und sie hat bereits 1100 Lebensmittel und 250 Kalorien in Eis konsumiert.Wie viele mehr Gramm Popcorn muss Hiroshi als Valentina konsumieren?,165
Nach seinen Ernährungsinformationen verfügt eine Tüte Cookies über 200 Kalorien pro Portion.Ein 400 -Unzen -Beutel hat 5 Portionen.Das gesunde tägliche Kalorienziel beträgt 15 Kalorien pro Pfund Körpergewicht.Bodhi wiegt 230 Pfund und er hat bereits 1100 Kalorien konsumiert und 50 Kalorien durch Bewegung verbrannt.Nia wiegt 130 Pfund und sie hat bereits 1000 Lebensmittel und 150 Kalorien in Eis konsumiert.Wie viel mehr Oz von Keksen muss Bodhi konsumieren als NIA?,640
Nach seinen Ernährungsinformationen hat eine Tüte Brot 175 Kalorien pro Portion.Eine 125 -Unzen -Tasche hat 5 Portionen.Das gesunde tägliche Kalorienziel beträgt 15 Kalorien pro Pfund Körpergewicht.Sanjay wiegt 210 Pfund und er hat bereits 1150 Kalorien konsumiert und 100 Kalorien durch Bewegung verbrannt.Sofia wiegt 150 Pfund und sie hat bereits 800 Lebensmittel und 225 Kalorien in Eis konsumiert.Wie viel mehr Unzen Brot braucht Sanjay zu konsumieren als Sofia?,125
"Um einen Anruf von einer Telefonzelle zu tätigen, müssen Sie für jede Minute Ihres Anrufs 0,7 US -Dollar bezahlen.Nach 10 Minuten sinkt der Preis auf 0,5 USD pro Minute.Nach 30 Minuten ab Beginn des Anrufs sinkt der Preis noch mehr auf 0,1 USD pro zwei Minuten.Wenn Ihre Gesamtrechnung mehr als 15 US -Dollar beträgt, erhalten Sie einen Rabatt von 15% auf Ihre Gesamtrechnung.Wie viel würde ein 90-minütiger Anruf kosten?",17
"Um einen Anruf von einer Telefonzelle zu tätigen, müssen Sie für jede Minute Ihres Anrufs ₺0,9 bezahlen.Nach 10 Minuten fällt der Preis auf ₺0,6 pro Minute.Nach 35 Minuten ab Beginn des Anrufs sinkt der Preis noch mehr auf ₺0,4 pro zwei Minuten.Wenn Ihre Gesamtrechnung mehr als ₺25 beträgt, erhalten Sie einen Rabatt von 20% auf Ihre Gesamtrechnung.Wie viel würde ein Anruf von 115 Minuten kosten?",32
"Um einen Anruf von einem Hotelzimmer zu telefonieren, müssen Sie für jede Minute Ihres Anrufs 0,4 € zahlen.Nach 15 Minuten sinkt der Preis auf 0,3 € pro Minute.Nach 35 Minuten ab Beginn des Anrufs sinkt der Preis noch mehr auf 0,2 € pro zwei Minuten.Wenn Ihre Gesamtrechnung mehr als 15 € beträgt, erhalten Sie einen Rabatt von 10% auf Ihre Gesamtrechnung.Wie viel würde ein Anruf von 115 Minuten kosten?",18
"Um einen Anruf von einer Telefonzelle zu tätigen, müssen Sie für jede Minute Ihres Anrufs ₺0,8 bezahlen.Nach 10 Minuten fällt der Preis auf ₺0,7 pro Minute.Nach 30 Minuten ab Beginn des Anrufs sinkt der Preis noch mehr auf ₺0,4 pro zwei Minuten.Wenn Ihre Gesamtrechnung mehr als ₺15 beträgt, erhalten Sie einen Rabatt von 15% auf Ihre Gesamtrechnung.Wie viel würde ein Ruf von 120 Minuten kosten?",34
"Um einen Anruf von einem Hotelzimmer zu telefonieren, müssen Sie für jede Minute Ihres Anrufs ₺0,6 bezahlen.Nach 10 Minuten fällt der Preis auf ₺0,4 pro Minute.Nach 35 Minuten ab Beginn des Anrufs sinkt der Preis noch mehr auf ₺0,1 pro zwei Minuten.Wenn Ihre Gesamtrechnung mehr als ₺15 beträgt, erhalten Sie einen Rabatt von 15% auf Ihre Gesamtrechnung.Wie viel würde ein Anruf von 115 Minuten kosten?",17
"Um einen Anruf von einem Hotelzimmer zu telefonieren, müssen Sie für jede Minute Ihres Anrufs 0,9 Yen zahlen.Nach 10 Minuten sinkt der Preis auf 0,6 ¥ pro Minute.Nach 35 Minuten ab Beginn des Anrufs sinkt der Preis noch mehr auf 0,4 Yen pro zwei Minuten.Wenn Ihre Gesamtrechnung mehr als 15 Yen beträgt, erhalten Sie einen Rabatt von 20% auf Ihre Gesamtrechnung.Wie viel würde ein 65-minütiger Anruf kosten?",24
"Um einen Anruf von einem Hotelzimmer zu telefonieren, müssen Sie für jede Minute Ihres Anrufs ₣ 0,8 bezahlen.Nach 10 Minuten sinkt der Preis auf 0,4 ₣ pro Minute.Nach 30 Minuten ab Beginn des Anrufs sinkt der Preis noch mehr auf 0,1 pro zwei Minuten.Wenn Ihre Gesamtrechnung mehr als 15 ₣ beträgt, erhalten Sie einen Rabatt von 20% auf Ihre Gesamtrechnung.Wie viel würde ein Anruf von 110 Minuten kosten?",16
"Um einen Anruf von einer Telefonzelle zu tätigen, müssen Sie für jede Minute Ihres Anrufs 0,9 Yen zahlen.Nach 10 Minuten sinkt der Preis auf 0,4 ¥ pro Minute.Nach 35 Minuten ab Beginn des Anrufs sinkt der Preis noch mehr auf 0,1 Yen pro zwei Minuten.Wenn Ihre Gesamtrechnung mehr als 15 Yen beträgt, erhalten Sie einen Rabatt von 10% auf Ihre Gesamtrechnung.Wie viel würde ein 55-minütiger Anruf kosten?",18
"Um einen Anruf von einem Hotelzimmer zu telefonieren, müssen Sie für jede Minute Ihres Anrufs 0,9 US -Dollar bezahlen.Nach 10 Minuten sinkt der Preis auf 0,4 USD pro Minute.Nach 30 Minuten ab Beginn des Anrufs sinkt der Preis noch mehr auf 0,1 USD pro zwei Minuten.Wenn Ihre Gesamtrechnung mehr als 15 US -Dollar beträgt, erhalten Sie einen Rabatt von 15% auf Ihre Gesamtrechnung.Wie viel würde ein 90-minütiger Anruf kosten?",17
"Um einen Anruf von einer Telefonzelle zu tätigen, müssen Sie für jede Minute Ihres Anrufs 0,7 US -Dollar bezahlen.Nach 10 Minuten sinkt der Preis auf 0,3 USD pro Minute.Nach 40 Minuten ab Beginn des Anrufs sinkt der Preis noch mehr auf 0,1 USD pro zwei Minuten.Wenn Ihre Gesamtrechnung mehr als 15 US -Dollar beträgt, erhalten Sie einen Rabatt von 10% auf Ihre Gesamtrechnung.Wie viel würde ein Ruf von 120 Minuten kosten?",18
"Ein Laib von Sauerteig im Café kostet 10 US -Dollar.Die Kosten für einen Muffin sind ein Achtel eines Laibs von Sauerteig.Das Café hat eine Aktion, dass man, wenn man 6 Muffins oder mehr kauft, einen Rabatt von 10% auf Muffins erhalten.Wie viel mehr kosten 2 Brote Sauerteig als 8 Muffins?",11
"Ein Brotbrot im Laden kostet 5 Yen.Die Kosten für ein Croissant betragen 3/4 eines Brotkuppels.Der Laden hat eine Aktion, dass man, wenn man 6 oder mehr Croissants kauft, einen Rabatt von 10% auf Croissants erhalten.Wie viel mehr kosten 10 Brotebrot als 8 Croissants?",23
"Ein Laib von Sauerteig im Café kostet 15 Yen.Die Kosten für einen Muffin betragen 1/4 eines Laibs Sauerteig.Das Café hat eine Aktion, dass man, wenn man 6 Muffins oder mehr kauft, einen Rabatt von 20% auf Muffins erhalten.Wie viel mehr kosten 5 Brote Sauerteig als 8 Muffins?",51
"Ein Brotbrot in der Bäckerei kostet 10 €.Die Kosten für einen Bagel betragen 1/8 eines Brotlaibs.Die Bäckerei hat eine Aktion, dass man, wenn man 7 Bagels oder mehr kauft, einen Rabatt von 10% auf Bagels erhalten.Wie viel mehr kosten 5 Brotebrot als 8 Bagels?",41
"Ein Laib von Sauerteig im Café kostet 15 Yen.Die Kosten für einen Muffin sind ein Viertel eines Sauerteigs.Das Café hat eine Aktion, dass man, wenn man 3 Muffins oder mehr kauft, einen Rabatt von 20% auf Muffins erhalten.Wie viel mehr kosten 10 Brote Sauerteig als 8 Muffins?",126
"Ein Laib von Sauerteig im Café kostet ₣ 10.Die Kosten für einen Muffin sind ein Achtel eines Laibs von Sauerteig.Das Café hat eine Aktion, dass man, wenn man 4 Muffins oder mehr kauft, einen Rabatt von 20% auf Muffins erhalten.Wie viel mehr kosten 3 Brote Sauerteig als 12 Muffins?",18
"Ein Laib von Sauerteig zu den Marktkosten ₣ 5.Die Kosten für einen Keks sind ein Viertel eines Sauerteigs.Der Markt hat eine Aktion, dass man, wenn man 4 oder mehr Kekse kauft, einen Rabatt von 20% auf Kekse erhalten.Wie viel mehr kosten 9 Brote Sauerteig als 8 Kekse?",37
"Ein Laib von Sauerteig auf dem Markt kostet 5 US -Dollar.Die Kosten für einen Keks betragen 3/4 eines Sauerteigs.Der Markt hat eine Aktion, dass man, wenn man 5 Kekse oder mehr kauft, einen Rabatt von 10% auf Kekse erhalten.Wie viel mehr kosten 7 Brote Sauerteig als 8 Kekse?",8
"Ein Brotbrot im Laden kostet 5 Yen.Die Kosten eines Croissants sind ein Viertel eines Brotlaibs.Der Laden hat eine Aktion, dass man, wenn man 5 Croissants oder mehr kauft, einen Rabatt von 20% auf Croissants erhalten.Wie viel mehr kosten 4 Brotebrot als 8 Croissants?",12
"Ein Brotbrot im Laden kostet ₣ 5.Die Kosten für ein Croissant betragen 3/4 eines Brotkuppels.Der Laden hat eine Aktion, dass man, wenn man 4 oder mehr Croissants kauft, einen Rabatt von 20% auf Croissants erhalten.Wie viel mehr kosten 9 Brote Brot als 8 Croissants?",21
"Ein Hausmeister muss ein Gebäude mit 80 Zimmern reinigen.Sie haben 4 Tage Zeit, um es zu erledigen.Es dauert 6 Minuten pro Zimmer.Aufgrund einer jüngsten Verletzung ist der Hausmeister jedoch langsamer geworden und wird heutzutage doppelt so lange dauern, um ein Zimmer zu reinigen.Wenn sie 10 Stunden am Tag arbeiten, wie viel Prozent ihres Tages werden im Durchschnitt Reinigungsräume verbracht?",40
"Ein Wartungsarbeiter muss eine Universität mit 150 Stockwerken reinigen.Sie haben 6 Tage Zeit, um es zu erledigen.Es dauert 6 Minuten pro Boden.Aufgrund einer jüngsten Verletzung ist der Wartungsarbeiter jedoch langsamer geworden und wird heutzutage doppelt so lange dauern, um einen Boden zu reinigen.Wenn sie 10 Stunden am Tag arbeiten, wie viel Prozent ihres Tages werden im Durchschnitt die Reinigung von Böden verbracht?",50
"Ein Hausmeister muss ein Gebäude mit 135 Stockwerken reinigen.Sie haben 3 Tage Zeit, um es zu erledigen.Es dauert 5 Minuten pro Boden.Aufgrund einer jüngsten Verletzung ist der Hausmeister jedoch langsamer geworden und wird heutzutage doppelt so lange dauern, um einen Boden zu reinigen.Wenn sie 15 Stunden am Tag arbeiten, wie viel Prozent ihres Tages werden im Durchschnitt die Reinigung von Böden verbracht?",50
"Ein Reiniger muss ein Krankenhaus mit 60 Stockwerken reinigen.Sie haben 3 Tage Zeit, um es zu erledigen.Es dauert 6 Minuten pro Boden.Aufgrund einer jüngsten Verletzung ist der Reiniger jedoch langsamer geworden und wird heutzutage doppelt so lange dauern, um einen Boden zu reinigen.Wenn sie 8 Stunden am Tag arbeiten, wie viel Prozent ihres Tages werden im Durchschnitt die Reinigung von Böden verbracht?",50
"Ein Reiniger muss ein Krankenhaus mit 90 Stockwerken reinigen.Sie haben 10 Tage Zeit, um es zu erledigen.Es dauert 10 Minuten pro Boden.Aufgrund einer jüngsten Verletzung ist der Reiniger jedoch langsamer geworden und wird heutzutage doppelt so lange dauern, um einen Boden zu reinigen.Wenn sie 15 Stunden am Tag arbeiten, wie viel Prozent ihres Tages werden im Durchschnitt die Reinigung von Böden verbracht?",20
"Ein Reiniger muss ein Krankenhaus mit 135 Stockwerken reinigen.Sie haben 5 Tage Zeit, um es zu erledigen.Es dauert 5 Minuten pro Boden.Aufgrund einer jüngsten Verletzung ist der Reiniger jedoch langsamer geworden und wird heutzutage doppelt so lange dauern, um einen Boden zu reinigen.Wenn sie 9 Stunden am Tag arbeiten, wie viel Prozent ihres Tages werden im Durchschnitt die Reinigung von Böden verbracht?",50
"Ein Wartungsarbeiter muss eine Universität mit 160 Stockwerken reinigen.Sie haben 10 Tage Zeit, um es zu erledigen.Es dauert 15 Minuten pro Boden.Aufgrund einer jüngsten Verletzung ist der Wartungsarbeiter jedoch langsamer geworden und wird heutzutage doppelt so lange dauern, um einen Boden zu reinigen.Wenn sie 10 Stunden am Tag arbeiten, wie viel Prozent ihres Tages werden im Durchschnitt die Reinigung von Böden verbracht?",80
"Ein Wartungsarbeiter muss eine Universität mit 120 Stockwerken reinigen.Sie haben 5 Tage Zeit, um es zu erledigen.Es dauert 5 Minuten pro Boden.Aufgrund einer jüngsten Verletzung ist der Wartungsarbeiter jedoch langsamer geworden und wird heutzutage doppelt so lange dauern, um einen Boden zu reinigen.Wenn sie 10 Stunden am Tag arbeiten, wie viel Prozent ihres Tages werden im Durchschnitt die Reinigung von Böden verbracht?",40
"Ein Reiniger muss ein Krankenhaus mit 70 Zimmern reinigen.Sie haben 10 Tage Zeit, um es zu erledigen.Es dauert 15 Minuten pro Zimmer.Aufgrund einer jüngsten Verletzung ist der Reiniger jedoch langsamer geworden und wird heutzutage doppelt so lange dauern, um ein Zimmer zu reinigen.Wenn sie 7 Stunden am Tag arbeiten, wie viel Prozent ihres Tages werden im Durchschnitt Reinigungsräume verbracht?",50
"Ein Reiniger muss ein Krankenhaus mit 165 Zimmern reinigen.Sie haben 11 Tage Zeit, um es zu erledigen.Es dauert 6 Minuten pro Zimmer.Aufgrund einer jüngsten Verletzung ist der Reiniger jedoch langsamer geworden und wird heutzutage doppelt so lange dauern, um ein Zimmer zu reinigen.Wenn sie 10 Stunden am Tag arbeiten, wie viel Prozent ihres Tages werden im Durchschnitt Reinigungsräume verbracht?",30
"Eine Gruppe von 290 Studenten hat verschiedene Hobbys.12 mag malen, 8 spiele gerne Schach, 13 schwimmen gerne, 39 spiele gerne Cricket und der Rest spiele entweder Videospiele oder Wanderung.Wie viel Prozent der Schüler spielen gerne Videospiele, wenn die Zahl der Schüler, die gerne wandert, 5 Mal weniger als das Zweifache der Zahl ist, die es vorziehen, Cricket zu spielen?",50
"Eine Klasse von 230 Schülern hat verschiedene Hobbys.5 mag tanzen, 8 spiele gerne Schach, 13 schwimmen gerne, 32 spiele gerne Volleyball und der Rest spiele entweder Videospiele oder Musik.Wie viel Prozent der Schüler spielen gerne Videospiele, wenn die Anzahl der Schüler, die Musik spielen, 7 weniger als das Zweifache der Zahl ist, die es vorziehen, Volleyball zu spielen?",50
"Eine Klasse von 150 Schülern hat verschiedene Hobbys.20 mag malen, 8 spiele gerne Schach, 13 schwimmen gerne, 17 spiele gerne Fußball und der Rest tanzt entweder entweder tanzen oder lesen.Wie viel Prozent der Schüler tanzen gerne, wenn die Anzahl der Schüler, die gerne lesen, 2 weniger als das Zweifache der Zahl ist, die es vorziehen, Fußball zu spielen?",40
"Eine Gruppe von 150 Studenten hat verschiedene Hobbys.27 spiele gerne Musik, 8 spiele gerne Schach, 13 schwimmen gerne, 9 spiele gerne Fußball und der Rest mag es, entweder Videospiele zu malen oder zu spielen.Wie viel Prozent der Schüler malen gerne, wenn die Anzahl der Schüler, die gerne Videospiele spielen, 3 weniger als das Zweifache der Anzahl ist, die es vorziehen, Fußball zu spielen?",52
"Eine Klasse von 100 Schülern hat verschiedene Hobbys.14 mag es zu wandern, 8 spiele gerne Schach, 13 schwimmen gerne, 2 spiele gerne Cricket und der Rest mag entweder zu tanzen oder Musik zu spielen.Wie viel Prozent der Schüler tanzen gerne, wenn die Anzahl der Schüler, die gerne Musik spielen, 5 weniger als das Zehnfache der Zahl ist, die es vorziehen, Cricket zu spielen?",48
"Eine Klasse von 150 Schülern hat verschiedene Hobbys.17 mag es zu backen, 8 spiele gerne Schach, 13 schwimmen gerne, 23 spiele gerne Fußball, und der Rest liest oder mag es, entweder zu lesen oder zu malen.Wie viel Prozent der Schüler lesen gerne, wenn die Anzahl der Schüler, die gerne malen, 4 weniger als dreimal die Zahl beträgt, die es vorziehen, Fußball zu spielen?",16
"Eine Gruppe von 100 Schülern hat verschiedene Hobbys.29 mag tanzen, 8 spiele gerne Schach, 13 schwimmen gerne, 4 spiele gerne Hurling und der Rest liest oder mag es, entweder zu lesen oder zu malen.Wie viel Prozent der Schüler lesen gerne, wenn die Zahl der Schüler, die gerne malen, 5 weniger als das Vierfache der Zahl beträgt, die es vorziehen, Schleudern zu spielen?",35
"Eine Klasse von 90 Schülern hat verschiedene Hobbys.11 Lesen Sie gerne, 8 spiele gerne Schach, 13 schwimmen gerne, 6 spiele gerne Hurling und der Rest tanzt oder backt gerne.Wie viel Prozent der Schüler tanzen gerne, wenn die Zahl der Schüler, die gerne backen, 2 weniger als das Sechsfache der Zahl beträgt, die es vorziehen, Schleudern zu spielen?",20
"Eine Gruppe von 150 Studenten hat verschiedene Hobbys.59 tanzen gerne, 8 spiele gerne Schach, 13 schwimmen gerne, 3 spiele gerne Hurling und der Rest spiele entweder Musik oder Videospiele.Wie viel Prozent der Schüler spielen gerne Musik, wenn die Zahl der Schüler, die gerne Videospiele spielen, 2 weniger als das Zehnfache der Zahl ist, die es vorziehen, Schleudern zu spielen?",26
"Eine Gruppe von 200 Studenten hat verschiedene Hobbys.30 mag es zu backen, 8 spiele gerne Schach, 13 schwimmen gerne, 6 spiele gerne Hurling und der Rest tanzt oder mag es, entweder zu tanzen oder zu malen.Wie viel Prozent der Schüler tanzen gerne, wenn die Anzahl der Schüler, die gerne malen, 5 weniger als das neunfache der Zahl beträgt, die es vorziehen, Schleudern zu spielen?",47
"Gabriel legt Mandeln auf Teller und Schalen.Jeder Teller kann 20 Mandeln halten, während jede Schüssel viermal so halten kann.Gabriel hat 675 Mandeln, 9 Teller und 3 Schalen.Leider brechen 2 Schalen.Gabriel isst dann ein Fünftel aller Mandeln.Wie viele weitere Teller braucht Gabriel, damit er alle verbleibenden Mandeln platzieren kann?",14
"Ali platziert Cracker auf Schalen und Teller.Jede Schüssel kann 40 Cracker halten, während jede Platte das zweimal so halten kann.Ali hat 675 Cracker, 8 Schalen und 5 Teller.Leider brechen 2 Teller.Ali isst dann ein 9. aller Cracker.Wie viele mehr Schalen braucht Ali, damit er alle verbleibenden Cracker platzieren kann?",1
"Sanjay legt Mandeln auf Schalen und Teller.Jede Schüssel kann 30 Mandeln halten, während jeder Teller das dreifache halten kann.Sanjay hat 675 Mandeln, 12 Schalen und 3 Teller.Leider brechen 2 Teller.Sanjay isst dann ein 9. aller Mandeln.Wie viele mehr Schalen braucht Sanjay, damit er alle verbleibenden Mandeln platzieren kann?",5
"Carlos legt Cracker auf Schalen und Tische.Jede Schüssel kann 20 Cracker halten, während jeder Tisch dreimal so gehalten werden kann.Carlos hat 525 Cracker, 13 Schalen und 4 Tische.Leider brechen 2 Tische.Carlos isst dann ein Fünftel aller Cracker.Wie viele mehr Schalen braucht Carlos, damit er alle verbleibenden Cracker platzieren kann?",2
"Benjamin legt Cracker auf Schalen und Teller.Jede Schüssel kann 21 Cracker halten, während jede Platte das zweimal so halten kann.Benjamin hat 720 Cracker, 9 Schalen und 3 Teller.Leider brechen 2 Teller.Benjamin isst dann ein Achtel aller Cracker.Wie viele mehr Schalen braucht Benjamin, damit er alle verbleibenden Cracker platzieren kann?",19
"Wei platziert Cracker auf Schalen und Teller.Jede Schüssel kann 25 Cracker halten, während jede Platte viermal so hoch wie möglich kann.Wei hat 630 Cracker, 12 Schalen und 3 Teller.Leider brechen 2 Teller.Wei isst dann ein Sechstel aller Cracker.Wie viele mehr Schalen braucht Wei, damit er alle verbleibenden Cracker platzieren kann?",5
"Carlos legt Mandeln auf Schalen und Tische.Jede Schüssel kann 24 Mandeln halten, während jeder Tisch dreimal so gehalten kann.Carlos hat 720 Mandeln, 7 Schalen und 3 Tische.Leider brechen 2 Tische.Carlos isst dann ein Fünftel aller Mandeln.Wie viele mehr Schalen braucht Carlos, damit er alle verbleibenden Mandeln platzieren kann?",14
"Arash platziert Cracker auf Tische und Teller.Jeder Tisch kann 25 Cracker halten, während jede Platte das sechsmal so halten kann.Arash hat 600 Cracker, 11 Tische und 3 Teller.Leider brechen 2 Teller.Arash isst dann ein Viertel aller Cracker.Wie viele weitere Tische braucht Arash, damit er alle verbleibenden Cracker platzieren kann?",1
"Thiago legt Kekse auf Schalen und Tische.Jede Schüssel kann 20 Kekse halten, während jeder Tisch das zweimal so hoch wie möglich halten kann.Thiago hat 600 Kekse, 17 Schalen und 5 Tische.Leider brechen 2 Tische.Thiago isst dann ein Fünftel aller Kekse.Wie viele mehr Schalen braucht Thiago, damit er alle verbleibenden Kekse platzieren kann?",1
"Yuki legt Oliven auf Teller und Schalen.Jeder Teller kann 24 Oliven halten, während jede Schüssel das zweimal so halten kann.Yuki hat 720 Oliven, 11 Teller und 3 Schalen.Leider brechen 2 Schalen.Yuki isst dann zwei Fünftel aller Oliven.Wie viele weitere Teller braucht Yuki, damit er alle verbleibenden Oliven platzieren kann?",5
"Faisal sieht fern, nachdem er seine Hausaufgaben jeden Abend fertig hat.Am Mittwoch und Donnerstag sah er jeden Abend 4-stündige Folgen seiner Lieblingsshow an.Am Freitag sah er einige Folgen einer 30-minütigen Show an.Am Samstag beendete er die Hausaufgaben früh und sah sich eine 5-stündige Folge und eine 15-minütige Show an.Am Sonntag musste er spät aufbleiben, also sah er vier 3-Stunden-Folgen an.Am Montag sah er jeweils drei Folgen an, jeweils 45 Minuten.Wenn er insgesamt 28 Stunden Fernsehen sah, wie viele 30-minütige Folgen haben er am Freitag gesehen?",1
"Liam schaut fern, nachdem er seine Hausaufgaben jeden Abend fertig hat.Am Samstag und Sonntag sah er jeden Abend 5-stündige Folgen seiner Lieblingsshow an.Am Montag sah er einige Folgen einer 30-minütigen Show an.Am Dienstag machte er die Hausaufgaben frühzeitig und sah sich eine 4-stündige Folge und eine 60-minütige Show an.Am Mittwoch musste er spät wach bleiben, also sah er drei 3-Stunden-Folgen an.Am Donnerstag sah er jeweils fünf Folgen mit jeweils 30 Minuten.Wenn er insgesamt 28 Stunden Fernsehen sah, wie viele 30-minütige Folgen haben er am Montag gesehen?",3
"Thiago sieht fern, nachdem er jeden Abend seine Hausaufgaben erledigt hat.Am Dienstag und Mittwoch sah er jeden Abend 5-stündige Folgen seiner Lieblingsshow.Am Donnerstag sah er einige Folgen einer 30-minütigen Show an.Am Freitag erledigte er die Hausaufgaben früh und sah sich eine 5-stündige Folge und eine 30-minütige Show an.Am Samstag musste er spät wach bleiben, also sah er drei 4-Stunden-Folgen an.Am Sonntag sah er jeweils zwei Folgen, jeweils 15 Minuten.Wenn er insgesamt 31 Stunden Fernsehen sah, wie viele 30-minütige Folgen haben er am Donnerstag gesehen?",6
"Arash sieht fern, nachdem er jeden Abend seine Hausaufgaben erledigt hat.Am Sonntag und Montag sah er jeden Abend 4-stündige Folgen seiner Lieblingsshow an.Am Dienstag sah er einige Folgen einer 45-minütigen Show an.Am Mittwoch erledigte er die Hausaufgaben früh und sah sich eine 2-stündige Folge und eine 15-minütige Show an.Am Donnerstag musste er spät wach bleiben, also sah er fünf 2-stündige Folgen an.Am Freitag sah er jeweils vier Folgen mit jeweils 30 Minuten.Wenn er insgesamt 26 Stunden Fernsehen sah, wie viele 45-minütige Folgen haben er am Dienstag gesehen?",5
"Leon sieht fern, nachdem er seine Hausaufgaben jeden Abend fertig hat.Am Sonntag und Montag sah er jeden Abend 4-stündige Folgen seiner Lieblingsshow an.Am Dienstag sah er einige Folgen einer 30-minütigen Show an.Am Mittwoch erledigte er die Hausaufgaben früh und sah sich eine 2-stündige Folge und eine 60-minütige Show an.Am Donnerstag musste er spät wach bleiben, also sah er drei 3-Stunden-Folgen an.Am Freitag sah er jeweils drei Folgen an, jeweils 30 Minuten.Wenn er insgesamt 24 Stunden Fernsehen sah, wie viele 30-minütige Folgen haben er am Dienstag gesehen?",5
"Bodhi sieht fern, nachdem er jeden Abend seine Hausaufgaben erledigt hat.Am Mittwoch und Donnerstag sah er jeden Abend 3-stündige Folgen seiner Lieblingsshow an.Am Freitag sah er einige Folgen einer 60-minütigen Show an.Am Samstag beendete er die Hausaufgaben früh und sah sich eine 5-stündige Folge und eine 60-minütige Show an.Am Sonntag musste er spät wach bleiben, also sah er vier 4-Stunden-Folgen an.Am Montag sah er jeweils vier Folgen mit jeweils 30 Minuten.Wenn er insgesamt 31 Stunden Fernsehen sah, wie viele 60-minütige Folgen haben er am Freitag gesehen?",1
"James schaut fern, nachdem er seine Hausaufgaben jeden Abend fertig hat.Am Dienstag und Mittwoch sah er jeden Abend 4-stündige Folgen seiner Lieblingsshow.Am Donnerstag sah er einige Folgen einer 15-minütigen Show an.Am Freitag erledigte er die Hausaufgaben früh und sah sich eine 4-stündige Folge und eine 15-minütige Show an.Am Samstag musste er spät wach bleiben, also sah er vier 4-Stunden-Folgen an.Am Sonntag sah er jeweils drei Folgen an, jeweils 45 Minuten.Wenn er insgesamt 31 Stunden Fernsehen sah, wie viele 15-minütige Folgen haben er am Donnerstag gesehen?",2
"Alejandro sieht fern, nachdem er jeden Abend seine Hausaufgaben erledigt hat.Am Montag und Dienstag sah er jeden Abend 4-stündige Folgen seiner Lieblingsshow an.Am Mittwoch sah er einige Folgen einer 45-minütigen Show an.Am Donnerstag erledigte er die Hausaufgaben früh und sah sich eine 4-stündige Folge und eine 15-minütige Show an.Am Freitag musste er spät wach bleiben, also sah er vier 3-Stunden-Folgen an.Am Samstag sah er jeweils drei Folgen an, jeweils 45 Minuten.Wenn er insgesamt 31 Stunden Fernsehen sah, wie viele 45-minütige Folgen haben er am Mittwoch gesehen?",6
"Mateo sieht fern, nachdem er seine Hausaufgaben jeden Abend fertig hat.Am Sonntag und Montag sah er jeden Abend 3-stündige Folgen seiner Lieblingsshow an.Am Dienstag sah er einige Folgen einer 60-minütigen Show an.Am Mittwoch erledigte er die Hausaufgaben früh und sah sich eine 5-stündige Folge und eine 30-minütige Show an.Am Donnerstag musste er spät wach bleiben, also sah er zwei 5-Stunden-Folgen an.Am Freitag sah er zwei Folgen jeweils 15 Minuten an.Wenn er insgesamt 29 Stunden Fernsehen sah, wie viele 60-minütige Folgen haben er am Dienstag gesehen?",7
"Qasim sieht fern, nachdem er jeden Abend seine Hausaufgaben erledigt hat.Am Mittwoch und Donnerstag sah er jeden Abend 3-stündige Folgen seiner Lieblingsshow an.Am Freitag sah er einige Folgen einer 60-minütigen Show an.Am Samstag erledigte er die Hausaufgaben früh und sah sich eine 2-stündige Folge und eine 15-minütige Show an.Am Sonntag musste er spät aufbleiben, also sah er vier 3-Stunden-Folgen an.Am Montag sah er jeweils drei Folgen an, jeweils 15 Minuten.Wenn er insgesamt 28 Stunden Fernsehen sah, wie viele 60-minütige Folgen haben er am Freitag gesehen?",7
"Ravi, Pavel ist derzeit 22 Jahre im Alter von Alter.Ravi und Leilani sind derzeit 10 Jahre voneinander entfernt.Ravi, der jünger als Pavel ist, aber älter als Leilani, wird in 8 Jahren 47 sein.Wie viel jünger ist Leilani als das Durchschnittsalter aller drei?",14
"Chen, Theo sind derzeit 10 Jahre im Alter von zunehmendem Alter.Chen und Tara sind derzeit 7 Jahre voneinander entfernt.Chen, der jünger als Theo ist, aber älter als Tara, wird in 7 Jahren 60 sein.Wie viel jünger ist Tara als das Durchschnittsalter aller drei?",8
"Benjamin, Luca, sind derzeit im Alter von 29 Jahren im Alter.Benjamin und Sofia sind derzeit 17 Jahre voneinander entfernt.Benjamin, der jünger als Luca ist, aber älter als Sofia, wird in 4 Jahren 27 sein.Wie viel jünger ist Sofia als das Durchschnittsalter aller drei?",21
"Sakura, Arash sind derzeit 29 Jahre im Alter von Alter.Sakura und Tara sind derzeit 11 Jahre voneinander entfernt.Sakura, die jünger als Arash ist, aber älter als Tara, wird in 5 Jahren 66 sein.Wie viel jünger ist Tara als das Durchschnittsalter aller drei?",17
"Luca, Liam sind derzeit 19 Jahre im Alter von Alter entfernt.Luca und Pavel sind derzeit 10 Jahre voneinander entfernt.Luca, die jünger als Liam ist, aber älter als Pavel, wird in 6 Jahren 59 Jahre alt sein.Wie viel jünger ist Pavel als das Durchschnittsalter aller drei?",13
"Sophia, Ibrahim sind derzeit 27 Jahre im Abstand von Alter.Sophia und Theo sind derzeit 15 Jahre voneinander entfernt.Sophia, die jünger als Ibrahim ist, aber älter als Theo, wird in 10 Jahren 35 Jahre alt sein.Wie viel jünger ist Theo als das Durchschnittsalter aller drei?",19
"Olivia, Bodhi sind derzeit 24 Jahre im Alter von Alter.Olivia und Keisha sind derzeit 15 Jahre voneinander entfernt.Olivia, die jünger als Bodhi ist, aber älter als Keisha, wird in 7 Jahren 42 sein.Wie viel jünger ist Keisha als das Durchschnittsalter aller drei?",18
"Diego, Oscar sind derzeit 19 Jahre im Alter von Alter.Diego und Leon sind derzeit 10 Jahre voneinander entfernt.Diego, die jünger als Oscar ist, aber älter als Leon, wird in 9 Jahren 36 sein.Wie viel jünger ist Leon als das Durchschnittsalter aller drei?",13
"Esteban, Oliver, sind derzeit 16 Jahre im Alter von Alter.Esteban und Yuki sind derzeit 13 Jahre voneinander entfernt.Esteban, der jünger als Oliver ist, aber älter als Yuki, wird in 6 Jahren 70 sein.Wie viel jünger ist Yuki als das Durchschnittsalter aller drei?",14
"Yuki, Andre sind derzeit 17 Jahre im Alter von Alter.Yuki und Diego sind derzeit 8 Jahre voneinander entfernt.Yuki, der jünger als Andre ist, aber älter als Diego, wird in 6 Jahren 43 sein.Wie viel jünger ist Diego als das Durchschnittsalter aller drei?",11
"Wei verkauft Cupcakes und Plum Pies für eine Spendenaktion.Am Montag verkaufte er 28 Kisten Cupcake und 19 weniger Schachteln Plum Pie als am Dienstag.Am Dienstag verkaufte er 14 mehr Kisten Cupcakes als am Montag und 27 Kisten mit Plum Pie.Am Mittwoch verkaufte er so viel wie in den letzten zwei Tagen zusammen.Wenn der Cupcake 11 US -Dollar kostete und der Pflaumenkuchen 23 US -Dollar kostete, was war Weis durchschnittliches tägliches Verdienst?",1050
"Benjamin verkauft Cupcakes und Ananaskuchen für eine Spendenaktion.Am Mittwoch verkaufte er 27 Kisten Cupcake und 18 weniger Kisten Ananaskuchen als am Donnerstag.Am Donnerstag verkaufte er 12 mehr Kisten Cupcakes als am Mittwoch und 27 Kisten Ananaskuchen.Am Freitag verkaufte er so viel wie in den letzten zwei Tagen zusammen.Wenn der Cupcake 8 Yen kostete und die Ananaskuchen 22 Yen kostete, was war Benjamins durchschnittliches tägliches Verdienst?",880
"Umar verkauft Muffins und Aprikosenpies für eine Spendenaktion.Am Donnerstag verkaufte er 28 Kisten Muffin und 13 weniger Schachteln Aprikosenkuchen als am Freitag.Am Freitag verkaufte er 13 weitere Kisten Muffins als am Donnerstag und 21 Kisten ApricoT Pie.Am Samstag verkaufte er so viel wie in den letzten zwei Tagen zusammen.Wenn der Muffin 11 US -Dollar kostete und der Aprikosenkuchen 30 US -Dollar kostete, was war Umars durchschnittliches tägliches Verdiener?",1086
"Tariq verkauft Brownies und Aprikosenpies für eine Spendenaktion.Am Donnerstag verkaufte er 25 Kisten Brownie und 12 weniger Schachteln Aprikosenkuchen als am Freitag.Am Freitag verkaufte er 14 weitere Schachteln Brownies als am Donnerstag und 24 Kisten ApricoT Pie.Am Samstag verkaufte er so viel wie in den letzten zwei Tagen zusammen.Wenn der Brownie 9 ₣ 9 und der Aprikosenkuchen kostete, was war Tariqs durchschnittliches tägliches Verdienst?",864
"Ali verkauft Muffins und orangefarbene Kuchen für eine Spendenaktion.Am Dienstag verkaufte er 22 Kisten Muffin und 13 weniger Kisten mit Orangenkuchen als am Mittwoch.Am Mittwoch verkaufte er 13 weitere Kisten Muffins als am Dienstag und 23 Kisten Orangenkuchen.Am Donnerstag verkaufte er so viel wie in den letzten zwei Tagen zusammen.Wenn der Muffin 9 € kostete und der orangefarbene Kuchen 32 € kostete, was war Alis durchschnittlicher täglicher Verdienst?",1046
Thiago verkauft Kekse und Aprikosenpies für eine Spendenaktion.Am Dienstag verkaufte er 26 Kisten Cookie und 19 weniger Schachteln Aprikosenkuchen als am Mittwoch.Am Mittwoch verkaufte er 14 weitere Kochkästen als am Dienstag und 24 Kisten Aprikosenkuchen.Am Donnerstag verkaufte er so viel wie in den letzten zwei Tagen zusammen.Wenn der Keks ₣ 11 ₣ und der Aprikosenkuchen kostete ₣ 24 ₣ ₣ 24 ₣ ₣ ₣ ₣ ₣ ₣ ₣ ₣ ₣ ₣ ₣ ₣ ₣ ₣) wie war Thiago durchschnittlich täglich verdient?,948
"Carlos verkauft Cupcakes und Aprikosenpies für eine Spendenaktion.Am Donnerstag verkaufte er 24 Kisten Cupcake und 19 weniger Schachteln Aprikosenkuchen als am Freitag.Am Freitag verkaufte er 12 mehr Kisten Cupcakes als am Donnerstag und 29 Schachteln Aprikosenkuchen.Am Samstag verkaufte er so viel wie in den letzten zwei Tagen zusammen.Wenn der Cupcake 8 Yen kostete und der Aprikosenkuchen 21 Yen kostete, was war Carlos 'durchschnittliches tägliches Verdienst?",866
"Viktor verkauft Kekse und Wassermelonenpies für eine Spendenaktion.Am Dienstag verkaufte er 22 Kisten Cookie und 14 weniger Kisten mit Wassermelonenkuchen als am Mittwoch.Am Mittwoch verkaufte er 14 weitere Kochkästen als am Dienstag und 23 Kisten mit Wassermelonenkuchen.Am Donnerstag verkaufte er so viel wie in den letzten zwei Tagen zusammen.Wenn der Keks ₣ 10 ₣ und der Wassermelonenkuchen 22 ₣ kostete, was war Viktors durchschnittliches tägliches Verdienst?",856
"Gabriel verkauft Muffins und Plum Pies für eine Spendenaktion.Am Sonntag verkaufte er 28 Kisten Muffin und 11 weniger Schachteln Plum Pie als am Montag.Am Montag verkaufte er 14 weitere Kisten Muffins als am Sonntag und 22 Kisten mit Pflaumenkuchen.Am Dienstag verkaufte er so viel wie in den letzten zwei Tagen zusammen.Wenn der Muffin 12 US -Dollar kostete und der Pflaumenkuchen 22 US -Dollar kostete, was war Gabriels durchschnittliches tägliches Verdienst?",1044
"Viktor verkauft Muffins und Ananaskuchen für eine Spendenaktion.Am Sonntag verkaufte er 24 Kisten Muffin und 15 weniger Kisten Ananaskuchen als am Montag.Am Montag verkaufte er 12 mehr Kisten Muffins als am Sonntag und 27 Kisten Ananaskuchen.Am Dienstag verkaufte er so viel wie in den letzten zwei Tagen zusammen.Wenn der Muffin ₺12 und der Ananaskuchen ₺23 kostete, was war das durchschnittliche tägliche Verdienst von Viktor?",1078
"Diego ist 21 Jahre alt.In 5 Jahren wird sein Cousin Priya zweimal so alt sein wie Diego jetzt.Der Bruder von Diego, Qasim, ist 9 Jahre jünger als Diego, und die Priya -Schwester Mia ist 10 Jahre älter als Qasim.Was wird der Durchschnitt aller vier in 4 Jahren sein?",27
Oliver ist 15 Jahre alt.In 8 Jahren wird seine Cousine Olivia dreimal so alt sein wie Oliver jetzt.Olivers Bruder Gabriel ist 11 Jahre jünger als Oliver und Olivia Schwester Fatima ist 8 Jahre älter als Gabriel.Was wird der Durchschnitt aller vier in 5 Jahren sein?,22
"Kai ist 22 Jahre alt.In 5 Jahren wird sein Cousin Uma viermal so alt sein wie Kai jetzt.Kais Bruder Jamal ist 6 Jahre jünger als Kai, und Uma Sister Rania ist 11 Jahre älter als Jamal.Was wird der Durchschnitt aller vier in 4 Jahren sein?",41
"Carlos ist 14 Jahre alt.In 8 Jahren wird seine Cousine Yara viermal so alt sein wie Carlos jetzt.Carlos 'Bruder Jin ist 11 Jahre jünger als Carlos, und die Yara -Schwester Mia ist 8 Jahre älter als Jin.Was wird der Durchschnitt aller vier in 6 Jahren sein?",25
"Oscar ist 15 Jahre alt.In 9 Jahren wird seine Cousine Zahra dreimal so alt sein wie Oscar jetzt.Oscars Bruder Oliver ist 12 Jahre jünger als Oscar, und die Zahra -Schwester Emma ist 11 Jahre älter als Oliver.Was wird der Durchschnitt aller vier in 3 Jahren sein?",20
"Theo ist 20 Jahre alt.In 7 Jahren wird seine Cousine Yara zweimal so alt sein wie Theo jetzt.Theos Bruder Oscar ist 7 Jahre jünger als Theo, und die Yara -Schwester Tara ist 9 Jahre älter als Oscar.Was wird der Durchschnitt aller vier in 6 Jahren sein?",28
Oliver ist 12 Jahre alt.In 9 Jahren wird seine Cousine Ananya dreimal so alt sein wie Oliver jetzt.Olivers Bruder Kai ist 9 Jahre jünger als Oliver und Ananya Schwester Kimia ist 7 Jahre älter als Kai.Was wird der Durchschnitt aller vier in 4 Jahren sein?,17
"Deshawn ist 23 Jahre alt.In 8 Jahren wird seine Cousine Ananya viermal so alt sein wie Deshawn jetzt.Der Bruder von Deshawn, Diego, ist 9 Jahre jünger als Deshawn, und Ananya Schwester Sophia ist 9 Jahre älter als Diego.Was wird der Durchschnitt aller vier in 2 Jahren sein?",38
"Bodhi ist 21 Jahre alt.In 8 Jahren wird sein Cousin Valentina dreimal so alt sein wie Bodhi jetzt.Bodhis Bruder Qasim ist 9 Jahre jünger als Bodhi, und die Valentina -Schwester Beatriz ist 8 Jahre älter als Qasim.Was wird der Durchschnitt aller vier in 2 Jahren sein?",29
"Qasim ist 15 Jahre alt.In 2 Jahren wird seine Cousine Elena dreimal so alt sein wie Qasim jetzt.Qasims Bruder Liam ist 9 Jahre jünger als Qasim, und Elena Schwester Sophia ist 10 Jahre älter als Liam.Was wird der Durchschnitt aller vier in 5 Jahren sein?",25
"Als Sofia ihren Bruder beobachtet, bringt sie eine Vielzahl von Spielsachen für ihn heraus.Der Beutel mit Bausteinen enthält 33 Blocks.Der Mülleimer aus Stofftieren hat 5 Stofftiere im Inneren.Die Anzahl der Aktionszahlen in der Aktionsfigur ist doppelt so viele Blöcke und Stofftiere zusammen.Die Crayon Box verfügt über 12 verschiedene Farben des Buntstifts und das Aufkleberbuch enthält 9 Seiten mit jeweils 13 Aufklebern.Der Turm der Stapelringe hat 28 mehrfarbige Ringe.Sofia kaufte kürzlich eine Röhre mit Hüpfbällchen und brachte ihre Gesamtzahl von Gegenständen für ihren Bruder auf 320. Wie viele Hüpfbällchen kamen in der Röhre?",49
"Als Nadia ihren Cousin beobachtet, holt sie eine Vielzahl von Spielsachen für ihn heraus.Die Beutel mit Bausteinen enthält 36 Blocks.Der Mülleimer aus Stofftieren hat 8 Stofftiere im Inneren.Die Anzahl der Aktionszahlen in der Aktionsfigur ist doppelt so viele Blöcke und Stofftiere zusammen.Die Crayon Box verfügt über 12 verschiedene Farben des Buntstifts und das Aufkleberbuch enthält 9 Seiten mit jeweils 12 Aufklebern.Der Turm der Stapelringe hat 30 mehrfarbige Ringe.Nadia kaufte kürzlich eine Röhre mit Hüpfbällchen und brachte ihre Gesamtzahl von Gegenständen für ihre Cousine auf 330. Wie viele Hüpfbällchen kamen in die Röhre?",48
"Als Nia ihre Cousine beobachtet, holt sie eine Vielzahl von Spielsachen für ihn heraus.Die Beutel mit Bausteinen enthält 36 Blocks.Der Mülleimer aus Stofftieren hat 8 Stofftiere im Inneren.Die Anzahl der Aktionszahlen in der Aktionsfigur ist doppelt so viele Blöcke und Stofftiere zusammen.Die Crayon Box verfügt über 12 verschiedene Farben des Buntstifts und das Aufkleberbuch enthält 9 Seiten mit jeweils 11 Aufklebern.Der Turm der Stapelringe hat 26 mehrfarbige Ringe.Nia kaufte kürzlich eine Röhre mit Hüpfbällchen und brachte ihre Gesamtzahl von Gegenständen für ihre Cousine auf 310. Wie viele Hüpfbällchen kamen in die Röhre?",41
"Als Kayla ihren Bruder beobachtet, holt sie eine Vielzahl von Spielsachen für ihn heraus.Der Beutel mit Bausteinen enthält 32 Blocks.Der Mülleimer aus Stofftieren hat 5 Stofftiere im Inneren.Die Anzahl der Aktionszahlen in der Aktionsfigur ist doppelt so viele Blöcke und Stofftiere zusammen.Die Crayon Box verfügt über 12 verschiedene Farben des Buntstifts und das Aufkleberbuch enthält 6 Seiten mit jeweils 11 Aufklebern.Der Turm der Stapelringe hat 32 mehrfarbige Ringe.Kayla kaufte kürzlich eine Röhre mit Hüpfbällchen und brachte ihre Gesamtzahl von Gegenständen für ihren Bruder bis zu 270. Wie viele Hüpfbällchen kamen in die Röhre?",49
"Als Xena ihre Cousine beobachtet, holt sie eine Vielzahl von Spielsachen für ihn heraus.Der Beutel mit Bausteinen enthält 33 Blocks.Der Mülleimer aus Stofftieren hat 8 Stofftiere im Inneren.Die Anzahl der Aktionszahlen in der Aktionsfigur ist doppelt so viele Blöcke und Stofftiere zusammen.Die Crayon Box verfügt über 12 verschiedene Farben des Buntstifts und das Aufkleberbuch enthält 7 Seiten mit jeweils 12 Aufklebern.Der Turm der Stapelringe hat 26 mehrfarbige Ringe.Xena kaufte kürzlich eine Röhre mit Hüpfbällchen und brachte ihre Gesamtzahl von Gegenständen für ihre Cousine auf 300. Wie viele Hüpfbällchen kamen in der Röhre?",55
"Als Mia ihren Bruder beobachtet, bringt sie eine Vielzahl von Spielsachen für ihn heraus.Der Beutel mit Bausteinen enthält 42 Blocks.Der Mülleimer aus Stofftieren hat 5 Stofftiere im Inneren.Die Anzahl der Aktionszahlen in der Aktionsfigur ist doppelt so viele Blöcke und Stofftiere zusammen.Die Crayon Box verfügt über 12 verschiedene Farben des Buntstifts und das Aufkleberbuch enthält 6 Seiten mit jeweils 9 Aufklebern.Der Turm der Stapelringe hat 34 mehrfarbige Ringe.Mia kaufte kürzlich eine Röhre mit Hüpfbällchen und brachte ihre Gesamtzahl von Gegenständen für ihren Bruder auf 290. Wie viele Hüpfbällchen kamen in die Röhre?",49
"Als Chen ihren Neffen beobachtet, holt sie eine Vielzahl von Spielsachen für ihn heraus.Der Beutel mit Bausteinen enthält 32 Blocks.Der Mülleimer der Stofftiere hat 6 Stofftiere im Inneren.Die Anzahl der Aktionszahlen in der Aktionsfigur ist doppelt so viele Blöcke und Stofftiere zusammen.Die Crayon Box verfügt über 12 verschiedene Farben des Buntstifts und das Aufkleberbuch enthält 8 Seiten mit jeweils 13 Aufklebern.Der Turm der Stapelringe hat 28 mehrfarbige Ringe.Chen kaufte kürzlich eine Röhre mit Hüpfbällchen und brachte ihre Gesamtzahl von Gegenständen für ihren Neffen bis zu 300. Wie viele Hüpfbällchen kamen in die Röhre?",42
"Als Haruka ihren Bruder beobachtet, holt sie eine Vielzahl von Spielsachen für ihn heraus.Die Beutel mit Bausteinen enthält 34 Blocks.Der Mülleimer aus Stofftieren hat 8 Stofftiere im Inneren.Die Anzahl der Aktionszahlen in der Aktionsfigur ist doppelt so viele Blöcke und Stofftiere zusammen.Die Crayon Box verfügt über 12 verschiedene Farben des Buntstifts und das Aufkleberbuch enthält 9 Seiten mit jeweils 9 Aufklebern.Der Turm der Stapelringe hat 26 mehrfarbige Ringe.Haruka kaufte kürzlich eine Röhre mit Hüpfbällchen und brachte ihre Gesamtzahl von Gegenständen für ihren Bruder auf 300. Wie viele Hüpfbällchen kamen in die Röhre?",55
"Als Yara ihren Neffen beobachtet, bringt sie eine Vielzahl von Spielsachen für ihn heraus.Der Beutel mit Bausteinen enthält 35 Blocks.Der Mülleimer aus Stofftieren hat 9 Stofftiere im Inneren.Die Anzahl der Aktionszahlen in der Aktionsfigur ist doppelt so viele Blöcke und Stofftiere zusammen.Die Crayon Box verfügt über 12 verschiedene Farben des Buntstifts und das Aufkleberbuch enthält 7 Seiten mit jeweils 13 Aufklebern.Der Turm der Stapelringe hat 31 mehrfarbige Ringe.Yara kaufte kürzlich eine Röhre mit Hüpfbällchen und brachte ihre Gesamtzahl von Gegenständen für ihren Neffen bis zu 340. Wie viele Hüpfbällchen kamen in die Röhre?",74
"Als Tara ihren Neffen beobachtet, bringt sie eine Vielzahl von Spielsachen für ihn heraus.Der Beutel mit Bausteinen enthält 38 Blocks.Der Mülleimer aus Stofftieren hat 5 Stofftiere im Inneren.Die Anzahl der Aktionszahlen in der Aktionsfigur ist doppelt so viele Blöcke und Stofftiere zusammen.Die Crayon Box verfügt über 12 verschiedene Farben des Buntstifts und das Aufkleberbuch enthält 7 Seiten mit jeweils 11 Aufklebern.Der Turm der Stapelringe hat 30 mehrfarbige Ringe.Tara kaufte kürzlich eine Röhre mit Hüpfbällchen und brachte ihre Gesamtzahl von Gegenständen für ihren Neffen bis zu 290. Wie viele Hüpfbällchen kamen in der Röhre?",42
"Ein Onkel isst 16 Pizzen pro Tag, sein Ehepartner isst 16 Pizzen pro Tag und ihr Enkelkind isst eine Hälfte der kombinierten Anzahl von Pizzen, die sie pro Tag essen.Nach einem Monat beschließt die Familie, im zweiten Monat eine Diät zu machen und ihren Lebensmittelverbrauch für die erste Hälfte des Monats um 25% und dann um weitere 50% für die zweite Hälfte zu verringern.Wie viele Pizzen isst diese Familie in zwei Monaten?",2250
"Ein Onkel isst 24 Hamburger pro Tag, sein Ehepartner isst 24 Hamburger pro Tag und ihr Enkelkind isst eine Hälfte der kombinierten Anzahl von Hamburgern, die sie pro Tag essen.Nach einem Monat beschließt die Familie, im zweiten Monat eine Diät zu machen und ihren Lebensmittelverbrauch im ersten Hälfte des Monats um 75% zu verringern, und dann um weitere 50% für die zweite Hälfte.Wie viele Hamburger isst diese Familie in zwei Monaten?",2565
"Ein Vater isst 5 Burritos pro Tag, seine Frau isst 25 Burritos pro Tag und ihre Tochter isst ein Drittel der kombinierten Anzahl von Burritos, die sie pro Tag essen.Nach einem Monat beschließt die Familie, im zweiten Monat eine Diät zu machen und ihren Lebensmittelverbrauch im ersten Hälfte des Monats um 60% und dann um weitere 50% für die zweite Hälfte zu verringern.Wie viele Burritos isst diese Familie in zwei Monaten?",1560
"Ein Großvater isst 10 Sushi-Brötchen pro Tag, sein Partner isst 15 Sushi-Brötchen pro Tag, und ihr Sohn isst vier Fünftel der kombinierten Anzahl von Sushi-Brötchen, die sie pro Tag essen.Nach einem Monat beschließt die Familie, im zweiten Monat eine Diät zu machen und ihren Lebensmittelverbrauch für die erste Hälfte des Monats um 20% und dann um weitere 25% für die zweite Hälfte zu verringern.Wie viele Sushi -Brötchen isst diese Familie in zwei Monaten?",2295
"Ein Vater isst 20 Pizzen pro Tag, seine Frau isst 5 Pizzen pro Tag und ihre Tochter isst ein Fünftel der kombinierten Anzahl von Pizzen, die sie pro Tag essen.Nach einem Monat beschließt die Familie, im zweiten Monat eine Diät zu machen und ihren Lebensmittelverbrauch für die erste Hälfte des Monats um 20% zu verringern, und dann um weitere 75% für die zweite Hälfte.Wie viele Pizzen isst diese Familie in zwei Monaten?",1350
"Ein Vater isst 25 Hamburger pro Tag, seine Frau isst 20 Hamburger pro Tag und ihre Tochter isst zwei Drittel der kombinierten Anzahl von Hamburgern, die sie pro Tag essen.Nach einem Monat beschließt die Familie, im zweiten Monat eine Diät zu machen und ihren Lebensmittelverbrauch für die erste Hälfte des Monats um 20% und dann um weitere 25% für die zweite Hälfte zu verringern.Wie viele Hamburger isst diese Familie in zwei Monaten?",3825
"Ein Onkel isst 20 Sushi-Brötchen pro Tag, sein Ehepartner isst 10 Sushi-Brötchen pro Tag und ihr Enkelkind isst zwei Sechstel der kombinierten Anzahl von Sushi-Brötchen, die sie pro Tag essen.Nach einem Monat beschließt die Familie, im zweiten Monat eine Diät zu machen und ihren Lebensmittelverbrauch für die erste Hälfte des Monats um 60% zu verringern, und dann um weitere 75% für die zweite Hälfte.Wie viele Sushi -Brötchen isst diese Familie in zwei Monaten?",1500
"Ein Onkel isst 10 Burritos pro Tag, sein Ehepartner isst 20 Burritos pro Tag und ihr Enkelkind isst drei Sechstel der kombinierten Anzahl von Burritos, die sie pro Tag essen.Nach einem Monat beschließt die Familie, im zweiten Monat eine Diät zu machen und ihren Lebensmittelverbrauch für die erste Hälfte des Monats um 20% zu verringern, und dann um weitere 75% für die zweite Hälfte.Wie viele Burritos isst diese Familie in zwei Monaten?",2025
"Ein Großvater isst 20 Hamburger pro Tag, sein Partner isst 20 Hamburger pro Tag und ihr Sohn isst drei Sechstel der kombinierten Anzahl von Hamburgern, die sie pro Tag essen.Nach einem Monat beschließt die Familie, im zweiten Monat eine Diät zu machen und ihren Lebensmittelverbrauch für die erste Hälfte des Monats um 25% und dann um weitere 20% für die zweite Hälfte zu verringern.Wie viele Hamburger isst diese Familie in zwei Monaten?",3015
"Ein Großvater isst 10 Tacos pro Tag, sein Partner isst 20 Tacos pro Tag und ihr Sohn isst eine Hälfte der kombinierten Anzahl von Tacos, die sie pro Tag essen.Nach einem Monat beschließt die Familie, im zweiten Monat eine Diät zu machen und ihren Lebensmittelverbrauch im ersten Hälfte des Monats um 60% und dann um weitere 50% für die zweite Hälfte zu verringern.Wie viele Tacos isst diese Familie in zwei Monaten?",1755
"Kimia hat ein Blütenbett, das 126 Fuß lang ist.Kimia will ihr Blumenbeet mit Pflanzen füllen.Kimias Blüten wachsen 7 Fuß breit, so dass sie 14 Fuß zwischen jeder Pflanze (einschließlich der Pflanzenbreite) hinterlassen muss.Kimia besitzt bereits 6 Blumen.Jede Blütepflanze kostet ₣ 4 im Laden.Wenn sie jedoch mehr als 2 Pflanzen kauft, erhält sie einen Rabatt von 5 ₣ 5 auf den gesamten Kauf.Wie viel Geld wird Kimia im Laden ausgeben, um ihr Blumenbeet zu füllen?",7
"Gabrielle hat ein Blumenbett, das 150 Meter lang ist.Gabrielle möchte ihr Blumenbeet mit Pflanzen füllen.Die Blüten von Gabrielle wachsen 3meter breit, so dass sie 15 Meter zwischen jeder Pflanze (einschließlich der Pflanzenbreite) hinterlassen muss.Gabrielle besitzt bereits 7 Blumen.Jede Blütepflanze kostet 3 US -Dollar im Laden.Wenn sie jedoch mehr als 2 Pflanzen kauft, erhält sie einen Rabatt von 8 USD für den gesamten Kauf.Wie viel Geld wird Gabrielle im Laden ausgeben, um ihr Blumenbeet zu füllen?",1
"Mei hat ein Blumenbett, das 120 Meter lang ist.Mei will ihr Blumenbett mit Pflanzen füllen.Meis Blüten wachsen 4meter breit, so dass sie 12 Meter zwischen jeder Pflanze (einschließlich der Pflanzenbreite) hinterlassen muss.Mei besitzt bereits 6 Blumen.Jede Blütepflanze kostet 5 US -Dollar im Laden.Wenn sie jedoch mehr als 2 Pflanzen kauft, erhält sie einen Rabatt von 5 USD für den gesamten Kauf.Wie viel Geld wird Mei im Laden ausgeben, um ihr Blumenbeet zu füllen?",15
"Haruka hat ein Blumenbett, das 117 Meter lang ist.Haruka will ihr Blumenbett mit Pflanzen füllen.Harukas Blüten wachsen 3meter breit, so dass sie 13 Meter zwischen jeder Pflanze (einschließlich der Pflanzenbreite) lassen muss.Haruka besitzt bereits 6 Blumen.Jede Blütepflanze kostet 8 € im Laden.Wenn sie jedoch mehr als 2 Pflanzen kauft, erhält sie einen Rabatt von 9 € auf den gesamten Kauf.Wie viel Geld wird Haruka im Laden ausgeben, um ihr Blumenbeet zu füllen?",15
"Valentina hat ein Blütenbett, das 144 Fuß lang ist.Valentina will ihr Blumenbeet mit Pflanzen füllen.Valentinas Blüten wachsen 7 Fuß breit, so dass sie 18 Fuß zwischen jeder Pflanze (einschließlich der Pflanzenbreite) hinterlassen muss.Valentina besitzt bereits 5 Blumen.Jede Blütepflanze kostet 5 US -Dollar im Laden.Wenn sie jedoch mehr als 2 Pflanzen kauft, erhält sie einen Rabatt von 8 USD für den gesamten Kauf.Wie viel Geld wird Valentina im Laden ausgeben, um ihr Blumenbeet zu füllen?",7
"Zahra hat ein Blumenbett, das 144 Fuß lang ist.Zahra will ihr Blumenbeet mit Pflanzen füllen.Zahras Blüten wachsen 4 Fuß breit, so dass sie 12 Fuß zwischen jeder Pflanze (einschließlich der Pflanzenbreite) hinterlassen muss.Zahra besitzt bereits 5 Blumen.Jede Blütepflanze kostet ₣ 13 im Laden.Wenn sie jedoch mehr als 2 Pflanzen kauft, erhält sie einen Rabatt von 5 ₣ 5 auf den gesamten Kauf.Wie viel Geld wird Zahra im Laden ausgeben, um ihr Blumenbeet zu füllen?",86
"Isabella hat ein Blumenbett, das 143 Meter lang ist.Isabella will ihr Blumenbeet mit Pflanzen füllen.Isabellas Blüten wachsen 2meter breit, so dass sie 13 Meter zwischen jeder Pflanze (einschließlich der Pflanzenbreite) lassen muss.Isabella besitzt bereits 5 Blumen.Jede Blütepflanze kostet ₣ 10 ₣ 10 im Laden.Wenn sie jedoch mehr als 2 Pflanzen kauft, erhält sie einen Rabatt von 7 ₣ 7 auf den gesamten Kauf.Wie viel Geld wird Isabella im Laden ausgeben, um ihr Blumenbeet zu füllen?",53
"Daphne hat ein Blumenbett, das 144 Meter lang ist.Daphne will ihr Blumenbeet mit Pflanzen füllen.Daphnes Blüten wachsen 2meter breit, so dass sie 12 Meter zwischen jeder Pflanze (einschließlich der Pflanzenbreite) hinterlassen muss.Daphne besitzt bereits 7 Blumen.Jede Blütepflanze kostet 3 Yen im Laden.Wenn sie jedoch mehr als 2 Pflanzen kauft, erhält sie einen Rabatt von 9 Yen auf den gesamten Kauf.Wie viel Geld wird Daphne im Laden ausgeben, um ihr Blumenbeet zu füllen?",6
"Sakura hat ein Blumenbett, das 120 Meter lang ist.Sakura will ihr Blumenbeet mit Pflanzen füllen.Sakuras Blüten wachsen 7meter breit, so dass sie 12 Meter zwischen jeder Pflanze (einschließlich der Pflanzenbreite) hinterlassen muss.Sakura besitzt bereits 7 Blumen.Jede Blütepflanze kostet ₺9 im Laden.Wenn sie jedoch mehr als 2 Pflanzen kauft, erhält sie einen Rabatt von ₺6 auf den gesamten Kauf.Wie viel Geld wird Sakura im Laden ausgeben, um ihr Blumenbeet zu füllen?",21
"Mia hat ein Blütenbett, das 128 Fuß lang ist.Mia möchte ihr Blumenbeet mit Pflanzen füllen.Mias Blüten wachsen 2 Fuß breit, so dass sie 16 Fuß zwischen jeder Pflanze (einschließlich der Pflanzenbreite) hinterlassen muss.Mia besitzt bereits 5 Blumen.Jede Blütepflanze kostet 3 Yen im Laden.Wenn sie jedoch mehr als 2 Pflanzen kauft, erhält sie einen Rabatt von 8 Yen auf den gesamten Kauf.Wie viel Geld wird Mia im Laden ausgeben, um ihr Blumenbeet zu füllen?",1
"Andre knallt Popcorn für einen Snack.Während sich der Körnertopf erhitzt, kommen die Kerne schneller auf.80 Pop in den ersten 10 Sekunden des Kochens, dann viermal so viel in den nächsten 10 Sekunden.Die Kerne steigen in den nächsten 10 Sekunden auf das 6 -fache der anfänglichen Poprate.In den letzten 10 Sekunden verlangsamt sich das Knall auf die Hälfte der Rate in den letzten 10 Sekunden.Nachdem Andre den Topf von der Hitze entnommen hatte, stolperte ein Viertel der Anzahl der Kerne, die in den letzten 10 Sekunden des Kochens auftraten, ebenfalls aus der Restwärme.Andre gibt seinem Bruder Jin 1/10 des hergestellten Popcorns.Wie viele mehr Popcornstücke muss Andre essen als sein Bruder?",944
"Benjamin knallt Popcorn für einen Snack.Wenn sich die Kernelpfanne erhöht, beginnen die Kerne schneller zu spielen.80 Pop in den ersten 26 Sekunden des Kochens, dann 2 -mal so viel in den nächsten 26 Sekunden.Die Kernel steigen in den nächsten 26 Sekunden auf das dreifache anfängliche Poprate.In den letzten 26 Sekunden verlangsamt sich das Knallen auf die Hälfte der Rate in den letzten 26 Sekunden.Nachdem Benjamin die Pan von der Hitze abgenommen hatte, stolperte ein Viertel der Anzahl der Kerne, die in den letzten 26 Sekunden des Kochens aufgetaucht sind, ebenfalls aus der Restwärme.Benjamin gibt seinem Bruder Yusuf 1/7 des machten Popcorns.Wie viele mehr Popcornstücke muss Benjamin essen als sein Bruder?",450
"Oliver knallt Popcorn für einen Snack.Während sich die Pfanne der Kerne erhitzt, beginnen sich die Kerne schneller auf.60 Pop in den ersten 22 Sekunden des Kochens, dann dreimal so viel in den nächsten 22 Sekunden.Die Kernel steigen in den nächsten 22 Sekunden auf das 4 -fache der anfänglichen Knallrate.In den letzten 22 Sekunden verlangsamt sich das Knallen auf die Hälfte der Rate in den letzten 22 Sekunden.Nachdem Oliver die Pfanne von der Hitze genommen hatte, stolperte ein Viertel der Anzahl der Kerne, die in den letzten 22 Sekunden des Kochens auftraten, ebenfalls aus der Restwärme.Oliver gibt seinem Bruder Thiago ein Zehntel des hergestellten Popcorns.Wie viele mehr Popcorn -Stücke muss Oliver essen als sein Bruder?",504
"Thiago knallt Popcorn für einen Snack.Während sich die Pfanne der Kerne erhitzt, beginnen sich die Kerne schneller auf.40 Pop in den ersten 26 Sekunden des Kochens, dann dreimal so viel in den nächsten 26 Sekunden.Die Kernel steigen in den nächsten 26 Sekunden auf das 4 -fache der anfänglichen Knallrate.In den letzten 26 Sekunden verlangsamt sich das Knallen auf die Hälfte der Rate in den letzten 26 Sekunden.Nachdem Thiago die Pfanne von der Hitze genommen hatte, stolperte ein Viertel der Anzahl der Kerne, die in den letzten 26 Sekunden des Kochens aufgetaucht sind, ebenfalls aus der Restwärme.Thiago gibt seinem Bruder Sanjay 1/10 des machten Popcorns.Wie viele mehr Popcornstücke muss Thiago essen als sein Bruder?",336
"Sanjay knallt Popcorn für einen Snack.Wenn sich die Kernelpfanne erhöht, beginnen die Kerne schneller zu spielen.80 Pop in den ersten 26 Sekunden des Kochens, dann viermal so viel in den nächsten 26 Sekunden.Die Kerne steigen in den nächsten 26 Sekunden auf das 6 -fache der anfänglichen Poprate.In den letzten 26 Sekunden verlangsamt sich das Knallen auf die Hälfte der Rate in den letzten 26 Sekunden.Nachdem Sanjay die Pan von der Hitze genommen hatte, stolperte ein Viertel der Anzahl der Kerne, die in den letzten 26 Sekunden des Kochens auftraten, ebenfalls aus der Restwärme.Sanjay gibt seinem Bruder Noah 1/5 des machten Popcorns.Wie viele mehr Popcorn -Stücke muss Sanjay essen als sein Bruder?",708
"Oscar knallt Popcorn für einen Snack.Wenn sich die Kernelpfanne erhöht, beginnen die Kerne schneller zu spielen.80 Pop in den ersten 16 Sekunden des Kochens, dann dreimal so viel in den nächsten 16 Sekunden.Die Kerne steigen in den nächsten 16 Sekunden auf das Fünffache der anfänglichen Poprate.In den letzten 16 Sekunden verlangsamt sich das Knallen auf die Hälfte der Rate in den letzten 16 Sekunden.Nachdem Oscar die Pan von der Hitze abgenommen hatte, stolperte ein Viertel der Anzahl der Kerne, die in den letzten 16 Sekunden des Kochens auftraten, ebenfalls aus der Restwärme.Oscar gibt seinem Bruder Benjamin zwei Fünftel des machten Popcorns.Wie viele mehr Popcornstücke muss Oscar essen als sein Bruder?",194
"Pavel knallt Popcorn für einen Snack.Wenn sich die Kernelpfanne erhöht, beginnen die Kerne schneller zu spielen.80 Pop in den ersten 12 Sekunden des Kochens, dann 2 -mal diese Menge in den nächsten 12 Sekunden.Die Kerne steigen in den nächsten 12 Sekunden auf das 6 -fache der anfänglichen Poprate.In den letzten 12 Sekunden verlangsamt sich das Knallen auf die Hälfte der Rate in den letzten 12 Sekunden.Nachdem Pavel die Pfanne von der Hitze abgenommen hatte, stolperte ein Viertel der Anzahl der Kerne, die in den letzten 12 Sekunden des Kochens auftraten, ebenfalls aus der Restwärme.Pavel verleiht seinem Bruder Luca ein Sechstel des machten Popcorns.Wie viele mehr Popcornstücke muss Pavel essen als sein Bruder?",680
"Leon knallt Popcorn für einen Snack.Während sich der Körnertopf erhitzt, kommen die Kerne schneller auf.40 Pop in den ersten 26 Sekunden des Kochens, dann viermal so viel in den nächsten 26 Sekunden.Die Kerne steigen in den nächsten 26 Sekunden auf das Fünffache der anfänglichen Poprate.In den letzten 26 Sekunden verlangsamt sich das Knallen auf die Hälfte der Rate in den letzten 26 Sekunden.Nachdem Leon den Topf von der Hitze genommen hatte, stolperte ein Viertel der Anzahl der Kerne, die in den letzten 26 Sekunden des Kochens auftraten, ebenfalls aus der Restwärme.Leon gibt seinem Bruder Noah zwei Fünftel des machten Popcorns.Wie viele mehr Popcornstücke muss Leon essen als sein Bruder?",105
"Deshawn knallt Popcorn für einen Snack.Wenn sich die Kernelpfanne erhöht, beginnen die Kerne schneller zu spielen.100 Pop in den ersten 30 Sekunden des Kochens, dann 2 -mal diese Menge in den nächsten 30 Sekunden.Die Kernel steigen in den nächsten 30 Sekunden auf das 4 -fache der anfänglichen Knallrate.In den letzten 30 Sekunden verlangsamt sich das Knallen auf die Hälfte der Rate in den letzten 30 Sekunden.Nachdem Deshawn die Pan von der Hitze abgenommen hatte, stolperte ein Viertel der Anzahl der Kerne, die in den letzten 30 Sekunden des Kochens auftraten, ebenfalls aus der Restwärme.Deshawn gibt seinem Bruder Ibrahim 2/5 des machten Popcorns.Wie viele mehr Popcornstücke muss Deshawn essen als sein Bruder?",190
"Mohammed knallt Popcorn für einen Snack.Während sich der Körnertopf erhitzt, kommen die Kerne schneller auf.20 Pop in den ersten 16 Sekunden des Kochens, dann 2 -mal diese Menge in den nächsten 16 Sekunden.Die Kerne steigen in den nächsten 16 Sekunden auf das 4 -fache der anfänglichen Poprate.In den letzten 16 Sekunden verlangsamt sich das Knallen auf die Hälfte der Rate in den letzten 16 Sekunden.Nachdem Mohammed den Topf von der Hitze entnommen hatte, stolperte ein Viertel der Anzahl der Kerne, die in den letzten 16 Sekunden des Kochens aufgetaucht sind, ebenfalls aus der Restwärme.Mohammed gibt seinem Bruder Arash 2/5 des hergestellten Popcorns.Wie viele mehr Popcornstücke muss Mohammed essen als sein Bruder?",38
"Luca möchte mit 337 Unzen Wasser unterschiedlich große Eiswürfel machen.Er kann riesige Würfel herstellen, die 14 Unzen pro Würfel verwenden, mittelgroße Würfel, die 3 Unzen verwenden, kleine Würfel, die 1/2 von Unzen verwenden, und winzige Würfel, die halb so groß wie kleine Würfel sind.Er stellt 47 Eiswürfel her, darunter 9 Riesenwürfel, 14 kleine Würfel, 12 mittelgroße Würfel und einige winzige Würfel.Wie viele Unzen Wasser hat Luca übrig?",165
"Deshawn möchte mit 312 Unzen Wasser unterschiedliche Größe von Eis machen.Er kann riesige Würfel herstellen, die 15 Unzen pro Würfel verwenden, mittelgroße Würfel, die 5 Unzen verwenden, kleine Würfel, die 1/2 von einer Unze verwenden, und winzige Würfel, die halb so groß wie kleine Würfel sind.Er macht insgesamt 46 Eiswürfel, darunter 8 Riesenwürfel, 14 kleine Würfel, 12 mittlere Würfel und einige winzige Würfel.Wie viele Unzen Wasser hat Deshawn übrig?",122
"Noah möchte mit 336 Unzen Wasser unterschiedliche Größe von Eis machen.Er kann riesige Würfel herstellen, die 15 Unzen pro Würfel verwenden, mittelgroße Würfel, die 4 Unzen verwenden, kleine Würfel, die 1/2 von einer Unze verwenden, und winzige Würfel, die halb so groß wie kleine Würfel sind.Er macht insgesamt 49 Eiswürfel, darunter 8 Riesenwürfel, 14 kleine Würfel, 15 mittelgroße Würfel und einige winzige Würfel.Wie viele Unzen Wasser hat Noah noch übrig?",146
"Viktor möchte mit 313 Unzen Wasser unterschiedliche Eiswürfel herstellen.Er kann riesige Würfel herstellen, die 12 Unzen pro Würfel verwenden, mittelgroße Würfel, die 4 Unzen verwenden, kleine Würfel, die 1/2 von einer Unze verwenden, und winzige Würfel, die halb so groß wie kleine Würfel sind.Er stellt insgesamt 50 Eiswürfel her, darunter 12 Riesenwürfel, 14 kleine Würfel, 12 mittlere Würfel und einige winzige Würfel.Wie viele Unzen Wasser hat Viktor übrig?",111
"Alejandro möchte mit 309 Unzen Wasser unterschiedlich große Eiswürfel herstellen.Er kann riesige Würfel herstellen, die 14 Unzen pro Würfel verwenden, mittelgroße Würfel, die 6 Unzen verwenden, kleine Würfel, die 1/2 von einer Unze verwenden, und winzige Würfel, die halb so groß wie kleine Würfel sind.Er stellt insgesamt 50 Eiswürfel her, darunter 9 Riesenwürfel, 14 kleine Würfel, 15 mittelgroße Würfel und einige winzige Würfel.Wie viele Unzen Wasser hat Alejandro noch?",83
"Oliver möchte mit 326 Unzen Wasser unterschiedliche Größe von Eisengrößen herstellen.Er kann riesige Würfel herstellen, die 14 Unzen pro Würfel verwenden, mittelgroße Würfel, die 4 Unzen verwenden, kleine Würfel, die 2/4 von einer Unze verwenden, und winzige Würfel, die halb so groß wie kleine Würfel sind.Er macht insgesamt 48 Eiswürfel, darunter 10 riesige Würfel, 14 kleine Würfel, 12 mittlere Würfel und einige winzige Würfel.Wie viele Unzen Wasser hat Oliver noch übrig?",128
"Carlos möchte mit 318 Unzen Wasser unterschiedlich große Eiswürfel herstellen.Er kann riesige Würfel herstellen, die 13 Unzen pro Würfel verwenden, mittelgroße Würfel, die 3 Unzen verwenden, kleine Würfel, die 2/4 von einer Unze verwenden, und winzige Würfel, die halb so groß wie kleine Würfel sind.Er stellt 47 Eiswürfel her, darunter 9 Riesenwürfel, 14 kleine Würfel, 12 mittelgroße Würfel und einige winzige Würfel.Wie viele Unzen Wasser haben Carlos übrig?",155
"Mateo möchte mit 322 Unzen Wasser unterschiedliche Größe von Eis machen.Er kann riesige Würfel herstellen, die 12 Unzen pro Würfel verwenden, mittelgroße Würfel, die 6 Unzen verwenden, kleine Würfel, die 2/4 einer Unze verwenden, und winzige Würfel, die halb so groß wie kleine Würfel sind.Er macht insgesamt 48 Eiswürfel, darunter 10 riesige Würfel, 14 kleine Würfel, 12 mittlere Würfel und einige winzige Würfel.Wie viele Unzen Wasser hat Mateo übrig?",120
"Alejandro will mit 341 Unzen Wasser unterschiedliche Eiswürfel herstellen.Er kann riesige Würfel herstellen, die 13 Unzen pro Würfel verwenden, mittelgroße Würfel, die 3 Unzen verwenden, kleine Würfel, die 1/2 von einer Unze verwenden, und winzige Würfel, die halb so groß wie kleine Würfel sind.Er stellt insgesamt 50 Eiswürfel her, darunter 9 Riesenwürfel, 14 kleine Würfel, 15 mittelgroße Würfel und einige winzige Würfel.Wie viele Unzen Wasser hat Alejandro noch?",169
"Ali möchte mit 331 Unzen Wasser unterschiedliche Größe von Eis machen.Er kann riesige Würfel herstellen, die 16 Unzen pro Würfel verwenden, mittelgroße Würfel, die 4 Unzen verwenden, kleine Würfel, die 1/2 von Unzen verwenden, und winzige Würfel, die halb so groß wie kleine Würfel sind.Er macht insgesamt 48 Eiswürfel, darunter 10 riesige Würfel, 14 kleine Würfel, 12 mittlere Würfel und einige winzige Würfel.Wie viele Unzen Wasser haben Ali noch übrig?",113
"Bei einem 100-Punkte-Quiz sind 40% der Fragen Chemie, 20% Geographie und der Rest sind gleichermaßen als Geschichte und Algebra-Fragen aufgeteilt.Wenn Aisha mit Sicherheit 25% der geografischen Fragen, 100% der Chemiefragen und einem Zehntel der Geschichte und der Algebra -Fragen korrekt erhält, wie viele Punkte werden sie sicher?",49
"In einem 80-Punkte-Quiz sind 50% der Fragen Chemie, 5% Biologie und der Rest werden gleichermaßen als Geometrie- und Literaturfragen unterteilt.Wenn Keisha mit Sicherheit 25% der biologischen Fragen, 70% der Chemiefragen und einem Drittel der Geometrie- und Literaturfragen korrekt erhält, wie viele Punkte werden sie sicher?",41
"In einem 80-Punkte-Quiz sind 55% der Fragen Physik, 20% Geometrie und der Rest sind gleichermaßen als Literatur- und Geographie-Fragen aufgeteilt.Wenn Rania mit Sicherheit 25% der Geometriefragen, 100% der Physikfragen und 1/2 der Literatur- und Geographie -Fragen korrekt erhält, wie viele Punkte werden sie sicher?",58
"In einem 40-Punkte-Quiz sind 50% der Fragen Chemie, 10% der Geschichte und der Rest werden gleichermaßen als Geographie- und Biologiefragen unterteilt.Wenn Olga mit Sicherheit 25% der Verlaufsfragen, 85% der Chemiefragen und 1/8 der geografischen und biologischen Fragen korrekt erhält, wie viele Punkte werden sie sicher?",20
"In einem Quiz von 120 Punkten sind 5% der Fragen Wirtschaftlichkeit, 20% Biologie und der Rest sind gleichermaßen als Physik- und Geschichtefragen aufgeteilt.Wenn Amelia mit Sicherheit 25% der Biologiefragen, 100% der Wirtschaftsfragen und 1/3 der Physik- und Geschichte korrekt erhält, wie viele Punkte werden sie sicher?",42
"In einem 80-Punkte-Quiz sind 25% der Fragen Physik, 15% Biologie und der Rest werden gleichermaßen als Geographie- und Literaturfragen unterteilt.Wenn Fatima mit Sicherheit 25% der biologischen Fragen, 40% der Physikfragen und einem achten der Geografie- und Literaturfragen korrekt erhält, wie viele Punkte werden sie sicher?",17
"Bei einem Quiz von 120 Punkten sind 30% der Fragen Geographie, 20% Algebra und der Rest sind gleichermaßen als Geschichte und Chemiefragen aufgeteilt.Wenn Gabrielle mit Sicherheit 25% der Algebra -Fragen, 50% der Geografiefragen und einem Zehntel der Geschichte und der Chemie korrekt erhält, wie viele Punkte werden sie sicher?",30
"In einem 80-Punkte-Quiz sind 35% der Fragen Geschichte, 15% Biologie und der Rest sind gleichermaßen als Algebra- und Geographie-Fragen unterteilt.Wenn Nadia mit Sicherheit 25% der biologischen Fragen, 75% der Verlaufsfragen und einem Achtel der Algebra- und Geographiefragen richtig erhält, wie viele Punkte erhalten sie sicher?",29
"In einem 80-Punkte-Quiz sind 25% der Fragen Physik, 15% Geometrie und der Rest sind gleichermaßen als Chemie- und Literaturfragen unterteilt.Wenn Chen mit Sicherheit 25% der Geometriefragen, 75% der Physikfragen und 1/8 der Chemie- und Literaturfragen korrekt erhält, wie viele Punkte werden sie sicher?",24
"Bei einem Quiz von 120 Punkten sind 30% der Fragen Wirtschaftlichkeit, 20% Physik und der Rest werden gleichermaßen als Literatur- und Biologiefragen unterteilt.Wenn Haruka mit Sicherheit 25% der Physikfragen, 100% der Wirtschaftsfragen und 1/2 der Fragen der Literatur und Biologie richtig erhält, wie viele Punkte werden sie sicher?",72
"Sakura strickt Winterkleidung für ihre 4 Enkelkinder.Sie sind Vierlinge, also sind sie alle gleich groß.Sie möchte für jeden von ihnen eine Weste, Strickjacke, Schal, Handschuhe und Fäustlinge machen.Es braucht 5 Wollstränge, um eine Weste zu machen, 4 für eine Strickjacke, 10 für einen Schal, 12 für ein Paar Handschuhe und 9 für ein Paar Fäustlinge.Sakura will zwei warme Jacken für sich selbst herstellen, die jeweils 4 Wollstränge benötigen.Jedes Dutzend Wolle kostet 9 US -Dollar.Das Geschäft hat eine Aktion, bei der Kunden einen Rabatt von 20 USD für Einkäufe über 100 US -Dollar erhalten.Wie viel sollte Sakura für alle Wollstränge, die sie braucht, bezahlen?",106
"Fatima strickt Winterkleidung für ihre 5 Enkelkinder.Sie sind Quintuplets, also sind sie alle gleich groß.Sie möchte für jeden von ihnen eine Mütze, Weste, Strickjacke, Handschuhe und Fäustlinge machen.Es braucht 4 Wollstränge, um eine Mütze zu machen, 6 für eine Weste, 8 für eine Strickjacke, 12 für ein Paar Handschuhe und 10 für ein Paar Fäustlinge.Fatima will zwei warme Jacken für sich selbst herstellen, die jeweils 8 Wollstränge benötigen.Jedes Dutzend Wolle kostet 8 US -Dollar.Das Geschäft hat eine Aktion, bei der Kunden einen Rabatt von 20 USD für Einkäufe über 100 US -Dollar erhalten.Wie viel sollte Fatima für alle Wollstränge, die sie braucht, bezahlen?",124
"Valeria strickt Winterkleidung für ihre 4 Enkelkinder.Sie sind Vierlinge, also sind sie alle gleich groß.Sie möchte für jeden von ihnen einen Tunika, Hut, Schal, Stiefeletten und Handschuhe machen.Es braucht 6 Wollstränge, um eine Tunika, 6 für einen Hut, 12 für einen Schal, 12 für ein Paar Stiefel und 13 für ein Paar Handschuhe zu machen.Valeria möchte zwei warme Jacken für sich selbst herstellen, die jeweils 4 Wollstränge benötigen.Jedes Dutzend Wolle kostet 9 US -Dollar.Das Geschäft hat eine Aktion, bei der Kunden einen Rabatt von 20 USD für Einkäufe über 100 US -Dollar erhalten.Wie viel sollte Valeria für alle Wollstränge, die sie braucht, bezahlen?",133
"Valentina strickt Winterkleidung für ihre 5 Enkelkinder.Sie sind Quintuplets, also sind sie alle gleich groß.Sie möchte für jeden von ihnen einen Schal, Tunika, Strickjacke, Stiefeletten und Handschuhe machen.Es braucht 5 Wollstränge, um einen Schal zu machen, 3 für eine Tunika, 9 für eine Strickjacke, 10 für ein Stiefelfleisch und 11 für ein Paar Handschuhe.Valentina möchte zwei warme Jacken für sich selbst herstellen, die jeweils 7 Wolle benötigen.Jedes Dutzend Wolle kostet 7 US -Dollar.Das Geschäft hat eine Aktion, bei der Kunden einen Rabatt von 20 USD für Einkäufe über 100 US -Dollar erhalten.Wie viel sollte Valentina für alle Wollstränge, die sie braucht, bezahlen?",99
"Uma strickt Winterkleidung für ihre 4 Enkelkinder.Sie sind Vierlinge, also sind sie alle gleich groß.Sie möchte für jeden von ihnen einen Schal, Hut, Strickjacke, Beinwärmer und Socken machen.Es braucht 5 Wollstränge, um einen Schal zu machen, 3 für einen Hut, 12 für eine Strickjacke, 11 für ein Paar Beinwärmer und 15 für ein Paar Socken.Uma will zwei warme Jacken für sich selbst machen, die jeweils 10 Wollstrahl benötigen.Jedes Dutzend Wolle kostet 9 US -Dollar.Das Geschäft hat eine Aktion, bei der Kunden einen Rabatt von 20 USD für Einkäufe über 100 US -Dollar erhalten.Wie viel sollte Uma für alle Wollstränge, die sie braucht, bezahlen?",133
"Roya strickt Winterkleidung für ihre 5 Enkelkinder.Sie sind Quintuplets, also sind sie alle gleich groß.Sie möchte für jeden eine Strickjacke, Poncho, Pullover, Socken und Fäustlinge herstellen.Es braucht 5 Wollstränge, um eine Strickjacke zu machen, 3 für einen Poncho, 8 für einen Pullover, 10 für ein Paar Socken und 14 für ein Paar Fäustlinge.Roya möchte zwei warme Jacken für sich selbst herstellen, die jeweils 8 Wolle benötigen.Jedes Dutzend Wolle kostet 8 US -Dollar.Das Geschäft hat eine Aktion, bei der Kunden einen Rabatt von 20 USD für Einkäufe über 100 US -Dollar erhalten.Wie viel sollte Roya für alle Wollstränge, die sie braucht, bezahlen?",124
"Gabrielle strickt Winterkleidung für ihre 5 Enkelkinder.Sie sind Quintuplets, also sind sie alle gleich groß.Sie möchte für jeden von Poncho, Pullover, Hut, Fäustlingen und Beinwärmen herstellen.Es braucht 6 Wollstränke, um einen Poncho zu machen, 3 für einen Pullover, 12 für einen Hut, 11 für ein Fäustlaber und 12 für ein Paar Beinwärmer.Gabrielle möchte zwei warme Jacken für sich selbst herstellen, die jeweils 10 Wollströme benötigen.Jedes Dutzend Wolle kostet 7 US -Dollar.Das Geschäft hat eine Aktion, bei der Kunden einen Rabatt von 20 USD für Einkäufe über 100 US -Dollar erhalten.Wie viel sollte Gabrielle für alle Wollstränge, die sie braucht, bezahlen?",120
"Jasmine strickt Winterkleidung für ihre 5 Enkelkinder.Sie sind Quintuplets, also sind sie alle gleich groß.Sie möchte für jeden Poncho, eine Strickjacke, Tunika, Stiefeletten und Fäustlinge herstellen.Es braucht 6 Wollstränge, um einen Poncho zu machen, 4 für eine Strickjacke, 10 für eine Tunika, 12 für ein Paar Stiefel und 10 für ein Paar Fäustlinge.Jasmine will zwei warme Jacken für sich selbst machen, die jeweils 9 Wollstränge benötigen.Jedes Dutzend Wolle kostet 6 US -Dollar.Das Geschäft hat eine Aktion, bei der Kunden einen Rabatt von 20 USD für Einkäufe über 100 US -Dollar erhalten.Wie viel sollte Jasmine für alle Wollstränge, die sie braucht, bezahlen?",94
"Kayla strickt Winterkleidung für ihre 5 Enkelkinder.Sie sind Quintuplets, also sind sie alle gleich groß.Sie möchte für jeden Poncho, Pullover, Tunika, Beinwärmer und Fäustlinge machen.Es braucht 3 Wollstränge, um einen Poncho zu machen, 3 für einen Pullover, 10 für eine Tunika, 10 für ein Beinwärmer und 10 für ein Paar Fäustlinge.Kayla will zwei warme Jacken für sich selbst herstellen, die jeweils 6 Wollstränge benötigen.Jedes Dutzend Wolle kostet 8 US -Dollar.Das Geschäft hat eine Aktion, bei der Kunden einen Rabatt von 20 USD für Einkäufe über 100 US -Dollar erhalten.Wie viel sollte Kayla für alle Wollstränge, die sie braucht, bezahlen?",108
"Tara strickt Winterkleidung für ihre 4 Enkelkinder.Sie sind Vierlinge, also sind sie alle gleich groß.Sie möchte für jeden von ihnen eine Mütze, Strickjacke, Schal, Stiefeletten und Handschuhe machen.Es braucht 5 Wollstränge, um eine Mütze zu machen, 5 für eine Strickjacke, 12 für einen Schal, 8 für ein Paar Stiefeletten und 15 für ein Paar Handschuhe.Tara möchte zwei warme Jacken für sich selbst machen, die jeweils 6 Wolle -Strang benötigen.Jedes Dutzend Wolle kostet 8 US -Dollar.Das Geschäft hat eine Aktion, bei der Kunden einen Rabatt von 20 USD für Einkäufe über 100 US -Dollar erhalten.Wie viel sollte Tara für alle Wollstränge, die sie braucht, bezahlen?",108
"In Frau Johnsons Klasse von 100 Schülern sind 46% der Klasse Fußballspieler.Aus der verbleibenden Klasse sind 50% der Schüler Robotics Club -Mitglieder oder Teil der Tänzer.Diese drei Gruppen von Studenten müssen heute früh abreisen, um zu einem Auswärtswettbewerb zu reisen.Die Hälfte der Fußballspieler fehlt, weil sie krank sind.Außerdem werden 3 Cheerleader jede dieser Gruppen begleiten.Wie viele Schüler überlassen früh den Wettbewerb?",59
"In Frau Johnsons Klasse von 150 Schülern sind 40% der Klasse Fußballspieler.Aus der verbleibenden Klasse sind 30% der Schüler Tänzer oder Teil der Chormitglieder.Diese drei Gruppen von Studenten müssen heute früh abreisen, um zu einem Auswärtswettbewerb zu reisen.Die Hälfte der Fußballspieler fehlt, weil sie krank sind.Außerdem werden 3 Cheerleader jede dieser Gruppen begleiten.Wie viele Schüler überlassen früh den Wettbewerb?",66
"In Frau Garcias Klasse von 160 Schülern sind 50% der Klasse Schwimmer.Aus der verbleibenden Klasse sind 35% der Schüler Debattenteammitglieder oder Teil der Tänzer.Diese drei Gruppen von Studenten müssen heute früh abreisen, um zu einem Auswärtsturnier zu reisen.Die Hälfte der Schwimmer fehlt, weil sie krank sind.Außerdem werden 3 Cheerleader jede dieser Gruppen begleiten.Wie viele Studenten gehen früh zum Turnier?",77
"In Frau Johnsons Klasse von 20 Schülern sind 20% der Klasse Fußballspieler.Aus der verbleibenden Klasse sind 50% der Schüler Debattenteammitglieder oder Teil der Chormitglieder.Diese drei Gruppen von Studenten müssen heute früh abreisen, um zu einem Auswärtswettbewerb zu reisen.Die Hälfte der Fußballspieler fehlt, weil sie krank sind.Außerdem werden 3 Cheerleader jede dieser Gruppen begleiten.Wie viele Schüler überlassen früh den Wettbewerb?",19
"In Dr. Lees Klasse von 104 Schülern sind 50% der Klasse Volleyballspieler.Von der verbleibenden Klasse sind 25% der Schüler Robotics Club -Mitglieder oder Teil der Chormitglieder.Diese drei Gruppen von Studenten müssen heute früh abreisen, um zu einem Auswärtswettbewerb zu reisen.Die Hälfte der Volleyballspieler fehlt, weil sie krank sind.Außerdem werden 3 Cheerleader jede dieser Gruppen begleiten.Wie viele Schüler überlassen früh den Wettbewerb?",48
"In Mr. Smiths Klasse von 80 Schülern sind 20% der Klasse Basketballspieler.Aus der verbleibenden Klasse sind 50% der Schüler Tänzer oder Teil der Mitglieder des Debattenteams.Diese drei Gruppen von Studenten müssen heute früh abreisen, um zu einem Auswärtsturnier zu reisen.Die Hälfte der Basketballspieler ist nicht vorhanden, weil sie krank sind.Außerdem werden 3 Cheerleader jede dieser Gruppen begleiten.Wie viele Studenten gehen früh zum Turnier?",49
"In Frau Garcias Klasse von 84 Schülern sind 50% der Klasse Schwimmer.Aus der verbleibenden Klasse sind 50% der Schüler Debattenteammitglieder oder Teil der Chormitglieder.Diese drei Gruppen von Studenten müssen heute früh abreisen, um zu einem Auswärtsturnier zu reisen.Die Hälfte der Schwimmer fehlt, weil sie krank sind.Außerdem werden 3 Cheerleader jede dieser Gruppen begleiten.Wie viele Studenten gehen früh zum Turnier?",51
"In Frau Johnsons Klasse von 50 Schülern sind 52% der Klasse Fußballspieler.Aus der verbleibenden Klasse sind 50% der Schüler Debatten -Teammitglieder oder Teil der Robotics Club -Mitglieder.Diese drei Gruppen von Studenten müssen heute früh abreisen, um zu einem Auswärtswettbewerb zu reisen.Die Hälfte der Fußballspieler fehlt, weil sie krank sind.Außerdem werden 3 Cheerleader jede dieser Gruppen begleiten.Wie viele Schüler überlassen früh den Wettbewerb?",34
"In Dr. Lees Klasse von 120 Schülern sind 25% der Klasse Volleyballspieler.Von der verbleibenden Klasse sind 30% der Schüler Debattenteammitglieder oder Teil der Tänzer.Diese drei Gruppen von Studenten müssen heute früh abreisen, um zu einem Auswärtswettbewerb zu reisen.Die Hälfte der Volleyballspieler fehlt, weil sie krank sind.Außerdem werden 3 Cheerleader jede dieser Gruppen begleiten.Wie viele Schüler überlassen früh den Wettbewerb?",51
"In Mr. Smiths Klasse von 125 Schülern sind 40% der Klasse Basketballspieler.Von der verbleibenden Klasse sind 24% der Schüler Robotics Club -Mitglieder oder Teil der Chormitglieder.Diese drei Gruppen von Studenten müssen heute früh abreisen, um zu einem Auswärtsturnier zu reisen.Die Hälfte der Basketballspieler ist nicht vorhanden, weil sie krank sind.Außerdem werden 3 Cheerleader jede dieser Gruppen begleiten.Wie viele Studenten gehen früh zum Turnier?",52
