question,answer_number
"সাকুরা অবকাশের জন্য বোর্ডওয়াকে গিয়েছিলেন।তার বাবা -মা তাকে যা চান তা কিনতে 1300 ডলার দিয়েছিলেন।উপহারের দোকানে, সল্টওয়াটার ট্যাফি ""প্রতি কেজি প্রতি 22 ডলারে 16 কেজি কিনুন, 4 কেজি 1/4 ছাড় পান।""তিনি 22 কেজি স্কুপ করেছেন।তিনি স্টারফিশের মিশ্র ব্যাগটি 11.0 ডলার এবং 12 টি কীচেইনের জন্যও কিনেছিলেন যা প্রতি 20.0 ডলার ছিল।সাকুরা তারপরে একটি দাতব্য স্ট্যান্ডে 5 ডলার দান করেছিল।সাকুরা কত টাকা রেখেছে?",582
"কায়লা ছুটির জন্য পিয়ারে গেলেন।তার বাবা -মা তাকে যা চান তা কিনতে ₺1400 দিয়েছেন।সৈকত শপে, রক ক্যান্ডি বিক্রি ছিল ""প্রতি কেজি প্রতি কেজি 16 কেজি কিনুন, 6 কেজি 2/3 ছাড় পান।""তিনি 23 কেজি স্কুপ করেছেন।তিনি ₺11.0 এবং 14 স্টিকারের জন্য সমুদ্রের কাচের একটি মিশ্র ব্যাগও কিনেছিলেন যা প্রতিটি ₺20.5 ছিল।কায়লা এরপরে একটি দাতব্য প্রতিষ্ঠানে ₺5 দান করেছিলেন।কায়লা কত টাকা রেখেছে?",679
"চেন অবকাশের জন্য বোর্ডওয়াকে গিয়েছিলেন।তার বাবা -মা তাকে যা চান তা কিনতে 1300 ডলার দিয়েছেন।উপহারের দোকানে, সল্টওয়াটার ট্যাফি ""প্রতি কেজি প্রতি 22 ডলারে 16 কেজি কিনুন, 6 কেজি 1/4 ছাড় পান।""তিনি 23 কেজি স্কুপ করেছেন।তিনি স্টারফিশের মিশ্র ব্যাগটি 11.0 ডলার এবং 11 টি কীচেনগুলিতেও কিনেছিলেন যা প্রতি 21.0 ডলার ছিল।চেন তারপরে একটি দাতব্য স্ট্যান্ডে $ 5 দান করেছিলেন।চেন কত টাকা রেখেছেন?",580
"ফাতিমা ছুটির জন্য পিয়ারে গেলেন।তার বাবা -মা তাকে যা চান তা কিনতে 1200 ডলার দিয়েছেন।সৈকত শপে, রক ক্যান্ডি বিক্রি ছিল ""প্রতি কেজি 20 কেজি 16 কেজি কিনুন, 6 কেজি 1/3 ছাড় পান।""তিনি 23 কেজি স্কুপ করেছেন।তিনি ₣ 11.0 এবং 13 স্টিকারের জন্য সমুদ্রের কাচের একটি মিশ্র ব্যাগও কিনেছিলেন যা প্রতি 20.0 ডলার ছিল।ফাতিমা তারপরে একটি দাতব্য প্রতিষ্ঠানে ₣ 5 অনুদান দিয়েছিল।ফাতেমা কত টাকা রেখেছেন?",504
"আভা অবকাশের জন্য উপকূলে গিয়েছিল।তার বাবা -মা তাকে যা চান তা কিনতে 1400 ডলার দিয়েছিলেন।সমুদ্র উপকূলের দোকানে, কটন ক্যান্ডি বিক্রি ছিল ""প্রতি পাউন্ডে 17 পাউন্ড কিনুন, 4 পাউন্ড 1/2 ছাড় পান।""তিনি 23 পাউন্ড স্কুপ করেছেন।তিনি 11.0 ডলার এবং 18 টি পিনের জন্য প্রবাল টুকরাগুলির একটি মিশ্র ব্যাগও কিনেছিলেন যা প্রতি 20.5 ডলার ছিল।আভা তারপরে একটি দাতব্য স্ট্যান্ডে $ 5 অনুদান দিয়েছিল।আভা কত টাকা রেখেছে?",553
"ভ্যালেরিয়া ছুটিতে উপকূলে গিয়েছিল।তার বাবা -মা তাকে যা চান তা কিনতে 1300 ডলার দিয়েছিলেন।সমুদ্র উপকূলের দোকানে, কটন ক্যান্ডি বিক্রি ছিল ""প্রতি পাউন্ডে 15 পাউন্ড কিনুন, 5 পাউন্ড 1/3 ছাড় পান।""তিনি 23 পাউন্ড স্কুপ করেছেন।তিনি 11.0 ডলার এবং 11 টি পিনের জন্য প্রবাল টুকরাগুলির একটি মিশ্র ব্যাগও কিনেছিলেন যা প্রতি 21.0 ডলার ছিল।ভ্যালেরিয়া তারপরে একটি দাতব্য স্ট্যান্ডে 5 ডলার দান করেছিল।ভ্যালেরিয়া কত টাকা রেখেছে?",605
"সোফিয়া ছুটির জন্য পিয়ারে গিয়েছিল।তার বাবা -মা তাকে যা চান তা কিনতে ₺1400 দিয়েছেন।সৈকত শপে, রক ক্যান্ডি বিক্রি ছিল ""প্রতি কেজি প্রতি কেজি 17 কেজি কিনুন, 5 কেজি 1/2 ছাড় পান।""তিনি 23 কেজি স্কুপ করেছেন।তিনি ₺11.0 এবং 13 টি স্টিকারের জন্য সমুদ্রের কাচের একটি মিশ্র ব্যাগও কিনেছিলেন যা প্রতিটি ₺20.0 ছিল।সোফিয়া তারপরে একটি দাতব্য স্ট্যান্ডে ₺5 দান করেছিল।সোফিয়া কত টাকা রেখেছে?",714
"মেই ছুটির জন্য সৈকতে গেলেন।তার বাবা -মা তাকে যা চান তা কিনতে 1300 ডলার দিয়েছেন।স্যুভেনির স্টোরে, ফজ ""প্রতি কেজি প্রতি 23 ডলারে 15 কেজি কিনুন, 4 কেজি 1/4 ছাড় পান"" এর জন্য বিক্রি ছিল।তিনি 20 কিলোগ্রাম স্কুপ করেছেন।তিনি 11.0 ডলার এবং 14 টি পোস্টকার্ডের জন্য বালির ডলারের মিশ্র ব্যাগও কিনেছিলেন যা প্রতি 21.0 ডলার ছিল।মী তারপরে একটি দাতব্য স্ট্যান্ডে 5 ডলার দান করেছিলেন।মেই কত টাকা রেখেছেন?",553
"সোফিয়া ছুটির জন্য পিয়ারে গিয়েছিল।তার বাবা -মা তাকে যা চান তা কিনতে ₺1400 দিয়েছেন।সৈকত শপে, রক ক্যান্ডি বিক্রি ছিল ""প্রতি কেজি প্রতি 15 কেজি কিনুন, 6 কেজি 1/3 ছাড় পান।""তিনি 23 কিলোগ্রাম স্কুপ করেছেন।তিনি ₺11.0 এবং 18 টি স্টিকারের জন্য সমুদ্রের কাচের একটি মিশ্র ব্যাগও কিনেছিলেন যা প্রতিটি ₺20.5 ছিল।সোফিয়া তারপরে একটি দাতব্য স্ট্যান্ডে ₺5 দান করেছিল।সোফিয়া কত টাকা রেখেছে?",532
"তারা ছুটির জন্য বোর্ডওয়াক গিয়েছিল।তার বাবা -মা তাকে যা চান তা কিনতে 1200 ডলার দিয়েছেন।উপহারের দোকানে, সল্টওয়াটার ট্যাফি ""প্রতি কেজি 22 এ 17 কেজি কিনুন, 4 কেজি 1/4 ছাড় পান"" এর জন্য বিক্রি ছিল।তিনি 23 কেজি স্কুপ করেছেন।তিনি স্টারফিশের একটি মিশ্র ব্যাগও কিনেছিলেন ₣ 11.0 এবং 12 কীচেন যা প্রতিটি ₣ 20.0 ছিল।তারার পরে পথের একটি দাতব্য স্ট্যান্ডে 5 ডলার অনুদান দেওয়া হয়েছিল।তারা কত টাকা রেখেছেন?",460
"একজন কৃষক তার গরুর জন্য ফিড কিনছেন।তিনি বিভিন্ন ধরণের আপেল, খড়, শসা এবং ভুট্টা কিনে।যেহেতু ভুট্টা একটি বিরল ট্রিট, তাই তিনি পুরো স্থিতিশীল জন্য কেবল তাদের চারটি 6 পাউন্ড বাক্স কিনে।তিনি কেবল শাকসব্জী তাজা থাকাকালীন গরু খাওয়ানোর জন্য পর্যাপ্ত শসা চান, তাই তিনি চৌদ্দটি 8 পাউন্ড ব্যাগ কিনে।আপেলগুলি তার গরুর প্রধান ডায়েট, তাই তিনি পঁয়ত্রিশটি 42 পাউন্ডের প্যাক কিনেছেন।খড় আপেল পরিপূরক করার জন্য একটি প্রধান, তাই তিনি আঠারো 18 পাউন্ডের বস্তা কিনে।অবশেষে, তিনি 43 পাউন্ড মুদি, এবং 27 পাউন্ড সরঞ্জাম এবং 100 পাউন্ড কাঠ কিনে।একটি ফার্ম ট্রাক একবারে 140 পাউন্ড বহন করতে পারে।যদি কৃষকের তিনটি ট্রাক থাকে তবে কৃষকের সমস্ত কেনা আইটেম পরিবহন করতে কতগুলি ট্রিপ প্রয়োজন?",5
"একজন কৃষক তার ভেড়ার জন্য ফিড কিনছেন।তিনি বিভিন্ন গম, ভুট্টা, বিট এবং ওট কিনে।যেহেতু ওটগুলি একটি বিরল ট্রিট, তাই তিনি পুরো স্থিতিশীলতার জন্য কেবল তাদের পাঁচটি 3-কেজি বাক্স কিনে।শাকসব্জী তাজা থাকাকালীন তিনি কেবল মেষগুলি খাওয়ানোর জন্য পর্যাপ্ত বীট চান, তাই তিনি এগারো 7 কেজি ব্যাগ কিনে।গম হ'ল তার ভেড়ার প্রধান ডায়েট, তাই তিনি ত্রিশটি চারটি 44 কেজি প্যাক কিনেছেন।ভুট্টা গমের পরিপূরক হিসাবে একটি প্রধান, তাই তিনি আঠার 19-কেজি বস্তা কিনে।অবশেষে, তিনি 43 কেজি মুদি, এবং 27 কেজি সরঞ্জাম এবং 100 কেজি কাঠ কিনে।একটি ফার্ম ট্রাক একবারে 140 কেজি বহন করতে পারে।যদি কৃষকের তিনটি ট্রাক থাকে তবে কৃষকের সমস্ত কেনা আইটেম পরিবহন করতে কতগুলি ট্রিপ প্রয়োজন?",5
"একজন কৃষক তার গরুর জন্য ফিড কিনছেন।তিনি বিভিন্ন গম, ওট, গাজর এবং ভুট্টা কিনে।যেহেতু ভুট্টা একটি বিরল ট্রিট, তাই তিনি কেবল পুরো স্থিতিশীলতার জন্য সেগুলির সাতটি 5 কেজি বাক্স কিনেছেন।শাকসব্জী তাজা থাকাকালীন তিনি কেবল গরু খাওয়ানোর জন্য পর্যাপ্ত গাজর চান, তাই তিনি এগারো 7 কেজি ব্যাগ কিনে।গম হ'ল তার গরুর প্রধান ডায়েট, তাই তিনি ত্রিশটি চারটি 39-কেজি প্যাক কিনেছেন।গম পরিপূরক করার জন্য ওটস একটি প্রধান, তাই তিনি উনিশ 18 কেজি বস্তা কিনে।অবশেষে, তিনি 43 কেজি মুদি, এবং 27 কেজি সরঞ্জাম এবং 100 কেজি কাঠ কিনে।একটি ফার্ম ট্রাক একবারে 130 কেজি বহন করতে পারে।যদি কৃষকের তিনটি ট্রাক থাকে তবে কৃষকের সমস্ত কেনা আইটেম পরিবহন করতে কতগুলি ট্রিপ প্রয়োজন?",5
"একজন কৃষক তার গরুর জন্য ফিড কিনছেন।তিনি বিভিন্ন খড়, গম, গাজর এবং আপেল কিনে।যেহেতু আপেলগুলি একটি বিরল ট্রিট, তাই তিনি পুরো স্থিতিশীলতার জন্য কেবল তাদের পাঁচটি 7 পাউন্ড বাক্স কিনেছেন।শাকসব্জী তাজা থাকাকালীন তিনি কেবল গরু খাওয়ানোর জন্য পর্যাপ্ত গাজর চান, তাই তিনি চৌদ্দটি 5 পাউন্ড ব্যাগ কিনে।খড় তার গরুর প্রধান ডায়েট, তাই তিনি পঁয়ত্রিশটি 44 পাউন্ডের প্যাক কিনেছেন।গম খড়ের পরিপূরক হিসাবে একটি প্রধান, তাই তিনি উনিশ 15 পাউন্ডের বস্তা কিনে।অবশেষে, তিনি 43 পাউন্ড মুদি, এবং 27 পাউন্ড সরঞ্জাম এবং 100 পাউন্ড কাঠ কিনে।একটি ফার্ম ট্রাক একবারে 100 পাউন্ড বহন করতে পারে।যদি কৃষকের তিনটি ট্রাক থাকে তবে কৃষকের সমস্ত কেনা আইটেম পরিবহন করতে কতগুলি ট্রিপ প্রয়োজন?",7
"একজন কৃষক তার ভেড়ার জন্য ফিড কিনছেন।তিনি বিভিন্ন ধরণের আপেল, গম, গাজর এবং ওট কিনে।যেহেতু ওটগুলি একটি বিরল ট্রিট, তাই তিনি পুরো স্থিতিশীলতার জন্য কেবল তাদের আটটি 7 পাউন্ড বাক্স কিনেছেন।শাকসব্জী তাজা থাকাকালীন তিনি কেবল পর্যাপ্ত গাজর খাওয়ানোর জন্য পর্যাপ্ত গাজর চান, তাই তিনি বারো 6 পাউন্ড ব্যাগ কিনে।আপেলগুলি তার ভেড়ার প্রধান ডায়েট, তাই তিনি ত্রিশটি 43 পাউন্ডের প্যাক কিনেছেন।গম আপেল পরিপূরক করার জন্য একটি প্রধান, তাই তিনি আঠারো 17 পাউন্ডের বস্তা কিনে।অবশেষে, তিনি 43 পাউন্ড মুদি, এবং 27 পাউন্ড সরঞ্জাম এবং 100 পাউন্ড কাঠ কিনে।একটি খামার ট্রাক একবারে 110 পাউন্ড বহন করতে পারে।যদি কৃষকের তিনটি ট্রাক থাকে তবে কৃষকের সমস্ত কেনা আইটেম পরিবহন করতে কতগুলি ট্রিপ প্রয়োজন?",6
"একজন কৃষক তার আল্পাকাসের জন্য ফিড কিনছেন।তিনি বিভিন্ন ধরণের আপেল, গম, শসা এবং খড় কিনে।যেহেতু খড় একটি বিরল ট্রিট, তাই তিনি পুরো স্থিতিশীল জন্য কেবল তাদের ছয়টি 3 পাউন্ড বাক্স কিনে।তিনি কেবল শাকসব্জী তাজা থাকাকালীন আলপ্যাকাসকে খাওয়ানোর জন্য পর্যাপ্ত শসা চান, তাই তিনি পনেরো 8 পাউন্ড ব্যাগ কিনেছেন।আপেলগুলি তার আলপাকাসের প্রধান ডায়েট, তাই তিনি ত্রিশটি চারটি 43 পাউন্ডের প্যাক কিনেছেন।গম আপেল পরিপূরক করার জন্য একটি প্রধান, তাই তিনি আঠারো 15 পাউন্ডের বস্তা কিনে।অবশেষে, তিনি 43 পাউন্ড মুদি, এবং 27 পাউন্ড সরঞ্জাম এবং 100 পাউন্ড কাঠ কিনে।একটি ফার্ম ট্রাক একবারে 170 পাউন্ড বহন করতে পারে।যদি কৃষকের তিনটি ট্রাক থাকে তবে কৃষকের সমস্ত কেনা আইটেম পরিবহন করতে কতগুলি ট্রিপ প্রয়োজন?",4
"একজন কৃষক তার আল্পাকাসের জন্য ফিড কিনছেন।তিনি বিভিন্ন ধরণের আপেল, গম, বিট এবং খড় কিনেছেন।যেহেতু খড় একটি বিরল ট্রিট, তাই তিনি পুরো স্থিতিশীল জন্য কেবল তাদের ছয়টি পাউন্ড বাক্স কিনেছেন।তিনি কেবল শাকসব্জী তাজা থাকাকালীন আলপ্যাকাসকে খাওয়ানোর জন্য পর্যাপ্ত বীট চান, তাই তিনি এগারোটি 6 পাউন্ড ব্যাগ কিনে।আপেলগুলি তার আলপাকাসের প্রধান ডায়েট, তাই তিনি ত্রিশটি চারটি 43 পাউন্ডের প্যাক কিনেছেন।গম আপেল পরিপূরক করার জন্য একটি প্রধান, তাই তিনি বিশটি 18 পাউন্ডের বস্তা কিনে।অবশেষে, তিনি 43 পাউন্ড মুদি, এবং 27 পাউন্ড সরঞ্জাম এবং 100 পাউন্ড কাঠ কিনে।একটি ফার্ম ট্রাক একবারে 100 পাউন্ড বহন করতে পারে।যদি কৃষকের তিনটি ট্রাক থাকে তবে কৃষকের সমস্ত কেনা আইটেম পরিবহন করতে কতগুলি ট্রিপ প্রয়োজন?",7
"একজন কৃষক তার ভেড়ার জন্য ফিড কিনছেন।তিনি বিভিন্ন গম, ওট, গাজর এবং আপেল কিনে।যেহেতু আপেলগুলি একটি বিরল ট্রিট, তাই তিনি পুরো স্থিতিশীলতার জন্য কেবল তাদের আটটি 4 পাউন্ড বাক্স কিনেছেন।শাকসব্জী তাজা থাকাকালীন তিনি কেবল পর্যাপ্ত গাজর খাওয়ানোর জন্য পর্যাপ্ত গাজর চান, তাই তিনি বারো 6 পাউন্ড ব্যাগ কিনে।গম হ'ল তার মেষের প্রধান ডায়েট, তাই তিনি ত্রিশটি 42 পাউন্ডের প্যাক কিনেছেন।গম পরিপূরক করার জন্য ওটস একটি প্রধান, তাই তিনি বিশটি 16 পাউন্ডের বস্তা কিনে।অবশেষে, তিনি 43 পাউন্ড মুদি, এবং 27 পাউন্ড সরঞ্জাম এবং 100 পাউন্ড কাঠ কিনে।একটি খামার ট্রাক একবারে 110 পাউন্ড বহন করতে পারে।যদি কৃষকের তিনটি ট্রাক থাকে তবে কৃষকের সমস্ত কেনা আইটেম পরিবহন করতে কতগুলি ট্রিপ প্রয়োজন?",6
"একজন কৃষক তার ভেড়ার জন্য ফিড কিনছেন।তিনি বিভিন্ন ধরণের আপেল, ওট, গাজর এবং খড় কিনে।যেহেতু খড় একটি বিরল ট্রিট, তাই তিনি পুরো স্থিতিশীলতার জন্য কেবল তাদের পাঁচটি 6 পাউন্ড বাক্স কিনেছেন।শাকসব্জী তাজা থাকাকালীন তিনি কেবল পর্যাপ্ত গাজর খাওয়ানোর জন্য পর্যাপ্ত গাজর চান, তাই তিনি চৌদ্দটি 6 পাউন্ডের ব্যাগ কিনেছেন।আপেলগুলি তার মেষের প্রধান ডায়েট, তাই তিনি ত্রিশটি 38 পাউন্ডের প্যাক কিনেছেন।ওটগুলি আপেল পরিপূরক করার জন্য একটি প্রধান, তাই তিনি বিশটি 15 পাউন্ডের বস্তা কিনে।অবশেষে, তিনি 43 পাউন্ড মুদি, এবং 27 পাউন্ড সরঞ্জাম এবং 100 পাউন্ড কাঠ কিনে।একটি খামার ট্রাক একবারে 150 পাউন্ড বহন করতে পারে।যদি কৃষকের তিনটি ট্রাক থাকে তবে কৃষকের সমস্ত কেনা আইটেম পরিবহন করতে কতগুলি ট্রিপ প্রয়োজন?",4
"একজন কৃষক তার গরুর জন্য ফিড কিনছেন।তিনি বিভিন্ন খড়, গম, শসা এবং ভুট্টা কিনে।যেহেতু ভুট্টা একটি বিরল ট্রিট, তাই তিনি পুরো স্থিতিশীল জন্য কেবল তাদের ছয়টি 5 কেজি বাক্স কিনে।তিনি কেবল শাকসব্জী তাজা থাকাকালীন গরু খাওয়ানোর জন্য পর্যাপ্ত শসা চান, তাই তিনি পনেরো 8 কেজি ব্যাগ কিনে।খড় তার গরুর প্রধান ডায়েট, তাই তিনি পঁয়ত্রিশটি 35 কেজি প্যাক কিনেছেন।গম খড়ের পরিপূরক হিসাবে একটি প্রধান, তাই তিনি সতেরো 15 কেজি বস্তা কিনে।অবশেষে, তিনি 43 কেজি মুদি, এবং 27 কেজি সরঞ্জাম এবং 100 কেজি কাঠ কিনে।একটি ফার্ম ট্রাক একবারে 120 কেজি বহন করতে পারে।যদি কৃষকের তিনটি ট্রাক থাকে তবে কৃষকের সমস্ত কেনা আইটেম পরিবহন করতে কতগুলি ট্রিপ প্রয়োজন?",5
"একটি কুয়াশা ব্যাংক একটি শহর cover াকতে সমুদ্র থেকে রোল করে।শহরের প্রতি 3 মাইল cover াকতে 30 মিনিট সময় লাগে।তবে, আমরা জানি যে বাতাসের গতি এক ঘন্টার মধ্যে অর্ধেক হতে চলেছে।শহরটি যদি সমুদ্রেরফ্রন্ট থেকে বিপরীত অভ্যন্তরীণ প্রান্ত পর্যন্ত 72 মাইল দূরে থাকে তবে কুয়াশার ব্যাংকে শহরের এক চতুর্থাংশ cover াকতে কত মিনিট সময় লাগবে?",300
"একটি কুয়াশা ব্যাংক একটি শহর cover াকতে সমুদ্র থেকে রোল করে।শহরের প্রতি 10 মাইল কভার করতে 75 মিনিট সময় লাগে।তবে, আমরা জানি যে বাতাসের গতি এক ঘন্টার মধ্যে অর্ধেক হতে চলেছে।যদি শহরটি সমুদ্রেরফ্রন্ট থেকে বিপরীত অভ্যন্তরীণ প্রান্ত পর্যন্ত 72 মাইল দূরে থাকে তবে কুয়াশা ব্যাংকে শহরের 1/4 কভার করতে কত মিনিট সময় লাগবে?",210
"একটি কুয়াশা ব্যাংক একটি শহর cover াকতে সমুদ্র থেকে রোল করে।শহরের প্রতি 3 মাইল cover াকতে 60 মিনিট সময় লাগে।তবে, আমরা জানি যে বাতাসের গতি এক ঘন্টার মধ্যে অর্ধেক হতে চলেছে।শহরটি যদি সমুদ্রেরফ্রন্ট থেকে বিপরীত অভ্যন্তরীণ প্রান্ত পর্যন্ত 54 মাইল দূরে থাকে তবে কুয়াশার ব্যাংকে শহরের 1/3 কভার করতে কত মিনিট সময় লাগবে?",660
"একটি কুয়াশা ব্যাংক একটি শহর cover াকতে সমুদ্র থেকে রোল করে।শহরের প্রতি 6 মাইল cover াকতে 60 মিনিট সময় লাগে।তবে, আমরা জানি যে বাতাসের গতি এক ঘন্টার মধ্যে অর্ধেক হতে চলেছে।যদি শহরটি সমুদ্রেরফ্রন্ট থেকে বিপরীত অভ্যন্তরীণ প্রান্ত পর্যন্ত 72 মাইল দূরে থাকে তবে কুয়াশার ব্যাংকে শহরের 1/3 কভার করতে কত মিনিট সময় লাগবে?",420
"একটি কুয়াশা ব্যাংক একটি শহর cover াকতে সমুদ্র থেকে রোল করে।শহরের প্রতি 5 মাইল cover াকতে 25 মিনিট সময় লাগে।তবে, আমরা জানি যে বাতাসের গতি এক ঘন্টার মধ্যে অর্ধেক হতে চলেছে।শহরটি যদি সমুদ্রেরফ্রন্ট থেকে বিপরীত অভ্যন্তরীণ প্রান্ত পর্যন্ত 54 মাইল দূরে থাকে তবে কুয়াশার ব্যাংকে শহরের 1/2 কভার করতে কত মিনিট সময় লাগবে?",210
"একটি কুয়াশা ব্যাংক একটি শহর cover াকতে সমুদ্র থেকে রোল করে।শহরের প্রতি 3 মাইল cover াকতে 90 মিনিট সময় লাগে।তবে, আমরা জানি যে বাতাসের গতি এক ঘন্টার মধ্যে অর্ধেক হতে চলেছে।যদি শহরটি সমুদ্রেরফ্রন্ট থেকে বিপরীত অভ্যন্তরীণ প্রান্ত পর্যন্ত 78 মাইল দূরে থাকে তবে কুয়াশার ব্যাংকে শহরের এক তৃতীয়াংশ cover াকতে কত মিনিট সময় লাগবে?",1500
"একটি কুয়াশা ব্যাংক একটি শহর cover াকতে সমুদ্র থেকে রোল করে।শহরের প্রতি 13 মাইল কভার করতে 30 মিনিট সময় লাগে।তবে, আমরা জানি যে বাতাসের গতি এক ঘন্টার মধ্যে অর্ধেক হতে চলেছে।যদি শহরটি সমুদ্রেরফ্রন্ট থেকে বিপরীত অভ্যন্তরীণ প্রান্ত পর্যন্ত 78 মাইল দূরে থাকে তবে কুয়াশার ব্যাংকে শহরের 1/2 কভার করতে কত মিনিট সময় লাগবে?",120
"একটি কুয়াশা ব্যাংক একটি শহর cover াকতে সমুদ্র থেকে রোল করে।শহরের প্রতি 3 মাইল cover াকতে 15 মিনিট সময় লাগে।তবে, আমরা জানি যে বাতাসের গতি এক ঘন্টার মধ্যে অর্ধেক হতে চলেছে।শহরটি যদি ওশানফ্রন্ট থেকে বিপরীত অভ্যন্তরীণ প্রান্ত পর্যন্ত 96 মাইল দূরে থাকে তবে কুয়াশার ব্যাংকে শহরের এক চতুর্থাংশ cover াকতে কত মিনিট সময় লাগবে?",180
"একটি কুয়াশা ব্যাংক একটি শহর cover াকতে সমুদ্র থেকে রোল করে।শহরের প্রতি 3 মাইল cover াকতে 20 মিনিট সময় লাগে।তবে, আমরা জানি যে বাতাসের গতি এক ঘন্টার মধ্যে অর্ধেক হতে চলেছে।শহরটি যদি ওশানফ্রন্ট থেকে বিপরীত অভ্যন্তরীণ প্রান্ত পর্যন্ত 72 মাইল দূরে থাকে তবে কুয়াশার ব্যাংকে শহরের এক তৃতীয়াংশ cover াকতে কত মিনিট সময় লাগবে?",260
"একটি কুয়াশা ব্যাংক একটি শহর cover াকতে সমুদ্র থেকে রোল করে।শহরের প্রতি 3 মাইল cover াকতে 15 মিনিট সময় লাগে।তবে, আমরা জানি যে বাতাসের গতি এক ঘন্টার মধ্যে অর্ধেক হতে চলেছে।শহরটি যদি ওশানফ্রন্ট থেকে বিপরীত অভ্যন্তরীণ প্রান্ত পর্যন্ত 96 মাইল দূরে থাকে তবে কুয়াশার ব্যাংকে শহরের 1/2 কভার করতে কত মিনিট সময় লাগবে?",420
"এমা তার প্রিয় হাঁটার ট্রেইলে প্রতিদিন 32 কিলোমিটার হাঁটেন, এতে সৈকতে 14 কিলোমিটার হাঁটা এবং ফুটপাতের উপর 18 কিলোমিটার হাঁটার অন্তর্ভুক্ত রয়েছে।ফুটপাতে, এমা সৈকতে যে গতির গতির হারে তিনগুণ বেড়েছে।তবে সাম্প্রতিক আঘাতের কারণে এমার গতি সৈকত এবং ফুটপাত উভয়ই অর্ধেক হ্রাস পেয়েছে।যদি তার হাঁটাচলা 56 মিনিটের সৈকতে ব্যয় করা হয় তবে পুরো 32 কিলোমিটার হাঁটাচলা শেষ করতে তার কতক্ষণ সময় লাগে?",80
"অলিভিয়া তার প্রিয় হাঁটার ট্রেইলে প্রতিদিন 29 মাইল হাঁটেন, এতে সৈকতে 13 মাইল হাঁটা এবং ফুটপাতে 16 মাইল হাঁটাচলা রয়েছে।ফুটপাতে, অলিভিয়া সৈকতে যে গতির হারে চারগুণ বেড়েছে।যাইহোক, সাম্প্রতিক আঘাতের কারণে, অলিভিয়ার গতি সৈকত এবং ফুটপাত উভয়ই অর্ধেক হ্রাস পেয়েছে।যদি তার 65 মিনিটের হাঁটাচলা সৈকতে ব্যয় করা হয় তবে পুরো 29 মাইল হাঁটাচলা শেষ করতে তার কতক্ষণ সময় লাগে?",85
"ফাতিমা তার প্রিয় হাঁটার ট্রেইলে প্রতিদিন 26 মাইল হাঁটেন, এতে সৈকতে 11 মাইল হাঁটা এবং ফুটপাতে 15 মাইল হাঁটাচলা রয়েছে।ফুটপাতে, ফাতিমা সৈকতে যে গতির হারে তিনগুণ বেড়েছে।তবে সাম্প্রতিক আঘাতের কারণে ফাতিমার গতি সৈকত এবং ফুটপাত উভয়ই অর্ধেক হ্রাস পেয়েছে।যদি তার 44 মিনিটের হাঁটাচলা সৈকতে ব্যয় করা হয় তবে পুরো 26 মাইল হাঁটাচলা শেষ করতে তার কতক্ষণ সময় লাগে?",64
"রানিয়া প্রতিদিন তার প্রিয় হাঁটার ট্রেইলে ২৮ কিলোমিটার পথ ধরে, এতে সৈকতে ১৪ কিলোমিটার হাঁটা এবং ফুটপাতে ১৪ কিলোমিটার হাঁটাচলা রয়েছে।ফুটপাতে, রানিয়া সৈকতে যে গতির গতির হারে দু'বার হাঁটেন।যাইহোক, সাম্প্রতিক আঘাতের কারণে, রানিয়ার গতি সৈকত এবং ফুটপাত উভয়ই অর্ধেক হ্রাস পেয়েছে।যদি তার 42 মিনিটের হাঁটাচলা সৈকতে ব্যয় করা হয় তবে পুরো 28 কিলোমিটার হাঁটাচলা শেষ করতে তার কতক্ষণ সময় লাগে?",63
"অনন্যা তার প্রিয় হাঁটার ট্রেইলে প্রতিদিন 20 মাইল হাঁটেন, এতে সৈকতে 10 মাইল হাঁটা এবং ফুটপাতে 10 মাইল হাঁটাচলা রয়েছে।ফুটপাতে, আনানিয়া সৈকতে যে গতির গতির হারে দুইবার হাঁটেন।যাইহোক, সাম্প্রতিক আঘাতের কারণে, আনানিয়ার গতি সৈকত এবং ফুটপাত উভয়ই অর্ধেক হ্রাস পেয়েছে।যদি তার 40 মিনিটের হাঁটাচলা সৈকতে ব্যয় করা হয় তবে পুরো 20 মাইল হাঁটাচলা শেষ করতে তার কতক্ষণ সময় লাগে?",60
"কেইশা প্রতিদিন তার প্রিয় হাঁটার ট্রেইলে 33 মাইল হাঁটেন, এতে সৈকতে 17 মাইল হাঁটা এবং ফুটপাতে 16 মাইল হাঁটাচলা রয়েছে।ফুটপাতে, কেইশা সৈকতে যে গতির হারে দু'বার হাঁটেন।তবে সাম্প্রতিক আঘাতের কারণে কেইশার গতি সৈকত এবং ফুটপাত উভয়ই অর্ধেক হ্রাস পেয়েছে।যদি তার 51 মিনিট হাঁটার সৈকতে ব্যয় হয় তবে পুরো 33 মাইল হাঁটাচলা শেষ করতে তার কতক্ষণ সময় লাগে?",75
"জেনা তার প্রিয় হাঁটার ট্রেইলে প্রতিদিন 24 কিলোমিটার হাঁটেন, এতে সৈকতে 11 কিলোমিটার হাঁটা এবং ফুটপাতে 13 কিলোমিটার হাঁটাচলা রয়েছে।ফুটপাতে, জেনা সৈকতে যে গতির হারে তিনগুণ বেড়েছে।যাইহোক, সাম্প্রতিক আঘাতের কারণে, জেনার গতি সৈকত এবং ফুটপাত উভয়ই অর্ধেক হ্রাস পেয়েছে।যদি তার 66 66 মিনিট সৈকতে ব্যয় হয় তবে পুরো 24 কিলোমিটার হাঁটাচলা শেষ করতে তার কতক্ষণ সময় লাগবে?",92
"গ্যাব্রিয়েল তার প্রিয় হাঁটার ট্রেইলে প্রতিদিন ২৯ কিলোমিটার হাঁটেন, এতে সৈকতে ১৫ কিলোমিটার হাঁটা এবং ফুটপাতের উপর ১৪ কিলোমিটার হাঁটাচলা রয়েছে।ফুটপাতে, গ্যাব্রিয়েল সৈকতে যে গতির গতির হারে দুইগুণ বেড়েছে।যাইহোক, সাম্প্রতিক আঘাতের কারণে, গ্যাব্রিয়েলের গতি সৈকত এবং ফুটপাত উভয়ই অর্ধেক হ্রাস পেয়েছে।যদি তার 45 মিনিটের হাঁটাচলা সৈকতে ব্যয় করা হয় তবে পুরো 29 কিলোমিটার হাঁটাচলা শেষ করতে তার কতক্ষণ সময় লাগে?",66
"রোয়া তার প্রিয় হাঁটার ট্রেইলে প্রতিদিন 21 কিলোমিটার হাঁটেন, এতে সৈকতে 11 কিলোমিটার হাঁটাচলা এবং ফুটপাতে 10 কিলোমিটার হাঁটাচলা রয়েছে।ফুটপাতে, রোয়া সৈকতে যে গতির গতির হারে দু'বার হাঁটেন।যাইহোক, সাম্প্রতিক আঘাতের কারণে, রোয়ার গতি সৈকত এবং ফুটপাত উভয়ই অর্ধেক হ্রাস পেয়েছে।যদি তার 44 মিনিটের হাঁটাচলা সৈকতে ব্যয় করা হয় তবে পুরো 21 কিলোমিটার হাঁটাচলা শেষ করতে তার কতক্ষণ সময় লাগে?",64
"ইরা তার প্রিয় হাঁটার ট্রেইলে প্রতিদিন ২৮ কিলোমিটার হাঁটেন, এতে সৈকতে ১৪ কিলোমিটার হাঁটাচলা এবং ফুটপাতে ১৪ কিলোমিটার হাঁটাচলা রয়েছে।ফুটপাতে, ইয়ারা সৈকতে যে গতির গতির হারে দু'বার হাঁটেন।যাইহোক, সাম্প্রতিক আঘাতের কারণে, ইয়ারার গতি সৈকত এবং ফুটপাত উভয়ই অর্ধেক হ্রাস পেয়েছে।যদি তার হাঁটার 56 মিনিট সৈকতে ব্যয় হয় তবে পুরো 28 কিলোমিটার হাঁটাচলা শেষ করতে তার কতক্ষণ সময় লাগে?",84
"মাতেওর কুকুরের 149 কুকুরছানা রয়েছে, যার মধ্যে 25 টি দাগ রয়েছে।মোহাম্মদের কুকুরের 49 টি কুকুরছানা রয়েছে, যার মধ্যে 12 টির দাগ রয়েছে।ইব্রাহিমের 54 টি কুকুর রয়েছে, যার প্রত্যেকটিতে 13 টি কুকুরছানা রয়েছে।পশুচিকিত্সায় দেখার পরে, মাতেও আবিষ্কার করেছিলেন যে তাঁর অনাবৃত কুকুরছানাগুলির অর্ধেক আসলে এমন দাগ রয়েছে যা আগে দৃশ্যমান ছিল না।সমস্ত কুকুরছানাগুলির কত শতাংশ দাগ আছে?",89
"অস্কারের কুকুরটিতে ১৩০ টি কুকুরছানা রয়েছে, যার মধ্যে ২৮ টি দাগ রয়েছে।আন্দ্রে কুকুরের 44 টি কুকুরছানা রয়েছে, যার মধ্যে 14 টি দাগ রয়েছে।জিনের 66 টি কুকুর রয়েছে, যার প্রত্যেকটিতে 11 টি কুকুরছানা রয়েছে।পশুচিকিত্সায় দেখার পরে, অস্কার আবিষ্কার করেছিলেন যে তাঁর অনাবৃত কুকুরছানাগুলির অর্ধেক আসলে এমন দাগ রয়েছে যা আগে দৃশ্যমান ছিল না।সমস্ত কুকুরছানাগুলির কত শতাংশ দাগ আছে?",91
"লিওনের কুকুরটিতে 99 টি কুকুরছানা রয়েছে, যার মধ্যে 23 টি দাগ রয়েছে।জেমসের কুকুরটিতে 53 টি কুকুরছানা রয়েছে, যার মধ্যে 12 টি দাগ রয়েছে।হিরোশির 58 টি কুকুর রয়েছে, যার প্রত্যেকটিতে 11 টি কুকুরছানা রয়েছে।পশুচিকিত্সায় দেখার পরে, লিওন আবিষ্কার করেছিলেন যে তাঁর অনাবৃত কুকুরছানাগুলির অর্ধেক আসলে এমন দাগ রয়েছে যা আগে দৃশ্যমান ছিল না।সমস্ত কুকুরছানাগুলির কত শতাংশ দাগ আছে?",90
"পাভেলের কুকুরের 100 টি কুকুরছানা রয়েছে, যার মধ্যে 22 টি দাগ রয়েছে।হিরোশির কুকুরটিতে 40 টি কুকুরছানা রয়েছে, যার মধ্যে 15 টি দাগ রয়েছে।সান্টিয়াগোতে 55 টি কুকুর রয়েছে, যার প্রত্যেকটিতে 12 টি কুকুরছানা রয়েছে।পশুচিকিত্সায় দেখার পরে পাভেল আবিষ্কার করেছিলেন যে তাঁর অনাবৃত কুকুরছানাগুলির অর্ধেক আসলে এমন দাগ রয়েছে যা আগে দৃশ্যমান ছিল না।সমস্ত কুকুরছানাগুলির কত শতাংশ দাগ আছে?",92
"কাইয়ের কুকুরটিতে 135 টি কুকুরছানা রয়েছে, যার মধ্যে 17 টি দাগ রয়েছে।আরশের কুকুরটিতে 43 টি কুকুরছানা রয়েছে, যার মধ্যে 14 টি দাগ রয়েছে।কার্লোসের 54 টি কুকুর রয়েছে, যার প্রত্যেকটিতে স্পট সহ 13 টি কুকুরছানা রয়েছে।পশুচিকিত্সায় দেখার পরে, কাই আবিষ্কার করেছিলেন যে তাঁর অনাবৃত কুকুরছানাগুলির অর্ধেক আসলে এমন দাগ রয়েছে যা আগে দৃশ্যমান ছিল না।সমস্ত কুকুরছানাগুলির কত শতাংশ দাগ আছে?",90
"দেশার কুকুরের 146 কুকুরছানা রয়েছে, যার মধ্যে 28 টি দাগ রয়েছে।মোহাম্মদের কুকুরের 43 টি কুকুরছানা রয়েছে, যার মধ্যে 12 টির দাগ রয়েছে।হিরোশির 51 টি কুকুর রয়েছে, যার প্রত্যেকটিতে 11 টি কুকুরছানা রয়েছে।পশুচিকিত্সার পরিদর্শন করার পরে, দেশহান আবিষ্কার করেছিলেন যে তাঁর অনাবৃত কুকুরছানাগুলির অর্ধেক আসলে এমন দাগ রয়েছে যা আগে দৃশ্যমান ছিল না।সমস্ত কুকুরছানাগুলির কত শতাংশ দাগ আছে?",88
"লুকার কুকুরটিতে 103 টি কুকুরছানা রয়েছে, যার মধ্যে 25 টি দাগ রয়েছে।ডিয়েগোর কুকুরটিতে 42 টি কুকুরছানা রয়েছে, যার মধ্যে 12 টি দাগ রয়েছে।নোহের 67 টি কুকুর রয়েছে, যার প্রত্যেকটিতে স্পট সহ 15 টি কুকুরছানা রয়েছে।পশুচিকিত্সায় দেখার পরে, লুকা আবিষ্কার করেছিলেন যে তাঁর অনাবৃত কুকুরছানাগুলির অর্ধেক আসলে এমন দাগ রয়েছে যা আগে দৃশ্যমান ছিল না।সমস্ত কুকুরছানাগুলির কত শতাংশ দাগ আছে?",94
"নোহের কুকুরের 113 কুকুরছানা রয়েছে, যার মধ্যে 23 টি দাগ রয়েছে।কাসিমের কুকুরটিতে 47 টি কুকুরছানা রয়েছে, যার মধ্যে 15 টি দাগ রয়েছে।তারিকের 60 টি কুকুর রয়েছে, যার প্রত্যেকটিতে 9 টি কুকুরছানা রয়েছে।পশুচিকিত্সায় দেখার পরে, নোহ আবিষ্কার করেছিলেন যে তাঁর অনাবৃত কুকুরছানাগুলির অর্ধেক আসলে এমন দাগ রয়েছে যা আগে দৃশ্যমান ছিল না।সমস্ত কুকুরছানাগুলির কত শতাংশ দাগ আছে?",89
"ইউকির কুকুরের 95 টি কুকুরছানা রয়েছে, যার মধ্যে 23 টি দাগ রয়েছে।কাইয়ের কুকুরটিতে 53 টি কুকুরছানা রয়েছে, যার মধ্যে 12 টি দাগ রয়েছে।ফয়সালের 68 টি কুকুর রয়েছে, যার প্রত্যেকটিতে স্পট সহ 14 টি কুকুরছানা রয়েছে।পশুচিকিত্সায় দেখার পরে, ইউকি আবিষ্কার করেছিলেন যে তাঁর অনাবৃত কুকুরছানাগুলির অর্ধেক আসলে এমন দাগ রয়েছে যা আগে দৃশ্যমান ছিল না।সমস্ত কুকুরছানাগুলির কত শতাংশ দাগ আছে?",93
"জিনের কুকুরটিতে 100 টি কুকুরছানা রয়েছে, যার মধ্যে 28 টি দাগ রয়েছে।থিও কুকুরের 50 টি কুকুরছানা রয়েছে, যার মধ্যে 13 টি দাগ রয়েছে।নোহের 58 টি কুকুর রয়েছে, যার প্রত্যেকটিতে 10 টি কুকুরছানা রয়েছে।পশুচিকিত্সায় দেখার পরে, জিন আবিষ্কার করেছিলেন যে তাঁর অনাবৃত কুকুরছানাগুলির অর্ধেক আসলে এমন দাগ রয়েছে যা আগে দৃশ্যমান ছিল না।সমস্ত কুকুরছানাগুলির কত শতাংশ দাগ আছে?",90
"ফাতিমা এবং মেই তাদের বাড়ি থেকে শুরু করে একসাথে জিমে হাঁটতে 247 মিনিট সময় রয়েছে।লাইব্রেরিটি যেখানে রয়েছে সেখানে যেতে তাদের 26 মিনিট সময় লাগে।মুদি দোকানে যেতে তাদের আরও 18 মিনিট সময় লাগে।যখন তারা মুদি দোকানে পৌঁছায়, তারা মনে করে যে তারা বাড়িতে তাদের ওয়ালেটগুলি ভুলে গিয়েছিল, তাই তাদের ওয়ালেটগুলি তুলতে তাদের ফিরে আসতে হবে এবং তারপরে আবার মুদি দোকানে ফিরে যেতে হবে।একবার তারা দ্বিতীয়বারের জন্য মুদি দোকানে পৌঁছে গেলে, দেরি না করে তাদের আর জিমে যেতে হবে?",115
"গ্যাব্রিয়েল এবং পাভেল তাদের বাড়ি থেকে শুরু করে একসাথে জিমে যেতে 212 মিনিট সময় রয়েছে।লাইব্রেরিটি যেখানে রয়েছে সেখানে যেতে তাদের 29 মিনিট সময় লাগে।সিনেমায় যেতে তাদের আরও 19 মিনিট সময় লাগে।যখন তারা সিনেমায় পৌঁছায়, তারা মনে করে যে তারা বাড়িতে তাদের ওয়ালেটগুলি ভুলে গিয়েছিল, তাই তাদের ওয়ালেটগুলি তুলতে তাদের ফিরে আসতে হবে এবং তারপরে আবার সিনেমায় ফিরে যেতে হবে।একবার তারা দ্বিতীয়বারের মতো সিনেমায় পৌঁছানোর পরে, দেরি না করে তাদের আর জিমে যেতে হবে?",68
"নাদিয়া এবং সঞ্জয় তাদের বাড়ি থেকে শুরু করে মুদি দোকানে যেতে 261 মিনিট সময় রয়েছে।জিমটি যেখানে রয়েছে সেখানে যেতে তাদের 24 মিনিট সময় লাগে।মলে যেতে তাদের আরও 27 মিনিট সময় লাগে।যখন তারা মলে পৌঁছায়, তারা মনে করে যে তারা বাড়িতে তাদের মানিব্যাগগুলি ভুলে গিয়েছিল, তাই তাদের ওয়ালেটগুলি তুলতে তাদের ফিরে আসতে হবে এবং তারপরে আবার মলে ফিরে যেতে হবে।একবার তারা দ্বিতীয়বার মলে পৌঁছানোর পরে, দেরি না করে তাদের আর কতদূর মুদি দোকানে যেতে হবে?",108
"থিয়াগো এবং আলির তাদের বাড়ি থেকে শুরু করে একসাথে জিমে যেতে 163 মিনিট সময় রয়েছে।ব্যাংকটি যেখানে রয়েছে সেখানে যেতে তাদের 21 মিনিট সময় লাগে।সিনেমায় যেতে তাদের আরও 28 মিনিট সময় লাগে।যখন তারা সিনেমায় পৌঁছায়, তারা মনে করে যে তারা বাড়িতে তাদের ওয়ালেটগুলি ভুলে গিয়েছিল, তাই তাদের ওয়ালেটগুলি তুলতে তাদের ফিরে আসতে হবে এবং তারপরে আবার সিনেমায় ফিরে যেতে হবে।একবার তারা দ্বিতীয়বারের মতো সিনেমায় পৌঁছানোর পরে, দেরি না করে তাদের আর জিমে যেতে হবে?",16
"গ্যাব্রিয়েল এবং কাইয়ের বাড়ি থেকে শুরু করে একসাথে জিমে যেতে 137 মিনিট সময় রয়েছে।পার্কটি যেখানে রয়েছে সেখানে যেতে তাদের 16 মিনিট সময় লাগে।মলে যেতে তাদের আরও 22 মিনিট সময় লাগে।যখন তারা মলে পৌঁছায়, তারা মনে করে যে তারা বাড়িতে তাদের মানিব্যাগগুলি ভুলে গিয়েছিল, তাই তাদের ওয়ালেটগুলি তুলতে তাদের ফিরে আসতে হবে এবং তারপরে আবার মলে ফিরে যেতে হবে।একবার তারা দ্বিতীয়বার মলে পৌঁছে গেলে, দেরি না করে তাদের আর জিমে যেতে হবে কতক্ষণ?",23
"তারা এবং অনন্যা তাদের বাড়ি থেকে শুরু করে মুদি দোকানে যেতে 163 মিনিট সময় রয়েছে।লাইব্রেরিটি যেখানে রয়েছে সেখানে যেতে তাদের 16 মিনিট সময় লাগে।মলে যেতে তাদের আরও 29 মিনিট সময় লাগে।যখন তারা মলে পৌঁছায়, তারা মনে করে যে তারা বাড়িতে তাদের মানিব্যাগগুলি ভুলে গিয়েছিল, তাই তাদের ওয়ালেটগুলি তুলতে তাদের ফিরে আসতে হবে এবং তারপরে আবার মলে ফিরে যেতে হবে।একবার তারা দ্বিতীয়বার মলে পৌঁছানোর পরে, দেরি না করে তাদের আর কতদূর মুদি দোকানে যেতে হবে?",28
"বোধি এবং কাই তাদের বাড়ি থেকে শুরু করে একসাথে লাইব্রেরিতে হাঁটতে 267 মিনিট সময় রয়েছে।জিমটি যেখানে রয়েছে সেখানে যেতে তাদের 17 মিনিট সময় লাগে।সিনেমায় যেতে তাদের আরও 19 মিনিট সময় লাগে।যখন তারা সিনেমায় পৌঁছায়, তারা মনে করে যে তারা বাড়িতে তাদের ওয়ালেটগুলি ভুলে গিয়েছিল, তাই তাদের ওয়ালেটগুলি তুলতে তাদের ফিরে আসতে হবে এবং তারপরে আবার সিনেমায় ফিরে যেতে হবে।একবার তারা দ্বিতীয়বারের মতো সিনেমায় পৌঁছানোর পরে, দেরি না করে তাদের আর কতক্ষণ লাইব্রেরিতে যেতে হবে?",159
"বিয়াতিরিজ এবং সাকুরা তাদের বাড়ি থেকে শুরু করে একসাথে জিমে হাঁটতে 253 মিনিট সময় রয়েছে।মলটি যেখানে রয়েছে সেখানে যেতে তাদের 16 মিনিট সময় লাগে।সিনেমায় যেতে তাদের আরও 58 মিনিট সময় লাগে।যখন তারা সিনেমায় পৌঁছায়, তারা মনে করে যে তারা বাড়িতে তাদের ওয়ালেটগুলি ভুলে গিয়েছিল, তাই তাদের ওয়ালেটগুলি তুলতে তাদের ফিরে আসতে হবে এবং তারপরে আবার সিনেমায় ফিরে যেতে হবে।একবার তারা দ্বিতীয়বারের মতো সিনেমায় পৌঁছানোর পরে, দেরি না করে তাদের আর জিমে যেতে হবে?",31
"রবি এবং ইসাবেলা তাদের বাড়ি থেকে শুরু করে একসাথে সিনেমায় হাঁটতে 266 মিনিট সময় রয়েছে।ব্যাংকটি যেখানে রয়েছে সেখানে যেতে তাদের 14 মিনিট সময় লাগে।লাইব্রেরিতে যেতে তাদের আরও 38 মিনিট সময় লাগে।যখন তারা লাইব্রেরিতে পৌঁছায়, তারা মনে করে যে তারা বাড়িতে তাদের ওয়ালেটগুলি ভুলে গিয়েছিল, তাই তাদের ওয়ালেটগুলি তুলতে তাদের ফিরে আসতে হবে এবং তারপরে আবার লাইব্রেরিতে ফিরে যেতে হবে।একবার তারা দ্বিতীয়বারের মতো লাইব্রেরিতে পৌঁছানোর পরে, দেরি না করে তাদের আর কতক্ষণ সিনেমাতে যেতে হবে?",110
"চেন এবং দিয়েগোতে তাদের বাড়ি থেকে শুরু করে পার্কে যেতে 221 মিনিট সময় রয়েছে।মলটি যেখানে রয়েছে সেখানে যেতে তাদের 28 মিনিট সময় লাগে।সিনেমায় যেতে তাদের আরও 22 মিনিট সময় লাগে।যখন তারা সিনেমায় পৌঁছায়, তারা মনে করে যে তারা বাড়িতে তাদের ওয়ালেটগুলি ভুলে গিয়েছিল, তাই তাদের ওয়ালেটগুলি তুলতে তাদের ফিরে আসতে হবে এবং তারপরে আবার সিনেমায় ফিরে যেতে হবে।একবার তারা দ্বিতীয়বারের মতো সিনেমায় পৌঁছে গেলে, দেরি না করে তাদের আর কতক্ষণ পার্কে যেতে হবে?",71
"একজন জাগল 480 বল জাগ্রত করতে পারে।বলগুলির একটি দশমাংশ গল্ফ বল এবং বাকিগুলি টেনিস বল।গল্ফ বলগুলির 1/2 টি বেগুনি, যার মধ্যে 1/6 চিহ্নিত করা হয়েছে।টেনিস বলগুলির মধ্যে 1/9 হ'ল নীল, এবং সেই নীল বলগুলির এক তৃতীয়াংশ ব্যতীত সমস্ত চিহ্নিত করা হয়েছে।মোট কতগুলি চিহ্নিত বল রয়েছে?",36
"একজন জাগর 360 বল জাগ্রত করতে পারে।অর্ধেক বল টেনিস বল, এবং বাকিগুলি গল্ফ বল।টেনিস বলগুলির এক তৃতীয়াংশ টিল, যার মধ্যে 1/4 চিহ্নিত করা হয়েছে।গল্ফ বলগুলির 1/3 টি গোলাপী এবং সেই গোলাপী বলগুলির একটি পঞ্চম ব্যতীত সমস্ত চিহ্নিত করা হয়েছে।মোট কতগুলি চিহ্নিত বল রয়েছে?",63
"একজন জাগর 360 বল জাগ্রত করতে পারে।বলগুলির একটি দশমাংশ গল্ফ বল এবং বাকিগুলি টেনিস বল।গল্ফ বলগুলির 1/3 টি সাদা, যার মধ্যে 1/4 চিহ্নিত করা হয়েছে।টেনিস বলগুলির অর্ধেকটি ম্যাজেন্টা, এবং সেই ম্যাজেন্টা বলগুলির মধ্যে 1/2 ব্যতীত সমস্ত চিহ্নিত করা হয়েছে।মোট কতগুলি চিহ্নিত বল রয়েছে?",84
"একজন জাগর 240 বল জাগ্রত করতে পারে।বলগুলির 1/4 টি টেনিস বল এবং বাকিগুলি গল্ফ বল।টেনিস বলগুলির 1/3 টি কালো, যার মধ্যে 1/5 চিহ্নিত করা হয়েছে।গল্ফ বলগুলির এক তৃতীয়াংশ সায়ান, এবং সায়ান বলগুলির অর্ধেক ব্যতীত সমস্ত চিহ্নিত করা হয়েছে।মোট কতগুলি চিহ্নিত বল রয়েছে?",34
"একজন জাগর 300 বল জাগ্রত করতে পারে।বলগুলির একটি দশমাংশ টেনিস বল এবং বাকিগুলি গল্ফ বল।টেনিস বলগুলির একটি পঞ্চমাংশ হলেন ম্যাজেন্টা, যার মধ্যে তৃতীয়টি চিহ্নিত রয়েছে।গল্ফ বলগুলির 1/3 বেগুনি বেগুনি, এবং সেই বেগুনি বলগুলির অর্ধেক ব্যতীত সমস্ত চিহ্নিত করা হয়েছে।মোট কতগুলি চিহ্নিত বল রয়েছে?",47
"একজন জাগর 160 বল জাগ্রত করতে পারে।বলগুলির এক চতুর্থাংশ টেনিস বল এবং বাকিগুলি গল্ফ বল।টেনিস বলগুলির 1/5 বেগুনি বেগুনি, যার মধ্যে 1/4 চিহ্নিত করা হয়েছে।গল্ফ বলগুলির 1/8 হ'ল নীল, এবং এই নীল বলগুলির মধ্যে 1/5 ব্যতীত সমস্ত চিহ্নিত করা হয়েছে।মোট কতগুলি চিহ্নিত বল রয়েছে?",14
"একজন জাগর 160 বল জাগ্রত করতে পারে।বলগুলির এক চতুর্থাংশ টেনিস বল এবং বাকিগুলি গল্ফ বল।টেনিস বলগুলির এক চতুর্থাংশ টিল, যার মধ্যে 1/5 চিহ্নিত করা হয়েছে।গল্ফ বলগুলির এক চতুর্থাংশ গোলাপী এবং সেই গোলাপী বলগুলির অর্ধেক ব্যতীত সমস্ত চিহ্নিত করা হয়েছে।মোট কতগুলি চিহ্নিত বল রয়েছে?",17
"একজন জাগল 120 ​​বল জাগ্রত করতে পারে।বলগুলির এক চতুর্থাংশ গল্ফ বল এবং বাকিগুলি টেনিস বল।গল্ফ বলগুলির 1/5 হলুদ, যার মধ্যে 1/6 চিহ্নিত করা হয়েছে।টেনিস বলগুলির 1/3 টি গোলাপী এবং সেই গোলাপী বলগুলির মধ্যে 1/6 ব্যতীত সমস্ত চিহ্নিত করা হয়েছে।মোট কতগুলি চিহ্নিত বল রয়েছে?",26
"একজন জাগল 540 বল জাগ্রত করতে পারে।বলগুলির 1/9 হ'ল গল্ফ বল এবং বাকিগুলি টেনিস বল।গল্ফ বলগুলির 1/2 বেগুনি, যার মধ্যে দশম চিহ্নিত করা হয়।টেনিস বলগুলির একটি অষ্টম বাদামী, এবং সেই ব্রাউন বলগুলির 1/10 বাদে সমস্ত চিহ্নিত করা হয়েছে।মোট কতগুলি চিহ্নিত বল রয়েছে?",57
"একজন জাগর 400 বল জগল করতে পারে।বলগুলির 1/5 হ'ল গল্ফ বল, এবং বাকিগুলি টেনিস বল।গল্ফ বলগুলির 1/4 টি টিল, যার মধ্যে একটি পঞ্চম চিহ্নিত করা হয়।টেনিস বলগুলির একটি অষ্টম নীল, এবং সেই নীল বলগুলির দশমাংশ ব্যতীত সমস্ত চিহ্নিত করা হয়েছে।মোট কতগুলি চিহ্নিত বল রয়েছে?",40
"হিরোশির 20 হেক্টর এপ্রিকট ক্ষেত্র রয়েছে।একটি হেক্টর প্রতি দুই-চতুর্থাংশ প্রতি 28 এপ্রিকট রয়েছে।হিরোশি প্রতি 6 মাসে তার এপ্রিকট ফসল তুলতে পারে।এছাড়াও, হিরোশি একটি 12-হেক্টর আঙ্গুর ক্ষেত্রের মালিক যা প্রতি হেক্টর প্রতি 14 আঙ্গুর উত্পাদন করে।আঙ্গুর প্রতি 4 মাসে কাটা যেতে পারে।দুই বছরের ব্যবধানে হিরোশি আঙ্গুরের চেয়ে আরও কত এপ্রিকট ফসল কাটায়?",3472
"অলিভারের 15 হেক্টর আঙ্গুর ক্ষেত্র রয়েছে।একটি হেক্টর প্রতি 1/3 প্রতি 15 আঙ্গুর রয়েছে।অলিভার প্রতি 4 মাসে তার আঙ্গুর সংগ্রহ করতে পারে।এছাড়াও, অলিভার একটি 9-হেক্টর অ্যাপল ক্ষেত্রের মালিক যা প্রতি হেক্টর প্রতি 16 টি আপেল উত্পাদন করে।আপেল প্রতি 4 মাসে কাটা যেতে পারে।দুই বছরের ব্যবধানে, অলিভার আরও কত আঙ্গুর ফসল আপেলের চেয়ে ফসল কাটায়?",3186
"মোহাম্মদের 35 বর্গ মিটার আঙ্গুর ক্ষেত্র রয়েছে।বর্গমিটারের 2/3 প্রতি 12 টি আঙ্গুর রয়েছে।মোহাম্মদ প্রতি 6 মাসে তার আঙ্গুর সংগ্রহ করতে পারেন।এছাড়াও, মোহাম্মদ একটি 11 বর্গ মিটার এপ্রিকট ক্ষেত্রের মালিক যা প্রতি বর্গমিটারে 18 এপ্রিকট উত্পাদন করে।এপ্রিকটগুলি প্রতি 4 মাসে কাটা যেতে পারে।দুই বছরের ব্যবধানে, এপ্রিকটগুলির চেয়ে মোহাম্মদ ফসল আরও কত আঙ্গুর?",1332
"ইউসুফের 10 বর্গ গজ তরমুজ ক্ষেত্র রয়েছে।বর্গক্ষেত্রের দুই-ষষ্ঠ প্রতি 19 টি তরমুজ রয়েছে।ইউসুফ প্রতি 2 মাসে তার তরমুজগুলি সংগ্রহ করতে পারে।এছাড়াও, ইউসুফ একটি 9 বর্গাকার গজ আঙ্গুর ক্ষেত্রের মালিক যা প্রতি বর্গ ইয়ার্ডে 14 আঙ্গুর উত্পাদন করে।আঙ্গুর প্রতি 4 মাসে কাটা যেতে পারে।দুই বছরের ব্যবধানে, ইউসুফ আঙ্গুরের চেয়ে আরও কতজন তরমুজ ফসল কাটায়?",6084
"রবি 10 বর্গ গজ কলা মাঠ রয়েছে।বর্গক্ষেত্রের চার-পঞ্চাশতম প্রতি 36 টি কলা রয়েছে।রবি প্রতি 4 মাসে তার কলা সংগ্রহ করতে পারে।এছাড়াও, রবি একটি 13 বর্গাকার ইয়ার্ড এপ্রিকট ক্ষেত্রের মালিক যা প্রতি বর্গক্ষেত্রে 12 এপ্রিকট উত্পাদন করে।এপ্রিকটগুলি প্রতি 4 মাসে কাটা যেতে পারে।দু'বছরের ব্যবধানে, এপ্রিকটগুলির চেয়ে রবি আরও কত কলা সংগ্রহ করে?",1764
"থিয়াগোতে 25 বর্গ গজ কমলা মাঠ রয়েছে।বর্গক্ষেত্রের এক-চতুর্থাংশে 23 টি কমলা রয়েছে।থিয়াগো প্রতি 12 মাসে তার কমলা সংগ্রহ করতে পারে।এছাড়াও, থিয়াগো একটি 9 বর্গক্ষেত্রের আঙ্গুর আঙ্গুর ক্ষেত্রের মালিক যা প্রতি বর্গক্ষেত্রে 13 আঙ্গুর উত্পাদন করে।আঙ্গুর প্রতি 4 মাসে কাটা যেতে পারে।দুই বছরের ব্যবধানে, থিয়াগো আঙ্গুরের চেয়ে আরও কত কমলা ফসল কাটায়?",3898
"কার্লোসের কিউই ক্ষেত্রের 80 বর্গ মিটার রয়েছে।বর্গমিটারের চার-ষষ্ঠ প্রতি 29 কিউইস রয়েছে।কার্লোস প্রতি 12 মাসে তার কিউইস সংগ্রহ করতে পারে।এছাড়াও, কার্লোস একটি 10 ​​বর্গ মিটার এপ্রিকট ক্ষেত্রের মালিক যা প্রতি বর্গমিটারে 17 এপ্রিকট উত্পাদন করে।এপ্রিকটগুলি প্রতি 4 মাসে কাটা যেতে পারে।দুই বছরের ব্যবধানে, কার্লোস এপ্রিকটগুলির চেয়ে আরও কত কিউইস ফসল কাটায়?",5940
"দেশার কলা মাঠের 10 হেক্টর রয়েছে।একটি হেক্টর প্রতি 2/4 প্রতি 20 টি কলা রয়েছে।দেশভান প্রতি 3 মাসে তার কলা সংগ্রহ করতে পারে।তদতিরিক্ত, দেশভান একটি 11-হেক্টর কমলা ক্ষেত্রের মালিক যা প্রতি হেক্টর প্রতি 14 টি কমলা উত্পাদন করে।কমলা প্রতি 4 মাসে কাটা যেতে পারে।দু'বছরের ব্যবধানে, অরেঞ্জের চেয়ে আরও কত কলা ফসল কাটায়?",2276
"দেশার 10 হেক্টর আঙ্গুর ক্ষেত্র রয়েছে।একটি হেক্টরের এক-অষ্টম প্রতি 33 আঙ্গুর রয়েছে।দেশভান প্রতি 12 মাসে তার আঙ্গুর সংগ্রহ করতে পারে।এছাড়াও, দেশহনের একটি 10-হেক্টর আনারস ক্ষেত্রের মালিক যা প্রতি হেক্টর প্রতি 18 টি আনারস উত্পাদন করে।আনারস প্রতি 4 মাসে কাটা যেতে পারে।দুই বছরের ব্যবধানে, আনারসের চেয়ে আরও কত আঙ্গুর ফসল কাটা যায়?",4200
"নোহের 85 হেক্টর নাশপাতি মাঠ রয়েছে।একটি হেক্টরের দুই-ষষ্ঠ প্রতি 13 টি নাশপাতি রয়েছে।নোহ প্রতি 12 মাসে তার নাশপাতি সংগ্রহ করতে পারে।এছাড়াও, নোহ একটি 11-হেক্টর এপ্রিকট ক্ষেত্রের মালিক যা প্রতি হেক্টর 12 এপ্রিকট উত্পাদন করে।এপ্রিকটগুলি প্রতি 4 মাসে কাটা যেতে পারে।দুই বছরের ব্যবধানে, নোহ এপ্রিকটগুলির চেয়ে আরও কত নাশপাতি ফসল কাটায়?",5838
ডাঃ মিলার তার অ্যাপার্টমেন্টটি 490000 ডলারে বিক্রি করেছেন।তিনি বিক্রয়মূল্যের 1% এর পরিমাণ ছিল এমন আইনী ফি প্রদান করেছিলেন এবং বিক্রয়মূল্যের 5% এর রিয়েল্টর ফিও প্রদান করেছিলেন।তিনি অ্যাপার্টমেন্টে অবশিষ্ট loan ণের পরিমাণের জন্য 390000 ডলার এবং বন্ধের জন্য 10000 ডলারও দিয়েছিলেন।ডাঃ মিলার অ্যাপার্টমেন্ট বিক্রি থেকে স্টকগুলিতে বিনিয়োগের জন্য নেট আয়গুলি ব্যবহার করেছিলেন।স্টকগুলি দুই বছরের জন্য প্রতি বছর 10% বৃদ্ধি পেয়েছিল।ডাঃ মিলারের নেট দু'বছর পরে কতটা এগিয়ে গেল?,73326
মিঃ মার্টিনেজ তার কুটিরটি 690000 ডলারে বিক্রি করেছেন।তিনি বিক্রয় মূল্যের 3% এর পরিমাণ ছিল এমন স্থানান্তর ফি প্রদান করেছিলেন এবং বিক্রয়মূল্যের 6% যা ব্রোকারেজ ফিও প্রদান করেছিলেন।তিনি কটেজে অবশিষ্ট loan ণের পরিমাণের জন্য 590000 ডলার এবং বন্ধের জন্য 5000 ডলারও দিয়েছিলেন।মিঃ মার্টিনেজ কটেজ বিক্রি থেকে স্টকগুলিতে বিনিয়োগের জন্য নেট আয় ব্যবহার করেছিলেন।স্টকগুলি দুই বছরের জন্য প্রতি বছর 10% বৃদ্ধি পেয়েছিল।মিঃ মার্টিনেজের নিট দু'বছর পরে কতটা এগিয়ে গেল?,39809
অধ্যাপক মিলার তার অ্যাপার্টমেন্টটি 810000 ডলারে বিক্রি করেছিলেন।তিনি রেজিস্ট্রেশন ফি প্রদান করেছিলেন যা বিক্রয় মূল্যের 3% এর পরিমাণ ছিল এবং একটি এজেন্ট ফি প্রদান করেছিল যা বিক্রয়মূল্যের 3%।তিনি অ্যাপার্টমেন্টে বাকি loan ণের পরিমাণের জন্য $ 670000 এবং বন্ধের জন্য 20000 ডলারও দিয়েছিলেন।অধ্যাপক মিলার অ্যাপার্টমেন্ট বিক্রি থেকে স্টকগুলিতে বিনিয়োগের জন্য নেট আয়গুলি ব্যবহার করেছিলেন।স্টকগুলি দুই বছরের জন্য প্রতি বছর 10% বৃদ্ধি পেয়েছিল।দু'বছর পরে অধ্যাপক মিলারের নিট কত পরিমাণ ছিল?,86394
অধ্যাপক মিলার তার অ্যাপার্টমেন্টটি 760000 ডলারে বিক্রি করেছেন।তিনি রেজিস্ট্রেশন ফি প্রদান করেছিলেন যা বিক্রয়মূল্যের 3% এর পরিমাণ ছিল এবং একটি এজেন্ট ফি প্রদান করেছিল যা বিক্রয় মূল্যের 4%।তিনি অ্যাপার্টমেন্টে অবশিষ্ট loan ণের পরিমাণের জন্য 570000 ডলার এবং বন্ধের জন্য 15000 ডলারও দিয়েছিলেন।অধ্যাপক মিলার অ্যাপার্টমেন্ট বিক্রি থেকে স্টকগুলিতে বিনিয়োগের জন্য নেট আয়গুলি ব্যবহার করেছিলেন।স্টকগুলি দুই বছরের জন্য প্রতি বছর 10% বৃদ্ধি পেয়েছিল।দু'বছর পরে অধ্যাপক মিলারের নিট কত পরিমাণ ছিল?,147378
ডাঃ স্মিথ তার বাড়িটি 590000 ডলারে বিক্রি করেছিলেন।তিনি বিক্রয়মূল্যের 3% এর পরিমাণ ছিল এমন আইনী ফি প্রদান করেছিলেন এবং বিক্রয়মূল্যের 4% যা রিয়েল্টর ফিও প্রদান করেছিলেন।তিনি হাউসে অবশিষ্ট loan ণের পরিমাণের জন্য 380000 ডলার এবং বন্ধের জন্য 25000 ডলারও দিয়েছিলেন।ডাঃ স্মিথ স্টকগুলিতে বিনিয়োগের জন্য বাড়ি বিক্রি থেকে নিট উপার্জন ব্যবহার করেছিলেন।স্টকগুলি দুই বছরের জন্য প্রতি বছর 10% বৃদ্ধি পেয়েছিল।ডাঃ স্মিথের নিট দু'বছর পরে কত উপার্জন হয়েছিল?,173877
অধ্যাপক স্মিথ তার বাড়িটি 560000 ডলারে বিক্রি করেছিলেন।তিনি রেজিস্ট্রেশন ফি প্রদান করেছিলেন যা বিক্রয়মূল্যের 3% এর পরিমাণ ছিল এবং একটি এজেন্ট ফি প্রদান করেছিল যা বিক্রয় মূল্যের 4%।তিনি হাউসে অবশিষ্ট loan ণের পরিমাণের জন্য 440000 ডলার এবং বন্ধের জন্য 15000 ডলারও দিয়েছিলেন।অধ্যাপক স্মিথ স্টকগুলিতে বিনিয়োগের জন্য বাড়ি বিক্রি থেকে নিট উপার্জন ব্যবহার করেছিলেন।স্টকগুলি দুই বছরের জন্য প্রতি বছর 10% বৃদ্ধি পেয়েছিল।দু'বছর পরে অধ্যাপক স্মিথের নিট কত আয় হয়েছিল?,79618
ডাঃ মিলার তার অ্যাপার্টমেন্টটি 550000 ডলারে বিক্রি করেছেন।তিনি আইনী ফি প্রদান করেছিলেন যা বিক্রয়মূল্যের 2% এর পরিমাণ ছিল এবং একটি রিয়েল্টর ফিও প্রদান করেছিল যা বিক্রয়মূল্যের 3%।তিনি অ্যাপার্টমেন্টে অবশিষ্ট loan ণের পরিমাণের জন্য $ 370000 এবং বন্ধের জন্য 25000 ডলারও দিয়েছিলেন।ডাঃ মিলার অ্যাপার্টমেন্ট বিক্রি থেকে স্টকগুলিতে বিনিয়োগের জন্য নেট আয়গুলি ব্যবহার করেছিলেন।স্টকগুলি দুই বছরের জন্য প্রতি বছর 10% বৃদ্ধি পেয়েছিল।ডাঃ মিলারের নেট দু'বছর পরে কতটা এগিয়ে গেল?,154275
অধ্যাপক ব্রাউন তার ভিলা 460000 ডলারে বিক্রি করেছিলেন।তিনি রেজিস্ট্রেশন ফি প্রদান করেছিলেন যা বিক্রয়মূল্যের 3% এর পরিমাণ ছিল এবং একটি এজেন্ট ফি প্রদান করেছিল যা বিক্রয় মূল্যের 2%।তিনি ভিলায় অবশিষ্ট loan ণের পরিমাণের জন্য $ 300000 এবং বন্ধের জন্য 15000 ডলারও দিয়েছিলেন।অধ্যাপক ব্রাউন স্টকগুলিতে বিনিয়োগের জন্য ভিলা বিক্রি থেকে নেট আয় ব্যবহার করেছিলেন।স্টকগুলি দুই বছরের জন্য প্রতি বছর 10% বৃদ্ধি পেয়েছিল।দু'বছর পরে অধ্যাপক ব্রাউন এর নিট কত টাকা ছিল?,147620
অধ্যাপক মার্টিনেজ তার কুটিরটি 470000 ডলারে বিক্রি করেছিলেন।তিনি রেজিস্ট্রেশন ফি প্রদান করেছিলেন যা বিক্রয়মূল্যের 2% এর পরিমাণ ছিল এবং একটি এজেন্ট ফি প্রদান করেছিল যা বিক্রয় মূল্যের 3%।তিনি কটেজে অবশিষ্ট loan ণের পরিমাণের জন্য 400000 ডলার এবং বন্ধের জন্য 15000 ডলারও দিয়েছিলেন।অধ্যাপক মার্টিনেজ কটেজ বিক্রি থেকে স্টকগুলিতে বিনিয়োগের জন্য নেট আয় ব্যবহার করেছিলেন।স্টকগুলি দুই বছরের জন্য প্রতি বছর 10% বৃদ্ধি পেয়েছিল।দু'বছর পরে অধ্যাপক মার্টিনেজের নিট কত টাকা ছিল?,38115
ডাঃ ব্রাউন তার ভিলা 300000 ডলারে বিক্রি করেছেন।তিনি বিক্রয়মূল্যের 3% এর পরিমাণ ছিল এমন আইনী ফি প্রদান করেছিলেন এবং বিক্রয়মূল্যের 3% যা রিয়েল্টর ফিও প্রদান করেছিলেন।তিনি ভিলায় অবশিষ্ট loan ণের পরিমাণের জন্য 200000 ডলার এবং বন্ধের জন্য 20000 ডলারও দিয়েছিলেন।ডাঃ ব্রাউন স্টকগুলিতে বিনিয়োগের জন্য ভিলা বিক্রি থেকে নিট উপার্জন ব্যবহার করেছিলেন।স্টকগুলি দুই বছরের জন্য প্রতি বছর 10% বৃদ্ধি পেয়েছিল।ডাঃ ব্রাউন এর নেট দু'বছর পরে কতটা এগিয়ে গেল?,75020
"অলিভিয়া 51: 5 এর অনুপাতের মধ্যে চা চামচ চিনি এবং কাপ জল ব্যবহার করে চা তৈরি করে।তিনি প্রতি 5 কাপ জলের জন্য 7 টেবিল চামচ দুধ ব্যবহার করেন এবং প্রতিটি চা চামচ চিনির জন্য 2 টেবিল চামচ ভারী ক্রিম ব্যবহার করেন।তিনি মোট 220 চা চামচ চিনি, কাপ জল, টেবিল চামচ ক্রিম এবং টেবিল চামচ দুধ ব্যবহার করেছিলেন।তিনি কত চা চামচ চিনি ব্যবহার করেছিলেন?",68
"ওলগা 48:10 এর অনুপাতের মধ্যে চা চামচ চিনি এবং কাপ জল ব্যবহার করে কফি তৈরি করে।তিনি প্রতি 10 কাপ জলের জন্য 6 টেবিল চামচ দুধ ব্যবহার করেন এবং প্রতিটি চা চামচ চিনির জন্য 2 টেবিল চামচ ভারী ক্রিম ব্যবহার করেন।তিনি মোট 210 চা চামচ চিনি, কাপ জল, টেবিল চামচ ক্রিম এবং টেবিল চামচ দুধ ব্যবহার করেছিলেন।তিনি কত চা চামচ চিনি ব্যবহার করেছিলেন?",63
"গ্যাব্রিয়েল 54:12 এর অনুপাতের মধ্যে চা চামচ চিনি এবং কাপ জল ব্যবহার করে চা তৈরি করে।তিনি প্রতি 2 কাপ জলের জন্য 7 টেবিল চামচ দুধ ব্যবহার করেন এবং প্রতি চা চামচ চিনির জন্য 2 টেবিল চামচ ভারী ক্রিম ব্যবহার করেন।তিনি মোট 240 চা চামচ চিনি, কাপ জল, টেবিল চামচ ক্রিম এবং টেবিল চামচ দুধ ব্যবহার করেছিলেন।তিনি কত চা চামচ চিনি ব্যবহার করেছিলেন?",60
"মিয়া 48: 7 এর অনুপাতের মধ্যে চা চামচ চিনি এবং কাপ জল ব্যবহার করে কফি তৈরি করে।তিনি প্রতি 7 কাপ জলের জন্য 9 টেবিল চামচ দুধ ব্যবহার করেন এবং প্রতি চা চামচ চিনির জন্য 2 টেবিল চামচ ভারী ক্রিম ব্যবহার করেন।তিনি মোট 170 চা চামচ চিনি, কাপ জল, টেবিল চামচ ক্রিম এবং টেবিল চামচ দুধ ব্যবহার করেছিলেন।তিনি কত চা চামচ চিনি ব্যবহার করেছিলেন?",51
"কিমিয়া 55:44 অনুপাতের মধ্যে চা চামচ চিনি এবং কাপ জল ব্যবহার করে কফি তৈরি করে।তিনি প্রতি 24 কাপ জলের জন্য 6 টেবিল চামচ দুধ ব্যবহার করেন এবং প্রতিটি চা চামচ চিনির জন্য 2 টেবিল চামচ ভারী ক্রিম ব্যবহার করেন।তিনি মোট 240 চা চামচ চিনি, কাপ জল, টেবিল চামচ ক্রিম এবং টেবিল চামচ দুধ ব্যবহার করেছিলেন।তিনি কত চা চামচ চিনি ব্যবহার করেছিলেন?",60
"উমা 45: 5 এর অনুপাতের মধ্যে চা চামচ চিনি এবং কাপ জল ব্যবহার করে চা তৈরি করে।তিনি প্রতি 4 কাপ জলের জন্য 8 টেবিল চামচ দুধ ব্যবহার করেন এবং প্রতিটি চা চামচ চিনির জন্য 2 টেবিল চামচ ভারী ক্রিম ব্যবহার করেন।তিনি মোট 210 চা চামচ চিনি, কাপ জল, টেবিল চামচ ক্রিম এবং টেবিল চামচ দুধ ব্যবহার করেছিলেন।তিনি কত চা চামচ চিনি ব্যবহার করেছিলেন?",63
"ফাতিমা 52:30 এর অনুপাতের মধ্যে চা চামচ চিনি এবং কাপ জল ব্যবহার করে চা তৈরি করে।তিনি প্রতি 20 কাপ জলের জন্য 6 টেবিল চামচ দুধ ব্যবহার করেন এবং প্রতিটি চা চামচ চিনির জন্য 2 টেবিল চামচ ভারী ক্রিম ব্যবহার করেন।তিনি মোট 210 চা চামচ চিনি, কাপ জল, টেবিল চামচ ক্রিম এবং টেবিল চামচ দুধ ব্যবহার করেছিলেন।তিনি কত চা চামচ চিনি ব্যবহার করেছিলেন?",56
"বিট্রিজ 48:12 এর অনুপাতের মধ্যে চা চামচ চিনি এবং কাপ জল ব্যবহার করে কফি তৈরি করে।তিনি প্রতি 7 কাপ জলের জন্য 7 টেবিল চামচ দুধ ব্যবহার করেন এবং প্রতি চা চামচ চিনির জন্য 2 টেবিল চামচ ভারী ক্রিম ব্যবহার করেন।তিনি মোট 210 চা চামচ চিনি, কাপ জল, টেবিল চামচ ক্রিম এবং টেবিল চামচ দুধ ব্যবহার করেছিলেন।তিনি কত চা চামচ চিনি ব্যবহার করেছিলেন?",60
"কুইন 63: 9 এর অনুপাতের মধ্যে চা চামচ চিনি এবং কাপ জল ব্যবহার করে কফি তৈরি করে।তিনি প্রতি 7 কাপ জলের জন্য 7 টেবিল চামচ দুধ ব্যবহার করেন এবং প্রতি চা চামচ চিনির জন্য 2 টেবিল চামচ ভারী ক্রিম ব্যবহার করেন।তিনি মোট 230 চা চামচ চিনি, কাপ জল, টেবিল চামচ ক্রিম এবং টেবিল চামচ দুধ ব্যবহার করেছিলেন।তিনি কত চা চামচ চিনি ব্যবহার করেছিলেন?",70
"জহরা 60: 5 এর অনুপাতের মধ্যে চা চামচ চিনি এবং কাপ জল ব্যবহার করে চা তৈরি করে।তিনি প্রতি 2 কাপ জলের জন্য 6 টেবিল চামচ দুধ ব্যবহার করেন এবং প্রতি চা চামচ চিনির জন্য 2 টেবিল চামচ ভারী ক্রিম ব্যবহার করেন।তিনি মোট 210 চা চামচ চিনি, কাপ জল, টেবিল চামচ ক্রিম এবং টেবিল চামচ দুধ ব্যবহার করেছিলেন।তিনি কত চা চামচ চিনি ব্যবহার করেছিলেন?",63
"একটি দৈত্য পিজ্জার 87 টি পরিবেশন রয়েছে।আয়েশা দিনে 3 টি পরিবেশন খেতে পারে যখন অ্যামেলিয়া দ্বিগুণ খেতে পারে এবং আভা অ্যামেলিয়ার চেয়ে চারগুণ খেতে পারে।2 দিন পরে, আভা ডায়েটে যাওয়ার সিদ্ধান্ত নেয় এবং অর্ধেক ব্যবহার করে খরচ কেটে দেয়।পিজ্জা পুরোপুরি খেতে কত দিন সময় লাগবে?",3
"একটি দৈত্য লাসাগনার 102 টি টুকরো রয়েছে।লিওন দিনে 3 টুকরো খেতে পারে যখন মোহাম্মদ তিনবার খেতে পারে এবং সাকুরা মোহাম্মদের চেয়ে দু'বার খেতে পারে।2 দিন পরে, সাকুরা ডায়েটে যাওয়ার সিদ্ধান্ত নেয় এবং ব্যবহারটি অর্ধেক কেটে ফেলবে।লাসাগনা পুরোপুরি খাওয়ার জন্য কত দিন সময় লাগবে?",4
"একটি দৈত্য পাইতে 122 টুকরা রয়েছে।অনন্যা দিনে 2 টুকরো খেতে পারে যখন কিমিয়া তিনবার খেতে পারে এবং ফাতেমা কিমিয়ার চেয়ে পাঁচগুণ বেশি খেতে পারে।2 দিন পরে, ফাতিমা ডায়েটে যাওয়ার সিদ্ধান্ত নেয় এবং ব্যবহারটি অর্ধেক কেটে ফেলবে।পাই পুরোপুরি খাওয়া হতে কত দিন সময় লাগবে?",4
"একটি দৈত্য কেকের 126 অংশ রয়েছে।কিমিয়া দিনে 3 টি অংশ খেতে পারে এবং ফাতিমা তিনগুণ বেশি খেতে পারে এবং ড্যাফনে ফাতিমার চেয়ে চারগুণ খেতে পারে।2 দিন পরে, ড্যাফনে ডায়েটে যাওয়ার সিদ্ধান্ত নেন এবং অর্ধেক দ্বারা খরচ কেটে ফেলেন।কেকটি পুরোপুরি খেতে কত দিন সময় লাগবে?",3
"একটি দৈত্য পাইতে 99 টুকরা রয়েছে।লুইস দিনে 2 টুকরো খেতে পারে যখন অ্যামেলিয়া তিনগুণ বেশি খেতে পারে এবং আয়েশা অ্যামেলিয়ার চেয়ে পাঁচগুণ খেতে পারে।2 দিন পরে, আয়শা ডায়েটে যাওয়ার সিদ্ধান্ত নেয় এবং অর্ধেক ব্যবহার করে খরচ কেটে দেয়।পাই পুরোপুরি খাওয়া হতে কত দিন সময় লাগবে?",3
"একটি দৈত্য পিজ্জার 110 টি পরিবেশন রয়েছে।তারা দিনে 2 টি পরিবেশন খেতে পারে যখন বোধি তিনবার বেশি খেতে পারে এবং অলিভিয়া বোধির চেয়ে দ্বিগুণ খেতে পারে।2 দিন পরে, অলিভিয়া ডায়েটে যাওয়ার সিদ্ধান্ত নেয় এবং অর্ধেক ব্যবহার করে খরচ কেটে দেয়।পিজ্জা পুরোপুরি খেতে কত দিন সময় লাগবে?",7
"একটি দৈত্য পাইতে 126 পরিবেশন রয়েছে।এস্তেবান দিনে 3 টি পরিবেশন খেতে পারে যখন থিও তিনবার খেতে পারে এবং গ্যাব্রিয়েল থিওর চেয়ে চারগুণ বেশি খেতে পারে।2 দিন পরে, গ্যাব্রিয়েল একটি ডায়েটে যাওয়ার সিদ্ধান্ত নেন এবং ব্যবহার অর্ধেক কেটে ফেলবেন।পাই পুরোপুরি খাওয়া হতে কত দিন সময় লাগবে?",3
"একটি দৈত্য পিজ্জার 105 টি পরিবেশন রয়েছে।হারুকা দিনে 3 টি পরিবেশন খেতে পারে যখন ড্যাফনে চারগুণ বেশি খেতে পারে এবং আরশ ড্যাফনে দ্বিগুণ খেতে পারে।2 দিন পরে, আরশ ডায়েটে যাওয়ার সিদ্ধান্ত নেয় এবং অর্ধেক ব্যবহার করে খরচ কেটে দেয়।পিজ্জা পুরোপুরি খেতে কত দিন সময় লাগবে?",3
"একটি দৈত্য কেকের 87 অংশ রয়েছে।অলিভার দিনে 3 টি অংশ খেতে পারে যখন পাভেল দ্বিগুণ খেতে পারে এবং মী পাভেলের চেয়ে দু'বার খেতে পারে।2 দিন পরে, এমআইআই ডায়েটে যাওয়ার সিদ্ধান্ত নেয় এবং অর্ধেক ব্যবহার করে খরচ কেটে দেয়।কেকটি পুরোপুরি খেতে কত দিন সময় লাগবে?",5
"একটি দৈত্য কেকের 120 অংশ রয়েছে।জেসমিন দিনে 5 টি অংশ খেতে পারে যখন রোয়া দ্বিগুণ খেতে পারে এবং সোফিয়া রোয়ার দ্বিগুণ খেতে পারে।2 দিন পরে, সোফিয়া ডায়েটে যাওয়ার সিদ্ধান্ত নেয় এবং অর্ধেক ব্যবহার করে খরচ কেটে দেয়।কেকটি পুরোপুরি খেতে কত দিন সময় লাগবে?",4
"সঞ্জয় দিনে 32 টি ইমেল পান।এই ইমেলগুলির 25% কোনও প্রতিক্রিয়া প্রয়োজন হয় না।বাকি থেকে, সঞ্জয় কেবল তাদের 1/2 এর চেয়ে 2 টি কম প্রতিক্রিয়া জানাতে পারে।4 দিনের কাজের সপ্তাহে সঞ্জয় কতগুলি ইমেল প্রতিক্রিয়া জানায়?সঞ্জয় শেষ দিনে ওভারটাইম কাজ করে যাতে তিনি স্বাভাবিকের চেয়ে 20% বেশি ইমেলের প্রতিক্রিয়া জানাতে পারেন।",42
"লিওন দিনে 30 টি ইমেল পান।এই ইমেলের 20% কোনও প্রতিক্রিয়া প্রয়োজন হয় না।বাকিগুলি থেকে, লিওন কেবল তাদের অর্ধেকের চেয়ে 2 টি কম সাড়া দিতে পারে।6 দিনের কাজের সপ্তাহে লিওন কতগুলি ইমেল প্রতিক্রিয়া জানায়?লিওন শেষ দিনে ওভারটাইম কাজ করে যাতে তিনি স্বাভাবিকের চেয়ে 50% বেশি ইমেলের প্রতিক্রিয়া জানাতে পারেন।",65
"অলিভার দিনে 32 টি ইমেল পান।এই ইমেলগুলির 25% কোনও প্রতিক্রিয়া প্রয়োজন হয় না।বাকি থেকে, অলিভার কেবল তাদের 1/2 এর চেয়ে 2 টি কম প্রতিক্রিয়া জানাতে পারে।অলিভার 4 দিনের কাজের সপ্তাহে কতগুলি ইমেল প্রতিক্রিয়া জানায়?অলিভার শেষ দিনে ওভারটাইম কাজ করে যাতে সে স্বাভাবিকের চেয়ে 10% বেশি ইমেলের প্রতিক্রিয়া জানাতে পারে।",41
"লুইস দিনে 30 টি ইমেল পান।এই ইমেলের 20% কোনও প্রতিক্রিয়া প্রয়োজন হয় না।বাকি থেকে, লুইস কেবল তাদের 1/2 এর চেয়ে 4 টি কম সাড়া দিতে পারে।5 দিনের কাজের সপ্তাহে লুইস কতগুলি ইমেল প্রতিক্রিয়া জানায়?লুইস শেষ দিনে ওভারটাইম কাজ করে যাতে তিনি স্বাভাবিকের চেয়ে 25% বেশি ইমেলের প্রতিক্রিয়া জানাতে পারেন।",42
"হিরোশি দিনে 32 টি ইমেল পান।এই ইমেলগুলির 25% কোনও প্রতিক্রিয়া প্রয়োজন হয় না।বাকি থেকে, হিরোশি কেবল তাদের 1/2 এর চেয়ে 2 টি কম প্রতিক্রিয়া জানাতে পারে।5 দিনের কাজের সপ্তাহে হিরোশি কতগুলি ইমেল প্রতিক্রিয়া জানায়?হিরোশি শেষ দিনে ওভারটাইম কাজ করে যাতে তিনি স্বাভাবিকের চেয়ে 30% বেশি ইমেলের প্রতিক্রিয়া জানাতে পারেন।",53
"কার্লোস দিনে 32 টি ইমেল পান।এই ইমেলগুলির 25% কোনও প্রতিক্রিয়া প্রয়োজন হয় না।বাকি থেকে, কার্লোস কেবল তাদের অর্ধেকের চেয়ে 4 টি কম সাড়া দিতে পারে।4 দিনের কাজের সপ্তাহে কার্লোস কতগুলি ইমেল প্রতিক্রিয়া জানায়?কার্লোস শেষ দিনে ওভারটাইম কাজ করে যাতে তিনি স্বাভাবিকের চেয়ে 75% বেশি ইমেলের প্রতিক্রিয়া জানাতে পারেন।",38
"রবি দিনে 25 টি ইমেল পান।এই ইমেলের 12% কোনও প্রতিক্রিয়া প্রয়োজন হয় না।বাকি থেকে, রবি কেবল তাদের অর্ধেকের চেয়ে 3 টি কম সাড়া দিতে পারে।4 দিনের কাজের সপ্তাহে রবি কতগুলি ইমেলের প্রতিক্রিয়া জানায়?রবি শেষ দিনে ওভারটাইম কাজ করে যাতে তিনি স্বাভাবিকের চেয়ে 75% বেশি ইমেলের প্রতিক্রিয়া জানাতে পারেন।",38
"ইউকি দিনে 32 টি ইমেল পান।এই ইমেলগুলির 25% কোনও প্রতিক্রিয়া প্রয়োজন হয় না।বাকি থেকে, ইউকি কেবল তাদের 1/2 এর চেয়ে 2 টি কম প্রতিক্রিয়া জানাতে পারে।ইউকি 6 দিনের কাজের সপ্তাহে কয়টি ইমেলের প্রতিক্রিয়া জানায়?ইউকি শেষ দিনে ওভারটাইম কাজ করে যাতে সে স্বাভাবিকের চেয়ে 10% বেশি ইমেলের প্রতিক্রিয়া জানাতে পারে।",61
"মোহাম্মদ দিনে 25 টি ইমেল পান।এই ইমেলের 12% কোনও প্রতিক্রিয়া প্রয়োজন হয় না।বাকি থেকে, মোহাম্মদ তাদের অর্ধেকের চেয়ে 3 টি কম সাড়া দিতে পারে।5 দিনের কাজের সপ্তাহে মোহাম্মদ কতগুলি ইমেল সাড়া দেয়?মোহাম্মদ শেষ দিনে ওভারটাইম কাজ করেন যাতে তিনি স্বাভাবিকের চেয়ে 25% বেশি ইমেলের প্রতিক্রিয়া জানাতে পারেন।",42
"ইব্রাহিম দিনে 32 টি ইমেল পান।এই ইমেলগুলির 25% কোনও প্রতিক্রিয়া প্রয়োজন হয় না।বাকি থেকে, ইব্রাহিম তাদের অর্ধেকের চেয়ে কেবল 2 টি কম সাড়া দিতে পারে।4 দিনের কাজের সপ্তাহে ইব্রাহিম কতগুলি ইমেল প্রতিক্রিয়া জানায়?ইব্রাহিম শেষ দিনে ওভারটাইম কাজ করে যাতে তিনি স্বাভাবিকের চেয়ে 60% বেশি ইমেলের প্রতিক্রিয়া জানাতে পারেন।",46
"গ্যাব্রিয়েল একটি ডি 4 ডাই ঘূর্ণায়মান।এটি আরও কত সম্ভাবনা রয়েছে (শতাংশ পয়েন্টের মধ্যে পার্থক্য হিসাবে প্রকাশিত) যে তিনি একটানা দু'বার 1 এর চেয়ে বেশি সংখ্যক রোল করেন, তার চেয়ে তিনি একটানা চারটি বিজোড় সংখ্যা রোল করেন?",50
"তারিক একটি চার পক্ষের ডাই ঘূর্ণায়মান।এটি আরও কত সম্ভাবনা রয়েছে (শতাংশ পয়েন্টের মধ্যে পার্থক্য হিসাবে প্রকাশ করা হয়েছে) যে তিনি একটানা দু'বার 2 এর চেয়ে বেশি সংখ্যক রোল করেন, তার চেয়ে তিনি একটানা চারটি এমনকি সংখ্যা রোল করেন?",18
"মোহাম্মদ একটি 20-পার্শ্বযুক্ত ডাই ঘূর্ণায়মান।এটি আরও কত (শতাংশ পয়েন্টের পার্থক্য হিসাবে প্রকাশ করা হয়েছে) কতটা সম্ভবত তিনি একটানা দু'বার 10 এর চেয়ে বেশি সংখ্যক রোল করেন, তার চেয়ে তিনি একটানা চারটি এমনকি সংখ্যা রোল করেন?",18
"ভিক্টর একটি 20-পার্শ্বযুক্ত ডাই ঘূর্ণায়মান।এটি আরও কত সম্ভাবনা রয়েছে (শতাংশ পয়েন্টের মধ্যে পার্থক্য হিসাবে প্রকাশ করা হয়েছে) যে তিনি একটানা দু'বার 2 এর চেয়ে বেশি সংখ্যক রোল করেন, তার চেয়ে তিনি একটানা চারটি এমনকি সংখ্যা রোল করেন?",74
"দেশহান একটি ডি 10 ডাই ঘূর্ণন করছে।এটি আরও কত (শতাংশ পয়েন্টের পার্থক্য হিসাবে প্রকাশ করা হয়েছে) কতটা সম্ভবত তিনি পরপর দু'বার 5 এর চেয়ে বেশি সংখ্যক রোল করেন, তার চেয়ে তিনি একটানা চারটি এমনকি সংখ্যা রোল করেন?",18
"মাতেও একটি ডি 6 ডাই ঘূর্ণায়মান।এটি আরও কত (শতাংশ পয়েন্টের পার্থক্য হিসাবে প্রকাশ করা হয়েছে) কতটা সম্ভবত তিনি একটানা দু'বার 3 এর চেয়ে বেশি সংখ্যক রোল করেন, তার চেয়ে তিনি একটানা চারটি বিজোড় সংখ্যা রোল করেন?",18
"ইউসুফ একটি 10-পার্শ্বযুক্ত ডাই ঘূর্ণায়মান।এটি আরও কত (শতাংশ পয়েন্টের পার্থক্য হিসাবে প্রকাশ করা হয়েছে) কতটা সম্ভবত তিনি পরপর দু'বার 5 এর চেয়ে বেশি সংখ্যক রোল করেন, তার চেয়ে তিনি একটানা চারটি এমনকি সংখ্যা রোল করেন?",18
"অলিভার একটি ডি 8 ডাই ঘূর্ণায়মান।এটি আরও কত (শতাংশ পয়েন্টের পার্থক্য হিসাবে প্রকাশ করা হয়েছে) কতটা সম্ভবত তিনি একটানা দু'বার 2 টিরও বেশি সংখ্যক রোল করেন, তার চেয়ে তিনি একটানা চারটি বিজোড় সংখ্যা রোল করেন?",50
"অর্জুন একটি ডি 6 ডাই ঘূর্ণায়মান।এটি আরও কতটা সম্ভবত (শতাংশ পয়েন্টের পার্থক্য হিসাবে প্রকাশ করা হয়েছে) যে তিনি পরপর দু'বার 3 এর চেয়ে বেশি সংখ্যক রোল করেন, তার চেয়ে তিনি একটানা চারটি বিজোড় সংখ্যা রোল করেন?",18
"লিয়াম একটি ডি 20 ডাই ঘূর্ণায়মান।এটি আরও কত সম্ভাবনা রয়েছে (শতাংশ পয়েন্টের মধ্যে পার্থক্য হিসাবে প্রকাশিত) যে তিনি একটানা দু'বার 1 এর চেয়ে বেশি সংখ্যক রোল করেন, তার চেয়ে তিনি একটানা চারটি এমনকি সংখ্যা রোল করেন?",84
"ভিক্টরের প্রাথমিকভাবে 9 ডজন প্যানকেক ছিল, তারপরে প্রাতঃরাশের জন্য 3 প্যানকেক খেয়েছিল এবং তারপরে ইস্টার ডিমের শিকারের জন্য বাকীটি আঙ্গিনায় লুকিয়ে রেখেছিল।লিয়াম 5 প্যানকেক খুঁজে পেয়েছে।ইউসুফ লিয়ামের চেয়ে দু'বার খুঁজে পান।পাভেল ইউসুফের চেয়ে 4 কম খুঁজে পায়।ড্যাফনে পাভেলের অর্ধেক অর্ধেক খুঁজে পেয়েছে এবং জেমস ইউসুফ এবং লিয়ামের সাথে মিলিত হওয়ার চেয়ে চার ডজন প্যানকেককে আরও বেশি খুঁজে পেয়েছে।কতগুলি প্যানকেক এখনও ইয়ার্ডে লুকানো আছে?",18
"আলির প্রাথমিকভাবে 11 ডজন কুকি ছিল, তারপরে প্রাতঃরাশের জন্য 3 টি কুকিজ খেয়েছিল এবং তারপরে ইস্টার ডিমের শিকারের জন্য বাকীটি আঙ্গিনায় লুকিয়ে রেখেছিল।ফয়সাল 5 টি কুকিজ খুঁজে পায়।হিরোশি তিনবার ফয়সাল হিসাবে খুঁজে পান।বেঞ্জামিন হিরোশির চেয়ে 3 কম খুঁজে পেয়েছে।ওয়েই বেনজমিনের মতো একটি চতুর্থাংশ খুঁজে পেয়েছে এবং কুইন হিরোশি এবং ফয়সালের মিলিত চেয়ে তিন ডজন কুকিজকে আরও বেশি খুঁজে পেয়েছে।কতটি কুকি এখনও ইয়ার্ডে লুকিয়ে আছে?",38
"বিট্রিজের প্রথমে 10 ডজন প্যানকেক ছিল, তারপরে প্রাতঃরাশের জন্য 3 প্যানকেক খেয়েছিল এবং তারপরে ইস্টার ডিমের শিকারের জন্য বাকীটি আঙ্গিনায় লুকিয়ে রেখেছিল।কিমিয়া 6 টি প্যানকেক খুঁজে পেয়েছে।সোফিয়া কিমিয়ার চেয়ে তিনবার খুঁজে পেয়েছে।মাতেও সোফিয়ার চেয়ে 2 কম খুঁজে পেয়েছে।উমর মাতেওর অর্ধেককে খুঁজে পেয়েছেন এবং মেই সোফিয়া এবং কিমিয়ার সাথে মিলিত হয়ে দুই ডজন প্যানকেককে আরও বেশি খুঁজে পেয়েছেন।কতগুলি প্যানকেক এখনও ইয়ার্ডে লুকানো আছে?",21
"জহরার প্রাথমিকভাবে 9 ডজন ওয়াফলস ছিল, তারপরে প্রাতঃরাশের জন্য 5 টি ওয়াফলস খেয়েছিল এবং তারপরে ইস্টার ডিমের শিকারের জন্য বাকী অংশটি লুকিয়ে রেখেছিল।ভিক্টর 5 টি ওয়াফল খুঁজে পান।আন্দ্রে তিনবার ভিক্টর হিসাবে খুঁজে পান।রানিয়া আন্দ্রেয়ের চেয়ে 3 কম খুঁজে পেয়েছে।উমা রানিয়ার মতো ১/৪ টি খুঁজে পেয়েছে এবং আরশ আন্দ্রে এবং ভিক্টরের সাথে মিলিত হয়ে তিন ডজন ওয়াফলসকে আরও বেশি খুঁজে পেয়েছে।কতটি ওয়াফলগুলি এখনও উঠোনে লুকিয়ে আছে?",12
"কাইয়ের প্রথমে 7 ডজন প্যানকেক ছিল, তারপরে প্রাতঃরাশের জন্য 2 প্যানকেক খেয়েছিল এবং তারপরে ইস্টার ডিমের শিকারের জন্য বাকী অংশটি লুকিয়ে রেখেছিল।নিয়া 6 টি প্যানকেক খুঁজে পেয়েছে।ইসাবেলা এনআইএর চেয়ে দু'বার খুঁজে পেয়েছে।রোয়া ইসাবেলার চেয়ে 4 কম খুঁজে পেয়েছে।ডিয়েগো রোয়ার মতো একটি চতুর্থাংশ খুঁজে পেয়েছে এবং ইয়াারা ইসাবেলা এবং নিয়া মিলিত হওয়ার চেয়ে দুই ডজন প্যানকেককে আরও বেশি খুঁজে পেয়েছে।কতগুলি প্যানকেক এখনও ইয়ার্ডে লুকানো আছে?",12
"ওলগার প্রাথমিকভাবে 8 ডজন প্যানকেক ছিল, তারপরে প্রাতঃরাশের জন্য 5 টি প্যানকেক খেয়েছিল এবং তারপরে ইস্টার ডিমের শিকারের জন্য বাকীটি আঙ্গিনায় লুকিয়ে রেখেছিল।গ্যাব্রিয়েল 3 প্যানকেক খুঁজে পেয়েছে।জেসমিন গ্যাব্রিয়েলের চেয়ে চারগুণ বেশি খুঁজে পেয়েছে।তারিক জেসমিনের চেয়ে 2 কম খুঁজে পায়।রবি তারিকের মতো ১/৫ জনকে খুঁজে পেয়েছেন এবং আলেজান্দ্রো জেসমিন এবং গ্যাব্রিয়েল সম্মিলিত চেয়ে দুই ডজন প্যানকেককে বেশি খুঁজে পেয়েছেন।কতগুলি প্যানকেক এখনও ইয়ার্ডে লুকানো আছে?",25
"ইসাবেলার প্রথমে ১১ টি ডজন প্যানকেক ছিল, তারপরে প্রাতঃরাশের জন্য ৫ টি প্যানকেক খেয়েছিল এবং তারপরে ইস্টার ডিমের শিকারের জন্য বাকীটি আঙ্গিনায় লুকিয়ে রেখেছিল।এলেনা 5 প্যানকেক খুঁজে পান।কাসিম এলেনার চেয়ে দু'বার খুঁজে পান।সঞ্জয় কাসিমের চেয়ে 1 কম খুঁজে পান।উইনি সঞ্জয়ের মতো ১/৯ টি খুঁজে পেয়েছেন এবং ফয়সাল কাসিম এবং এলেনার একত্রিত হওয়ার চেয়ে চার ডজন প্যানকেককে খুঁজে পেয়েছেন।কতগুলি প্যানকেক এখনও ইয়ার্ডে লুকানো আছে?",39
"ভ্যালেরিয়ায় প্রাথমিকভাবে 11 ডজন প্যানকেক ছিল, তারপরে প্রাতঃরাশের জন্য 2 প্যানকেক খেয়েছিল এবং তারপরে ইস্টার ডিমের শিকারের জন্য বাকীটি আঙ্গিনায় লুকিয়ে রেখেছিল।জেমস 5 টি প্যানকেক খুঁজে পেয়েছে।জামাল জেমসের চেয়ে তিনগুণ বেশি খুঁজে পান।ড্যাফনে জামালের চেয়ে 3 কম খুঁজে পেয়েছে।নাদিয়া ড্যাফনের মতো ১/২ টি খুঁজে পেয়েছে এবং লিওন জামাল এবং জেমসের সাথে মিলিত হয়ে তিন ডজন প্যানকেককে আরও বেশি খুঁজে পেয়েছে।কতগুলি প্যানকেক এখনও ইয়ার্ডে লুকানো আছে?",36
"বিট্রিজের প্রাথমিকভাবে 8 ডজন ডিম ছিল, তারপরে প্রাতঃরাশের জন্য 3 টি ডিম খেয়েছিল এবং তারপরে ইস্টার ডিমের শিকারের জন্য বাকী অংশটি আড়াল করে।মাতেও 3 টি ডিম খুঁজে পায়।লুইস মাতেওর চেয়ে ছয়গুণ বেশি খুঁজে পান।তারিক লুইসের চেয়ে 2 কম খুঁজে পায়।কাসিম তারিকের অর্ধেক অর্ধেক খুঁজে পেয়েছে এবং নোহ লুইস এবং মাতেওর সাথে মিলিয়ে দুই ডজন ডিমের বেশি খুঁজে পেয়েছে।কতগুলি ডিম এখনও ইয়ার্ডে লুকানো আছে?",3
"ডিয়েগোতে প্রাথমিকভাবে 8 ডজন ওয়াফলস ছিল, তারপরে প্রাতঃরাশের জন্য 2 টি ওয়াফলস খেয়েছিল এবং তারপরে ইস্টার ডিমের শিকারের জন্য বাকীটি আঙ্গিনায় লুকিয়ে রেখেছিল।রোয়া 7 ওয়াফলস খুঁজে পেয়েছে।ইউসুফ রোয়ার চেয়ে দ্বিগুণ খুঁজে পেয়েছেন।প্রিয়া ইউসুফের চেয়ে 2 কম খুঁজে পায়।কিশা প্রিয়া হিসাবে ১/৩ জনকে খুঁজে পেয়েছে এবং আভা ইউসুফ এবং রোয়ার একত্রিত হওয়ার চেয়ে দুই ডজন ওয়াফলসকে আরও বেশি খুঁজে পেয়েছে।কতটি ওয়াফলগুলি এখনও উঠোনে লুকিয়ে আছে?",12
"কাসিম 5 টি বিভিন্ন অ্যাপার্টমেন্ট কমপ্লেক্স থেকে আবর্জনা সংগ্রহ করে।প্রথম 4 টিতে 100 টি অ্যাপার্টমেন্ট রয়েছে এবং শেষটি অন্য 4 টির তুলনায় 30% বড়।যাইহোক, এই সপ্তাহে, প্রথম 4 টি কমপ্লেক্সের প্রতিটি থেকে 5 টি অ্যাপার্টমেন্টগুলি শূন্য ছিল এবং সংগ্রহের পরিষেবা প্রয়োজন হয় না।কাসিম প্রতিটি জায়গা থেকে সপ্তাহে 2 বার আবর্জনা সংগ্রহ করে এবং প্রতিটি অ্যাপার্টমেন্টের জন্য তাকে সংগ্রহের জন্য ₣ 0.3 প্রদান করে।তিনি টিপস অতিরিক্ত 10% উপার্জন করেন।এক সপ্তাহে তিনি কত টাকা উপার্জন করেন?",594
"হিরোশি 6 টি বিভিন্ন অ্যাপার্টমেন্ট কমপ্লেক্স থেকে আবর্জনা সংগ্রহ করে।প্রথম 5 টিতে 100 টি অ্যাপার্টমেন্ট রয়েছে এবং শেষটি অন্য 5 টির তুলনায় 40% বড়।যাইহোক, এই সপ্তাহে, প্রথম 5 টি কমপ্লেক্সের প্রতিটি থেকে 8 টি অ্যাপার্টমেন্টগুলি শূন্য ছিল এবং সংগ্রহের পরিষেবা প্রয়োজন হয় না।হিরোশি প্রতিটি জায়গা থেকে সপ্তাহে 2 বার আবর্জনা সংগ্রহ করে এবং প্রতিটি অ্যাপার্টমেন্টের জন্য তাকে সংগ্রহের জন্য ₣ 0.25 প্রদান করে।তিনি টিপস অতিরিক্ত 10% উপার্জন করেন।এক সপ্তাহে তিনি কত টাকা উপার্জন করেন?",638
"তারিক 4 টি বিভিন্ন অ্যাপার্টমেন্ট কমপ্লেক্স থেকে আবর্জনা সংগ্রহ করে।প্রথম 3 টিতে 100 টি অ্যাপার্টমেন্ট রয়েছে এবং শেষটি অন্য 3 টি সংযুক্তের চেয়ে 30% বড়।যাইহোক, এই সপ্তাহে, প্রথম 3 টি কমপ্লেক্সের প্রতিটি থেকে 10 টি অ্যাপার্টমেন্ট শূন্য ছিল এবং সংগ্রহের পরিষেবা প্রয়োজন হয় না।তারিক প্রতিটি জায়গা থেকে সপ্তাহে 3 বার আবর্জনা সংগ্রহ করে এবং প্রতিটি অ্যাপার্টমেন্টের জন্য তাকে সংগ্রহের জন্য ₺0.5 প্রদান করে।তিনি টিপস অতিরিক্ত 10% উপার্জন করেন।এক সপ্তাহে তিনি কত টাকা উপার্জন করেন?",1089
"পাভেল 6 টি বিভিন্ন অ্যাপার্টমেন্ট কমপ্লেক্স থেকে আবর্জনা সংগ্রহ করে।প্রথম 5 টিতে 100 টি অ্যাপার্টমেন্ট রয়েছে এবং শেষটি অন্য 5 টির তুলনায় 70% বড়।যাইহোক, এই সপ্তাহে, প্রথম 5 টি কমপ্লেক্সের প্রতিটি থেকে 10 টি অ্যাপার্টমেন্ট শূন্য ছিল এবং সংগ্রহের পরিষেবা প্রয়োজন হয় না।পাভেল প্রতিটি জায়গা থেকে সপ্তাহে 2 বার আবর্জনা সংগ্রহ করে এবং প্রতিটি অ্যাপার্টমেন্টের জন্য তাকে সংগ্রহের জন্য ₺0.45 প্রদান করে।তিনি টিপস অতিরিক্ত 10% উপার্জন করেন।এক সপ্তাহে তিনি কত টাকা উপার্জন করেন?",1287
"অলিভার 5 টি বিভিন্ন অ্যাপার্টমেন্ট কমপ্লেক্স থেকে আবর্জনা সংগ্রহ করে।প্রথম 4 টিতে 100 টি অ্যাপার্টমেন্ট রয়েছে এবং শেষটি অন্য 4 টির তুলনায় 50% বড়।যাইহোক, এই সপ্তাহে, প্রথম 4 টি কমপ্লেক্সের প্রতিটি থেকে 6 টি অ্যাপার্টমেন্টগুলি শূন্য ছিল এবং সংগ্রহের পরিষেবা প্রয়োজন হয় না।অলিভার প্রতিটি জায়গা থেকে সপ্তাহে 5 বার আবর্জনা সংগ্রহ করে এবং প্রতিটি অ্যাপার্টমেন্টের জন্য তাকে সংগ্রহের জন্য ₣ 0.25 প্রদান করে।তিনি টিপস অতিরিক্ত 10% উপার্জন করেন।এক সপ্তাহে তিনি কত টাকা উপার্জন করেন?",1342
"নোহ 5 টি বিভিন্ন অ্যাপার্টমেন্ট কমপ্লেক্স থেকে আবর্জনা সংগ্রহ করে।প্রথম 4 টিতে 100 টি অ্যাপার্টমেন্ট রয়েছে এবং শেষটি অন্য 4 টির তুলনায় 75% বড়।যাইহোক, এই সপ্তাহে, প্রথম 4 টি কমপ্লেক্সের প্রতিটি থেকে 5 টি অ্যাপার্টমেন্টগুলি শূন্য ছিল এবং সংগ্রহের পরিষেবা প্রয়োজন হয় না।নোহ প্রতিটি জায়গা থেকে সপ্তাহে 2 বার আবর্জনা সংগ্রহ করে এবং প্রতিটি অ্যাপার্টমেন্টের জন্য তাকে সংগ্রহের জন্য ₣ 0.25 প্রদান করে।তিনি টিপস অতিরিক্ত 10% উপার্জন করেন।এক সপ্তাহে তিনি কত টাকা উপার্জন করেন?",594
"এস্তেবান 3 টি বিভিন্ন অ্যাপার্টমেন্ট কমপ্লেক্স থেকে আবর্জনা সংগ্রহ করে।প্রথম 2 টিতে 150 টি অ্যাপার্টমেন্ট রয়েছে এবং শেষটি অন্য 2 টির তুলনায় 70% বড়।যাইহোক, এই সপ্তাহে, প্রথম 2 কমপ্লেক্সের প্রতিটি থেকে 5 টি অ্যাপার্টমেন্টগুলি শূন্য ছিল এবং সংগ্রহের পরিষেবা প্রয়োজন হয় না।এস্তেবান প্রতিটি জায়গা থেকে সপ্তাহে 3 বার আবর্জনা সংগ্রহ করে এবং প্রতিটি অ্যাপার্টমেন্টের জন্য তাকে সংগ্রহের জন্য € 0.45 প্রদান করে।তিনি টিপস অতিরিক্ত 10% উপার্জন করেন।এক সপ্তাহে তিনি কত টাকা উপার্জন করেন?",1188
"ইউসুফ 7 টি বিভিন্ন অ্যাপার্টমেন্ট কমপ্লেক্স থেকে আবর্জনা সংগ্রহ করে।প্রথম 6 টিতে 100 টি অ্যাপার্টমেন্ট রয়েছে এবং শেষটি অন্য 6 টির তুলনায় 35% বড়।যাইহোক, এই সপ্তাহে, প্রথম 6 টি কমপ্লেক্সের প্রতিটি থেকে 10 টি অ্যাপার্টমেন্টগুলি শূন্য ছিল এবং সংগ্রহের পরিষেবা প্রয়োজন হয় না।ইউসুফ প্রতিটি জায়গা থেকে সপ্তাহে 2 বার আবর্জনা সংগ্রহ করে এবং প্রতিটি অ্যাপার্টমেন্টের জন্য তাকে সংগ্রহের জন্য ¥ 0.4 প্রদান করে।তিনি টিপস অতিরিক্ত 10% উপার্জন করেন।এক সপ্তাহে তিনি কত টাকা উপার্জন করেন?",1188
"ওয়েই 3 টি বিভিন্ন অ্যাপার্টমেন্ট কমপ্লেক্স থেকে আবর্জনা সংগ্রহ করে।প্রথম 2 টিতে 100 টি অ্যাপার্টমেন্ট রয়েছে এবং শেষটি অন্য 2 টির তুলনায় 70% বড়।যাইহোক, এই সপ্তাহে, প্রথম 2 কমপ্লেক্সের প্রতিটি থেকে 5 টি অ্যাপার্টমেন্টগুলি শূন্য ছিল এবং সংগ্রহের পরিষেবা প্রয়োজন হয় না।ওয়েই প্রতিটি জায়গা থেকে সপ্তাহে 4 বার আবর্জনা সংগ্রহ করে এবং প্রতিটি অ্যাপার্টমেন্টের জন্য তাকে সংগ্রহের জন্য ₺0.25 প্রদান করে।তিনি টিপস অতিরিক্ত 10% উপার্জন করেন।এক সপ্তাহে তিনি কত টাকা উপার্জন করেন?",583
"কার্লোস 3 টি বিভিন্ন অ্যাপার্টমেন্ট কমপ্লেক্স থেকে আবর্জনা সংগ্রহ করে।প্রথম 2 টিতে 200 টি অ্যাপার্টমেন্ট রয়েছে এবং শেষটি অন্য 2 টির তুলনায় 40% বড়।যাইহোক, এই সপ্তাহে, প্রথম 2 কমপ্লেক্সের প্রতিটি থেকে 10 টি অ্যাপার্টমেন্ট শূন্য ছিল এবং সংগ্রহের পরিষেবা প্রয়োজন হয় না।কার্লোস প্রতিটি জায়গা থেকে সপ্তাহে 4 বার আবর্জনা সংগ্রহ করে এবং প্রতিটি অ্যাপার্টমেন্টের জন্য তাকে সংগ্রহের জন্য ₣ 0.25 প্রদান করে।তিনি টিপস অতিরিক্ত 10% উপার্জন করেন।এক সপ্তাহে তিনি কত টাকা উপার্জন করেন?",1034
"সাকুরা একজন আগ্রহী উদ্যান।দু'দিন আগে, তিনি তার প্রিয় উদ্ভিদ নার্সারি থেকে 49 টি নতুন পোটযুক্ত উদ্ভিদ পেয়েছিলেন।তার ইতিমধ্যে তার বৃহত দেশের বাড়ির 60 টি উইন্ডো লেজগুলির প্রত্যেকটিতে 7 টি পোটযুক্ত গাছ রয়েছে।তিনি গতকাল 50% ছাড়ে 100 টি নতুন উদ্ভিদ কিনেছিলেন।উদার বোধ করে, তিনি সিদ্ধান্ত নিয়েছেন যে তিনি আগামীকাল প্রতিটি খাড়া থেকে 3 টি পোটযুক্ত উদ্ভিদ দেবেন।সাকুরা কয়টি পাত্রযুক্ত গাছের সাথে থাকবে?",389
"ড্যাফনে একজন আগ্রহী উদ্যান।দু'দিন আগে, তিনি তার প্রিয় উদ্ভিদ নার্সারি থেকে 23 টি নতুন পোটযুক্ত উদ্ভিদ পেয়েছিলেন।তার ইতিমধ্যে তার বৃহত দেশের বাড়ির 56 টি উইন্ডো লেজগুলির প্রত্যেকটিতে 8 টি পোটযুক্ত গাছ রয়েছে।তিনি গতকাল 50% ছাড়ে 200 টি নতুন উদ্ভিদ কিনেছিলেন।উদার বোধ করে, তিনি সিদ্ধান্ত নিয়েছেন যে তিনি আগামীকাল প্রতিটি খাড়া থেকে 6 টি পোটযুক্ত উদ্ভিদ দেবেন।ড্যাফনে কয়টি পাত্রযুক্ত গাছের সাথে থাকবে?",335
"অ্যামেলিয়া একজন আগ্রহী উদ্যান।গত সপ্তাহে, তিনি তার প্রিয় উদ্ভিদ নার্সারি থেকে 25 টি নতুন পোটযুক্ত উদ্ভিদ পেয়েছিলেন।তার ইতিমধ্যে তার বৃহত দেশের বাড়ির 54 টি উইন্ডো লেজগুলির প্রত্যেকটিতে 12 টি পোটযুক্ত গাছ রয়েছে।তিনি গতকাল 50% ছাড়ে 110 টি নতুন উদ্ভিদও কিনেছিলেন।উদার বোধ করে, তিনি সিদ্ধান্ত নিয়েছেন যে তিনি আগামীকাল প্রতিটি খাড়া থেকে 4 টি পোটযুক্ত উদ্ভিদ দেবেন।অ্যামেলিয়া কয়টি পাত্রযুক্ত গাছের সাথে থাকবে?",567
"এলেনা একজন আগ্রহী উদ্যান।দু'দিন আগে, তিনি তার প্রিয় উদ্ভিদ নার্সারি থেকে 38 টি নতুন পোটযুক্ত উদ্ভিদ পেয়েছিলেন।তার ইতিমধ্যে তার বৃহত দেশের বাড়ির 55 টি উইন্ডো লেজগুলির প্রত্যেকটিতে 12 টি পোটযুক্ত গাছ রয়েছে।তিনি গতকাল 50% ছাড়ে 70 টি নতুন উদ্ভিদ কিনেছিলেন।উদার বোধ করে, তিনি সিদ্ধান্ত নিয়েছেন যে তিনি আগামীকাল প্রতিটি খাড়া থেকে 3 টি পোটযুক্ত উদ্ভিদ দেবেন।এলেনা কতগুলি পোটেড গাছের সাথে থাকবে?",603
"ইয়ারা একজন আগ্রহী উদ্যান।দু'দিন আগে, তিনি তার প্রিয় উদ্ভিদ নার্সারি থেকে 49 টি নতুন পোটযুক্ত উদ্ভিদ পেয়েছিলেন।তার ইতিমধ্যে তার বৃহত দেশের বাড়ির 54 টি উইন্ডো লেজগুলির প্রত্যেকটিতে 12 টি পোটযুক্ত গাছ রয়েছে।তিনি গতকাল 50% ছাড়ে 130 টি নতুন উদ্ভিদও কিনেছিলেন।উদার বোধ করে, তিনি সিদ্ধান্ত নিয়েছেন যে তিনি আগামীকাল প্রতিটি খাড়া থেকে 4 টি পোটযুক্ত উদ্ভিদ দেবেন।ইয়ারা কয়টি পাত্রযুক্ত গাছের সাথে থাকবে?",611
"মী একজন আগ্রহী উদ্যান।দু'দিন আগে, তিনি তার প্রিয় উদ্ভিদ নার্সারি থেকে 38 টি নতুন পোটযুক্ত উদ্ভিদ পেয়েছিলেন।তার ইতিমধ্যে তার বৃহত দেশের বাড়ির 60 টি উইন্ডো লেজগুলির প্রত্যেকটিতে 9 টি পোটযুক্ত গাছ রয়েছে।তিনি গতকাল 50% ছাড়ে 170 টি নতুন উদ্ভিদ কিনেছিলেন।উদার বোধ করে, তিনি সিদ্ধান্ত নিয়েছেন যে তিনি আগামীকাল প্রতিটি খাড়া থেকে 6 টি পোটযুক্ত উদ্ভিদ দেবেন।মেই কয়টি পাত্রযুক্ত গাছের সাথে থাকবে?",388
"ভ্যালেন্টিনা একজন আগ্রহী উদ্যান।গত রাতে, তিনি তার প্রিয় উদ্ভিদ নার্সারি থেকে 48 টি নতুন পোটযুক্ত উদ্ভিদ পেয়েছিলেন।তার ইতিমধ্যে তার বড় দেশের বাড়ির 63 টি উইন্ডো লেজগুলির প্রত্যেকটিতে 11 টি পোটযুক্ত গাছ রয়েছে।তিনি গতকাল 50% ছাড়ে 100 টি নতুন উদ্ভিদ কিনেছিলেন।উদার বোধ করে, তিনি সিদ্ধান্ত নিয়েছেন যে তিনি আগামীকাল প্রতিটি খাড়া থেকে 6 টি পোটযুক্ত উদ্ভিদ দেবেন।ভ্যালেন্টিনা কয়টি পাত্রযুক্ত গাছের সাথে থাকবে?",463
"কুইন একজন আগ্রহী উদ্যান।গত রাতে, তিনি তার প্রিয় উদ্ভিদ নার্সারি থেকে 23 টি নতুন পোটযুক্ত উদ্ভিদ পেয়েছিলেন।তার ইতিমধ্যে তার বৃহত দেশের বাড়ির 57 টি উইন্ডো লেজগুলির প্রত্যেকটিতে 8 টি পোটযুক্ত গাছ রয়েছে।তিনি গতকাল 50% ছাড়ে 20 টি নতুন উদ্ভিদও কিনেছিলেন।উদার বোধ করে, তিনি সিদ্ধান্ত নিয়েছেন যে তিনি আগামীকাল প্রতিটি খাড়া থেকে 4 টি পোটযুক্ত উদ্ভিদ দেবেন।কুইন কতগুলি পোটযুক্ত গাছের সাথে থাকবে?",271
"অ্যামেলিয়া একজন আগ্রহী উদ্যান।গত রাতে, তিনি তার প্রিয় উদ্ভিদ নার্সারি থেকে 42 টি নতুন পোটযুক্ত উদ্ভিদ পেয়েছিলেন।তার ইতিমধ্যে তার বৃহত দেশের বাড়ির 56 টি উইন্ডো লেজগুলির প্রত্যেকটিতে 7 টি পোটযুক্ত গাছ রয়েছে।তিনি গতকাল 50% ছাড়ে 180 টি নতুন উদ্ভিদও কিনেছিলেন।উদার বোধ করে, তিনি সিদ্ধান্ত নিয়েছেন যে তিনি আগামীকাল প্রতিটি খাড়া থেকে 4 টি পোটযুক্ত উদ্ভিদ দেবেন।অ্যামেলিয়া কয়টি পাত্রযুক্ত গাছের সাথে থাকবে?",390
"সোফিয়া একজন আগ্রহী উদ্যান।গত সপ্তাহে, তিনি তার প্রিয় উদ্ভিদ নার্সারি থেকে 26 টি নতুন পোটযুক্ত উদ্ভিদ পেয়েছিলেন।তার ইতিমধ্যে তার বৃহত দেশের বাড়ির 55 টি উইন্ডো লেজগুলির প্রত্যেকটিতে 11 টি পোটযুক্ত গাছ রয়েছে।তিনি গতকাল 50% ছাড়ে 130 টি নতুন উদ্ভিদও কিনেছিলেন।উদার বোধ করে, তিনি সিদ্ধান্ত নিয়েছেন যে তিনি আগামীকাল প্রতিটি খাড়া থেকে 3 টি পোটযুক্ত উদ্ভিদ দেবেন।সোফিয়া কয়টি পাত্রযুক্ত গাছের সাথে থাকবে?",596
পার্কে 24 টি মেয়ে রয়েছে।পার্কে যদি এক তৃতীয়াংশ ছেলের সংখ্যা থাকে তবে পার্কের বাচ্চাদের কত শতাংশ মেয়েরা?,75
ইয়ার্ডে 39 টি মেয়ে রয়েছে।যদি ইয়ার্ডে ছেলেদের সংখ্যা দুই-ষষ্ঠ থাকে তবে উঠোনের বাচ্চাদের কত শতাংশ মেয়েরা?,75
বাগানে 22 টি মেয়ে রয়েছে।বাগানে যদি ছেলেদের সংখ্যা তিনগুণ থাকে তবে বাগানের বাচ্চাদের কত শতাংশ মেয়েরা?,25
বাগানে 20 টি মেয়ে রয়েছে।বাগানে যদি 1/4 ছেলের সংখ্যা থাকে তবে বাগানের বাচ্চাদের কত শতাংশ মেয়েরা?,80
মাঠে 24 জন মেয়ে রয়েছে।যদি মাঠে ছেলের সংখ্যার চারগুণ বেশি থাকে তবে মাঠের বাচ্চাদের কত শতাংশ মেয়েরা?,20
"বাগানে 16 টি মেয়ে রয়েছে।বাগানে ছেলের সংখ্যা নয় গুণ থাকলে, বাগানের বাচ্চাদের কত শতাংশ মেয়েরা?",10
খেলার মাঠে 21 জন মেয়ে রয়েছে।যদি খেলার মাঠে ছেলের সংখ্যা চারগুণ বেশি থাকে তবে খেলার মাঠের বাচ্চাদের কত শতাংশ মেয়েরা?,20
মাঠে 18 টি মেয়ে রয়েছে।যদি মাঠে ছেলের সংখ্যার চারগুণ বেশি থাকে তবে মাঠের বাচ্চাদের কত শতাংশ মেয়েরা?,20
পার্কে 31 টি মেয়ে রয়েছে।যদি পার্কে ছেলের সংখ্যার চারগুণ বেশি থাকে তবে পার্কের বাচ্চাদের কত শতাংশ মেয়েরা?,20
মাঠে 19 টি মেয়ে রয়েছে।যদি মাঠে ছেলের সংখ্যা নয় গুণ থাকে তবে মাঠের বাচ্চাদের কত শতাংশ মেয়েরা?,10
"মিসেস স্মিথ একটি নতুন বাড়ি খুঁজছেন যা তার $ 410000 বাজেটের বাইরে যাবে না।তিনি এমন একটি সম্পত্তি দেখেছিলেন যার বিক্রয় মূল্য $ 500000।সর্বোপরি, ক্রেতাকে একটি ব্রোকারেজ ফি দিতে হবে যা বিক্রয়মূল্যের 7% এবং বিক্রয় মূল্যের 12% স্থানান্তর ফিও।যদি মিসেস স্মিথ বিক্রয় মূল্যে 20% ছাড় পেতে পারেন তবে মিসেস স্মিথের বাজেটের চেয়ে মোট ব্যয় আরও কত হবে?",66000
"ডাঃ প্যাটেল একটি নতুন কনডো খুঁজছেন যা তার 390000 ডলার বাজেটের বাইরে যাবে না।তিনি এমন একটি সম্পত্তি দেখেছিলেন যার বিক্রয় মূল্য $ 560000।সর্বোপরি, ক্রেতাকে একটি ব্রোকারেজ ফি দিতে হবে যা বিক্রয়মূল্যের 7% এবং বিক্রয় মূল্যের 14% স্থানান্তর ফিও।ডাঃ প্যাটেল যদি বিক্রয়মূল্যে 25% ছাড় পেতে পারেন তবে ডঃ প্যাটেলের বাজেটের চেয়ে মোট ব্যয় আরও কত হবে?",118200
"মিসেস জনসন একটি নতুন অ্যাপার্টমেন্ট খুঁজছেন যা তার $ 430000 বাজেটের বাইরে যাবে না।তিনি এমন একটি সম্পত্তি দেখেছিলেন যার বিক্রয় মূল্য $ 400000।সর্বোপরি, ক্রেতাকে একটি ব্রোকারেজ ফি দিতে হবে যা বিক্রয়মূল্যের 7% এবং বিক্রয় মূল্যের 14% স্থানান্তর ফিও।যদি মিসেস জনসন বিক্রয় মূল্যে 5% ছাড় পেতে পারেন তবে মিসেস জনসনের বাজেটের চেয়ে মোট ব্যয় আরও কত হবে?",29800
"মিসেস স্মিথ একটি নতুন বাড়ি খুঁজছেন যা তার $ 410000 বাজেটের বাইরে যাবে না।তিনি এমন একটি সম্পত্তি দেখেছিলেন যার বিক্রয় মূল্য $ 480000।সর্বোপরি, ক্রেতাকে একটি ব্রোকারেজ ফি দিতে হবে যা বিক্রয় মূল্যের 3% এবং বিক্রয় মূল্যের 12% স্থানান্তর ফিও।যদি মিসেস স্মিথ বিক্রয় মূল্যে 5% ছাড় পেতে পারেন তবে মিসেস স্মিথের বাজেটের চেয়ে মোট ব্যয় আরও কত হবে?",114400
"মিসেস লি একটি নতুন টাউনহাউস খুঁজছেন যা তার $ 330000 বাজেটের বাইরে যাবে না।তিনি এমন একটি সম্পত্তি দেখেছিলেন যার বিক্রয় মূল্য $ 440000।সর্বোপরি, ক্রেতাকে একটি ব্রোকারেজ ফি দিতে হবে যা বিক্রয়মূল্যের 5% এবং বিক্রয় মূল্যের 12% স্থানান্তর ফিও।মিসেস লি যদি বিক্রয়মূল্যে 25% ছাড় পেতে পারেন তবে মিসেস লির বাজেটের তুলনায় মোট ব্যয় আরও কত হবে?",56100
"মিসেস স্মিথ একটি নতুন বাড়ি খুঁজছেন যা তার $ 310000 বাজেটের বাইরে যাবে না।তিনি এমন একটি সম্পত্তি দেখেছিলেন যার বিক্রয় মূল্য $ 400000।সর্বোপরি, ক্রেতাকে একটি ব্রোকারেজ ফি দিতে হবে যা বিক্রয়মূল্যের 5% এবং বিক্রয় মূল্যের 12% স্থানান্তর ফিও।যদি মিসেস স্মিথ বিক্রয় মূল্যে 10% ছাড় পেতে পারেন তবে মিসেস স্মিথের বাজেটের চেয়ে মোট ব্যয় আরও কত হবে?",111200
"মিসেস জনসন একটি নতুন অ্যাপার্টমেন্ট খুঁজছেন যা তার $ 490000 বাজেটের বাইরে যাবে না।তিনি এমন একটি সম্পত্তি দেখেছিলেন যার বিক্রয় মূল্য $ 640000।সর্বোপরি, ক্রেতাকে একটি ব্রোকারেজ ফি দিতে হবে যা বিক্রয়মূল্যের 3% এবং বিক্রয় মূল্যের 14% স্থানান্তর ফিও।যদি মিসেস জনসন বিক্রয় মূল্যে 25% ছাড় পেতে পারেন তবে মিসেস জনসনের বাজেটের চেয়ে মোট ব্যয় আরও কত হবে?",71600
"মিসেস জনসন একটি নতুন অ্যাপার্টমেন্ট খুঁজছেন যা তার $ 400000 বাজেটের বাইরে যাবে না।তিনি এমন একটি সম্পত্তি দেখেছিলেন যার বিক্রয় মূল্য $ 480000।সর্বোপরি, ক্রেতাকে একটি ব্রোকারেজ ফি দিতে হবে যা বিক্রয়মূল্যের 7% এবং বিক্রয় মূল্যের 12% স্থানান্তর ফিও।যদি মিসেস জনসন বিক্রয় মূল্যে 25% ছাড় পেতে পারেন তবে মিসেস জনসনের বাজেটের চেয়ে মোট ব্যয় আরও কত হবে?",28400
"মিসেস লি একটি নতুন টাউনহাউস খুঁজছেন যা তার $ 440000 বাজেটের বাইরে যাবে না।তিনি এমন একটি সম্পত্তি দেখেছিলেন যার বিক্রয় মূল্য $ 400000।সর্বোপরি, ক্রেতাকে একটি ব্রোকারেজ ফি দিতে হবে যা বিক্রয়মূল্যের 7% এবং বিক্রয় মূল্যের 12% স্থানান্তর ফিও।মিসেস লি যদি বিক্রয় মূল্যে 5% ছাড় পেতে পারেন তবে মিসেস লির বাজেটের চেয়ে মোট ব্যয় আরও কত হবে?",12200
"মিসেস জনসন একটি নতুন অ্যাপার্টমেন্ট খুঁজছেন যা তার $ 470000 বাজেটের বাইরে যাবে না।তিনি এমন একটি সম্পত্তি দেখেছিলেন যার বিক্রয় মূল্য $ 650000।সর্বোপরি, ক্রেতাকে একটি ব্রোকারেজ ফি দিতে হবে যা বিক্রয়মূল্যের 4% এবং বিক্রয় মূল্যের 13% স্থানান্তর ফিও।যদি মিসেস জনসন বিক্রয় মূল্যে 20% ছাড় পেতে পারেন তবে মিসেস জনসনের বাজেটের চেয়ে মোট ব্যয় আরও কত হবে?",138400
"নাদিয়া বেকারিতে গিয়ে বিভিন্ন ধরণের প্যাস্ট্রি কিনেছিল।তিনি ডজন প্রতি 14 ডলারে 60 ডোনট কিনেছিলেন, 60 মিনি কাপকেকস প্রতি ডজন 25 ডলার এবং 24 মিনি চিজকেকস কিনেছিলেন।20% ছাড়ের পরে, তিনি মোট 1540 ডলার দিয়েছিলেন।ডজন প্রতি মিনি চিজসেকগুলির দাম কত ছিল?",865
"নিয়া প্যাটিসেরিতে গিয়ে বিভিন্ন ধরণের বেকড পণ্য কিনেছিল।তিনি ডজন প্রতি 19 ডলারে 60 ক্রাইস্যান্ট, 72 ম্যাকারন প্রতি ডজন প্রতি 20 ডলারে এবং 36 ব্রাউনি কিনেছিলেন।5% ছাড়ের পরে, তিনি মোট 1330 ডলার দিয়েছিলেন।প্রতি ডজন ব্রাউনিজের দাম কত ছিল?",395
"আভা মিষ্টান্নে গিয়ে বিভিন্ন ধরণের মিষ্টান্ন কিনেছিল।তিনি ডজন প্রতি 13 ডলারে 36 ইক্লেয়ারস, 60 কুকিজ প্রতি ডজন প্রতি 26 ডলার এবং 24 মাফিন কিনেছিলেন।20% ছাড়ের পরে, তিনি মোট 980 ডলার দিয়েছিলেন।প্রতি ডজন মাফিনের দাম কত ছিল?",528
"রোয়া প্যাটিসেরিতে গিয়ে বিভিন্ন ধরণের বেকড পণ্য কিনেছিল।তিনি ডজন প্রতি 19 ডলারে 48 ক্রাইস্যান্ট, 48 ম্যাকারন প্রতি ডজন প্রতি 31 ডলার এবং 24 ব্রাউনিজ কিনেছিলেন।25% ছাড়ের পরে, তিনি মোট 1530 ডলার দিয়েছিলেন।প্রতি ডজন ব্রাউনিজের দাম কত ছিল?",920
"আয়শা প্যাটিসেরিতে গিয়ে বিভিন্ন ধরণের বেকড পণ্য কিনেছিল।তিনি 24 ক্রোস্যান্টস প্রতি ডজন 12 ডলারে, 48 ম্যাকারন প্রতি ডজন প্রতি 20 ডলারে এবং 24 ব্রাউনি কিনেছিলেন।20% ছাড়ের পরে, তিনি মোট 1520 ডলার দিয়েছিলেন।প্রতি ডজন ব্রাউনিজের দাম কত ছিল?",898
"সোফিয়া বেকারিতে গিয়ে বিভিন্ন ধরণের প্যাস্ট্রি কিনেছিল।তিনি ডজন প্রতি 19 ডলারে 48 ডোনট কিনেছিলেন, 48 মিনি কাপকেকস প্রতি ডজন প্রতি 24 ডলারে এবং 48 মিনি চিজকেকস কিনেছিলেন।25% ছাড়ের পরে, তিনি মোট 1440 ডলার দিয়েছিলেন।ডজন প্রতি মিনি চিজসেকগুলির দাম কত ছিল?",437
"উমা ক্যাফেতে গিয়ে বিভিন্ন ধরণের ট্রিট কিনেছিলেন।তিনি ডজন প্রতি 16 ডলারে 48 ডেনিশ, 48 টার্টস প্রতি ডজন প্রতি 25 ডলারে এবং 48 স্কোন কিনেছিলেন।25% ছাড়ের পরে, তিনি মোট 1050 ডলার দিয়েছিলেন।প্রতি ডজনে স্কোনগুলির দাম কত ছিল?",309
"মিয়া ক্যাফেতে গিয়ে বিভিন্ন ধরণের ট্রিট কিনেছিল।তিনি ডজন প্রতি 20 ডলারে 48 ডেনিশ, 60 টার্টস প্রতি ডজন প্রতি 24 ডলারে এবং 24 স্কোন কিনেছিলেন।25% ছাড়ের পরে, তিনি মোট 1140 ডলার দিয়েছিলেন।প্রতি ডজনে স্কোনগুলির দাম কত ছিল?",660
"ড্যাফনে বেকারিতে গিয়ে বিভিন্ন ধরণের প্যাস্ট্রি কিনেছিলেন।তিনি ডজন প্রতি 18 ডলারে 48 ডোনট, 72 মিনি কাপকেকস প্রতি ডজন প্রতি 29 ডলার এবং 72 মিনি চিজকেক কিনেছিলেন।20% ছাড়ের পরে, তিনি মোট 1200 ডলার দিয়েছিলেন।ডজন প্রতি মিনি চিজসেকগুলির দাম কত ছিল?",209
"এমা প্যাটিসেরিতে গিয়ে বিভিন্ন ধরণের বেকড পণ্য কিনেছিলেন।তিনি ডজন প্রতি 16 ডলারে 60 ক্রাইস্যান্ট, 48 ম্যাকারন প্রতি ডজন প্রতি 30 ডলার এবং 60 ব্রাউনিজ কিনেছিলেন।20% ছাড়ের পরে, তিনি মোট 1400 ডলার দিয়েছিলেন।প্রতি ডজন ব্রাউনিজের দাম কত ছিল?",310
"সাননিসাইড হাই এই বছর তার স্পোর্টস অ্যারেনায় স্নাতক রয়েছে যার মধ্যে 7500 জনের জন্য জায়গা রয়েছে।স্নাতকের জন্য 600০০ টি আসনের জন্য অ্যাকাউন্টিংয়ের পরে, অনুষদের জন্য 250 টি আসন এবং ইভেন্টের কর্মীদের জন্য 50 টি আসন সংরক্ষণ করার পরে, টিকিটগুলি সমানভাবে বিভক্ত হলে প্রতিটি স্নাতক তাদের বন্ধুবান্ধব এবং পরিবারকে কতগুলি টিকিট দিতে পারে?",11
"গ্রিনভিল হাই স্কুল এই বছর তার কনভেনশন সেন্টারে স্নাতক রয়েছে যার মধ্যে 77 77০০ জনের জায়গা রয়েছে।স্নাতকের জন্য 550 আসনের জন্য অ্যাকাউন্টিংয়ের পরে, অনুষদের জন্য 450 টি আসন উপস্থিত হওয়া এবং ইভেন্টের কর্মীদের জন্য 100 টি আসন সংরক্ষণ করার পরে, টিকিটগুলি সমানভাবে বিভক্ত হলে প্রতিটি স্নাতক তাদের বন্ধুবান্ধব এবং পরিবারকে কতগুলি টিকিট দিতে পারে?",12
"রিভারসাইড একাডেমি এই বছর তার জিমনেসিয়ামে স্নাতক অনুষ্ঠিত করছে যার মধ্যে 7800 জনের জন্য জায়গা রয়েছে।স্নাতকের জন্য 1050 আসনের জন্য অ্যাকাউন্টিংয়ের পরে, অনুষদের জন্য 350 টি আসন উপস্থিত হওয়ার জন্য এবং ইভেন্টের কর্মীদের জন্য 100 টি আসন সংরক্ষণ করার পরে, টিকিটগুলি সমানভাবে বিভক্ত হলে প্রতিটি স্নাতক তাদের বন্ধুবান্ধব এবং পরিবারকে কতগুলি টিকিট দিতে হবে?",6
"গ্রিনভিল হাই স্কুল এই বছর তার কনভেনশন সেন্টারে স্নাতক অনুষ্ঠিত হচ্ছে যার 3900 জনের জন্য জায়গা রয়েছে।স্নাতকের জন্য 1150 আসনের জন্য অ্যাকাউন্টিংয়ের পরে, অনুষদের জন্য 400 টি আসন উপস্থিত হওয়ার জন্য এবং ইভেন্টের কর্মীদের জন্য 50 টি আসন সংরক্ষণ করার পরে, টিকিটগুলি সমানভাবে বিভক্ত হলে প্রতিটি স্নাতক তাদের বন্ধুবান্ধব এবং পরিবারকে কতগুলি টিকিট দিতে হবে?",2
"রিভারসাইড একাডেমি এই বছর তার জিমনেসিয়ামে স্নাতক রয়েছে যার 8900 জনের জন্য জায়গা রয়েছে।স্নাতকের জন্য 1050 আসনের জন্য অ্যাকাউন্টিংয়ের পরে, অনুষদের জন্য 400 টি আসন উপস্থিত হওয়ার জন্য এবং ইভেন্টের কর্মীদের জন্য 100 টি আসন সংরক্ষণ করার পরে, টিকিটগুলি সমানভাবে বিভক্ত হলে প্রতিটি স্নাতক তাদের বন্ধুবান্ধব এবং পরিবারকে কতগুলি টিকিট দিতে পারে?",7
"রিভারসাইড একাডেমি এই বছর তার জিমনেসিয়ামে স্নাতক রয়েছে যার মধ্যে 7300 জনের জন্য জায়গা রয়েছে।স্নাতকের জন্য 700 টি আসনের জন্য অ্যাকাউন্টিং করার পরে, অনুষদের জন্য 200 টি আসন উপস্থিতি এবং ইভেন্টের কর্মীদের জন্য 100 টি আসন সংরক্ষণ করার পরে, টিকিটগুলি সমানভাবে বিভক্ত হলে প্রতিটি স্নাতক তাদের বন্ধুবান্ধব এবং পরিবারকে কতগুলি টিকিট দিতে হবে?",9
"সাননিসাইড হাই এই বছর তার স্পোর্টস অ্যারেনায় স্নাতক রয়েছে যার মধ্যে 6700 জনের জন্য জায়গা রয়েছে।স্নাতকের জন্য 1250 আসনের জন্য অ্যাকাউন্টিংয়ের পরে, অনুষদের জন্য 350 টি আসন উপস্থিত হওয়ার জন্য এবং ইভেন্টের কর্মীদের জন্য 100 টি আসন সংরক্ষণ করার পরে, টিকিটগুলি সমানভাবে বিভক্ত হলে প্রতিটি স্নাতক তাদের বন্ধুবান্ধব এবং পরিবারকে কতগুলি টিকিট দিতে পারে?",4
"সাননিসাইড হাই এই বছর তার স্পোর্টস অ্যারেনায় স্নাতক রয়েছে যার মধ্যে 4100 জনের জন্য জায়গা রয়েছে।স্নাতকের জন্য 750 আসনের জন্য অ্যাকাউন্টিংয়ের পরে, অনুষদের জন্য 250 টি আসন উপস্থিত হওয়ার জন্য এবং ইভেন্টের কর্মীদের জন্য 100 টি আসন সংরক্ষণ করার পরে, টিকিটগুলি সমানভাবে বিভক্ত হলে প্রতিটি স্নাতক তাদের বন্ধুবান্ধব এবং পরিবারকে কতগুলি টিকিট দিতে পারে?",4
"গ্রিনভিল হাই স্কুল এই বছর তার কনভেনশন সেন্টারে স্নাতক অনুষ্ঠিত করছে যার মধ্যে 7200 জনের জন্য জায়গা রয়েছে।স্নাতকের জন্য 750 আসনের জন্য অ্যাকাউন্টিংয়ের পরে, অনুষদের জন্য 400 টি আসন উপস্থিত হওয়ার জন্য এবং ইভেন্টের কর্মীদের জন্য 50 টি আসন সংরক্ষণ করার পরে, টিকিটগুলি সমানভাবে বিভক্ত হলে প্রতিটি স্নাতক তাদের বন্ধুবান্ধব এবং পরিবারকে কতগুলি টিকিট দিতে পারে?",8
"ওকউড হাই স্কুল এই বছর অডিটোরিয়ামে স্নাতক রয়েছে যার মধ্যে 3500 জনের জায়গা রয়েছে।স্নাতকের জন্য 750 আসনের জন্য অ্যাকাউন্টিং করার পরে, অনুষদের জন্য 400 টি আসন উপস্থিত হওয়ার জন্য এবং ইভেন্টের কর্মীদের জন্য 100 টি আসন সংরক্ষণ করার পরে, টিকিটগুলি সমানভাবে বিভক্ত হলে প্রতিটি স্নাতক তাদের বন্ধুবান্ধব এবং পরিবারকে কতগুলি টিকিট দিতে হবে?",3
বোধি কিছু চাল কিনতে দোকানে যায়।তিনি যে সাধারণ ব্র্যান্ডের চাল কিনেছেন তার দাম প্রতি পাউন্ডে 15 ডলার।তাকে আরও ব্যয়বহুল ব্র্যান্ড কিনতে হবে যা তার প্রিয় ব্র্যান্ডটি বিক্রি হয়ে যাওয়ার কারণে 20% বেশি খরচ হয়।তিনি এক সপ্তাহের মূল্যবান ভাত কেনার সিদ্ধান্ত নেন এবং তিনি প্রতিদিন 2 পাউন্ড চাল ব্যবহার করেন।স্টোরটিতে ভাতগুলিতে 20% ছাড় রয়েছে যা কেবল 10 পাউন্ড পর্যন্ত প্রযোজ্য;কোনও অতিরিক্ত চাল নিয়মিত মূল্যে বিক্রি হয়।বোধি নিজেকে $ 1 এর জন্য একটি কুকি কেনার সিদ্ধান্ত নেন।বোধি কত দিতে হবে?,217
অলিভার কিছু ময়দা কিনতে দোকানে যায়।তিনি যে সাধারণ ব্র্যান্ডের ময়দা তিনি প্রতি কেজি প্রতি 16 ডলার ব্যয় করেন।তাকে আরও একটি ব্যয়বহুল ব্র্যান্ড কিনতে হবে যা তার প্রিয় ব্র্যান্ডটি বিক্রি হয়ে যাওয়ার কারণে 25% বেশি খরচ হয়।তিনি এক সপ্তাহের মূল্যবান ময়দা কেনার সিদ্ধান্ত নেন এবং তিনি প্রতিদিন 2 কেজি ময়দা ব্যবহার করেন।স্টোরটিতে ময়দার উপর 5% ছাড় রয়েছে যা কেবল 10 কিলোগ্রাম পর্যন্ত প্রযোজ্য;কোনও অতিরিক্ত ময়দা নিয়মিত মূল্যে বিক্রি হয়।অলিভারও নিজেকে ₣ 4 এর জন্য একটি মাফিন কেনার সিদ্ধান্ত নেয়।অলিভারকে কত দিতে হবে?,274
অর্জুন কিছু চা কিনতে দোকানে যান।তিনি যে সাধারণ ব্র্যান্ডের চা কিনেছেন তার দাম প্রতি কেজি 10 ডলার।তাকে আরও একটি ব্যয়বহুল ব্র্যান্ড কিনতে হবে যা তার প্রিয় ব্র্যান্ডটি বিক্রি হয়ে যাওয়ার কারণে 40% বেশি খরচ হয়।তিনি এক সপ্তাহের মূল্যবান চা কেনার সিদ্ধান্ত নেন এবং তিনি প্রতিদিন 2 কেজি চা ব্যবহার করেন।স্টোরটিতে চা -তে 10% ছাড় রয়েছে যা কেবল 10 কিলোগ্রাম পর্যন্ত প্রযোজ্য;কোনও অতিরিক্ত চা নিয়মিত মূল্যে বিক্রি হয়।অর্জুন নিজেকে ¥ 4 এর জন্য একটি মাফিন কেনার সিদ্ধান্ত নেন।অর্জুনকে কত দিতে হবে?,186
বেঞ্জামিন কিছু চিনি কিনতে দোকানে যায়।তিনি সাধারণ ব্র্যান্ডের চিনির প্রতি কেজি প্রতি 10 ডলার খরচ করেন।তাকে আরও ব্যয়বহুল ব্র্যান্ড কিনতে হবে যা তার প্রিয় ব্র্যান্ডটি বিক্রি হয়ে যাওয়ার কারণে 20% বেশি খরচ হয়।তিনি এক সপ্তাহের মূল্যবান চিনি কেনার সিদ্ধান্ত নেন এবং তিনি প্রতিদিন 3 কেজি চিনি ব্যবহার করেন।স্টোরটিতে চিনিতে 30% ছাড় রয়েছে যা কেবল 10 কেজি পর্যন্ত প্রযোজ্য;কোনও অতিরিক্ত চিনি নিয়মিত মূল্যে বিক্রি হয়।বেঞ্জামিনও নিজেকে ₺1 এর জন্য একটি ব্যাগেল কেনার সিদ্ধান্ত নেন।বেঞ্জামিনকে কত দিতে হবে?,217
মোহাম্মদ কিছু চিনি কিনতে দোকানে যান।তিনি যে সাধারণ ব্র্যান্ডের চিনি কিনেছেন তার দাম প্রতি কেজি 15 ডলার।তাকে আরও একটি ব্যয়বহুল ব্র্যান্ড কিনতে হবে যা তার প্রিয় ব্র্যান্ডটি বিক্রি হয়ে যাওয়ার কারণে 40% বেশি খরচ হয়।তিনি এক সপ্তাহের মূল্যবান চিনি কেনার সিদ্ধান্ত নেন এবং তিনি প্রতিদিন 3 কেজি চিনি ব্যবহার করেন।স্টোরটিতে চিনিতে 10% ছাড় রয়েছে যা কেবল 20 কেজি পর্যন্ত প্রযোজ্য;কোনও অতিরিক্ত চিনি নিয়মিত মূল্যে বিক্রি হয়।মোহাম্মদও নিজেকে 1 ডলারে একটি ব্যাগেল কেনার সিদ্ধান্ত নেন।মোহাম্মদকে কত দিতে হবে?,400
থিও কিছু চাল কিনতে দোকানে যায়।তিনি যে সাধারণ ব্র্যান্ডের চাল কিনেছেন তার প্রতি কেজি প্রতি 5 ডলার খরচ হয়।তাকে আরও ব্যয়বহুল ব্র্যান্ড কিনতে হবে যা তার প্রিয় ব্র্যান্ডটি বিক্রি হয়ে যাওয়ার কারণে 20% বেশি খরচ হয়।তিনি এক সপ্তাহের মূল্যবান ভাত কেনার সিদ্ধান্ত নেন এবং তিনি প্রতিদিন 2 কেজি চাল ব্যবহার করেন।স্টোরটিতে ভাতগুলিতে 40% ছাড় রয়েছে যা কেবল 10 কেজি পর্যন্ত প্রযোজ্য;কোনও অতিরিক্ত চাল নিয়মিত মূল্যে বিক্রি হয়।থিও নিজেকে ¥ 4 এর জন্য একটি ব্যাগেল কেনার সিদ্ধান্ত নেয়।থিও কত দিতে হবে?,64
ফয়সাল কিছু চিনি কিনতে দোকানে যায়।তিনি যে সাধারণ ব্র্যান্ডের চিনি কিনেছেন তার দাম প্রতি পাউন্ডে 10 ডলার।তাকে আরও ব্যয়বহুল ব্র্যান্ড কিনতে হবে যা তার প্রিয় ব্র্যান্ডটি বিক্রি হয়ে যাওয়ার কারণে 20% বেশি খরচ হয়।তিনি এক সপ্তাহের মূল্যবান চিনি কেনার সিদ্ধান্ত নেন এবং তিনি প্রতিদিন 2 পাউন্ড চিনি ব্যবহার করেন।স্টোরটিতে চিনিতে 10% ছাড় রয়েছে যা কেবল 10 পাউন্ড পর্যন্ত প্রযোজ্য;কোনও অতিরিক্ত চিনি নিয়মিত মূল্যে বিক্রি হয়।ফয়সাল নিজেকে 3 ডলারে একটি কুকি কেনার সিদ্ধান্ত নেয়।ফয়সালকে কত দিতে হবে?,159
মাতেও কিছু চিনি কিনতে দোকানে যায়।তিনি সাধারণ ব্র্যান্ডের চিনির প্রতি কেজি প্রতি কেজি ₺5 খরচ করেন।তাকে আরও একটি ব্যয়বহুল ব্র্যান্ড কিনতে হবে যা তার প্রিয় ব্র্যান্ডটি বিক্রি হয়ে যাওয়ার কারণে 40% বেশি খরচ হয়।তিনি এক সপ্তাহের মূল্যবান চিনি কেনার সিদ্ধান্ত নেন এবং তিনি প্রতিদিন 3 কেজি চিনি ব্যবহার করেন।স্টোরটিতে চিনিতে 20% ছাড় রয়েছে যা কেবল 20 কিলোগ্রাম পর্যন্ত প্রযোজ্য;কোনও অতিরিক্ত চিনি নিয়মিত মূল্যে বিক্রি হয়।মাতেও নিজেকে ₺4 এর জন্য একটি মাফিন কেনার সিদ্ধান্ত নিয়েছে।মাতেওকে কত দিতে হবে?,123
কার্লোস কিছু ময়দা কিনতে দোকানে যায়।তিনি যে সাধারণ ব্র্যান্ডের ময়দা তিনি প্রতি কেজি প্রতি 10 ডলার ব্যয় করেন।তাকে আরও একটি ব্যয়বহুল ব্র্যান্ড কিনতে হবে যা তার প্রিয় ব্র্যান্ডটি বিক্রি হয়ে যাওয়ার কারণে 40% বেশি খরচ হয়।তিনি এক সপ্তাহের মূল্যবান ময়দা কেনার সিদ্ধান্ত নেন এবং তিনি প্রতিদিন 2 কেজি ময়দা ব্যবহার করেন।স্টোরটিতে ময়দার উপর 45% ছাড় রয়েছে যা কেবল 10 কেজি পর্যন্ত প্রযোজ্য;কোনও অতিরিক্ত ময়দা নিয়মিত মূল্যে বিক্রি হয়।কার্লোসও নিজেকে ₣ 2 এর জন্য একটি ব্যাগেল কেনার সিদ্ধান্ত নেন।কার্লোসকে কত দিতে হবে?,135
ওয়েই কিছু চাল কিনতে দোকানে যায়।তিনি যে সাধারণ ব্র্যান্ডের চাল কিনেছেন তার দাম প্রতি কেজি 15 ডলার।তাকে আরও ব্যয়বহুল ব্র্যান্ড কিনতে হবে যা তার প্রিয় ব্র্যান্ডটি বিক্রি হয়ে যাওয়ার কারণে 20% বেশি খরচ হয়।তিনি এক সপ্তাহের মূল্যবান ভাত কেনার সিদ্ধান্ত নেন এবং তিনি প্রতিদিন 3 কেজি চাল ব্যবহার করেন।স্টোরটিতে ভাতটিতে 5% ছাড় রয়েছে যা কেবল 20 কেজি পর্যন্ত প্রযোজ্য;কোনও অতিরিক্ত চাল নিয়মিত মূল্যে বিক্রি হয়।ওয়েইও নিজেকে 4 ডলারে একটি ব্যাগেল কেনার সিদ্ধান্ত নিয়েছে।ওয়েই কত দিতে হবে?,364
"ভ্যালেন্টিনা তার বাড়িতে একটি গেম নাইটের জন্য প্রস্তুতি নিচ্ছিল, যেখানে তিনি উদ্ভিজ্জ লাসাগনা পরিবেশন করার ইচ্ছা করেছিলেন।তিনি লক্ষ্য করেছেন যে তিনি প্লাস্টিকের কাঁটাচামচ থেকে দূরে ছিলেন, তাই তিনি কাঁটাচামচগুলির একটি নতুন প্যাকেজ কিনেছিলেন।পরে, তার স্বামী 19 টি নতুন কাঁটাচামচ একটি প্যাকেজও কিনেছিলেন এবং সেগুলি ভ্যালেন্টিনাকে দিয়েছিলেন।ভ্যালেন্টিনা যখন উদ্ভিজ্জ লাসাগনা তৈরি করছিলেন, তখন তিনি তার উদ্ভিজ্জ লাসাগনার নমুনা দেওয়ার জন্য ছয়টি কাঁটাচামচ ব্যবহার করেছিলেন, তারপরে 8 টি ত্রুটিযুক্ত কাঁটাচামচ ছুঁড়ে ফেলেছিলেন।অতিথিরাও 2 টি প্যাক কাঁটাচামচ নিয়ে এসেছিল, যার প্রত্যেকটির ভিতরে 8 টি রয়েছে।পরে, যখন তিনি টেবিলটি সেট করতে গিয়েছিলেন, তখন তার মোট 49 টি কাঁটাচামচ ছিল।ভ্যালেন্টিনা যে প্যাকেজটি কিনেছিল তাতে কয়টি কাঁটাচামচ ছিল?",28
"উমা তার বাড়িতে একটি পটলাক পার্টির জন্য প্রস্তুতি নিচ্ছিলেন, যেখানে তিনি চিংড়ি স্ক্যাম্পি পরিবেশন করার ইচ্ছা করেছিলেন।তিনি লক্ষ্য করেছেন যে তিনি প্লাস্টিকের চামচ থেকে দূরে ছিলেন, তাই তিনি চামচগুলির একটি নতুন প্যাকেজ কিনেছিলেন।পরে, তার স্বামী 11 টি নতুন চামচের একটি প্যাকেজও কিনেছিলেন এবং সেগুলি ইউএমএকে দিয়েছিলেন।উমা যখন চিংড়ি স্ক্যাম্পি তৈরি করছিলেন, তখন তিনি তার চিংড়ি স্ক্যাম্পিকে নমুনা দেওয়ার জন্য সাতটি চামচ ব্যবহার করেছিলেন, তারপরে 5 টি ত্রুটিযুক্ত চামচ ফেলে দিয়েছেন।অতিথিরা 2 টি প্যাক চামচও নিয়ে এসেছিল, যার প্রত্যেকটির ভিতরে 5 টি রয়েছে।পরে, যখন তিনি টেবিলটি সেট করতে গিয়েছিলেন, তখন তার মোট 36 টি চামচ ছিল।ইউএমএ যে প্যাকেজটি কিনেছিল তাতে কতগুলি চামচ ছিল?",27
"জেনা তার বাড়িতে একটি জন্মদিনের পার্টির জন্য প্রস্তুতি নিচ্ছিলেন, যেখানে তিনি ক্রেম ব্রুলি পরিবেশন করার ইচ্ছা করেছিলেন।তিনি লক্ষ্য করেছেন যে তিনি প্লাস্টিকের কাঁটাচামচ থেকে দূরে ছিলেন, তাই তিনি কাঁটাচামচগুলির একটি নতুন প্যাকেজ কিনেছিলেন।পরে, তার স্বামী 16 টি নতুন কাঁটাচামচ একটি প্যাকেজও কিনেছিলেন এবং সেগুলি জেনাকে দিয়েছিলেন।জেনা যখন ক্রেম ব্রুলি তৈরি করছিলেন, তখন তিনি তার ক্রেম ব্রুলির নমুনা দেওয়ার জন্য সাতটি কাঁটাচামচ ব্যবহার করেছিলেন, তারপরে 8 টি ত্রুটিযুক্ত কাঁটাচামচ ছুঁড়ে ফেলেছিলেন।অতিথিরাও 2 টি প্যাক কাঁটাচামচ নিয়ে এসেছিল, যার প্রত্যেকটির ভিতরে 8 টি রয়েছে।পরে, যখন তিনি টেবিলটি সেট করতে গিয়েছিলেন, তখন তার মোট 39 টি কাঁটাচামচ ছিল।জেনা যে প্যাকেজটি কিনেছিল তাতে কয়টি কাঁটাচামচ ছিল?",22
"চেন তার বাড়িতে একটি জন্মদিনের পার্টির জন্য প্রস্তুতি নিচ্ছিলেন, যেখানে তিনি গরুর মাংসের স্টিউ পরিবেশন করার ইচ্ছা করেছিলেন।তিনি লক্ষ্য করেছেন যে তিনি প্লাস্টিকের কাঁটাচামচ থেকে দূরে ছিলেন, তাই তিনি কাঁটাচামচগুলির একটি নতুন প্যাকেজ কিনেছিলেন।পরে, তার স্বামীও 9 টি নতুন কাঁটাচামচ একটি প্যাকেজ কিনেছিলেন এবং সেগুলি চেনকে দিয়েছিলেন।চেন যখন গরুর মাংসের স্টিউ তৈরি করছিলেন, তখন তিনি তার গরুর মাংসের স্টিউ নমুনা করতে ষোলটি ব্যবহার করেছিলেন, তারপরে 12 টি ত্রুটিযুক্ত কাঁটাচামচ ছুঁড়ে ফেলেছিলেন।অতিথিরাও 2 টি প্যাক কাঁটাচামচ নিয়ে এসেছিল, যার প্রত্যেকটির ভিতরে 12 টি রয়েছে।পরে, যখন তিনি টেবিলটি সেট করতে গিয়েছিলেন, তখন তার মোট 32 টি কাঁটাচামচ ছিল।চেন যে প্যাকেজটি কিনেছিল তাতে কয়টি কাঁটাচামচ ছিল?",27
"সাকুরা তার বাড়িতে একটি জন্মদিনের পার্টির জন্য প্রস্তুতি নিচ্ছিলেন, যেখানে তিনি গ্রিলড সালমন পরিবেশন করার ইচ্ছা করেছিলেন।তিনি লক্ষ্য করেছেন যে তিনি প্লাস্টিকের প্লেটের বাইরে রয়েছেন, তাই তিনি প্লেটের একটি নতুন প্যাকেজ কিনেছিলেন।পরে, তার স্বামী 7 টি নতুন প্লেটের একটি প্যাকেজও কিনেছিলেন এবং সেগুলি সাকুরাকে দিয়েছিলেন।সাকুরা গ্রিলড সালমন তৈরি করার সময়, তিনি তার গ্রিলড সালমন নমুনা করতে আটটি প্লেট ব্যবহার করেছিলেন, তারপরে 15 টি ত্রুটিযুক্ত প্লেট ফেলে দিয়েছিলেন।অতিথিরাও 2 টি প্যাক প্লেট নিয়ে এসেছিল, যার প্রত্যেকটির ভিতরে 15 টি রয়েছে।পরে, যখন তিনি টেবিলটি সেট করতে গিয়েছিলেন, তখন তার মোট 56 টি প্লেট ছিল।সাকুরা যে প্যাকেজটি কিনেছিল তাতে কতগুলি প্লেট ছিল?",42
"ইসাবেলা তার বাড়িতে মধ্যাহ্নভোজ পার্টির জন্য প্রস্তুতি নিচ্ছিলেন, যেখানে তিনি উদ্ভিজ্জ লাসাগনা পরিবেশন করার ইচ্ছা করেছিলেন।তিনি লক্ষ্য করেছেন যে তিনি প্লাস্টিকের কাঁটাচামচ থেকে দূরে ছিলেন, তাই তিনি কাঁটাচামচগুলির একটি নতুন প্যাকেজ কিনেছিলেন।পরে, তার স্বামীও 14 টি নতুন কাঁটাচামচ একটি প্যাকেজ কিনে ইসাবেলাকে দিয়েছিলেন।ইসাবেলা যখন উদ্ভিজ্জ লাসাগনা তৈরি করছিলেন, তখন তিনি তার উদ্ভিজ্জ লাসাগনার নমুনা দেওয়ার জন্য সাতটি কাঁটাচামচ ব্যবহার করেছিলেন, তারপরে 7 টি ত্রুটিযুক্ত কাঁটাচামচ ছুঁড়ে ফেলেছিলেন।অতিথিরাও 4 টি প্যাক কাঁটাচামচ নিয়ে এসেছিল, যার প্রত্যেকটির ভিতরে 7 টি রয়েছে।পরে, যখন তিনি টেবিলটি সেট করতে গিয়েছিলেন, তখন তার মোট 66 টি কাঁটাচামচ ছিল।ইসাবেলা যে প্যাকেজটি কিনেছিল তাতে কয়টি কাঁটাচামচ ছিল?",38
"অলিভিয়া তার বাড়িতে মধ্যাহ্নভোজ পার্টির জন্য প্রস্তুতি নিচ্ছিল, যেখানে তিনি রোস্ট চিকেন পরিবেশন করার ইচ্ছা করেছিলেন।তিনি লক্ষ্য করেছেন যে তিনি প্লাস্টিকের প্লেটের বাইরে রয়েছেন, তাই তিনি প্লেটের একটি নতুন প্যাকেজ কিনেছিলেন।পরে, তার স্বামী 8 টি নতুন প্লেটের একটি প্যাকেজও কিনেছিলেন এবং সেগুলি অলিভিয়াকে দিয়েছিলেন।অলিভিয়া যখন রোস্ট মুরগি তৈরি করছিল, তখন তিনি তার রোস্ট মুরগির নমুনা দেওয়ার জন্য তেরোটি প্লেট ব্যবহার করেছিলেন, তারপরে 14 টি ত্রুটিযুক্ত প্লেট ফেলে দিলেন।অতিথিরা 3 টি প্যাক প্লেটও নিয়ে এসেছিল, যার প্রত্যেকটির ভিতরে 14 টি রয়েছে।পরে, যখন তিনি টেবিলটি সেট করতে গিয়েছিলেন, তখন তার মোট 60 টি প্লেট ছিল।অলিভিয়া যে প্যাকেজটি কিনেছিল তাতে কতগুলি প্লেট ছিল?",37
"সোফিয়া তার বাড়িতে একটি গেম নাইটের জন্য প্রস্তুতি নিচ্ছিল, যেখানে তিনি স্টাফ মরিচ পরিবেশন করার ইচ্ছা করেছিলেন।তিনি লক্ষ্য করেছেন যে তিনি প্লাস্টিকের চামচ থেকে দূরে ছিলেন, তাই তিনি চামচগুলির একটি নতুন প্যাকেজ কিনেছিলেন।পরে, তার স্বামী 6 টি নতুন চামচের একটি প্যাকেজও কিনেছিলেন এবং সেগুলি সোফিয়াকে দিয়েছিলেন।সোফিয়া যখন স্টাফড মরিচ তৈরি করছিলেন, তখন তিনি তার স্টাফ করা মরিচগুলির নমুনা দেওয়ার জন্য সতেরোটি চামচ ব্যবহার করেছিলেন, তারপরে 9 টি ত্রুটিযুক্ত চামচ ফেলে দিয়েছেন।অতিথিরা 2 টি প্যাক চামচও নিয়ে এসেছিল, যার প্রত্যেকটির ভিতরে 9 টি রয়েছে।পরে, যখন তিনি টেবিলটি সেট করতে গিয়েছিলেন, তখন তার মোট 25 টি চামচ ছিল।সোফিয়া যে প্যাকেজটি কিনেছিল তাতে কত চামচ ছিল?",27
"আয়েশা তার বাড়িতে মধ্যাহ্নভোজ পার্টির জন্য প্রস্তুতি নিচ্ছিলেন, যেখানে তিনি স্টাফ মরিচ পরিবেশন করার ইচ্ছা করেছিলেন।তিনি লক্ষ্য করেছেন যে তিনি প্লাস্টিকের কাঁটাচামচ থেকে দূরে ছিলেন, তাই তিনি কাঁটাচামচগুলির একটি নতুন প্যাকেজ কিনেছিলেন।পরে, তার স্বামী 8 টি নতুন কাঁটাচামচ একটি প্যাকেজও কিনেছিলেন এবং সেগুলি আয়েশাকে দিয়েছিলেন।আয়েশা স্টাফড মরিচ তৈরি করার সময়, তিনি তার স্টাফ করা মরিচগুলির নমুনা দেওয়ার জন্য ষোলটি ব্যবহার করেছিলেন, তারপরে 6 টি ত্রুটিযুক্ত কাঁটাচামচ ছুঁড়ে ফেলেছিলেন।অতিথিরাও 2 টি প্যাক কাঁটাচামচ নিয়ে এসেছিল, যার প্রত্যেকটির ভিতরে 6 টি রয়েছে।পরে, যখন তিনি টেবিলটি সেট করতে গিয়েছিলেন, তখন তার মোট 32 টি কাঁটাচামচ ছিল।আয়েশা যে প্যাকেজটি কিনেছিল তাতে কয়টি কাঁটাচামচ ছিল?",34
"এমা তার বাড়িতে একটি পটলাক পার্টির জন্য প্রস্তুতি নিচ্ছিলেন, যেখানে তিনি ক্রেম ব্রুলি পরিবেশন করার ইচ্ছা করেছিলেন।তিনি লক্ষ্য করেছেন যে তিনি প্লাস্টিকের প্লেটের বাইরে রয়েছেন, তাই তিনি প্লেটের একটি নতুন প্যাকেজ কিনেছিলেন।পরে, তার স্বামী 19 টি নতুন প্লেটের একটি প্যাকেজও কিনেছিলেন এবং সেগুলি এমাকে দিয়েছিলেন।এমা ক্রিম ব্রুলি তৈরি করার সময়, তিনি তার ক্রেম ব্রুলির নমুনা দেওয়ার জন্য দশটি প্লেট ব্যবহার করেছিলেন, তারপরে 10 টি ত্রুটিযুক্ত প্লেট ফেলে দিয়েছিলেন।অতিথিরাও 4 টি প্যাক প্লেট নিয়ে এসেছিলেন, যার প্রত্যেকটির ভিতরে 10 টি রয়েছে।পরে, যখন তিনি টেবিলটি সেট করতে গিয়েছিলেন, তখন তার মোট 59 টি প্লেট ছিল।এমা যে প্যাকেজটি কিনেছিল তাতে কতগুলি প্লেট ছিল?",20
"বুধবার ডিয়েগো 67 আনারস বাছাই করে।তারপরে তিনি বৃহস্পতিবার 176 আনারস বাছাই করেন।শুক্রবার, তিনি বুধবার তিনি যে আনারস করেছিলেন তার সংখ্যা কুইন্টুপল বেছে নিয়েছেন।শনিবার, তিনি গত 3 দিনে একত্রিত হয়ে যা বেছে নিয়েছিলেন তার অর্ধেক পরিমাণ বেছে নিয়েছেন।রবিবার, ডিয়েগো প্রতিটি 17 টি আনারসের বাক্সে আনারস বিক্রি করতে চলেছে।তিনি প্রতিটি বাক্স 12 ডলারে বিক্রি করতে যাচ্ছেন।ডিয়েগো কত তৈরি করতে চলেছে?",612
"শনিবার দেশহান 142 নাশপাতি বাছাই করে।তারপরে তিনি রবিবার 172 নাশপাতি বাছাই করেন।সোমবার, তিনি শনিবার তিনি যে নাশপাতি করেছিলেন তার সংখ্যা ট্রিপল করে।মঙ্গলবার, তিনি গত 3 দিনে একত্রিত হয়ে যা বেছে নিয়েছিলেন তার অর্ধেক পরিমাণ বেছে নিয়েছেন।বুধবার, দেশহান প্রতিটি 15 টি নাশপাতি বাক্সে নাশপাতি বিক্রি করতে চলেছে।তিনি প্রতিটি বাক্স 14 ডলারে বিক্রি করতে যাচ্ছেন।দেশহান কত তৈরি করতে চলেছে?",1036
"লিওন বৃহস্পতিবার ৮০ টি আপেল বাছাই করে।তারপরে তিনি শুক্রবার 50 টি আপেল বাছাই করেন।শনিবার, তিনি বৃহস্পতিবার তিনি যে আপেল করেছিলেন তার সংখ্যা ট্রিপল বেছে নিয়েছেন।রবিবার, তিনি গত 3 দিনে একত্রিত হয়ে যা বেছে নিয়েছিলেন তার অর্ধেক পরিমাণ বেছে নিয়েছেন।সোমবার, লিওন প্রতিটি 15 টি আপেলের বাক্সে আপেল বিক্রি করতে চলেছে।তিনি প্রতিটি বাক্স 12 ডলারে বিক্রি করতে যাচ্ছেন।লিওন কত করতে চলেছে?",444
"লুইস শুক্রবার 55 টি আঙ্গুর বাছাই করেছেন।তারপরে তিনি শনিবার 170 টি আঙ্গুর বাছাই করেন।রবিবার, তিনি শুক্রবার তিনি যে আঙ্গুরের সংখ্যাটি করেছিলেন তা কুইন্টআপ করে।সোমবার, তিনি গত 3 দিনে একত্রিত হয়ে যা বেছে নিয়েছিলেন তার অর্ধেক পরিমাণ বেছে নিয়েছেন।মঙ্গলবার, লুইস প্রতিটি 15 টি আঙ্গুর বাক্সে আঙ্গুর বিক্রি করতে চলেছে।তিনি প্রতিটি বাক্স 10 ডলারে বিক্রি করতে যাচ্ছেন।লুইস কত তৈরি করতে চলেছে?",500
"অলিভার মঙ্গলবার 111 কমলা বাছাই করে।তারপরে তিনি বুধবার 170 কমলা বাছাই করেন।বৃহস্পতিবার, তিনি মঙ্গলবার তিনি যে পরিমাণ কমলা করেছিলেন তা কুইন্টুপল বেছে নিয়েছেন।শুক্রবার, তিনি গত 3 দিনে একত্রিত হয়ে যা বেছে নিয়েছিলেন তার অর্ধেক পরিমাণ বেছে নিয়েছেন।শনিবার, অলিভার প্রতিটি 19 টি কমলার বাক্সে কমলা বিক্রি করতে চলেছে।তিনি প্রতিটি বাক্স 9 ডলারে বিক্রি করতে যাচ্ছেন।অলিভার কত করতে চলেছে?",594
"রবিবার উমর 147 টি আপেল বাছাই করে।তারপরে তিনি সোমবার 99 টি আপেল বাছাই করেন।মঙ্গলবার, তিনি রবিবার তিনি যে আপেল করেছিলেন তার দ্বিগুণ সংখ্যা তুলেছেন।বুধবার, তিনি গত 3 দিনে একত্রিত হয়ে যা বেছে নিয়েছিলেন তার অর্ধেক পরিমাণ বেছে নিয়েছেন।বৃহস্পতিবার, উমর প্রতিটি 27 টি আপেলের বাক্সে আপেল বিক্রি করতে চলেছে।তিনি প্রতিটি বাক্স 11 ডলারে বিক্রি করতে যাচ্ছেন।উমর কত তৈরি করতে চলেছে?",330
"মঙ্গলবার মাতেও 45 টি আপেল বাছাই করে।তারপরে তিনি বুধবার 105 টি আপেল বাছাই করেন।বৃহস্পতিবার, তিনি মঙ্গলবার তিনি যে আপেল করেছেন তার দ্বিগুণ সংখ্যা তুলেছেন।শুক্রবার, তিনি গত 3 দিনে একত্রিত হয়ে যা বেছে নিয়েছিলেন তার অর্ধেক পরিমাণ বেছে নিয়েছেন।শনিবার, মাতেও প্রতিটি 24 টি আপেলের বাক্সে আপেল বিক্রি করতে চলেছে।তিনি প্রতিটি বাক্স 13 ডলারে বিক্রি করতে যাচ্ছেন।মাতেও কত তৈরি করতে চলেছে?",195
"সঞ্জয় শুক্রবার 179 প্লাম বাছাই করে।তারপরে তিনি শনিবার 185 টি প্লাম বাছাই করেন।রবিবার, তিনি শুক্রবার তিনি যে বরই করেছেন তার সংখ্যা চতুর্থাংশ বেছে নিয়েছেন।সোমবার, তিনি গত 3 দিনে একত্রিত হয়ে যা বেছে নিয়েছিলেন তার অর্ধেক পরিমাণ বেছে নিয়েছেন।মঙ্গলবার, সঞ্জয় প্রতিটি 20 টি প্লামের বাক্সে প্লাম বিক্রি করতে চলেছে।তিনি প্রতিটি বাক্স 11 ডলারে বিক্রি করতে যাচ্ছেন।সঞ্জয় কত তৈরি করতে চলেছে?",891
"কার্লোস মঙ্গলবার 129 আপেল বাছাই করে।তারপরে তিনি বুধবার 129 টি আপেল বাছাই করেন।বৃহস্পতিবার, তিনি মঙ্গলবার তিনি যে আপেল করেছেন তার দ্বিগুণ সংখ্যা তুলেছেন।শুক্রবার, তিনি গত 3 দিনে একত্রিত হয়ে যা বেছে নিয়েছিলেন তার অর্ধেক পরিমাণ বেছে নিয়েছেন।শনিবার, কার্লোস প্রতিটি 18 টি আপেলের বাক্সে আপেল বিক্রি করতে চলেছে।তিনি প্রতিটি বাক্স 12 ডলারে বিক্রি করতে যাচ্ছেন।কার্লোস কত তৈরি করতে চলেছে?",516
"ভিক্টর বৃহস্পতিবার 142 কলা বাছাই করেছেন।তারপরে তিনি শুক্রবার 92 কলা বাছাই করেন।শনিবার, তিনি বৃহস্পতিবার তিনি যে কলা করেছিলেন তার সংখ্যা ট্রিপল বেছে নিয়েছেন।রবিবার, তিনি গত 3 দিনে একত্রিত হয়ে যা বেছে নিয়েছিলেন তার অর্ধেক পরিমাণ বেছে নিয়েছেন।সোমবার, ভিক্টর প্রতিটি 22 টি কলা বাক্সে কলা বিক্রি করতে চলেছে।তিনি প্রতিটি বাক্স 10 ডলারে বিক্রি করতে যাচ্ছেন।ভিক্টর কত তৈরি করতে চলেছে?",450
"একটি যত্নের সুবিধার ক্ষমতা 1700 কক্ষ সহ 1/5 দখল করা এবং সমস্ত কক্ষের এক-পঞ্চমাংশ পরিষেবার বাইরে রয়েছে।মহামারীটির কারণে, 20 রোগীকে প্রতিদিন যত্নের সুবিধায় ভর্তি করা হয়।2 সপ্তাহ পরে যত্ন সুবিধায় মোট অনাবৃত কক্ষের মোট সংখ্যা গণনা করুন।",740
"একটি যত্নের সুবিধার জন্য 1800 কক্ষের ক্ষমতা রয়েছে 1/6 দখল করা এবং সমস্ত কক্ষের এক-নবম কক্ষের পরিষেবা থেকে দূরে রয়েছে।মহামারীটির কারণে, 25 জন রোগী প্রতিদিন যত্নের সুবিধায় ভর্তি হন।2 সপ্তাহ পরে যত্ন সুবিধায় মোট অনাবৃত কক্ষের মোট সংখ্যা গণনা করুন।",950
"একটি ক্লিনিকের 1600 টি কক্ষের ক্ষমতা রয়েছে 1/10 দখল করা এবং সমস্ত কক্ষের দুই-পঞ্চমাংশ পরিষেবার বাইরে রয়েছে।প্রাকৃতিক দুর্যোগের কারণে, 30 জন রোগীকে প্রতিদিন ক্লিনিকে ভর্তি করা হয়।3 সপ্তাহ পরে ক্লিনিকে মোট অনাবৃত কক্ষের মোট সংখ্যা গণনা করুন।",170
"একটি মেডিকেল সেন্টারে 1300 শয্যা রয়েছে 1/5 দখল করা এবং সমস্ত শয্যাগুলির এক-চতুর্থাংশ পরিষেবার বাইরে রয়েছে।বড় দুর্ঘটনার কারণে, 30 জন রোগীকে প্রতিদিন মেডিকেল সেন্টারে ভর্তি করা হয়।2 সপ্তাহ পরে মেডিকেল সেন্টারে মোট অনাবৃত বিছানার মোট সংখ্যা গণনা করুন।",295
"একটি হাসপাতালে 1300 শয্যা রয়েছে যার সাথে 1/6 দখল করা এবং সমস্ত বিছানাগুলির দুই-ষষ্ঠ সেবার বাইরে রয়েছে।ফ্লু মৌসুমের কারণে, 30 জন রোগীকে প্রতিদিন হাসপাতালে ভর্তি করা হয়।2 সপ্তাহ পরে হাসপাতালে মোট অনাবৃত শয্যাগুলির সংখ্যা গণনা করুন।",230
"একটি মেডিকেল সেন্টারে 1200 শয্যা রয়েছে 2/4 দখল করা এবং সমস্ত বিছানাগুলির এক-অষ্টমীর পরিষেবা থেকে দূরে রয়েছে।বড় দুর্ঘটনার কারণে, 20 রোগীকে প্রতিদিন মেডিকেল সেন্টারে ভর্তি করা হয়।2 সপ্তাহ পরে মেডিকেল সেন্টারে মোট অনাবৃত বিছানার মোট সংখ্যা গণনা করুন।",170
"একটি ক্লিনিকের 1700 টি কক্ষের ক্ষমতা রয়েছে 1/10 দখল করা এবং সমস্ত কক্ষের এক-চতুর্থাংশ পরিষেবার বাইরে রয়েছে।প্রাকৃতিক দুর্যোগের কারণে, 20 রোগীকে প্রতিদিন ক্লিনিকে ভর্তি করা হয়।2 সপ্তাহ পরে ক্লিনিকে মোট অনাবৃত কক্ষের মোট সংখ্যা গণনা করুন।",825
"একটি যত্নের সুবিধার জন্য ১৪০০ টি কক্ষের ধারণক্ষমতা রয়েছে যার সাথে ১/7 দখল করা হয়েছে এবং সমস্ত কক্ষের এক-দশমাংশ পরিষেবার বাইরে রয়েছে।মহামারীটির কারণে, 35 জন রোগী প্রতিদিন যত্নের সুবিধায় ভর্তি হন।2 সপ্তাহ পরে যত্ন সুবিধায় মোট অনাবৃত কক্ষের মোট সংখ্যা গণনা করুন।",570
"একটি হাসপাতালে ১৮০০ টি বিছানা রয়েছে যার সাথে ১/৯ দখল করা হয়েছে এবং সমস্ত বিছানাগুলির এক-নব্বই সেবার বাইরে রয়েছে।ফ্লু মৌসুমের কারণে, 20 জন রোগীকে প্রতিদিন হাসপাতালে ভর্তি করা হয়।2 সপ্তাহ পরে হাসপাতালে মোট অনাবৃত শয্যাগুলির সংখ্যা গণনা করুন।",1120
"একটি হাসপাতালে ১৪০০ শয্যা রয়েছে যার সাথে ১/৩ দখল করা হয়েছে এবং সমস্ত বিছানাগুলির এক-ষষ্ঠ সেবার বাইরে রয়েছে।ফ্লু মৌসুমের কারণে, 25 জন রোগীকে প্রতিদিন হাসপাতালে ভর্তি করা হয়।3 সপ্তাহ পরে হাসপাতালে মোট অনাবৃত শয্যাগুলির সংখ্যা গণনা করুন।",175
"ভ্যালেরিয়া এবং ভিক্টর একটি নির্মাণ সরবরাহের দোকানে গিয়েছিল।ভিক্টর একজন সদস্য, তবে ভ্যালেরিয়া তা নয়।ভ্যালেরিয়ার ₣ 97.37 রয়েছে এবং স্টোরটিতে একটি বিন থেকে 15 অ্যাঙ্কর কিনতে চান।তার জন্য 8 টি নখও দরকার, প্রতিটি ব্যয় ₣ 0.64।প্রতিটি অ্যাঙ্কর খরচ ₣ 0.35।অতিরিক্তভাবে, ভ্যালেরিয়া 8 গ্যালন পেইন্ট তুলেছে।ভিক্টর 90 ডলার দিয়ে শুরু হয় এবং 10 গ্যালন পেইন্ট চায়, যার দাম ₣ 7.0, এবং 4 টি কার্পেন্টার পেন্সিল, প্রতিটি ব্যয় ₣ 2।স্টোর সদস্যদের জন্য পেইন্টে 10% ছাড় দেয়।ভিক্টর স্টোর ছাড়ার পরে ভ্যালেরিয়া আরও কত টাকা রেখেছিল?",12
"গ্যাব্রিয়েল এবং আরশ একটি নির্মাণ সরবরাহের দোকানে গিয়েছিলেন।আরশ একজন সদস্য, তবে গ্যাব্রিয়েল নেই।গ্যাব্রিয়েলের € 92.27 রয়েছে এবং স্টোরের একটি বিন থেকে 15 টি নখ কিনতে চান।তার জন্য 8 টি ওয়াশারও প্রয়োজন, প্রতিটি ব্যয় € 0.64।প্রতিটি পেরেকের দাম € 0.21।অতিরিক্তভাবে, গ্যাব্রিয়েল 8 গ্যালন পেইন্ট তুলেছে।আরশ 100 ডলার দিয়ে শুরু হয় এবং 12 গ্যালন পেইন্ট চায়, যার দাম € 7.5 এবং 3 টি কার্পেন্টার পেন্সিল, যার প্রতিটি ব্যয় € 3।স্টোর সদস্যদের জন্য পেইন্টে 10% ছাড় দেয়।গ্যাব্রিয়েল স্টোর ছাড়ার পরে আরশের চেয়ে আরও কত টাকা রেখেছেন?",14
"কিমিয়া এবং ইউসুফ একটি নির্মাণ সরবরাহের দোকানে গিয়েছিলেন।ইউসুফ একজন সদস্য, তবে কিমিয়া নেই।কিমিয়ার ¥ 91.25 রয়েছে এবং স্টোরটিতে একটি বিন থেকে 16 টি নখ কিনতে চান।তার 9 টি ওয়াশারও প্রয়োজন, প্রতিটি ব্যয় ¥ 0.65।প্রতিটি পেরেকের দাম ¥ 0.4।অতিরিক্তভাবে, কিমিয়া 8 গ্যালন পেইন্ট তুলেছে।ইউসুফ ¥ 80 দিয়ে শুরু হয় এবং 10 গ্যালন পেইন্ট চায়, যার দাম ¥ 7.0, এবং 4 টি কার্পেন্টার পেন্সিল, যার প্রতিটি ব্যয় ¥ 2।স্টোর সদস্যদের জন্য পেইন্টে 10% ছাড় দেয়।তারা দোকান ছাড়ার পরে ইউসুফের চেয়ে কিমিয়া আরও কত টাকা রেখেছিল?",14
"ভ্যালেন্টিনা এবং লিয়াম একটি নির্মাণ সরবরাহের দোকানে গিয়েছিল।লিয়াম একজন সদস্য, তবে ভ্যালেন্টিনা তা নয়।ভ্যালেন্টিনার ¥ 99.41 রয়েছে এবং স্টোরটিতে একটি বিন থেকে 17 টি স্ক্রু কিনতে চান।তার 9 টি ওয়াশারও দরকার, যার প্রতিটি ব্যয় ¥ 0.59।প্রতিটি স্ক্রু দাম ¥ 0.3।অতিরিক্তভাবে, ভ্যালেন্টিনা 8 গ্যালন পেইন্ট তুলেছে।লিয়াম 90 ডলার দিয়ে শুরু হয় এবং 10 গ্যালন পেইন্ট চায়, যার দাম ¥ 8.0, এবং 3 টি কার্পেন্টার পেন্সিল, যার প্রতিটি মূল্য ¥ 2।স্টোর সদস্যদের জন্য পেইন্টে 10% ছাড় দেয়।ভ্যালেন্টিনা স্টোর ছাড়ার পরে লিয়ামের চেয়ে বেশি কত টাকা রেখেছিল?",13
"কুইন এবং ফয়সাল একটি নির্মাণ সরবরাহের দোকানে গিয়েছিল।ফয়সাল একজন সদস্য, তবে কুইন নেই।কুইনের ₣ 98.39 রয়েছে এবং স্টোরের একটি বিন থেকে 17 টি বাদাম কিনতে চান।তার 9 টি অ্যাঙ্করও দরকার, প্রতিটি ব্যয় ₣ 0.68।প্রতিটি বাদামের দাম ₣ 0.31।অতিরিক্তভাবে, কুইন 8 গ্যালন পেইন্ট তুলেছে।ফয়সাল ₣ 80 দিয়ে শুরু হয় এবং 10 গ্যালন পেইন্ট চায়, যার দাম ₣ 7.0 এবং 3 টি কার্পেন্টার পেন্সিল, প্রতিটি ব্যয় ₣ 2।স্টোর সদস্যদের জন্য পেইন্টে 10% ছাড় দেয়।স্টোর ছেড়ে যাওয়ার পরে কুইন ফয়সালের চেয়ে আরও কত টাকা রেখেছিল?",20
"কায়লা এবং লুকা একটি নির্মাণ সরবরাহের দোকানে গিয়েছিল।লুকা একজন সদস্য, তবে কায়লা নেই।কায়লার ₣ 90.23 রয়েছে এবং স্টোরের একটি বিন থেকে 17 টি নখ কিনতে চান।তার 8 টি ওয়াশারও প্রয়োজন, প্রতিটি ব্যয় ₣ 0.62।প্রতিটি পেরেকের দাম ₣ 0.31।অতিরিক্তভাবে, কায়লা 8 গ্যালন পেইন্ট তুলেছে।লুকা ₣ 80 দিয়ে শুরু হয় এবং 10 গ্যালন পেইন্ট চায়, যার দাম ₣ 7.0 এবং 4 কার্পেন্টার পেন্সিল, প্রতিটি ব্যয় ₣ 2।স্টোর সদস্যদের জন্য পেইন্টে 10% ছাড় দেয়।স্টোর ছেড়ে যাওয়ার পরে কায়লা লুকার চেয়ে আরও কত টাকা রেখেছিল?",15
"গ্যাব্রিয়েল এবং সান্টিয়াগো একটি নির্মাণ সরবরাহের দোকানে গিয়েছিল।সান্তিয়াগো একজন সদস্য, তবে গ্যাব্রিয়েল নেই।গ্যাব্রিয়েলের € 86.15 রয়েছে এবং স্টোরের একটি বিন থেকে 16 টি স্ক্রু কিনতে চান।তার জন্য 9 টি নখও দরকার, প্রতিটি ব্যয় € 0.59।প্রতিটি স্ক্রু দাম € 0.24।অতিরিক্তভাবে, গ্যাব্রিয়েল 8 গ্যালন পেইন্ট তুলেছে।সান্টিয়াগো € 100 দিয়ে শুরু হয় এবং 12 গ্যালন পেইন্ট চায়, যার দাম € 7.5 এবং 4 টি কার্পেন্টার পেন্সিল, যার প্রতিটি ব্যয় € 2।স্টোর সদস্যদের জন্য পেইন্টে 10% ছাড় দেয়।তারা দোকান ছাড়ার পরে সান্তিয়াগোর চেয়ে গ্যাব্রিয়েল আরও কত টাকা রেখেছিল?",6
"বিট্রিজ এবং জিন একটি নির্মাণ সরবরাহের দোকানে গিয়েছিলেন।জিন একজন সদস্য, তবে বিট্রিজ নেই।বিট্রিজের ₺82.07 রয়েছে এবং স্টোরের একটি বিন থেকে 15 টি বাদাম কিনতে চায়।তার 8 টি স্ক্রুও দরকার, প্রতিটি ব্যয় ₺0.64।প্রতিটি বাদামের দাম ₺0.33।অতিরিক্তভাবে, বিট্রিজ 8 গ্যালন পেইন্ট তুলেছে।জিন ₺100 দিয়ে শুরু হয় এবং 12 গ্যালন পেইন্ট চায়, যার প্রতিটি দাম ₺7.5 এবং 4 টি কার্পেন্টার পেন্সিল, যার প্রতিটি মূল্য ₺2।স্টোর সদস্যদের জন্য পেইন্টে 10% ছাড় দেয়।তারা দোকান ছেড়ে যাওয়ার পরে জিনের চেয়ে বিয়াত্রিজের চেয়ে আরও কত টাকা রেখেছিল?",1
"ইয়ারা এবং উমর একটি নির্মাণ সরবরাহের দোকানে গিয়েছিল।উমর একজন সদস্য, তবে ইয়ারা নেই।ইয়ারার ₣ 90.23 রয়েছে এবং স্টোরটিতে একটি বিন থেকে 17 টি স্ক্রু কিনতে চান।তার 9 টি অ্যাঙ্করও প্রয়োজন, প্রতিটি ব্যয় ₣ 0.61।প্রতিটি স্ক্রু খরচ ₣ 0.22।অতিরিক্তভাবে, ইয়ারা 8 গ্যালন পেইন্ট তুলেছে।উমর ₣ 100 দিয়ে শুরু হয় এবং 10 গ্যালন পেইন্ট চায়, যার দাম ₣ 8.0 এবং 3 টি কার্পেন্টার পেন্সিল, প্রতিটি ব্যয় ₣ 4।স্টোর সদস্যদের জন্য পেইন্টে 10% ছাড় দেয়।তারা দোকান ছাড়ার পরে উমারের চেয়ে আরও কত টাকা রেখেছিল?",1
"কিমিয়া এবং অর্জুন একটি নির্মাণ সরবরাহের দোকানে গিয়েছিলেন।অর্জুন একজন সদস্য, তবে কিমিয়া নেই।কিমিয়ার ¥ 100.43 রয়েছে এবং স্টোরের একটি বিন থেকে 17 টি বাদাম কিনতে চায়।তার 8 টি স্ক্রুও দরকার, প্রতিটি ব্যয় ¥ 0.69।প্রতিটি বাদামের দাম ¥ 0.23।অতিরিক্তভাবে, কিমিয়া 10 গ্যালন পেইন্ট তুলেছে।অর্জুন ¥ 90 দিয়ে শুরু হয় এবং 10 গ্যালন পেইন্ট চায়, যার দাম ¥ 7.0, এবং 3 টি কার্পেন্টার পেন্সিল, যার প্রতিটি ব্যয় ¥ 3।স্টোর সদস্যদের জন্য পেইন্টে 10% ছাড় দেয়।তারা দোকান ছাড়ার পরে অর্জুনের চেয়ে কিমিয়া আরও কত টাকা রেখেছিল?",3
"একটি পিরামিড 9 টি সবুজ কিউব, দ্বিগুণ সাদা কিউব এবং অজানা গোলাপী কিউবগুলির মধ্যে তৈরি করা হয়।যদি মোট পিরামিডে 45 কিউব থাকে তবে কিউবগুলির কত শতাংশ গোলাপী?",40
"একটি স্ট্যাক 5 কমলা টাইলস, দুটি গোলাপী টাইলের চেয়ে দ্বিগুণ এবং অজানা সংখ্যক সবুজ টাইলগুলির মধ্যে তৈরি করা হয়।মোট স্ট্যাকটিতে যদি 20 টি টাইল থাকে তবে টাইলগুলির কত শতাংশ সবুজ?",25
"একটি স্ট্যাক 8 গোলাপী টাইলস থেকে তৈরি করা হয়, দুটি সবুজ টাইলের চেয়ে দ্বিগুণ এবং একটি অজানা সংখ্যক কমলা টাইলস।মোট স্ট্যাকটিতে যদি 48 টি টাইল থাকে তবে টাইলগুলির কত শতাংশ কমলা?",50
"4 টি সাদা ইট, দ্বিগুণ কমলা ইট এবং অজানা সংখ্যক বেগুনি ইট দিয়ে একটি বিল্ডিং তৈরি করা হয়।মোট বিল্ডিংয়ে যদি 40 টি ইট থাকে তবে কত শতাংশ ইট বেগুনি?",70
"একটি পিরামিড 4 বেগুনি কিউব, সাতগুণ সাদা কিউব এবং অজানা সংখ্যক কালো কিউব দিয়ে তৈরি করা হয়।যদি মোট পিরামিডে 40 কিউব থাকে তবে কিউবগুলির কত শতাংশ কালো?",20
"একটি স্ট্যাক 4 টি কালো টাইলস থেকে তৈরি করা হয়, দুটি সাদা টাইলের চেয়ে দ্বিগুণ এবং একটি অজানা গোলাপী টাইলস।মোট স্ট্যাকের 24 টি টাইলস থাকলে, টাইলসের কত শতাংশ গোলাপী?",50
"9 টি কমলা টাইলসের মধ্যে একটি স্ট্যাক তৈরি করা হয়, তিনগুণ গোলাপী টাইলস এবং অজানা সংখ্যক সবুজ টাইলস।মোট স্ট্যাকটিতে যদি 40 টি টাইল থাকে তবে টাইলসের কত শতাংশ সবুজ?",10
"একটি বিল্ডিং 2 বেগুনি ইট, আটগুণ কালো ইট এবং অজানা সংখ্যক কমলা ইট দিয়ে তৈরি করা হয়।মোট বিল্ডিংয়ে যদি 45 টি ইট থাকে তবে ইটগুলির কত শতাংশ কমলা?",60
"একটি বিল্ডিং 7 বেগুনি ইট থেকে তৈরি করা হয়, দুটি গোলাপী ইটের চেয়ে দ্বিগুণ এবং অজানা সংখ্যক সাদা ইট।মোট বিল্ডিংয়ে যদি 25 টি ইট থাকে তবে কত শতাংশ ইট সাদা?",16
"4 টি বেগুনি ইট, চারগুণ কালো ইট এবং অজানা গোলাপী ইটগুলির চেয়ে চারগুণ তৈরি করা একটি বিল্ডিং তৈরি করা হয়।মোট বিল্ডিংয়ে যদি 25 টি ইট থাকে তবে কত শতাংশ ইট গোলাপী?",20
ওলগা এক মিনিট 12 টি ক্ল্যাম খোসা ছাড়তে পারে এবং 9 মিনিটে 30 টি ক্ল্যাম স্যাট করতে পারে।প্রতিটি ক্ল্যামটি খোসা ছাড়ানোর আগে ধুয়ে ফেলতে যদি 19 সেকেন্ড সময় লাগে তবে 180 টি বাতা খোসা ছাড়তে এবং সেউট করতে কত মিনিট সময় লাগবে?নোট করুন যে ওলগা সমান্তরালভাবে কাজ করতে পারে না এবং সেগুলিকে স্যাট করা শুরু করার আগে ক্ল্যামগুলি খোসা ছাড়ানোর পরে 11 মিনিটের বিরতি নিতে হবে।,137
আয়েশা এক মিনিট 10 টি ক্ল্যাম খোসা ছাড়তে পারে এবং 6 মিনিটে 30 টি ক্ল্যাম স্যাট করতে পারে।প্রতিটি ক্ল্যামটি খোসা ছাড়ানোর আগে ধুয়ে ফেলতে 14 সেকেন্ড সময় লাগলে 120 টি ক্ল্যাম খোসা এবং সট করতে কত মিনিট সময় লাগবে?নোট করুন যে আয়শা সমান্তরালভাবে কাজ করতে পারে না এবং সেগুলিকে স্যাট করা শুরু করার আগে ক্ল্যামগুলি খোসা ছাড়ানোর পরে 7 মিনিটের বিরতি নিতে হবে।,71
চেন এক মিনিট 5 টি ক্ল্যাম খোসা ছাড়তে পারে এবং 16 মিনিটে 20 টি ক্ল্যাম স্যুট করতে পারে।প্রতিটি ক্ল্যামটি খোসা ছাড়ানোর আগে ধুয়ে ফেলতে 15 সেকেন্ড সময় লাগলে 120 টি ক্ল্যাম খোসা এবং সট করতে কত মিনিট সময় লাগবে?নোট করুন যে চেন সমান্তরালভাবে কাজ করতে পারে না এবং বাতাগুলি খোসা ছাড়ানোর পরে 6 মিনিটের বিরতি নিতে হবে সে সেগুলি স্যাট করা শুরু করার আগে।,156
আভা এক মিনিটে 5 টি জুচিনিস খোসা ছাড়তে পারে এবং 6 মিনিটের মধ্যে 20 জুচিনিস স্যাট করতে পারে।প্রতিটি জুচিনি ধুয়ে ফেলার আগে ধুয়ে ফেলতে 24 সেকেন্ড সময় লাগলে 140 জুচিনিসকে খোসা ছাড়তে এবং সেউট করতে কত মিনিট সময় লাগবে?নোট করুন যে আভা সমান্তরালভাবে কাজ করতে পারে না এবং জুচিনিসগুলি সেগুলি স্যাট করা শুরু করার আগে 15 মিনিটের বিরতি নিতে হবে।,141
রোয়া এক মিনিট 6 টি ক্ল্যাম খোসা ছাড়তে পারে এবং 11 মিনিটে 30 টি ক্ল্যাম স্যাট করতে পারে।প্রতিটি ক্ল্যামটি খোসা ছাড়ানোর আগে ধুয়ে ফেলতে 14 সেকেন্ড সময় লাগলে 90 টি ক্ল্যাম খোসা এবং সুট করতে কত মিনিট সময় লাগবে?নোট করুন যে রোয়া সমান্তরালভাবে কাজ করতে পারে না এবং বাতাগুলি খোসা ছাড়ানোর পরে 7 মিনিটের বিরতি নিতে হবে সে সেগুলি স্যাট করা শুরু করার আগে।,76
কিমিয়া এক মিনিট 6 টি চিংড়ি খোসা ছাড়তে পারে এবং 17 মিনিটে 20 টি চিংড়ি স্যাট করতে পারে।প্রতিটি চিংড়িটি খোসা ছাড়ানোর আগে ধুয়ে ফেলতে 15 সেকেন্ড সময় লাগলে 60 টি চিংড়ি খোসা এবং সট করতে কত মিনিট সময় লাগবে?নোট করুন যে কিমিয়া সমান্তরালভাবে কাজ করতে পারে না এবং সে চিংড়িগুলি স্যাট করা শুরু করার আগে চিংড়িগুলি খোসা ছাড়ানোর পরে 8 মিনিটের বিরতি নিতে হবে।,84
নাদিয়া এক মিনিটে 4 টি গাজর খোসা ছাড়তে পারে এবং 11 মিনিটে 20 গাজর স্যুট করতে পারে।প্রতিটি গাজর এটি খোসা ছাড়ানোর আগে ধুয়ে 18 সেকেন্ড সময় লাগলে 160 গাজর খোসা এবং সুট করতে কত মিনিট সময় লাগবে?নোট করুন যে নাদিয়া সমান্তরালভাবে কাজ করতে পারে না এবং গাজরটি খোসা ছাড়ানোর পরে সেগুলি স্যাট করা শুরু করার আগে 6 মিনিটের বিরতি নিতে হবে।,182
বিট্রিজ এক মিনিটে 8 টি গাজর খোসা ছাড়তে পারে এবং 12 মিনিটে 20 গাজর স্যাট করতে পারে।প্রতিটি গাজরটি খোসা ছাড়ানোর আগে ধুয়ে ফেলতে 12 সেকেন্ড সময় লাগলে 160 গাজরটি খোসা ছাড়তে এবং সুট করতে কত মিনিট সময় লাগবে?নোট করুন যে বিয়াটিরিজ সমান্তরালভাবে কাজ করতে পারে না এবং গাজরটি স্যাট করা শুরু করার আগে গাজরটি খোসা ছাড়ানোর পরে 5 মিনিটের বিরতি নিতে হবে।,153
এনআইএ এক মিনিট 12 গাজর খোসা ছাড়তে পারে এবং 10 মিনিটে 30 গাজর স্যাট করতে পারে।প্রতিটি গাজর এটি খোসা ছাড়ানোর আগে ধুয়ে ফেলতে 25 সেকেন্ড সময় লাগলে 180 গাজর খোসা এবং সুট করতে কত মিনিট সময় লাগবে?নোট করুন যে এনআইএ সমান্তরালভাবে কাজ করতে পারে না এবং গাজরটি স্যাট করা শুরু করার আগে গাজরটি খোসা ছাড়ানোর পরে 13 মিনিটের বিরতি নিতে হবে।,163
ফাতিমা এক মিনিট 12 জুচিনিস খোসা ছাড়তে পারে এবং 14 মিনিটে 30 জুচিনিস স্যাট করতে পারে।প্রতিটি জুচিনি ধুয়ে ফেলতে 11 সেকেন্ড সময় লাগলে 60 টি জুচিনিসকে খোসা ছাড়তে এবং সট করতে কত মিনিট সময় লাগবে?নোট করুন যে ফাতেমা সমান্তরালে কাজ করতে পারে না এবং জুচিনিসগুলি সেগুলি স্যাট করা শুরু করার আগে 12 মিনিটের বিরতি নিতে হবে।,56
"উমা এবং জহরা হলেন ম্যারাচেকের বোন যারা রাজনীতিবিদদের স্বাক্ষর সংগ্রহ করতে পছন্দ করেন।স্কুল থেকে তাদের বসন্ত বিরতির সময়, বোনরা প্রতি বিকেলে স্বাক্ষর সংগ্রহ করতে ব্যয় করে।6 সপ্তাহ পরে, উমা এবং জহরা তাদের অটোগ্রাফ বইয়ের তুলনা করে, প্রতিটি বোন যে স্বাক্ষর সংগ্রহ করেছে তার সংখ্যা গণনা করে।উমার তার বইটিতে 29 টি স্বাক্ষর রয়েছে এবং জহরার 37 টি রয়েছে। বোনদের আরও 4 সপ্তাহ বসন্ত বিরতি রয়েছে এবং তারা সিদ্ধান্ত নিয়েছেন যে তারা বিরতির শেষে তাদের মধ্যে 130 টি স্বাক্ষর করতে চান।যাইহোক, বাকি 4 সপ্তাহের মধ্যে, ইউএমএ কেবল সাপ্তাহিক ছুটিতে স্বাক্ষর সংগ্রহ করতে সক্ষম হয়, তার সাপ্তাহিক সংগ্রহ প্রতি সপ্তাহে 5 দ্বারা হ্রাস করে, যখন জহরা তার সাপ্তাহিক সংগ্রহ বাড়ানোর সিদ্ধান্ত নেয়।তারা তাদের লক্ষ্যে পৌঁছেছে তা নিশ্চিত করার জন্য জহরাকে প্রতি সপ্তাহে কতগুলি স্বাক্ষর সংগ্রহ করতে হবে?",11
"ড্যাফনে এবং অলিভিয়া কায়রো থেকে বোন যারা চলচ্চিত্রের তারকাদের স্বাক্ষর সংগ্রহ করতে পছন্দ করেন।স্কুল থেকে তাদের বসন্ত বিরতির সময়, বোনরা প্রতি বিকেলে স্বাক্ষর সংগ্রহ করতে ব্যয় করে।3 সপ্তাহ পরে, ড্যাফনে এবং অলিভিয়া তাদের অটোগ্রাফ বইয়ের তুলনা করে, প্রতিটি বোন যে স্বাক্ষর সংগ্রহ করেছে তার সংখ্যা গণনা করে।ড্যাফনে তার বইতে 17 টি স্বাক্ষর রয়েছে এবং অলিভিয়ার 31 টি রয়েছে। বোনদের আরও 3 সপ্তাহ বসন্ত বিরতি রয়েছে এবং তারা সিদ্ধান্ত নিয়েছেন যে তারা বিরতির শেষে তাদের মধ্যে 120 টি স্বাক্ষর করতে চান।যাইহোক, বাকি 3 সপ্তাহের মধ্যে, ড্যাফনে কেবল সাপ্তাহিক ছুটিতে স্বাক্ষর সংগ্রহ করতে সক্ষম হন, প্রতি সপ্তাহে তার সাপ্তাহিক সংগ্রহকে হ্রাস করে, যখন অলিভিয়া তার সাপ্তাহিক সংগ্রহ বাড়ানোর সিদ্ধান্ত নেন।অলিভিয়ার কতগুলি স্বাক্ষর তাদের লক্ষ্যে পৌঁছেছে তা নিশ্চিত করার জন্য প্রতি সপ্তাহে সংগ্রহ করতে হবে?",19
"আভা এবং কুইন হেলসিঙ্কির বোন যারা লেখকদের কাছ থেকে স্বাক্ষর সংগ্রহ করতে পছন্দ করেন।স্কুল থেকে তাদের বসন্ত বিরতির সময়, বোনরা প্রতি বিকেলে স্বাক্ষর সংগ্রহ করতে ব্যয় করে।3 সপ্তাহ পরে, আভা এবং কুইন তাদের অটোগ্রাফ বইয়ের তুলনা করে, প্রতিটি বোন যে স্বাক্ষর সংগ্রহ করেছে তার সংখ্যা গণনা করে।আভা তার বইতে 30 টি স্বাক্ষর রয়েছে এবং কুইন 37 টি রয়েছে। বোনদের আরও 2 সপ্তাহ বসন্ত বিরতি রয়েছে এবং তারা সিদ্ধান্ত নিয়েছে যে তারা বিরতির শেষে তাদের মধ্যে 135 টি স্বাক্ষর পৌঁছাতে চায়।যাইহোক, বাকি 2 সপ্তাহের মধ্যে, আভা কেবল সাপ্তাহিক ছুটিতে স্বাক্ষর সংগ্রহ করতে সক্ষম হয়, প্রতি সপ্তাহে তার সাপ্তাহিক সংগ্রহকে হ্রাস করে, অন্যদিকে কুইন তার সাপ্তাহিক সংগ্রহ বাড়ানোর সিদ্ধান্ত নেয়।কুইনকে তাদের লক্ষ্যে পৌঁছানোর বিষয়টি নিশ্চিত করার জন্য কুইনকে প্রতি সপ্তাহে কতগুলি স্বাক্ষর সংগ্রহ করতে হবে?",29
"মেই এবং হারুকা সিঙ্গাপুরের বোন যারা রাজনীতিবিদদের স্বাক্ষর সংগ্রহ করতে পছন্দ করেন।স্কুল থেকে তাদের গ্রীষ্মের বিরতিতে, বোনরা প্রতি বিকেলে স্বাক্ষর সংগ্রহ করতে ব্যয় করে।5 সপ্তাহ পরে, মেই এবং হারুকা তাদের অটোগ্রাফ বইয়ের তুলনা করে, প্রতিটি বোন যে স্বাক্ষর সংগ্রহ করেছে তার সংখ্যা গণনা করে।মেই তার বইটিতে 24 টি স্বাক্ষর রয়েছে এবং হারুকার 51 রয়েছে। বোনদের গ্রীষ্মের আরও 3 সপ্তাহ রয়েছে এবং তারা সিদ্ধান্ত নিয়েছে যে তারা বিরতির শেষে তাদের মধ্যে 135 টি স্বাক্ষর করতে চায়।যাইহোক, বাকি 3 সপ্তাহের মধ্যে, এমইআই কেবল সাপ্তাহিক ছুটিতে স্বাক্ষর সংগ্রহ করতে সক্ষম হয়, প্রতি সপ্তাহে তার সাপ্তাহিক সংগ্রহকে হ্রাস করে, যখন হারুকা তার সাপ্তাহিক সংগ্রহ বাড়ানোর সিদ্ধান্ত নেয়।তাদের লক্ষ্যে পৌঁছেছে তা নিশ্চিত করার জন্য হারুকাকে প্রতি সপ্তাহে কতগুলি স্বাক্ষর সংগ্রহ করতে হবে?",15
"উমা এবং ওলগা লিসবনের বোন যারা রাজনীতিবিদদের স্বাক্ষর সংগ্রহ করতে পছন্দ করেন।স্কুল থেকে তাদের গ্রীষ্মের বিরতিতে, বোনরা প্রতি বিকেলে স্বাক্ষর সংগ্রহ করতে ব্যয় করে।3 সপ্তাহ পরে, ইউএমএ এবং ওলগা তাদের অটোগ্রাফ বইয়ের তুলনা করে, প্রতিটি বোন যে স্বাক্ষর সংগ্রহ করেছে তার সংখ্যা গণনা করে।উমার তার বইতে 25 টি স্বাক্ষর রয়েছে এবং ওলগা রয়েছে 59 টি। বোনদের গ্রীষ্মের বিরতি আরও 2 সপ্তাহ রয়েছে এবং তারা সিদ্ধান্ত নিয়েছে যে তারা বিরতির শেষে তাদের মধ্যে 140 টি স্বাক্ষর করতে চায়।যাইহোক, বাকি 2 সপ্তাহের মধ্যে, ইউএমএ কেবল সাপ্তাহিক ছুটিতে স্বাক্ষর সংগ্রহ করতে সক্ষম হয়, তার সাপ্তাহিক সংগ্রহ প্রতি সপ্তাহে 5 দ্বারা হ্রাস করে, যখন ওলগা তার সাপ্তাহিক সংগ্রহ বাড়ানোর সিদ্ধান্ত নেয়।ওলগাকে তাদের লক্ষ্যে পৌঁছানোর বিষয়টি নিশ্চিত করার জন্য প্রতি সপ্তাহে কতটি স্বাক্ষর সংগ্রহ করতে হবে?",23
"চেন এবং তারা লিসবনের বোন যারা রাজনীতিবিদদের স্বাক্ষর সংগ্রহ করতে পছন্দ করেন।স্কুল থেকে তাদের শীতের বিরতির সময়, বোনরা প্রতি বিকেলে স্বাক্ষর সংগ্রহ করতে ব্যয় করে।5 সপ্তাহ পরে, চেন এবং তারা তাদের অটোগ্রাফ বইয়ের তুলনা করে, প্রতিটি বোন সংগ্রহ করা স্বাক্ষরগুলির সংখ্যা গণনা করে।চেনের তার বইটিতে 36 টি স্বাক্ষর রয়েছে এবং তারার 32 টি রয়েছে। বোনদের শীতের বিরতি আরও 4 সপ্তাহ রয়েছে এবং তারা সিদ্ধান্ত নিয়েছে যে তারা বিরতির শেষে তাদের মধ্যে 140 টি স্বাক্ষর করতে চায়।যাইহোক, বাকি 4 সপ্তাহের মধ্যে, চেন কেবল সাপ্তাহিক ছুটিতে স্বাক্ষর সংগ্রহ করতে সক্ষম হন, প্রতি সপ্তাহে তার সাপ্তাহিক সংগ্রহকে হ্রাস করে, যখন তারা তার সাপ্তাহিক সংগ্রহ বাড়ানোর সিদ্ধান্ত নেন।তারা তাদের লক্ষ্যে পৌঁছেছে তা নিশ্চিত করার জন্য তারা প্রতি সপ্তাহে কতগুলি স্বাক্ষর সংগ্রহ করতে হবে?",13
"জহরা এবং ইয়ারা কেপটাউনের বোন যারা লেখকদের কাছ থেকে স্বাক্ষর সংগ্রহ করতে পছন্দ করেন।স্কুল থেকে তাদের বসন্ত বিরতির সময়, বোনরা প্রতি বিকেলে স্বাক্ষর সংগ্রহ করতে ব্যয় করে।Weeks সপ্তাহের পরে, জহরা এবং ইয়ারা তাদের অটোগ্রাফ বইয়ের তুলনা করে, প্রতিটি বোন যে স্বাক্ষর সংগ্রহ করেছে তার সংখ্যা গণনা করে।জহরার তাঁর বইতে 20 টি স্বাক্ষর রয়েছে এবং ইয়ার 30 টি রয়েছে। বোনদের আরও 3 সপ্তাহ বসন্ত বিরতি রয়েছে এবং তারা সিদ্ধান্ত নিয়েছেন যে তারা বিরতির শেষে তাদের মধ্যে 140 টি স্বাক্ষর করতে চান।যাইহোক, বাকি 3 সপ্তাহের মধ্যে, জহরা কেবল সাপ্তাহিক ছুটিতে স্বাক্ষর সংগ্রহ করতে সক্ষম হয়, প্রতি সপ্তাহে তার সাপ্তাহিক সংগ্রহ হ্রাস করে, যখন ইয়ারা তার সাপ্তাহিক সংগ্রহ বাড়ানোর সিদ্ধান্ত নেয়।ইয়ারাকে তাদের লক্ষ্যে পৌঁছানোর বিষয়টি নিশ্চিত করার জন্য প্রতি সপ্তাহে কতগুলি স্বাক্ষর সংগ্রহ করতে হবে?",25
"আভা এবং কায়লা ব্যাংককের বোন যারা অ্যাথলিটদের কাছ থেকে স্বাক্ষর সংগ্রহ করতে পছন্দ করেন।স্কুল থেকে তাদের শীতের বিরতির সময়, বোনরা প্রতি বিকেলে স্বাক্ষর সংগ্রহ করতে ব্যয় করে।3 সপ্তাহ পরে, আভা এবং কায়লা তাদের অটোগ্রাফ বইয়ের তুলনা করে, প্রতিটি বোন যে স্বাক্ষর সংগ্রহ করেছে তার সংখ্যা গণনা করে।আভা তার বইটিতে 38 টি স্বাক্ষর রয়েছে এবং কায়লার 41 টি রয়েছে। বোনদের শীতের বিরতি আরও 4 সপ্তাহ রয়েছে এবং তারা সিদ্ধান্ত নিয়েছে যে তারা বিরতির শেষে তাদের মধ্যে 135 টি স্বাক্ষর করতে চায়।যাইহোক, বাকি 4 সপ্তাহের মধ্যে, আভা কেবল সাপ্তাহিক ছুটিতে স্বাক্ষর সংগ্রহ করতে সক্ষম হয়, প্রতি সপ্তাহে তার সাপ্তাহিক সংগ্রহকে হ্রাস করে, যখন কায়লা তার সাপ্তাহিক সংগ্রহ বাড়ানোর সিদ্ধান্ত নেয়।কায়লার প্রতি সপ্তাহে কয়টি স্বাক্ষর সংগ্রহ করতে হবে যাতে তারা তাদের লক্ষ্যে পৌঁছেছে তা নিশ্চিত করতে?",9
"সোফিয়া এবং এলেনা অকল্যান্ডের বোন যারা সংগীতজ্ঞদের কাছ থেকে স্বাক্ষর সংগ্রহ করতে পছন্দ করেন।স্কুল থেকে তাদের বসন্ত বিরতির সময়, বোনরা প্রতি বিকেলে স্বাক্ষর সংগ্রহ করতে ব্যয় করে।4 সপ্তাহ পরে, সোফিয়া এবং এলেনা তাদের অটোগ্রাফ বইয়ের তুলনা করে, প্রতিটি বোন সংগ্রহ করা স্বাক্ষরগুলির সংখ্যা গণনা করে।সোফিয়ার তার বইটিতে 32 টি স্বাক্ষর রয়েছে এবং এলেনার 56 টি রয়েছে। বোনদের আরও 3 সপ্তাহ বসন্ত বিরতি রয়েছে এবং তারা সিদ্ধান্ত নিয়েছেন যে তারা বিরতির শেষে তাদের মধ্যে 130 টি স্বাক্ষর করতে চান।যাইহোক, বাকি 3 সপ্তাহের মধ্যে, সোফিয়া কেবল সাপ্তাহিক ছুটিতে স্বাক্ষর সংগ্রহ করতে সক্ষম হয়, প্রতি সপ্তাহে তার সাপ্তাহিক সংগ্রহকে হ্রাস করে, যখন এলেনা তার সাপ্তাহিক সংগ্রহ বাড়ানোর সিদ্ধান্ত নেন।তারা তাদের লক্ষ্যে পৌঁছেছে তা নিশ্চিত করার জন্য এলেনাকে প্রতি সপ্তাহে কতগুলি স্বাক্ষর সংগ্রহ করতে হবে?",9
"জহরা এবং নিয়া হ্যানয়ের বোন যারা চলচ্চিত্রের তারকাদের স্বাক্ষর সংগ্রহ করতে পছন্দ করেন।স্কুল থেকে তাদের পতনের বিরতির সময়, বোনরা প্রতি বিকেলে স্বাক্ষর সংগ্রহ করতে ব্যয় করে।3 সপ্তাহ পরে, জহরা এবং এনআইএ তাদের অটোগ্রাফ বইয়ের তুলনা করে, প্রতিটি বোন যে স্বাক্ষর সংগ্রহ করেছে তার সংখ্যা গণনা করে।জহরার তাঁর বইটিতে ২৮ টি স্বাক্ষর রয়েছে এবং এনআইএর ৪ 46 জন রয়েছে। বোনদের আরও ২ সপ্তাহের পতনের বিরতি রয়েছে এবং তারা সিদ্ধান্ত নিয়েছেন যে তারা বিরতির শেষে তাদের মধ্যে 120 টি স্বাক্ষর করতে চান।যাইহোক, বাকি 2 সপ্তাহের মধ্যে, জহরা কেবল সাপ্তাহিক ছুটিতে স্বাক্ষর সংগ্রহ করতে সক্ষম হয়, প্রতি সপ্তাহে তার সাপ্তাহিক সংগ্রহকে হ্রাস করে, যখন এনআইএ তার সাপ্তাহিক সংগ্রহ বাড়ানোর সিদ্ধান্ত নেয়।এনআইএকে তাদের লক্ষ্যে পৌঁছানোর বিষয়টি নিশ্চিত করার জন্য এনআইএকে প্রতি সপ্তাহে কতগুলি স্বাক্ষর সংগ্রহ করতে হবে?",18
"লিওন কিছু স্কুল সরবরাহ কিনতে গিয়েছিল।তিনি 8 টি ক্রাইওন কিনেছিলেন যার জন্য প্রতি 7.0 ডলার, 8 টি নোটবুক যার দাম 13.75 ডলার এবং বন্ড পেপারের একটি রিম যার দাম ¥ 10।তিনি 4 টি ফোল্ডারও কিনেছিলেন যার প্রতি 11 ডলার খরচ হয়।লিওন হয় সদস্য হওয়ার জন্য এককালীন 20 ডলার ফি দিতে পারে এবং সমস্ত ক্রয়ে 20% ছাড় পেতে পারে, বা সদস্য না হয়ে কেবল 5% ছাড় পান।লিওন সমস্ত কিছুর জন্য কমপক্ষে কী ব্যয় করতে পারে?",196
"বোধি কিছু স্কুল সরবরাহ কিনতে গিয়েছিল।তিনি 24 টি ফোল্ডার কিনেছিলেন যার দাম € 2.75, 12 পেন্সিল যার দাম প্রতি 19.25 ডলার, এবং বন্ড পেপারের একটি রিম যার দাম 23 ডলার।তিনি 5 টি চিহ্নিতকারীও কিনেছিলেন যার দাম € 8।বোধি হয় সদস্য হওয়ার জন্য এককালীন 20 ডলার ফি দিতে পারে এবং সমস্ত ক্রয়ে 20% ছাড় পেতে পারে, বা সদস্য না হয়ে কেবল 5% ছাড় পান।বোধি সর্বনিম্ন পরিমাণ কী ব্যয় করতে পারে?",308
"দেশভান কিছু স্কুল সরবরাহ কিনতে গিয়েছিল।তিনি ১৪ টি ইরেজার কিনেছিলেন যার দাম ₺7.5, প্রতি 4 জন শাসক যার দাম ₺18.5 এবং বন্ড পেপারের একটি রিম যার দাম ₺21।তিনি 8 টি ফোল্ডারও কিনেছিলেন যার প্রতি 10 ডলার খরচ হয়।দেশভান হয় সদস্য হওয়ার জন্য এককালীন ₺20 ফি দিতে পারে এবং সমস্ত ক্রয়ে 20% ছাড় পেতে পারে, বা সদস্য না হয়ে কেবল 5% ছাড় পান।ডেসহান যে সমস্ত কিছুতে ব্যয় করতে পারে তা কী?",244
"আন্দ্রে কিছু স্কুল সরবরাহ কিনতে গিয়েছিল।তিনি 20 টি চিহ্নিতকারী কিনেছিলেন যার দাম ₣ 8.0, 10 পেন্সিল যার দাম ₣ 18.0, এবং বন্ড পেপারের একটি রিম যার দাম ₣ 15।তিনি 5 জন শাসকও কিনেছিলেন যার প্রতি 9 ডলার খরচ হয়।আন্দ্রে হয় সদস্য হওয়ার জন্য এককালীন ₣ 20 ফি দিতে পারে এবং সমস্ত ক্রয়ে 20% ছাড় পেতে পারে, বা সদস্য না হয়ে কেবল 5% ছাড় পান।আন্ড্রে যে সমস্ত কিছুতে ব্যয় করতে পারে তা কী?",340
"ফয়সাল কিছু স্কুল সরবরাহ কিনতে গিয়েছিল।তিনি ১৮ টি পেন্সিল কিনেছিলেন যার দাম ₣.০, ১৪ জন শাসক যার প্রতি ১৪.৫ ডলার খরচ হয় এবং বন্ড পেপারের একটি রিম যার দাম ₣ 24।তিনি 5 টি রঙিন পেন্সিলও কিনেছিলেন যার প্রতি 9 ডলার খরচ হয়।ফয়সাল হয় সদস্য হওয়ার জন্য এককালীন ₣ 20 ফি দিতে পারে এবং সমস্ত ক্রয়ে 20% ছাড় পেতে পারে, বা সদস্য না হয়ে কেবল 5% ছাড় পান।ফয়সাল সর্বনিম্ন পরিমাণ কী ব্যয় করতে পারে?",324
"অস্কার কিছু স্কুল সরবরাহ কিনতে গিয়েছিল।তিনি 24 টি নোটবুক কিনেছিলেন যার দাম ₺3.5, 6 টি শাসক যার প্রতি ব্যয় ₺13.0 এবং বন্ড পেপারের একটি রিম যার দাম ₺15।তিনি 7 টি পেন্সিলও কিনেছিলেন যার দাম ₺9।অস্কার হয় সদস্য হওয়ার জন্য এককালীন ₺20 ফি দিতে পারে এবং সমস্ত ক্রয়ে 20% ছাড় পেতে পারে, বা সদস্য না হয়ে কেবল 5% ছাড় পান।অস্কার সর্বোপরি সর্বনিম্ন পরিমাণ কী ব্যয় করতে পারে?",212
"কাসিম কিছু স্কুল সরবরাহ কিনতে গিয়েছিল।তিনি 18 টি নোটবুক কিনেছিলেন যার দাম ¥ 9.0, 12 ক্রাইওন যার দাম ¥ 18.75 এবং বন্ড পেপারের একটি রিম যার দাম ¥ 21।তিনি 8 টি পেন্সিলও কিনেছিলেন যার দাম ¥ 9।কাসিম হয় সদস্য হওয়ার জন্য এককালীন ¥ 20 ফি দিতে পারে এবং সমস্ত ক্রয়ে 20% ছাড় পেতে পারে, বা সদস্য না হয়ে কেবল 5% ছাড় পান।কাসিম যে সমস্ত কিছুতে ব্যয় করতে পারে তা কী?",404
"ইউকি কিছু স্কুল সরবরাহ কিনতে গিয়েছিল।তিনি 22 টি ক্রেইন কিনেছিলেন যার দাম ¥ 8.0, 14 ইরেজার যার দাম ¥ 17.0 এবং বন্ড পেপারের একটি রিম যার দাম 13 ডলার।তিনি 3 টি মার্কারও কিনেছিলেন যার প্রতি 11 ডলার খরচ হয়।ইউকি হয় সদস্য হওয়ার জন্য এককালীন 20 ডলার ফি দিতে পারে এবং সমস্ত ক্রয়ে 20% ছাড় পেতে পারে, বা সদস্য না হয়ে কেবল 5% ছাড় পান।ইউকি সমস্ত কিছুর জন্য ব্যয় করতে পারে সর্বনিম্ন পরিমাণ কী?",388
"জেমস কিছু স্কুল সরবরাহ কিনতে গিয়েছিল।তিনি 12 টি চিহ্নিতকারী কিনেছিলেন যার জন্য প্রতি $ 3.0 ডলার, 14 ক্রাইওনগুলির দাম $ 8.5 এবং বন্ড পেপারের একটি রিম যার দাম $ 17।তিনি 6 টি রঙিন পেন্সিলও কিনেছিলেন যার জন্য প্রতি 8 ডলার ব্যয় হয়।জেমস হয় সদস্য হওয়ার জন্য এককালীন 20 ডলার ফি দিতে পারে এবং সমস্ত ক্রয়ে 20% ছাড় পেতে পারে, বা সদস্য না হয়ে কেবল 5% ছাড় পান।জেমস সব কিছুতে ব্যয় করতে পারে এমন কম পরিমাণ কী?",196
"জেমস কিছু স্কুল সরবরাহ কিনতে গিয়েছিল।তিনি 6 টি নোটবুক কিনেছিলেন যার দাম ¥ 7.0, 14 পেন্সিল যার দাম ¥ 10.0, এবং বন্ড পেপারের একটি রিম যার দাম ¥ 24।তিনি 6 টি মার্কারও কিনেছিলেন যার দাম ¥ 9।জেমস হয় সদস্য হওয়ার জন্য এককালীন 20 ডলার ফি দিতে পারে এবং সমস্ত ক্রয়ে 20% ছাড় পেতে পারে, বা সদস্য না হয়ে কেবল 5% ছাড় পান।জেমস সব কিছুতে ব্যয় করতে পারে এমন কম পরিমাণ কী?",228
"ইয়া তার বাগানে কিছু স্ট্রবেরি বাছাই করতে গিয়ে বাগানে শুঁয়োপোকা হিসাবে নয় বার অনেক গুণ বিটল পেয়েছিল।এরপরে ইয়ারা 66 টি সাদা প্রাণী খুঁজে পেয়েছিল, যার অর্ধেকটি খরগোশ ছিল।এছাড়াও, তিনি 24 মৌমাছি এবং 13 টি শুঁয়োপোকা দেখেছিলেন।বাগানের কত শতাংশ প্রাণী খরগোশ ছিল?",15
"আভা কিছু রাস্পবেরি বাছাই করতে তার বরাদ্দে গিয়েছিল এবং প্যাচটিতে বর্জ্যগুলির মতো এক তৃতীয়াংশ মৌমাছি পেয়েছিল।আভা তখন 60 টি সাদা প্রাণী পেয়েছিল, যার অর্ধেকটি খরগোশ ছিল।এছাড়াও, তিনি 24 টি শুঁয়োপোকা এবং 12 টি বর্জ্য দেখেছিলেন।প্যাচটিতে কত শতাংশ প্রাণী খরগোশ ছিল?",30
"জেসমিন তার বাড়ির উঠোনে কিছু চেরি বাছাই করতে গিয়েছিল এবং মাঠে পিঁপড়ের মতো অর্ধেক বর্জ্য পেয়েছিল।জেসমিন তখন 46 টি সাদা প্রাণী পেয়েছিল, যার অর্ধেকটি খরগোশ ছিল।এছাড়াও, তিনি 39 মৌমাছি এবং 10 পিঁপড়া দেখেছিলেন।মাঠে কত শতাংশ প্রাণী খরগোশ ছিল?",23
"লেইলানি কিছু রাস্পবেরি বাছাই করতে তার বরাদ্দে গিয়েছিলেন এবং প্যাচে বর্জ্যগুলির মতো দুটি পিঁপড়া পেয়েছিলেন।লাইলানি তখন 40 টি সাদা প্রাণী পেয়েছিল, যার অর্ধেকটি খরগোশ ছিল।এছাড়াও, তিনি 36 টি তৃণমূল এবং 16 টি বর্জ্য দেখেছিলেন।প্যাচটিতে কত শতাংশ প্রাণী খরগোশ ছিল?",20
"গ্যাব্রিয়েল কিছু রাস্পবেরি বাছাই করতে তার বরাদ্দে গিয়েছিলেন এবং প্যাচে মৌমাছির মতো দুটি বর্জ্য দুটি পঞ্চমাংশ পেয়েছিলেন।গ্যাব্রিয়েল তখন 38 টি সাদা প্রাণী পেয়েছিলেন, যার অর্ধেকটি খরগোশ ছিল।এছাড়াও, তিনি 41 টি শুঁয়োপোকা এবং 15 মৌমাছি দেখেছিলেন।প্যাচটিতে কত শতাংশ প্রাণী খরগোশ ছিল?",19
"ভ্যালেরিয়া কিছু রাস্পবেরি বাছাই করতে তার বরাদ্দে গিয়েছিল এবং প্যাচটিতে বিটল হিসাবে 4/5 পিঁপড়াকে পেয়েছিল।ভ্যালেরিয়া তখন 18 টি সাদা প্রাণী খুঁজে পেয়েছিল, যার অর্ধেকটি খরগোশ ছিল।এছাড়াও, তিনি 30 টি শুঁয়োপোকা এবং 15 টি বিটল দেখেছিলেন।প্যাচটিতে কত শতাংশ প্রাণী খরগোশ ছিল?",12
"কিমিয়া তার গ্রিনহাউসে কিছু ব্লুবেরি বাছাই করতে গিয়েছিল এবং ষড়যন্ত্রের বর্জ্যগুলির চেয়ে ছয়গুণ বেশি শুঁয়োপোকা পেয়েছিল।কিমিয়া তখন 40 টি সাদা প্রাণী পেয়েছিল, যার অর্ধেকটি খরগোশ ছিল।এছাড়াও, তিনি 25 লেডিবাগস এবং 5 টি বর্জ্য দেখেছিলেন।চক্রান্তের প্রাণীগুলির কত শতাংশ খরগোশ ছিল?",20
"এলেনা কিছু রাস্পবেরি বাছাই করতে তার বরাদ্দে গিয়েছিলেন এবং প্যাচে বর্জ্যগুলির চেয়ে ছয়গুণ লেডিব্যাগ খুঁজে পেয়েছিলেন।এরপরে এলেনা 74৪ টি সাদা প্রাণী খুঁজে পেয়েছিল, যার অর্ধেকটি খরগোশ ছিল।এছাড়াও, তিনি 32 টি পিঁপড়া এবং 6 টি বর্জ্য দেখেছিলেন।প্যাচটিতে কত শতাংশ প্রাণী খরগোশ ছিল?",25
"ভ্যালেরিয়া কিছু রাস্পবেরি বাছাই করতে তার বরাদ্দে গিয়েছিল এবং প্যাচটিতে মৌমাছির মতো 2/5 ক্যাটারপিলার পেয়েছিল।ভ্যালেরিয়া তখন 42 টি সাদা প্রাণী পেয়েছিল, যার অর্ধেকটি খরগোশ ছিল।এছাড়াও, তিনি 21 লেডিবাগস এবং 15 মৌমাছি দেখেছেন।প্যাচটিতে কত শতাংশ প্রাণী খরগোশ ছিল?",25
"নাদিয়া তার বাগানে কিছু স্ট্রবেরি বাছাই করতে গিয়েছিল এবং বাগানের মৌমাছির মতো তিন-ষষ্ঠের চেয়ে বেশি বর্জ্য পেয়েছিল।নাদিয়া তখন 26 টি সাদা প্রাণী পেয়েছিল, যার অর্ধেকটি খরগোশ ছিল।এছাড়াও, তিনি 17 টি শুঁয়োপোকা এবং 6 মৌমাছি দেখেছিলেন।বাগানের কত শতাংশ প্রাণী খরগোশ ছিল?",25
"ইয়ারা 16 টি রিমোরাস সহ একটি 32 ফুট তিমি দেখেছিল, যার সাথে প্রতিটি 12 ইঞ্চি দীর্ঘ সংযুক্ত রয়েছে।তারপরে, 1/2 রিমোরাস সাঁতার কাটছে।পরে, ইয়ারা আরও 10 ফুট তিমি দেখেছিল 6 টি রিমোরাস সহ, প্রতিটি 8 ইঞ্চি লম্বা, এটির সাথে সংযুক্ত।গড়ে, প্রতিটি তিমির দেহের দৈর্ঘ্যের কত শতাংশ রিমোরস দ্বারা আচ্ছাদিত হয়?",32
"আলী 18 টি রিমোরাস সহ একটি 30 ফুট তিমি দেখেছিল, যার সাথে প্রতিটি 15 ইঞ্চি দীর্ঘ সংযুক্ত থাকে।তারপরে, 1/3 রিমোরাস সাঁতার কাটছে।পরে, আলী আরও 10 ফুট তিমি দেখেছিল 6 টি রিমোরাস সহ, প্রতিটি 8 ইঞ্চি লম্বা, এটির সাথে সংযুক্ত।গড়ে, প্রতিটি তিমির দেহের দৈর্ঘ্যের কত শতাংশ রিমোরস দ্বারা আচ্ছাদিত হয়?",45
"জেসমিন 24 টি রিমোরাস সহ একটি 32 ফুট ডলফিন দেখেছিল, যার সাথে প্রতিটি 12 ইঞ্চি দীর্ঘ সংযুক্ত থাকে।তারপরে, 1/3 রিমোরাস সাঁতার কাটছে।পরে, জেসমিন 4 টি রিমোরাস সহ আরও 8-ফুট ডলফিন দেখেছিল, যার সাথে প্রতিটি 6 ইঞ্চি লম্বা রয়েছে।গড়ে, প্রতিটি ডলফিনের দেহের দৈর্ঘ্যের কত শতাংশ রিমোরাস দ্বারা আচ্ছাদিত হয়?",37
"লুইস 24 টি রিমোরাস সহ একটি 48-ফুট ডলফিন দেখেছিলেন, যার সাথে প্রতিটি 18 ইঞ্চি দীর্ঘ সংযুক্ত থাকে।তারপরে, রিমোরাসগুলির এক তৃতীয়াংশ সাঁতার কাটছে।পরে, লুইস 6 টি রিমোরাস সহ আরও 10 ফুট ডলফিন দেখেছিলেন, যার সাথে প্রতিটি 8 ইঞ্চি লম্বা রয়েছে।গড়ে, প্রতিটি ডলফিনের দেহের দৈর্ঘ্যের কত শতাংশ রিমোরাস দ্বারা আচ্ছাদিত হয়?",45
"পাভেল 18 টি রিমোরাস সহ একটি 45 ফুট তিমি দেখেছিল, যার সাথে প্রতিটি 12 ইঞ্চি দীর্ঘ সংযুক্ত রয়েছে।তারপরে, 1/2 রিমোরাস সাঁতার কাটছে।পরে, পাভেল 4 টি রিমোরাস সহ আরও 10 ফুট তিমি দেখেছিল, প্রতিটি 3 ইঞ্চি লম্বা, এটির সাথে সংযুক্ত।গড়ে, প্রতিটি তিমির দেহের দৈর্ঘ্যের কত শতাংশ রিমোরস দ্বারা আচ্ছাদিত হয়?",15
"গ্যাব্রিয়েল 12 টি রিমোরাস সহ একটি 33 ফুট হাঙ্গর দেখেছিল, যার সাথে প্রতিটি 22 ইঞ্চি লম্বা।তারপরে, এক চতুর্থাংশ রিমোরস সাঁতার কাটল।পরে, গ্যাব্রিয়েল 6 টি রিমোরাস সহ আরও 8 ফুট হাঙ্গর দেখেছিল, যার সাথে প্রতিটি 4 ইঞ্চি লম্বা রয়েছে।গড়ে, প্রতিটি হাঙ্গরের দেহের দৈর্ঘ্যের কত শতাংশ রিমোরস দ্বারা আচ্ছাদিত হয়?",37
"অস্কার 16 টি রিমোরাস সহ একটি 38-ফুট হাঙ্গর দেখেছিল, যার সাথে প্রতিটি 19 ইঞ্চি দীর্ঘ সংযুক্ত।তারপরে, এক চতুর্থাংশ রিমোরস সাঁতার কাটল।পরে, অস্কার 6 টি রিমোরাস সহ আরও 10 ফুট হাঙ্গর দেখেছিল, যার সাথে প্রতিটি 3 ইঞ্চি লম্বা, এটি সংযুক্ত।গড়ে, প্রতিটি হাঙ্গরের দেহের দৈর্ঘ্যের কত শতাংশ রিমোরস দ্বারা আচ্ছাদিত হয়?",32
"অলিভার 12 টি রিমোরাস সহ একটি 48-ফুট তিমি দেখেছিল, যার সাথে প্রতিটি 24 ইঞ্চি দীর্ঘ সংযুক্ত থাকে।তারপরে, 1/2 রিমোরাস সাঁতার কাটছে।পরে, অলিভার আরও 10 ফুট তিমি দেখেছিল 6 টি রিমোরাস সহ, প্রতিটি 6 ইঞ্চি লম্বা, এটির সাথে সংযুক্ত।গড়ে, প্রতিটি তিমির দেহের দৈর্ঘ্যের কত শতাংশ রিমোরস দ্বারা আচ্ছাদিত হয়?",27
"কার্লোস 18 টি রিমোরাস সহ একটি 34 ফুট হাঙ্গর দেখেছিল, যার সাথে প্রতিটি 17 ইঞ্চি দীর্ঘ সংযুক্ত থাকে।তারপরে, রিমোরাসগুলির এক তৃতীয়াংশ সাঁতার কাটছে।পরে, কার্লোস 4 টি রিমোরাস সহ আরও 10 ফুট হাঙ্গর দেখেছিল, যার সাথে এটি সংযুক্ত রয়েছে।গড়ে, প্রতিটি হাঙ্গরের দেহের দৈর্ঘ্যের কত শতাংশ রিমোরস দ্বারা আচ্ছাদিত হয়?",30
"আন্দ্রে 18 টি রিমোরাস সহ একটি 30 ফুট তিমি দেখেছিল, যার সাথে প্রতিটি 15 ইঞ্চি দীর্ঘ সংযুক্ত থাকে।তারপরে, রিমোরাসগুলির এক তৃতীয়াংশ সাঁতার কাটছে।পরে, আন্দ্রে আরও 10 ফুট তিমি দেখেছিল 6 টি রিমোরাস সহ, প্রতিটি 7 ইঞ্চি লম্বা, এটির সাথে সংযুক্ত।গড়ে, প্রতিটি তিমির দেহের দৈর্ঘ্যের কত শতাংশ রিমোরস দ্বারা আচ্ছাদিত হয়?",42
"থিয়াগো 3 দিনের বিজ্ঞান মেলার জন্য অর্থ সংগ্রহ করছে।প্রতিটি দিন হোটেলের জন্য 250 ডলার, খাবারের জন্য 30 ডলার এবং পরিবহণের জন্য 30 ডলার খরচ হয়।থিয়াগোতে কেবল 35 ডলার রয়েছে।তার বন্ধুরা চিপড ইন করেছে এবং বিজ্ঞান মেলার জন্য সমস্ত খাবারের ব্যয়টি কভার করবে।থিয়াগো স্কুল থেকে সাহায্যের জন্যও আবেদন করেছে, যা বিজ্ঞান মেলার অবশিষ্ট ব্যয়ের 1/4 কভার করার সিদ্ধান্ত নিয়েছে।থিয়াগো এখনও কত টাকা অনুপস্থিত?",595
"আলী 3 দিনের স্পোর্টস টুর্নামেন্টের জন্য অর্থ সংগ্রহ করছেন।প্রতিটি দিনের জন্য হোটেলের জন্য 200 200, খাবারের জন্য 20 ডলার এবং পরিবহণের জন্য 10 ডলার খরচ হয়।আলি কেবল 40 ডলার আছে।তার বন্ধুরা চিপ ইন করেছে এবং স্পোর্টস টুর্নামেন্টের জন্য সমস্ত খাবারের ব্যয়কে কভার করবে।আলী স্থানীয় দাতব্য প্রতিষ্ঠানের সাহায্যের জন্যও আবেদন করেছেন, যা ক্রীড়া টুর্নামেন্টের বাকি ব্যয়ের 1/5 কভার করার সিদ্ধান্ত নিয়েছে।আলী এখনও কত টাকা অনুপস্থিত?",464
"বেঞ্জামিন 3 দিনের বিজ্ঞান মেলার জন্য অর্থ সংগ্রহ করছে।প্রতিটি দিনের জন্য হোটেলের জন্য ₺250, খাবারের জন্য ₺30 এবং পরিবহণের জন্য ₺20 খরচ হয়।বেনজামিনের কেবল ₺165 রয়েছে।তার বন্ধুরা চিপড ইন করেছে এবং বিজ্ঞান মেলার জন্য সমস্ত খাবারের ব্যয়টি কভার করবে।বেনজামিন প্যারেন্ট অ্যাসোসিয়েশনের সহায়তার জন্যও আবেদন করেছেন, যা বিজ্ঞান মেলার অবশিষ্ট ব্যয়ের দশমাংশকে কভার করার সিদ্ধান্ত নিয়েছে।বেঞ্জামিন এখনও কত টাকা অনুপস্থিত?",564
"লিওন একটি 2 দিনের কর্মশালার জন্য অর্থ সংগ্রহ করছে।প্রতিটি দিনের জন্য হোটেলের জন্য 150 ডলার, খাবারের জন্য 30 ডলার এবং পরিবহণের জন্য 10 ডলার খরচ হয়।লিওনের কেবল 155 ডলার রয়েছে।তার বন্ধুরা চিপ ইন করেছে এবং কর্মশালার জন্য সমস্ত খাবারের ব্যয়টি কভার করবে।লিওন যুব ক্লাবের সাহায্যের জন্যও আবেদন করেছে, যা কর্মশালার অবশিষ্ট ব্যয়ের পঞ্চমাংশ কভার করার সিদ্ধান্ত নিয়েছে।লিওন এখনও কত টাকা অনুপস্থিত?",101
"ইউকি 2 দিনের সংগীত উত্সবের জন্য অর্থ সংগ্রহ করছে।প্রতিটি দিনের জন্য হোটেলের জন্য ₺100, খাবারের জন্য 40 40 এবং পরিবহণের জন্য ₺30 খরচ হয়।ইউকির কেবল ₺10 রয়েছে।তার বন্ধুরা চিপ ইন করেছে এবং সংগীত উত্সবের জন্য সমস্ত খাবারের ব্যয়টি কভার করবে।ইউকি প্যারেন্ট অ্যাসোসিয়েশনের সহায়তার জন্যও আবেদন করেছেন, যা সংগীত উত্সবের অবশিষ্ট ব্যয়ের 1/2 কভার করার সিদ্ধান্ত নিয়েছে।ইউকি এখনও কত টাকা অনুপস্থিত?",120
"ইব্রাহিম একটি 2 দিনের সম্মেলনের জন্য অর্থ সংগ্রহ করছে।প্রতিটি দিন হোটেলের জন্য 200 ডলার, খাবারের জন্য 30 ডলার এবং পরিবহণের জন্য 30 ডলার খরচ হয়।ইব্রাহিমের কেবল 95 ডলার রয়েছে।তার বন্ধুরা সম্মেলনের জন্য সমস্ত খাবারের ব্যয়কে চিপ করেছে এবং কভার করবে।ইব্রাহিম স্কুল থেকে সাহায্যের জন্যও আবেদন করেছেন, যা সম্মেলনের অবশিষ্ট ব্যয়ের এক চতুর্থাংশ কভার করার সিদ্ধান্ত নিয়েছে।ইব্রাহিম এখনও কত টাকা অনুপস্থিত?",250
"অস্কার 3 দিনের সংগীত উত্সবের জন্য অর্থ সংগ্রহ করছে।প্রতিটি দিন হোটেলের জন্য 250 ডলার, খাবারের জন্য 40 ডলার এবং পরিবহণের জন্য 10 ডলার খরচ হয়।অস্কারের কেবল ₣ 125 রয়েছে।তার বন্ধুরা চিপ ইন করেছে এবং সংগীত উত্সবের জন্য সমস্ত খাবারের ব্যয়টি কভার করবে।অস্কার স্থানীয় দাতব্য প্রতিষ্ঠানের সাহায্যের জন্যও আবেদন করেছে, যা সংগীত উত্সবের অবশিষ্ট ব্যয়ের 1/6 কভার করার সিদ্ধান্ত নিয়েছে।অস্কার এখনও কত টাকা অনুপস্থিত?",525
"পাভেল একটি 2 দিনের বিজ্ঞান মেলার জন্য অর্থ সংগ্রহ করছে।প্রতিটি দিনের জন্য হোটেলের জন্য ₺150, খাবারের জন্য ₺20 এবং পরিবহণের জন্য ₺10 খরচ হয়।পাভেলের কেবল ₺25 রয়েছে।তার বন্ধুরা চিপড ইন করেছে এবং বিজ্ঞান মেলার জন্য সমস্ত খাবারের ব্যয়টি কভার করবে।পাভেল প্যারেন্ট অ্যাসোসিয়েশনের সহায়তার জন্যও আবেদন করেছেন, যা বিজ্ঞান মেলার অবশিষ্ট ব্যয়ের অর্ধেকটি কভার করার সিদ্ধান্ত নিয়েছে।পাভেল এখনও কত টাকা অনুপস্থিত?",135
"আলী একটি 2 দিনের স্পোর্টস টুর্নামেন্টের জন্য অর্থ সংগ্রহ করছে।প্রতিটি দিনের জন্য হোটেলের জন্য ₺150, খাবারের জন্য 40 40 এবং পরিবহণের জন্য ₺10 খরচ হয়।আলির কেবল ₺160 রয়েছে।তার বন্ধুরা চিপ ইন করেছে এবং স্পোর্টস টুর্নামেন্টের জন্য সমস্ত খাবারের ব্যয়কে কভার করবে।আলী প্যারেন্ট অ্যাসোসিয়েশনের সহায়তার জন্যও আবেদন করেছেন, যা স্পোর্টস টুর্নামেন্টের বাকি ব্যয়ের ১/৮ কভার করার সিদ্ধান্ত নিয়েছে।আলী এখনও কত টাকা অনুপস্থিত?",120
"ফয়সাল 3 দিনের সম্মেলনের জন্য অর্থ সংগ্রহ করছে।প্রতিটি দিন হোটেলের জন্য 200 ডলার, খাবারের জন্য 30 ডলার এবং পরিবহণের জন্য 30 ডলার খরচ হয়।ফয়সালের কেবল 115 ডলার রয়েছে।তার বন্ধুরা সম্মেলনের জন্য সমস্ত খাবারের ব্যয়কে চিপ করেছে এবং কভার করবে।ফয়সাল যুব ক্লাবের সাহায্যের জন্যও আবেদন করেছেন, যা সম্মেলনের অবশিষ্ট ব্যয়ের ১/২ টি কভার করার সিদ্ধান্ত নিয়েছে।ফয়সাল এখনও কত টাকা অনুপস্থিত?",230
"এর পুষ্টির তথ্য অনুসারে, একটি ব্যাগ রুটির পরিবেশনায় 225 ক্যালোরি রয়েছে।একটি 300 আউন্স ব্যাগে 5 টি পরিবেশন রয়েছে।স্বাস্থ্যকর দৈনিক ক্যালোরি লক্ষ্য শরীরের ওজনের প্রতি পাউন্ড 15 ক্যালোরি।কার্লোসের ওজন 200 পাউন্ড, এবং তিনি ইতিমধ্যে 900 ক্যালোরি গ্রাস করেছেন এবং অনুশীলনের মাধ্যমে 150 ক্যালোরি পুড়িয়ে ফেলেছেন।জহরার ওজন 150 পাউন্ড, এবং তিনি ইতিমধ্যে 900 টি খাবার এবং আইসক্রিমের 225 ক্যালোরি গ্রাস করেছেন।কার্লোসের আরও কত আউন্স রুটি জহরার চেয়ে গ্রাস করতে হবে?",300
"এর পুষ্টির তথ্য অনুসারে, পপকর্নের একটি ব্যাগে পরিবেশনায় 300 ক্যালোরি থাকে।একটি 325 গ্রাম ব্যাগে 5 টি পরিবেশন রয়েছে।স্বাস্থ্যকর দৈনিক ক্যালোরি লক্ষ্য শরীরের ওজনের প্রতি পাউন্ড 15 ক্যালোরি।ইব্রাহিমের ওজন 190 পাউন্ড, এবং তিনি ইতিমধ্যে 950 ক্যালোরি গ্রহণ করেছেন এবং অনুশীলনের মাধ্যমে 200 ক্যালোরি পুড়িয়ে ফেলেছেন।প্রিয়া ওজনের 170 পাউন্ড, এবং তিনি ইতিমধ্যে 1100 খাবার এবং আইসক্রিমের 250 ক্যালোরি গ্রাস করেছেন।ইব্রাহিমের আরও কত গ্রাম পপকর্নের প্রিয়ার চেয়ে গ্রাস করতে হবে?",195
"এর পুষ্টির তথ্য অনুসারে, একটি ব্যাগ রুটির পরিবেশনায় 250 ক্যালোরি থাকে।একটি 350 আউন্স ব্যাগে 5 টি পরিবেশন রয়েছে।স্বাস্থ্যকর দৈনিক ক্যালোরি লক্ষ্য শরীরের ওজনের প্রতি পাউন্ড 15 ক্যালোরি।ইউকির ওজন 210 পাউন্ড, এবং তিনি ইতিমধ্যে 1050 ক্যালোরি গ্রাস করেছেন এবং অনুশীলনের মাধ্যমে 150 ক্যালোরি পুড়িয়ে ফেলেছেন।জেসমিনের ওজন 140 পাউন্ড এবং তিনি ইতিমধ্যে 900 টি খাবার এবং আইসক্রিমের 200 ক্যালোরি গ্রাস করেছেন।জেসমিনের চেয়ে ইউকির আরও কত আউন্স রুটি গ্রহণ করা দরকার?",350
"এর পুষ্টির তথ্য অনুসারে, কুকিজের একটি ব্যাগে পরিবেশনায় 175 ক্যালোরি রয়েছে।একটি 125 ওজ ব্যাগে 5 টি পরিবেশন রয়েছে।স্বাস্থ্যকর দৈনিক ক্যালোরি লক্ষ্য শরীরের ওজনের প্রতি পাউন্ড 15 ক্যালোরি।থিওর ওজন 250 পাউন্ড, এবং তিনি ইতিমধ্যে 1100 ক্যালোরি গ্রাস করেছেন এবং অনুশীলনের মাধ্যমে 150 ক্যালোরি পুড়িয়ে ফেলেছেন।সাকুরার ওজন ১৩০ পাউন্ড, এবং তিনি ইতিমধ্যে আইসক্রিমের মধ্যে 900 এবং 175 ক্যালোরি গ্রাস করেছেন।থিও সাকুরার চেয়ে আরও কত ওজ কুকিজ গ্রহণ করতে হবে?",275
"এর পুষ্টির তথ্য অনুসারে, পপকর্নের একটি ব্যাগ পরিবেশনায় 325 ক্যালোরি থাকে।একটি 100 গ্রাম ব্যাগে 4 টি পরিবেশন রয়েছে।স্বাস্থ্যকর দৈনিক ক্যালোরি লক্ষ্য শরীরের ওজনের প্রতি পাউন্ড 15 ক্যালোরি।আরশের ওজন 200 পাউন্ড, এবং তিনি ইতিমধ্যে 1200 ক্যালোরি গ্রাস করেছেন এবং অনুশীলনের মাধ্যমে 150 ক্যালোরি পুড়িয়ে ফেলেছেন।এমইআইয়ের ওজন 180 পাউন্ড, এবং তিনি ইতিমধ্যে 900 টি খাবার এবং আইসক্রিমের 175 ক্যালোরি গ্রাস করেছেন।আরশকে আরও কত গ্রাম পপকর্নের মেইয়ের চেয়ে গ্রাস করতে হবে?",25
"এর পুষ্টির তথ্য অনুসারে, পপকর্নের একটি ব্যাগে প্রতি পরিবেশনায় 150 ক্যালোরি থাকে।একটি 300 গ্রাম ব্যাগে 5 টি পরিবেশন রয়েছে।স্বাস্থ্যকর দৈনিক ক্যালোরি লক্ষ্য শরীরের ওজনের প্রতি পাউন্ড 15 ক্যালোরি।অর্জুনের ওজন 210 পাউন্ড, এবং তিনি ইতিমধ্যে 1000 ক্যালোরি গ্রাস করেছেন এবং অনুশীলনের মাধ্যমে 100 ক্যালোরি পোড়িয়েছেন।এলেনার ওজন 180 পাউন্ড, এবং তিনি ইতিমধ্যে 900 টি খাবার এবং আইসক্রিমের 150 ক্যালোরি গ্রাস করেছেন।এলেনার চেয়ে অর্জুনের আরও কত গ্রাম পপকর্ন প্রয়োজন?",240
"এর পুষ্টির তথ্য অনুসারে, কুকিজের একটি ব্যাগে পরিবেশনায় 150 ক্যালোরি থাকে।একটি 100 ওজ ব্যাগে 4 টি পরিবেশন রয়েছে।স্বাস্থ্যকর দৈনিক ক্যালোরি লক্ষ্য শরীরের ওজনের প্রতি পাউন্ড 15 ক্যালোরি।গ্যাব্রিয়েলের ওজন 200 পাউন্ড, এবং তিনি ইতিমধ্যে 900 ক্যালোরি গ্রাস করেছেন এবং অনুশীলনের মাধ্যমে 150 ক্যালোরি পুড়িয়ে ফেলেছেন।ভ্যালেন্টিনার ওজন ১৩০ পাউন্ড এবং তিনি ইতিমধ্যে ১১০০ টি খাবার এবং আইসক্রিমের 250 ক্যালোরি গ্রাস করেছেন।ভ্যালেন্টিনার চেয়ে গ্যাব্রিয়েলকে আরও কত ওজ কুকিজ গ্রহণ করতে হবে?",275
"এর পুষ্টির তথ্য অনুসারে, পপকর্নের একটি ব্যাগে পরিবেশনায় 450 ক্যালোরি থাকে।একটি 275 গ্রাম ব্যাগে 5 টি পরিবেশন রয়েছে।স্বাস্থ্যকর দৈনিক ক্যালোরি লক্ষ্য শরীরের ওজনের প্রতি পাউন্ড 15 ক্যালোরি।হিরোশি ওজনের 230 পাউন্ড, এবং তিনি ইতিমধ্যে 900 ক্যালোরি গ্রহণ করেছেন এবং অনুশীলনের মাধ্যমে 150 ক্যালোরি পোড়িয়েছেন।ভ্যালেন্টিনার ওজন 180 পাউন্ড, এবং তিনি ইতিমধ্যে 1100 খাবার এবং আইসক্রিমের 250 ক্যালোরি গ্রাস করেছেন।ভ্যালেন্টিনার চেয়ে হিরোশি আরও কত গ্রাম পপকর্ন গ্রহণ করতে হবে?",165
"এর পুষ্টির তথ্য অনুসারে, কুকিজের একটি ব্যাগে পরিবেশন প্রতি 200 ক্যালোরি রয়েছে।একটি 400 ওজ ব্যাগে 5 টি পরিবেশন রয়েছে।স্বাস্থ্যকর দৈনিক ক্যালোরি লক্ষ্য শরীরের ওজনের প্রতি পাউন্ড 15 ক্যালোরি।বোধির ওজন 230 পাউন্ড, এবং তিনি ইতিমধ্যে 1100 ক্যালোরি গ্রাস করেছেন এবং অনুশীলনের মাধ্যমে 50 ক্যালোরি পুড়িয়ে ফেলেছেন।এনআইএর ওজন ১৩০ পাউন্ড, এবং তিনি ইতিমধ্যে আইসক্রিমের মধ্যে 1000 এবং 150 ক্যালোরি গ্রাস করেছেন।এনআইএর চেয়ে আরও কত ওজ কুকিজের প্রয়োজন?",640
"এর পুষ্টির তথ্য অনুসারে, একটি ব্যাগ রুটির পরিবেশনায় 175 ক্যালোরি থাকে।একটি 125 আউন্স ব্যাগে 5 টি পরিবেশন রয়েছে।স্বাস্থ্যকর দৈনিক ক্যালোরি লক্ষ্য শরীরের ওজনের প্রতি পাউন্ড 15 ক্যালোরি।সঞ্জয়ের ওজন 210 পাউন্ড, এবং তিনি ইতিমধ্যে 1150 ক্যালোরি গ্রাস করেছেন এবং অনুশীলনের মাধ্যমে 100 ক্যালোরি পুড়িয়ে ফেলেছেন।সোফিয়ার ওজন 150 পাউন্ড, এবং তিনি ইতিমধ্যে 800 টি খাবার এবং আইসক্রিমের 225 ক্যালোরি গ্রাস করেছেন।সোফিয়ার চেয়ে সঞ্জয়কে আরও কত আউন্স রুটি গ্রহণ করা দরকার?",125
"ফোন বুথ থেকে কল করতে, আপনার কলের প্রতিটি মিনিটের জন্য আপনাকে অবশ্যই $ 0.7 দিতে হবে।10 মিনিটের পরে, দাম প্রতি মিনিটে 0.5 ডলারে নেমে আসে।কল শুরুর 30 মিনিট পরে, দামটি আরও দুই মিনিটে আরও কমে $ 0.1 এ নেমে আসে।যদি আপনার মোট বিলটি 15 ডলারের বেশি হয় তবে আপনি আপনার মোট বিলে 15% ছাড় পাবেন।90 মিনিটের কল ব্যয় কত হবে?",17
"ফোন বুথ থেকে কল করতে, আপনার কলের প্রতিটি মিনিটের জন্য আপনাকে অবশ্যই ₺0.9 দিতে হবে।10 মিনিটের পরে, দাম প্রতি মিনিটে ₺0.6 এ নেমে যায়।কল শুরুর 35 মিনিট পরে, দামটি প্রতি দুই মিনিটে আরও বেশি কমে যায় ₺0.4।যদি আপনার মোট বিলটি 2525 এর চেয়ে বেশি হয় তবে আপনি আপনার মোট বিলে 20% ছাড় পাবেন।115 মিনিটের কল ব্যয় কত হবে?",32
"হোটেল রুমের ফোন থেকে কল করতে, আপনার কলের প্রতিটি মিনিটের জন্য আপনাকে অবশ্যই 0.4 ডলার দিতে হবে।15 মিনিটের পরে, দাম প্রতি মিনিটে € 0.3 এ নেমে যায়।কল শুরুর 35 মিনিট পরে, দাম আরও দুই মিনিটে আরও কমে যায় € 0.2।যদি আপনার মোট বিল 15 ডলারের বেশি হয় তবে আপনি আপনার মোট বিলে 10% ছাড় পাবেন।115 মিনিটের কল ব্যয় কত হবে?",18
"ফোন বুথ থেকে কল করতে, আপনার কলের প্রতিটি মিনিটের জন্য আপনাকে অবশ্যই ₺0.8 দিতে হবে।10 মিনিটের পরে, দাম প্রতি মিনিটে ₺0.7 এ নেমে যায়।কল শুরুর 30 মিনিট পরে, দাম আরও দুই মিনিটে আরও কমে যায় ₺0.4।যদি আপনার মোট বিলটি 15 এর চেয়ে বেশি হয় তবে আপনি আপনার মোট বিলে 15% ছাড় পাবেন।একটি 120 মিনিটের কল ব্যয় কত হবে?",34
"হোটেল রুমের ফোন থেকে কল করতে, আপনার কলের প্রতিটি মিনিটের জন্য আপনাকে অবশ্যই ₺0.6 দিতে হবে।10 মিনিটের পরে, দাম প্রতি মিনিটে ₺0.4 এ নেমে যায়।কল শুরুর 35 মিনিট পরে, দাম আরও দুই মিনিটে আরও কমে যায় ₺0.1 এ।যদি আপনার মোট বিলটি 15 এর চেয়ে বেশি হয় তবে আপনি আপনার মোট বিলে 15% ছাড় পাবেন।115 মিনিটের কল ব্যয় কত হবে?",17
"হোটেল রুমের ফোন থেকে কল করতে, আপনার কলের প্রতিটি মিনিটের জন্য আপনাকে অবশ্যই ¥ 0.9 দিতে হবে।10 মিনিটের পরে, দাম প্রতি মিনিটে 0.6 ডলারে নেমে আসে।কল শুরুর 35 মিনিট পরে, দাম আরও দুই মিনিটে আরও কমে যায় ¥ 0.4।যদি আপনার মোট বিল 15 ডলারের বেশি হয় তবে আপনি আপনার মোট বিলে 20% ছাড় পাবেন।65 মিনিটের কল ব্যয় কত হবে?",24
"হোটেল রুমের ফোন থেকে কল করতে, আপনার কলের প্রতিটি মিনিটের জন্য আপনাকে অবশ্যই ₣ 0.8 দিতে হবে।10 মিনিটের পরে, দামটি প্রতি মিনিটে 0.4 ₣ 0.4 এ নেমে যায়।কল শুরুর 30 মিনিট পরে, দামটি আরও দুই মিনিটে আরও বেশি কমে যায় ₣ 0.1।যদি আপনার মোট বিল 15 ডলারের বেশি হয় তবে আপনি আপনার মোট বিলে 20% ছাড় পাবেন।110 মিনিটের কল ব্যয় কত হবে?",16
"ফোন বুথ থেকে কল করতে, আপনার কলের প্রতিটি মিনিটের জন্য আপনাকে অবশ্যই ¥ 0.9 দিতে হবে।10 মিনিটের পরে, দাম প্রতি মিনিটে ¥ 0.4 এ নেমে যায়।কল শুরুর 35 মিনিট পরে, দামটি আরও দুই মিনিটে আরও কমে যায় ¥ 0.1 এ।যদি আপনার মোট বিল 15 ডলারের বেশি হয় তবে আপনি আপনার মোট বিলে 10% ছাড় পাবেন।55 মিনিটের কল ব্যয় কত হবে?",18
"হোটেল রুমের ফোন থেকে কল করতে, আপনার কলের প্রতিটি মিনিটের জন্য আপনাকে অবশ্যই $ 0.9 দিতে হবে।10 মিনিটের পরে, দাম প্রতি মিনিটে 0.4 ডলারে নেমে আসে।কল শুরুর 30 মিনিট পরে, দামটি আরও দুই মিনিটে আরও কমে $ 0.1 এ নেমে আসে।যদি আপনার মোট বিলটি 15 ডলারের বেশি হয় তবে আপনি আপনার মোট বিলে 15% ছাড় পাবেন।90 মিনিটের কল ব্যয় কত হবে?",17
"ফোন বুথ থেকে কল করতে, আপনার কলের প্রতিটি মিনিটের জন্য আপনাকে অবশ্যই $ 0.7 দিতে হবে।10 মিনিটের পরে, দাম প্রতি মিনিটে 0.3 ডলারে নেমে আসে।কল শুরুর 40 মিনিট পরে, দামটি দুই মিনিটে আরও কমে যায় $ 0.1 এ।যদি আপনার মোট বিলটি 15 ডলারের বেশি হয় তবে আপনি আপনার মোট বিলে 10% ছাড় পাবেন।একটি 120 মিনিটের কল ব্যয় কত হবে?",18
ক্যাফেতে টকযুক্ত একটি রুটির দাম 10 ডলার।মাফিনের ব্যয়টি টকডোর এক রুটির এক-অষ্টম।ক্যাফেটির একটি প্রচার রয়েছে যে যদি কেউ 6 মাফিন বা তারও বেশি কিনে তবে তারা মাফিনগুলিতে 10% ছাড় পান।8 মাফিনের চেয়ে 2 টি রুটি টকযুক্ত দাম কত?,11
দোকানে একটি রুটি রুটির দাম 5 ডলার।একটি ক্রাইস্যান্টের ব্যয় একটি রুটির রুটির 3/4।স্টোরটিতে একটি প্রচার রয়েছে যে যদি কেউ 6 ক্রাইসেন্টস বা তারও বেশি কিনে তবে তারা ক্রাইসেন্টগুলিতে 10% ছাড় পায়।8 ক্রোসেন্টের চেয়ে 10 টি রুটির দাম কত বেশি?,23
ক্যাফেতে টকযুক্ত একটি রুটি খরচ হয় 15 ডলার।একটি মাফিনের ব্যয় টকযুক্ত একটি রুটি 1/4।ক্যাফেটির একটি প্রচার রয়েছে যে যদি কেউ 6 মাফিন বা তারও বেশি কিনে তবে তারা মাফিনগুলিতে 20% ছাড় পান।8 টি মাফিনের চেয়ে 5 টি রুটি টকযুক্ত ব্যয় কত বেশি?,51
বেকারিতে একটি রুটির রুটির দাম 10 ডলার।একটি ব্যাগেলের ব্যয় একটি রুটির রুটির 1/8 হয়।বেকারিটির একটি প্রচার রয়েছে যে যদি কেউ 7 ব্যাগেল বা তারও বেশি কিনে তবে তারা ব্যাগেলগুলিতে 10% ছাড় পায়।8 ব্যাগেলের চেয়ে 5 টি রুটি খরচ আরও কত?,41
ক্যাফেতে টকযুক্ত একটি রুটি খরচ হয় 15 ডলার।একটি মাফিনের ব্যয় টকযুক্ত রুটির এক-চতুর্থাংশ।ক্যাফেটির একটি প্রচার রয়েছে যে যদি কেউ 3 মাফিন বা তারও বেশি কিনে তবে তারা মাফিনগুলিতে 20% ছাড় পান।8 মাফিনের চেয়ে 10 টি রুটি টকযুক্ত দাম কত?,126
ক্যাফেতে টকযুক্ত একটি রুটি খরচ হয় ₣ 10।মাফিনের ব্যয়টি টকডোর এক রুটির এক-অষ্টম।ক্যাফেটির একটি প্রচার রয়েছে যে যদি কেউ 4 মাফিন বা তারও বেশি কিনে তবে তারা মাফিনগুলিতে 20% ছাড় পান।12 মাফিনের চেয়ে 3 টি রুটি টকযুক্ত দাম কত?,18
বাজারে টকযুক্ত একটি রুটি খরচ হয় ₣ 5।একটি বিস্কুটের ব্যয়টি টকডোর এক রুটির এক-চতুর্থাংশ।বাজারে একটি প্রচার রয়েছে যে যদি কেউ 4 বিস্কুট বা আরও বেশি কিনে তবে তারা বিস্কুটগুলিতে 20% ছাড় পায়।8 বিস্কুটের চেয়ে 9 টি রুটি টকযুক্ত খরচ আরও কত?,37
বাজারে টকযুক্ত একটি রুটির দাম $ 5।একটি বিস্কুটের ব্যয় টকযুক্ত রুটির 3/4।বাজারে একটি প্রচার রয়েছে যে যদি কেউ 5 বিস্কুট বা আরও বেশি কিনে তবে তারা বিস্কুটগুলিতে 10% ছাড় পান।8 বিস্কুটের চেয়ে 7 টি রুটি টকযুক্ত ব্যয় আরও কত?,8
দোকানে একটি রুটি রুটির দাম 5 ডলার।ক্রাইস্যান্টের ব্যয়টি রুটির রুটির এক-চতুর্থাংশ।স্টোরটিতে একটি প্রচার রয়েছে যে যদি কেউ 5 ক্রাইসেন্টস বা তারও বেশি কিনে তবে তারা ক্রাইসেন্টগুলিতে 20% ছাড় পায়।8 ক্রোসেন্টের চেয়ে 4 টি রুটি খরচ আরও কত?,12
দোকানে একটি রুটির রুটির দাম ₣ 5।একটি ক্রাইস্যান্টের ব্যয় একটি রুটির রুটির 3/4।স্টোরটিতে একটি প্রচার রয়েছে যে যদি কেউ 4 ক্রাইসেন্টস বা তারও বেশি কিনে তবে তারা ক্রাইসেন্টগুলিতে 20% ছাড় পায়।8 ক্রাইসেন্টের চেয়ে 9 টি রুটির দাম কত বেশি?,21
"একজন দারোয়ানকে ৮০ টি কক্ষ সহ একটি বিল্ডিং পরিষ্কার করতে হয়।এটি সম্পন্ন করার জন্য তাদের 4 দিন রয়েছে।এটি তাদের ঘরে 6 মিনিট সময় নেয়।যাইহোক, সাম্প্রতিক আঘাতের কারণে দরজাটি ধীর হয়ে গেছে এবং আজকাল একটি ঘর পরিষ্কার করতে তাদের দ্বিগুণ সময় লাগবে।যদি তারা দিনে 10 ঘন্টা কাজ করে তবে তাদের দিনের কত শতাংশ, গড়ে গড়ে পরিষ্কার কক্ষগুলি ব্যয় করা হয়?",40
"একজন রক্ষণাবেক্ষণ কর্মীকে 150 তল সহ একটি বিশ্ববিদ্যালয় পরিষ্কার করতে হয়।এটি সম্পন্ন করার জন্য তাদের 6 দিন রয়েছে।এটি প্রতি তল প্রতি তাদের 6 মিনিট সময় নেয়।তবে সাম্প্রতিক আঘাতের কারণে, রক্ষণাবেক্ষণ কর্মী ধীর হয়ে গেছে এবং আজকাল মেঝে পরিষ্কার করতে তাদের দ্বিগুণ সময় লাগবে।যদি তারা দিনে 10 ঘন্টা কাজ করে তবে তাদের দিনের কত শতাংশ, গড়ে মেঝে পরিষ্কার করতে ব্যয় করা হয়?",50
"একজন দারোয়ানকে 135 তল সহ একটি বিল্ডিং পরিষ্কার করতে হবে।এটি সম্পন্ন করার জন্য তাদের 3 দিন রয়েছে।এটি প্রতি তল প্রতি তাদের 5 মিনিট সময় নেয়।যাইহোক, সাম্প্রতিক আঘাতের কারণে দরজাটি ধীর হয়ে গেছে এবং আজকাল একটি মেঝে পরিষ্কার করতে তাদের দ্বিগুণ সময় লাগবে।যদি তারা দিনে 15 ঘন্টা কাজ করে তবে তাদের দিনের কত শতাংশ, গড়ে মেঝে পরিষ্কার করতে ব্যয় করা হয়?",50
"একটি ক্লিনারকে 60 তল সহ একটি হাসপাতাল পরিষ্কার করতে হয়।এটি সম্পন্ন করার জন্য তাদের 3 দিন রয়েছে।এটি প্রতি তল প্রতি তাদের 6 মিনিট সময় নেয়।যাইহোক, সাম্প্রতিক আঘাতের কারণে, ক্লিনারটি ধীর হয়ে গেছে এবং আজকাল একটি মেঝে পরিষ্কার করতে তাদের দ্বিগুণ সময় লাগবে।যদি তারা দিনে 8 ঘন্টা কাজ করে তবে তাদের দিনের কত শতাংশ, গড়ে মেঝে পরিষ্কার করতে ব্যয় করা হয়?",50
"একজন ক্লিনারকে 90 তলা সহ একটি হাসপাতাল পরিষ্কার করতে হয়।এটি সম্পন্ন করার জন্য তাদের 10 দিন রয়েছে।এটি প্রতি তল প্রতি 10 মিনিট সময় নেয়।যাইহোক, সাম্প্রতিক আঘাতের কারণে, ক্লিনারটি ধীর হয়ে গেছে এবং আজকাল একটি মেঝে পরিষ্কার করতে তাদের দ্বিগুণ সময় লাগবে।যদি তারা দিনে 15 ঘন্টা কাজ করে তবে তাদের দিনের কত শতাংশ, গড়ে মেঝে পরিষ্কার করতে ব্যয় করা হয়?",20
"একটি ক্লিনারকে 135 তল সহ একটি হাসপাতাল পরিষ্কার করতে হবে।এটি সম্পন্ন করার জন্য তাদের 5 দিন রয়েছে।এটি প্রতি তল প্রতি তাদের 5 মিনিট সময় নেয়।যাইহোক, সাম্প্রতিক আঘাতের কারণে, ক্লিনারটি ধীর হয়ে গেছে এবং আজকাল একটি মেঝে পরিষ্কার করতে তাদের দ্বিগুণ সময় লাগবে।যদি তারা দিনে 9 ঘন্টা কাজ করে তবে তাদের দিনের কত শতাংশ, গড়ে মেঝে পরিষ্কার করতে ব্যয় করা হয়?",50
"একজন রক্ষণাবেক্ষণ কর্মীকে 160 তল সহ একটি বিশ্ববিদ্যালয় পরিষ্কার করতে হয়।এটি সম্পন্ন করার জন্য তাদের 10 দিন রয়েছে।এটি প্রতি তল প্রতি 15 মিনিট সময় নেয়।তবে সাম্প্রতিক আঘাতের কারণে, রক্ষণাবেক্ষণ কর্মী ধীর হয়ে গেছে এবং আজকাল মেঝে পরিষ্কার করতে তাদের দ্বিগুণ সময় লাগবে।যদি তারা দিনে 10 ঘন্টা কাজ করে তবে তাদের দিনের কত শতাংশ, গড়ে মেঝে পরিষ্কার করতে ব্যয় করা হয়?",80
"একজন রক্ষণাবেক্ষণ কর্মীকে 120 তল সহ একটি বিশ্ববিদ্যালয় পরিষ্কার করতে হয়।এটি সম্পন্ন করার জন্য তাদের 5 দিন রয়েছে।এটি প্রতি তল প্রতি তাদের 5 মিনিট সময় নেয়।তবে সাম্প্রতিক আঘাতের কারণে, রক্ষণাবেক্ষণ কর্মী ধীর হয়ে গেছে এবং আজকাল মেঝে পরিষ্কার করতে তাদের দ্বিগুণ সময় লাগবে।যদি তারা দিনে 10 ঘন্টা কাজ করে তবে তাদের দিনের কত শতাংশ, গড়ে মেঝে পরিষ্কার করতে ব্যয় করা হয়?",40
"একটি ক্লিনারকে 70 টি কক্ষ সহ একটি হাসপাতাল পরিষ্কার করতে হবে।এটি সম্পন্ন করার জন্য তাদের 10 দিন রয়েছে।এটি তাদের ঘরে 15 মিনিট সময় নেয়।যাইহোক, সাম্প্রতিক আঘাতের কারণে, ক্লিনারটি ধীর হয়ে গেছে এবং আজকাল একটি ঘর পরিষ্কার করতে তাদের দ্বিগুণ সময় লাগবে।যদি তারা দিনে 7 ঘন্টা কাজ করে তবে তাদের দিনের কত শতাংশ, গড়ে গড়ে কক্ষগুলি ব্যয় করা হয়?",50
"একটি ক্লিনারকে 165 টি কক্ষ সহ একটি হাসপাতাল পরিষ্কার করতে হবে।এটি সম্পন্ন করার জন্য তাদের 11 দিন রয়েছে।এটি তাদের ঘরে 6 মিনিট সময় নেয়।যাইহোক, সাম্প্রতিক আঘাতের কারণে, ক্লিনারটি ধীর হয়ে গেছে এবং আজকাল একটি ঘর পরিষ্কার করতে তাদের দ্বিগুণ সময় লাগবে।যদি তারা দিনে 10 ঘন্টা কাজ করে তবে তাদের দিনের কত শতাংশ, গড়ে গড়ে পরিষ্কার কক্ষগুলি ব্যয় করা হয়?",30
"290 শিক্ষার্থীর একটি গ্রুপের বিভিন্ন শখ রয়েছে।12 আঁকতে পছন্দ করুন, 8 দাবা খেলতে পছন্দ করুন, 13 সাঁতার কাটতে পছন্দ করুন, 39 ক্রিকেট খেলতে পছন্দ করুন এবং বাকিরা হয় ভিডিও গেমস বা ভাড়া বাড়াতে পছন্দ করে।শিক্ষার্থীদের কত শতাংশ ভিডিও গেম খেলতে পছন্দ করে যদি ক্রিকেট খেলতে পছন্দ করে এমন সংখ্যার চেয়ে দুইগুণ বেশি হলে শিক্ষার্থীদের সংখ্যা 5 কম হয়?",50
"230 শিক্ষার্থীর একটি শ্রেণিতে বিভিন্ন শখ রয়েছে।5 নাচতে পছন্দ করুন, 8 দাবা খেলতে পছন্দ করুন, 13 সাঁতার কাটতে পছন্দ করুন, 32 ভলিবল খেলতে পছন্দ করুন, এবং বাকিরা হয় ভিডিও গেম খেলতে বা সংগীত খেলতে পছন্দ করে।শিক্ষার্থীদের কত শতাংশ ভিডিও গেম খেলতে পছন্দ করে যদি শিক্ষার্থীরা যে শিক্ষার্থীদের সংগীত বাজাতে পছন্দ করে তাদের সংখ্যাটি ভলিবল খেলতে পছন্দ করে এমন সংখ্যার চেয়ে দ্বিগুণের চেয়ে কম হয়?",50
"150 শিক্ষার্থীর একটি শ্রেণিতে বিভিন্ন শখ রয়েছে।20 আঁকতে পছন্দ করুন, 8 দাবা খেলতে পছন্দ করুন, 13 সাঁতার কাটতে পছন্দ করুন, 17 ফুটবল খেলতে পছন্দ করেন এবং বাকীটি নাচ বা পড়তে পছন্দ করেন।শিক্ষার্থীদের কত শতাংশ নাচতে পছন্দ করে যদি শিক্ষার্থীদের যে সংখ্যা পড়তে পছন্দ করে তাদের সংখ্যাটি ফুটবল খেলতে পছন্দ করে এমন সংখ্যার চেয়ে 2 কম হয়?",40
"১৫০ জন শিক্ষার্থীর একটি গ্রুপের বিভিন্ন শখ রয়েছে।27 সংগীত বাজাতে পছন্দ করুন, 8 দাবা খেলতে পছন্দ করুন, 13 সাঁতার কাটতে পছন্দ করুন, 9 ফুটবল খেলতে পছন্দ করুন এবং বাকিরাগুলি ভিডিও গেমগুলি রঙ করতে বা খেলতে পছন্দ করে।শিক্ষার্থীদের কত শতাংশ আঁকতে পছন্দ করে যদি ভিডিও গেমগুলি খেলতে পছন্দ করে এমন শিক্ষার্থীর সংখ্যাটি ফুটবল খেলতে পছন্দ করে এমন সংখ্যার চেয়ে তিনগুণ কম হয়?",52
"100 শিক্ষার্থীর একটি শ্রেণীর বিভিন্ন শখ রয়েছে।14 হাইক করতে পছন্দ করুন, 8 দাবা খেলতে পছন্দ করুন, 13 সাঁতার কাটতে পছন্দ করুন, 2 ক্রিকেট খেলতে পছন্দ করুন, এবং বাকিরা নাচ বা সংগীত বাজাতে পছন্দ করে।শিক্ষার্থীদের কত শতাংশ নাচতে পছন্দ করে যদি সংগীত বাজাতে পছন্দ করে এমন শিক্ষার্থীর সংখ্যা যদি ক্রিকেট খেলতে পছন্দ করে তার চেয়ে দশগুণ কম হয়?",48
"150 শিক্ষার্থীর একটি শ্রেণিতে বিভিন্ন শখ রয়েছে।17 বেক করতে পছন্দ করুন, 8 দাবা খেলতে পছন্দ করুন, 13 সাঁতার কাটতে পছন্দ করুন, 23 ফুটবল খেলতে পছন্দ করুন এবং বাকীরা হয় পড়তে বা রঙ করতে পছন্দ করেন।শিক্ষার্থীদের কত শতাংশ পড়তে পছন্দ করে যে শিক্ষার্থীদের সংখ্যা যেগুলি আঁকতে পছন্দ করে তাদের সংখ্যাটি তিনবারের চেয়ে কম হয় যা ফুটবল খেলতে পছন্দ করে?",16
"১০০ জন শিক্ষার্থীর একটি গ্রুপের বিভিন্ন শখ রয়েছে।29 নাচতে পছন্দ করুন, 8 দাবা খেলতে পছন্দ করুন, 13 সাঁতার কাটতে পছন্দ করুন, 4 হুরলিং খেলতে পছন্দ করুন এবং বাকিরা হয় পড়তে বা রঙ করতে পছন্দ করে।শিক্ষার্থীদের কত শতাংশ পড়তে পছন্দ করে যে শিক্ষার্থীদের যে সংখ্যাটি আঁকতে পছন্দ করে তাদের সংখ্যাটি চারগুণ কম হয় যা হুরিং খেলতে পছন্দ করে?",35
"90 জন শিক্ষার্থীর একটি শ্রেণিতে বিভিন্ন শখ রয়েছে।11 পড়তে পছন্দ করুন, 8 দাবা খেলতে পছন্দ করুন, 13 সাঁতার কাটতে পছন্দ করুন, 6 হুরলিং খেলতে পছন্দ করুন এবং বাকিরা নাচ বা বেক করতে পছন্দ করে।শিক্ষার্থীদের কত শতাংশ নাচতে পছন্দ করে যদি এমন শিক্ষার্থীদের সংখ্যা যে বেক করতে পছন্দ করে তাদের সংখ্যাটি ছয়গুণ কম হয় যা হুরলিং খেলতে পছন্দ করে?",20
"১৫০ জন শিক্ষার্থীর একটি গ্রুপের বিভিন্ন শখ রয়েছে।59 নাচতে পছন্দ করুন, 8 দাবা খেলতে পছন্দ করুন, 13 সাঁতার কাটতে পছন্দ করুন, 3 হুরলিং খেলতে পছন্দ করুন এবং বাকিরা হয় সঙ্গীত খেলতে বা ভিডিও গেম খেলতে পছন্দ করে।শিক্ষার্থীদের কত শতাংশ সংগীত বাজাতে পছন্দ করে যদি ভিডিও গেমগুলি খেলতে পছন্দ করে এমন শিক্ষার্থীর সংখ্যা যদি হুরলিং খেলতে পছন্দ করে তার চেয়ে দশগুণ কম হয়?",26
"200 শিক্ষার্থীর একটি গ্রুপের বিভিন্ন শখ রয়েছে।30 বেক করতে পছন্দ করে, 8 দাবা খেলতে পছন্দ করে, 13 সাঁতার কাটতে পছন্দ করে, 6 হুরলিং খেলতে পছন্দ করে এবং বাকীটি নাচ বা রঙ করতে পছন্দ করে।শিক্ষার্থীদের কত শতাংশ নাচতে পছন্দ করে যে শিক্ষার্থীদের যে সংখ্যাটি আঁকতে পছন্দ করে তাদের সংখ্যাটি 5 টির চেয়ে কম বেশি হয় যা হুরলিং খেলতে পছন্দ করে?",47
"গ্যাব্রিয়েল প্লেট এবং বাটিগুলিতে বাদাম রাখে।প্রতিটি প্লেট 20 বাদাম ধরে রাখতে পারে যখন প্রতিটি বাটি চারবার ধরে রাখতে পারে।গ্যাব্রিয়েলের 675 বাদাম, 9 প্লেট এবং 3 টি বাটি রয়েছে।দুর্ভাগ্যক্রমে, 2 বাটি বিরতি।গ্যাব্রিয়েল তখন সমস্ত বাদামের এক-পঞ্চমাংশ খায়।গ্যাব্রিয়েলের আরও কতগুলি প্লেটের প্রয়োজন যাতে তিনি বাকি সমস্ত বাদাম রাখতে পারেন?",14
"আলি বাটি এবং প্লেটে ক্র্যাকার রাখে।প্রতিটি বাটি 40 ক্র্যাকার ধরে রাখতে পারে যখন প্রতিটি প্লেট দু'বার ধরে রাখতে পারে।আলির 675 ক্র্যাকার, 8 টি বাটি এবং 5 টি প্লেট রয়েছে।দুর্ভাগ্যক্রমে, 2 প্লেট বিরতি।আলী তখন সমস্ত ক্র্যাকারগুলির এক নবম খায়।আলির আরও কতগুলি বাটি প্রয়োজন যাতে তিনি বাকি সমস্ত ক্র্যাকার রাখতে পারেন?",1
"সঞ্জয় বাদাম বাটি এবং প্লেটে রাখে।প্রতিটি বাটি 30 বাদাম ধরে রাখতে পারে যখন প্রতিটি প্লেট তিনবার ধরে রাখতে পারে।সঞ্জয় 675 বাদাম, 12 বাটি এবং 3 প্লেট রয়েছে।দুর্ভাগ্যক্রমে, 2 প্লেট বিরতি।সঞ্জয় তখন সমস্ত বাদামের এক নবম খায়।সঞ্জয়ের আরও কতটি বাটি প্রয়োজন যাতে তিনি বাকি সমস্ত বাদাম রাখতে পারেন?",5
"কার্লোস বাটি এবং টেবিলগুলিতে ক্র্যাকার রাখে।প্রতিটি বাটি 20 ক্র্যাকার ধরে রাখতে পারে যখন প্রতিটি টেবিল তিনবার ধরে রাখতে পারে।কার্লোসে 525 ক্র্যাকার, 13 টি বাটি এবং 4 টি টেবিল রয়েছে।দুর্ভাগ্যক্রমে, 2 টেবিল বিরতি।কার্লোস তারপরে সমস্ত ক্র্যাকারের এক-পঞ্চমাংশ খায়।কার্লোসের আরও কতগুলি বাটি প্রয়োজন যাতে তিনি বাকি সমস্ত ক্র্যাকার রাখতে পারেন?",2
"বেঞ্জামিন বাটি এবং প্লেটে ক্র্যাকার রাখে।প্রতিটি বাটি 21 ক্র্যাকার ধরে রাখতে পারে যখন প্রতিটি প্লেট দু'বার ধরে রাখতে পারে।বেঞ্জামিনের 720 ক্র্যাকার, 9 টি বাটি এবং 3 টি প্লেট রয়েছে।দুর্ভাগ্যক্রমে, 2 প্লেট বিরতি।বেনিয়ামিন তারপরে সমস্ত ক্র্যাকারগুলির এক-অষ্টম খায়।বেঞ্জামিনের আরও কতগুলি বাটি প্রয়োজন যাতে তিনি বাকি সমস্ত ক্র্যাকার রাখতে পারেন?",19
"ওয়েই বাটি এবং প্লেটে ক্র্যাকার রাখে।প্রতিটি বাটি 25 ক্র্যাকার ধরে রাখতে পারে যখন প্রতিটি প্লেট চারবার ধরে রাখতে পারে।ওয়েইতে 630 ক্র্যাকার, 12 টি বাটি এবং 3 টি প্লেট রয়েছে।দুর্ভাগ্যক্রমে, 2 প্লেট বিরতি।ওয়েই তারপরে সমস্ত ক্র্যাকারের এক ষষ্ঠ খায়।ওয়েই আরও কতগুলি বাটি প্রয়োজন যাতে তিনি বাকি সমস্ত ক্র্যাকার রাখতে পারেন?",5
"কার্লোস বাটি এবং টেবিলগুলিতে বাদাম রাখে।প্রতিটি বাটি 24 বাদাম ধরে রাখতে পারে যখন প্রতিটি টেবিল তিনবার ধরে রাখতে পারে।কার্লোসে 720 বাদাম, 7 টি বাটি এবং 3 টেবিল রয়েছে।দুর্ভাগ্যক্রমে, 2 টেবিল বিরতি।কার্লোস তখন সমস্ত বাদামের এক-পঞ্চমাংশ খায়।কার্লোসের আরও কতগুলি বাটি প্রয়োজন যাতে তিনি বাকি সমস্ত বাদাম রাখতে পারেন?",14
"আরশ টেবিল এবং প্লেটে ক্র্যাকার রাখে।প্রতিটি টেবিল 25 ক্র্যাকার ধরে রাখতে পারে যখন প্রতিটি প্লেট ছয়বার ধরে রাখতে পারে।আরাসে 600 ক্র্যাকার, 11 টেবিল এবং 3 টি প্লেট রয়েছে।দুর্ভাগ্যক্রমে, 2 প্লেট বিরতি।আরশ তারপরে সমস্ত ক্র্যাকারগুলির এক-চতুর্থাংশ খায়।আরশ আরও কত টেবিলের প্রয়োজন যাতে তিনি বাকি সমস্ত ক্র্যাকার রাখতে পারেন?",1
"থিয়াগো বাটি এবং টেবিলগুলিতে কুকিজ রাখে।প্রতিটি বাটি 20 টি কুকিজ ধরে রাখতে পারে যখন প্রতিটি টেবিলটি দু'বার ধরে রাখতে পারে।থিয়াগোতে 600 টি কুকিজ, 17 টি বাটি এবং 5 টি টেবিল রয়েছে।দুর্ভাগ্যক্রমে, 2 টেবিল বিরতি।থিয়াগো তখন সমস্ত কুকিজের এক-পঞ্চমাংশ খায়।থিয়াগোকে আরও কতগুলি বাটি প্রয়োজন যাতে তিনি বাকি সমস্ত কুকিজ রাখতে পারেন?",1
"ইউকি প্লেট এবং বাটিগুলিতে জলপাই রাখে।প্রতিটি প্লেট 24 জলপাই ধরে রাখতে পারে যখন প্রতিটি বাটি দু'বার ধরে রাখতে পারে।ইউকিতে 720 জলপাই, 11 টি প্লেট এবং 3 টি বাটি রয়েছে।দুর্ভাগ্যক্রমে, 2 বাটি বিরতি।ইউকি তারপরে সমস্ত জলপাইয়ের দুই-পঞ্চমাংশ খায়।ইউকির আরও কতগুলি প্লেটের প্রয়োজন যাতে তিনি বাকি সমস্ত জলপাই রাখতে পারেন?",5
"ফয়সাল প্রতি রাতে তার হোমওয়ার্ক শেষ করার পরে টিভি দেখেন।বুধবার এবং বৃহস্পতিবার, তিনি প্রতি রাতে তাঁর প্রিয় শোয়ের 4 ঘন্টা এপিসোড দেখেছিলেন।শুক্রবার, তিনি 30 মিনিটের শোয়ের কয়েকটি পর্ব দেখেছিলেন।শনিবার, তিনি তাড়াতাড়ি হোমওয়ার্ক শেষ করেছেন এবং একটি 5 ঘন্টা পর্ব এবং একটি 15 মিনিটের শো দেখেছেন।রবিবার, তিনি দেরিতে থাকতে পারেন, তাই তিনি চারটি চার ঘন্টা এপিসোড দেখেছিলেন।সোমবার, তিনি তিনটি পর্ব দেখেছিলেন, প্রতি 45 মিনিট।যদি তিনি সব মিলিয়ে 28 ঘন্টা টিভি দেখেন তবে শুক্রবার তিনি কত 30 মিনিটের এপিসোড দেখেছেন?",1
"লিয়াম প্রতি রাতে তার হোমওয়ার্ক শেষ করার পরে টিভি দেখেন।শনি ও রবিবার, তিনি প্রতি রাতে তাঁর প্রিয় শোয়ের 5 ঘন্টা এপিসোড দেখেছিলেন।সোমবার, তিনি 30 মিনিটের শোয়ের কয়েকটি পর্ব দেখেছিলেন।মঙ্গলবার, তিনি তাড়াতাড়ি হোমওয়ার্ক শেষ করেছেন এবং একটি 4 ঘন্টা পর্ব এবং 60 মিনিটের শো দেখেছেন।বুধবার, তিনি দেরিতে থাকতে পারেন, তাই তিনি তিন-ঘন্টা তিন ঘন্টা এপিসোড দেখেছিলেন।বৃহস্পতিবার, তিনি পাঁচটি পর্ব দেখেছেন, প্রতি 30 মিনিট।যদি তিনি সব মিলিয়ে 28 ঘন্টা টিভি দেখেন তবে সোমবার তিনি কত 30 মিনিটের এপিসোড দেখেছিলেন?",3
"থিয়াগো প্রতি রাতে তার হোমওয়ার্ক শেষ করার পরে টিভি দেখেন।মঙ্গলবার এবং বুধবার, তিনি প্রতি রাতে তাঁর প্রিয় শোয়ের 5 ঘন্টা এপিসোড দেখেছিলেন।বৃহস্পতিবার, তিনি 30 মিনিটের শোয়ের কয়েকটি পর্ব দেখেছিলেন।শুক্রবার, তিনি তাড়াতাড়ি হোমওয়ার্ক শেষ করেছেন এবং একটি 5 ঘন্টা পর্ব এবং 30 মিনিটের শো দেখেছেন।শনিবার, তিনি দেরিতে থাকতে পারেন, তাই তিনি তিন 4 ঘন্টা এপিসোড দেখেছিলেন।রবিবার, তিনি দুটি পর্ব দেখেছিলেন, প্রতিটি 15 মিনিট।যদি তিনি সব মিলিয়ে 31 ঘন্টা টিভি দেখেন তবে বৃহস্পতিবার তিনি কতটি 30 মিনিটের এপিসোড দেখেছেন?",6
"প্রতি রাতে তার বাড়ির কাজ শেষ করার পরে আরশ টিভি দেখেন।রবিবার এবং সোমবার, তিনি প্রতি রাতে তাঁর প্রিয় শোয়ের 4 ঘন্টা এপিসোড দেখেছিলেন।মঙ্গলবার, তিনি 45 মিনিটের শোয়ের কয়েকটি পর্ব দেখেছিলেন।বুধবার, তিনি তাড়াতাড়ি হোমওয়ার্ক শেষ করেছেন এবং একটি 2 ঘন্টা পর্ব এবং একটি 15 মিনিটের শো দেখেছেন।বৃহস্পতিবার, তিনি দেরিতে থাকতে পারেন, তাই তিনি পাঁচটি 2 ঘন্টা পর্ব দেখেছিলেন।শুক্রবার, তিনি প্রতি 30 মিনিট চারটি পর্ব দেখেছিলেন।যদি তিনি সব মিলিয়ে 26 ঘন্টা টিভি দেখেন তবে মঙ্গলবার তিনি কত 45 মিনিটের এপিসোড দেখেছেন?",5
"লিওন প্রতি রাতে তার হোমওয়ার্ক শেষ করার পরে টিভি দেখেন।রবিবার এবং সোমবার, তিনি প্রতি রাতে তাঁর প্রিয় শোয়ের 4 ঘন্টা এপিসোড দেখেছিলেন।মঙ্গলবার, তিনি 30 মিনিটের শোয়ের কয়েকটি পর্ব দেখেছিলেন।বুধবার, তিনি তাড়াতাড়ি হোমওয়ার্ক শেষ করেছেন এবং একটি 2 ঘন্টা পর্ব এবং 60 মিনিটের শো দেখেছেন।বৃহস্পতিবার, তিনি দেরিতে থাকতে পারেন, তাই তিনি তিন ঘন্টা তিন ঘন্টা এপিসোড দেখেছিলেন।শুক্রবার, তিনি তিনটি পর্ব দেখেছিলেন, প্রতি 30 মিনিট।যদি তিনি 24 ঘন্টা টিভি দেখেন তবে মঙ্গলবার তিনি কত 30 মিনিটের এপিসোড দেখেছেন?",5
"বোধি প্রতি রাতে তার হোমওয়ার্ক শেষ করার পরে টিভি দেখেন।বুধবার এবং বৃহস্পতিবার, তিনি প্রতি রাতে তাঁর প্রিয় শোয়ের 3 ঘন্টা এপিসোড দেখেছিলেন।শুক্রবার, তিনি 60 মিনিটের শোয়ের কয়েকটি পর্ব দেখেছিলেন।শনিবার, তিনি তাড়াতাড়ি হোমওয়ার্ক শেষ করেছেন এবং একটি 5 ঘন্টা পর্ব এবং 60 মিনিটের শো দেখেছেন।রবিবার, তিনি দেরিতে থাকতে পারেন, তাই তিনি চার ঘন্টা চার ঘন্টা এপিসোড দেখেছিলেন।সোমবার, তিনি প্রতি 30 মিনিট চারটি পর্ব দেখেছিলেন।যদি তিনি সব মিলিয়ে 31 ঘন্টা টিভি দেখেন তবে শুক্রবার তিনি কতটি 60 মিনিটের এপিসোড দেখেছেন?",1
"জেমস প্রতি রাতে তার হোমওয়ার্ক শেষ করার পরে টিভি দেখেন।মঙ্গলবার এবং বুধবার, তিনি প্রতি রাতে তাঁর প্রিয় শোয়ের 4 ঘন্টা এপিসোড দেখেছিলেন।বৃহস্পতিবার, তিনি একটি 15 মিনিটের শোয়ের কয়েকটি পর্ব দেখেছিলেন।শুক্রবার, তিনি তাড়াতাড়ি হোমওয়ার্ক শেষ করেছেন এবং একটি 4 ঘন্টা পর্ব এবং একটি 15 মিনিটের শো দেখেছেন।শনিবার, তিনি দেরিতে থাকতে পারেন, তাই তিনি চার ঘন্টা চার ঘন্টা এপিসোড দেখেছিলেন।রবিবার, তিনি তিনটি পর্ব দেখেছিলেন, প্রতি 45 মিনিট।যদি তিনি সব মিলিয়ে 31 ঘন্টা টিভি দেখেন তবে বৃহস্পতিবার তিনি কত 15 মিনিটের এপিসোড দেখেছেন?",2
"আলেজান্দ্রো প্রতি রাতে তার বাড়ির কাজ শেষ করার পরে টিভি দেখেন।সোমবার এবং মঙ্গলবার, তিনি প্রতি রাতে তাঁর প্রিয় শোয়ের 4 ঘন্টা এপিসোড দেখেছিলেন।বুধবার, তিনি 45 মিনিটের শোয়ের কয়েকটি পর্ব দেখেছিলেন।বৃহস্পতিবার, তিনি তাড়াতাড়ি হোমওয়ার্ক শেষ করেছেন এবং একটি 4 ঘন্টা পর্ব এবং একটি 15 মিনিটের শো দেখেছেন।শুক্রবার, তিনি দেরিতে থাকতে পারেন, তাই তিনি চারটি চার ঘন্টা এপিসোড দেখেছিলেন।শনিবার, তিনি তিনটি পর্ব দেখেছিলেন, প্রতি 45 মিনিট।যদি তিনি সব মিলিয়ে 31 ঘন্টা টিভি দেখেন তবে বুধবার তিনি কত 45 মিনিটের এপিসোড দেখেছেন?",6
"প্রতি রাতে তার হোমওয়ার্ক শেষ করার পরে মাতেও টিভি দেখেন।রবিবার এবং সোমবার, তিনি প্রতি রাতে তাঁর প্রিয় শোয়ের 3 ঘন্টা এপিসোড দেখেছিলেন।মঙ্গলবার, তিনি 60 মিনিটের শোয়ের কয়েকটি পর্ব দেখেছিলেন।বুধবার, তিনি তাড়াতাড়ি হোমওয়ার্ক শেষ করেছেন এবং একটি 5 ঘন্টা পর্ব এবং 30 মিনিটের শো দেখেছেন।বৃহস্পতিবার, তিনি দেরিতে থাকতে পারেন, তাই তিনি দুটি 5 ঘন্টা এপিসোড দেখেছিলেন।শুক্রবার, তিনি দুটি পর্ব দেখেছিলেন, প্রতি 15 মিনিট।যদি তিনি সব মিলিয়ে 29 ঘন্টা টিভি দেখেন তবে মঙ্গলবার তিনি কতটি 60 মিনিটের এপিসোড দেখেছেন?",7
"কাসিম প্রতি রাতে তার হোমওয়ার্ক শেষ করার পরে টিভি দেখেন।বুধবার এবং বৃহস্পতিবার, তিনি প্রতি রাতে তাঁর প্রিয় শোয়ের 3 ঘন্টা এপিসোড দেখেছিলেন।শুক্রবার, তিনি 60 মিনিটের শোয়ের কয়েকটি পর্ব দেখেছিলেন।শনিবার, তিনি তাড়াতাড়ি হোমওয়ার্ক শেষ করেছেন এবং একটি 2 ঘন্টা পর্ব এবং একটি 15 মিনিটের শো দেখেছেন।রবিবার, তিনি দেরিতে থাকতে পারেন, তাই তিনি চারটি চার ঘন্টা এপিসোড দেখেছিলেন।সোমবার, তিনি তিনটি পর্ব দেখেছিলেন, প্রতি 15 মিনিট।যদি তিনি সব মিলিয়ে 28 ঘন্টা টিভি দেখেন তবে শুক্রবার তিনি কতটি 60 মিনিটের এপিসোড দেখেছিলেন?",7
"রবি, পাভেল বর্তমানে বয়সের 22 বছর বাদে।রবি এবং লেইলানি বর্তমানে 10 বছর বাদে।রবি, যিনি পাভেলের চেয়ে ছোট তবে লাইলানির চেয়ে বয়স্ক, তিনি 8 বছরে 47 বছর বয়সী হবেন।তিনজনের গড় বয়সের চেয়ে লিলানী কত কম বয়সী?",14
"চেন, থিও বর্তমানে বয়সে 10 বছর আলাদা।চেন এবং তারা বর্তমানে 7 বছর বাদে।চেন, যিনি থিওর চেয়ে কম বয়সী তবে তারার চেয়ে বয়স্ক, তিনি 7 বছরের মধ্যে 60 বছর বয়সী হবেন।তিনজনের গড় বয়সের চেয়ে তারা কত কম?",8
"বেঞ্জামিন, লুকা বর্তমানে বয়সের 29 বছর আলাদা।বেঞ্জামিন এবং সোফিয়া বর্তমানে 17 বছর বাদে।বেনজামিন, যিনি লুকার চেয়ে ছোট তবে সোফিয়ার চেয়ে বয়স্ক, তিনি 4 বছরের মধ্যে 27 বছর বয়সী।তিনজনের গড় বয়সের চেয়ে সোফিয়া কত কম?",21
"সাকুরা, আরশ বর্তমানে বয়সের 29 বছর আলাদা।সাকুরা এবং তারা বর্তমানে 11 বছর বাদে।সাকুরা, যিনি আরশের চেয়ে কম বয়সী তবে তারার চেয়ে বয়স্ক, তিনি 5 বছরে 66 66 বছর বয়সী।তিনজনের গড় বয়সের চেয়ে তারা কত কম?",17
"লুকা, লিয়াম বর্তমানে বয়সে 19 বছর আলাদা।লুকা এবং পাভেল বর্তমানে 10 বছর দূরে রয়েছে।লুকা, যিনি লিয়ামের চেয়ে ছোট তবে পাভেলের চেয়ে বয়স্ক, 6 বছরে 59 বছর বয়সী।তিনজনের গড় বয়সের চেয়ে পাভেল কত কম?",13
"সোফিয়া, ইব্রাহিম বর্তমানে বয়সের 27 বছর বাদে।সোফিয়া এবং থিও বর্তমানে 15 বছর দূরে রয়েছে।সোফিয়া, যিনি ইব্রাহিমের চেয়ে ছোট তবে থিওর চেয়ে বয়স্ক, তিনি 10 বছরে 35 বছর বয়সী হবেন।থিও তিনজনের গড় বয়সের চেয়ে কত কম বয়সী?",19
"অলিভিয়া, বোধি বর্তমানে বয়সের 24 বছর বাদে।অলিভিয়া এবং কেইশা বর্তমানে 15 বছর বাদে।অলিভিয়া, যিনি বোধির চেয়ে ছোট তবে কেইশার চেয়ে বয়স্ক, তিনি 7 বছরে 42 বছর বয়সী হবেন।তিনজনের গড় বয়সের চেয়ে কেইশা কত কম?",18
"ডিয়েগো, অস্কার বর্তমানে বয়সে 19 বছর আলাদা।ডিয়েগো এবং লিওন বর্তমানে 10 বছর দূরে রয়েছে।ডিয়েগো, যিনি অস্কারের চেয়ে কম বয়সী তবে লিওনের চেয়ে বয়স্ক, তিনি 9 বছরে 36 বছর বয়সী হবেন।তিনজনের গড় বয়সের চেয়ে লিওন কত কম?",13
"এস্তেবান, অলিভার বর্তমানে বয়সের 16 বছর বাদে।এস্তেবান এবং ইউকি বর্তমানে 13 বছর বাদে।অলিভারের চেয়ে ছোট তবে ইউকির চেয়ে বয়স্ক এস্তেবান 6 বছরে 70 বছর বয়সী।ইউকি তিনজনের গড় বয়সের চেয়ে কত কম বয়সী?",14
"ইউকি, আন্দ্রে বর্তমানে বয়সের 17 বছর আলাদা।ইউকি এবং ডিয়েগো বর্তমানে 8 বছর দূরে রয়েছে।ইউকি, যিনি আন্দ্রের চেয়ে কম বয়সী তবে ডিয়েগোর চেয়ে বয়স্ক, 6 বছরে 43 বছর বয়সী হবে।তিনজনের গড় বয়সের চেয়ে ডিয়েগো কত কম?",11
"ওয়েই একটি তহবিলাকারীর জন্য কাপকেক এবং বরই পাই বিক্রি করছে।সোমবার, তিনি মঙ্গলবারের চেয়ে 28 টি বক্স কাপকেক এবং 19 টি কম বক্স প্লাম পাই বিক্রি করেছেন।মঙ্গলবার, তিনি সোমবারের চেয়ে আরও 14 টি কাপকেক এবং প্লাম পাইয়ের 27 টি বাক্স বিক্রি করেছেন।বুধবার, তিনি গত দু'দিনের সাথে মিলিত হয়ে যতটা বিক্রি করেছিলেন।যদি কাপকেকের দাম 11 ডলার এবং বরই পাইটির দাম $ 23 হয়, তবে ওয়েইয়ের গড় দৈনিক উপার্জন কী ছিল?",1050
"বেঞ্জামিন কোনও তহবিলাকারীর জন্য কাপকেকস এবং আনারস পাই বিক্রি করছে।বুধবার, তিনি বৃহস্পতিবারের তুলনায় 27 টি কাপকেক এবং আনারস পাইয়ের 18 টি কম বাক্স বিক্রি করেছেন।বৃহস্পতিবার, তিনি বুধবারের চেয়ে আরও 12 টি বাক্স এবং আনারস পাইয়ের 27 টি বাক্স বিক্রি করেছেন।শুক্রবার, তিনি গত দু'দিনের সাথে মিলিত হয়ে যতটা বিক্রি করেছিলেন।যদি কাপকেকের দাম ¥ 8 এবং আনারস পাইয়ের দাম ¥ 22, বেনিয়ামিনের গড় দৈনিক উপার্জন কী ছিল?",880
"উমর একটি তহবিলাকারীর জন্য মাফিনস এবং এপ্রিকট পাই বিক্রি করছে।বৃহস্পতিবার, তিনি শুক্রবারের চেয়ে 28 টি বাক্স এবং এপ্রিকট পাই এর 13 টি কম বাক্স বিক্রি করেছেন।শুক্রবার, তিনি বৃহস্পতিবার এবং এপ্রিকোট পাইয়ের 21 টি বাক্সের চেয়ে আরও 13 টি বাক্স মাফিন বিক্রি করেছেন।শনিবার, তিনি গত দু'দিনের সাথে মিলিত হয়ে যতটা বিক্রি করেছিলেন।যদি মাফিনের দাম $ 11 এবং এপ্রিকট পাইটির দাম 30 ডলার হয় তবে উমরের গড় দৈনিক উপার্জন কী ছিল?",1086
"তারিক একটি তহবিলাকারীর জন্য ব্রাউনিজ এবং এপ্রিকট পাই বিক্রি করছে।বৃহস্পতিবার, তিনি শুক্রবারের চেয়ে 25 টি ব্রাউনির বাক্স এবং এপ্রিকট পাইয়ের 12 টি কম বাক্স বিক্রি করেছেন।শুক্রবার, তিনি বৃহস্পতিবার এবং এপ্রিকট পাইয়ের 24 টি বাক্সের চেয়ে আরও 14 টি ব্রাউনিজ বিক্রি করেছেন।শনিবার, তিনি গত দু'দিনের সাথে মিলিত হয়ে যতটা বিক্রি করেছিলেন।যদি ব্রাউনির দাম ₣ 9 এবং এপ্রিকট পাইয়ের দাম ₣ 20, তারিকের গড় দৈনিক উপার্জন কী ছিল?",864
"আলী একটি তহবিলাকারীর জন্য মাফিনস এবং কমলা পাই বিক্রি করছে।মঙ্গলবার, তিনি বুধবারের চেয়ে 22 টি বাক্স মাফিনের এবং 13 টি কম কমলা কমলা পাই বিক্রি করেছেন।বুধবার, তিনি মঙ্গলবারের চেয়ে আরও 13 টি বাক্স এবং কমলা পাইয়ের 23 টি বাক্স বিক্রি করেছেন।বৃহস্পতিবার, তিনি গত দু'দিনের সাথে মিলিত হয়ে যতটা বিক্রি করেছিলেন।যদি মাফিনের দাম 9 ডলার এবং কমলা পাইয়ের দাম € 32, আলির গড় দৈনিক উপার্জন কী ছিল?",1046
"থিয়াগো কোনও তহবিলাকারীর জন্য কুকিজ এবং এপ্রিকট পাই বিক্রি করছে।মঙ্গলবার, তিনি বুধবারের চেয়ে 26 টি বক্স এবং এপ্রিকট পাই এর 19 টি কম বাক্স বিক্রি করেছেন।বুধবার, তিনি মঙ্গলবার এবং এপ্রিকট পাই এর 24 টি বাক্সের চেয়ে আরও 14 টি কুকিজ বিক্রি করেছেন।বৃহস্পতিবার, তিনি গত দু'দিনের সাথে মিলিত হয়ে যতটা বিক্রি করেছিলেন।যদি কুকির দাম ₣ 11 এবং এপ্রিকট পাইয়ের দাম ₣ 24, থিয়াগোর গড় দৈনিক উপার্জন কী ছিল?",948
"কার্লোস একটি তহবিলাকারীর জন্য কাপকেকস এবং এপ্রিকট পাই বিক্রি করছে।বৃহস্পতিবার, তিনি শুক্রবারের চেয়ে 24 টি বাক্স কাপকেক এবং এপ্রিকট পাইয়ের 19 টি কম বাক্স বিক্রি করেছেন।শুক্রবার, তিনি বৃহস্পতিবার এবং এপ্রিকোট পাইয়ের 29 টি বাক্সের চেয়ে আরও 12 টি বাক্স কাপকেক বিক্রি করেছেন।শনিবার, তিনি গত দু'দিনের সাথে মিলিত হয়ে যতটা বিক্রি করেছিলেন।যদি কাপকেকের দাম ¥ 8 এবং এপ্রিকট পাইয়ের দাম ¥ 21 হয় তবে কার্লোসের গড় দৈনিক উপার্জন কী ছিল?",866
"ভিক্টর একজন তহবিলাকারীর জন্য কুকিজ এবং তরমুজ পাই বিক্রি করছেন।মঙ্গলবার, তিনি বুধবারের চেয়ে 22 টি বক্স কুকির এবং 14 টি কম বক্স তরমুজ পাই বিক্রি করেছেন।বুধবার, তিনি মঙ্গলবারের চেয়ে আরও 14 টি কুকিজ এবং তরমুজ পাইয়ের 23 টি বাক্স বিক্রি করেছেন।বৃহস্পতিবার, তিনি গত দু'দিনের সাথে মিলিত হয়ে যতটা বিক্রি করেছিলেন।যদি কুকির দাম ₣ 10 এবং তরমুজ পাইয়ের দাম ₣ 22, ভিক্টরের গড় দৈনিক উপার্জন কী ছিল?",856
"গ্যাব্রিয়েল একটি তহবিলাকারীর জন্য মাফিন এবং বরই পাই বিক্রি করছে।রবিবার, তিনি সোমবারের চেয়ে 28 টি বাক্স মাফিনের এবং 11 টি কম বক্স প্লাম পাই বিক্রি করেছিলেন।সোমবার, তিনি রবিবারের চেয়ে আরও 14 টি বাক্স এবং প্লাম পাইয়ের 22 টি বাক্স বিক্রি করেছেন।মঙ্গলবার, তিনি গত দু'দিনের সাথে মিলিত হয়ে যতটা বিক্রি করেছিলেন।যদি মাফিনের দাম 12 ডলার এবং বরই পাইটির দাম 22 ডলার হয় তবে গ্যাব্রিয়েলের গড় দৈনিক উপার্জন কী ছিল?",1044
"ভিক্টর কোনও তহবিলাকারীর জন্য মাফিন এবং আনারস পাই বিক্রি করছেন।রবিবার, তিনি সোমবারের তুলনায় 24 টি বাক্স মাফিনের এবং আনারস পাইয়ের 15 টি কম বাক্স বিক্রি করেছেন।সোমবার, তিনি রবিবারের চেয়ে আরও 12 টি বাক্স এবং আনারস পাইয়ের 27 টি বাক্স বিক্রি করেছেন।মঙ্গলবার, তিনি গত দু'দিনের সাথে মিলিত হয়ে যতটা বিক্রি করেছিলেন।যদি মাফিনের দাম ₺12 এবং আনারস পাইয়ের দাম ₺23, ভিক্টরের গড় দৈনিক উপার্জন কী ছিল?",1078
"ডিয়েগো 21 বছর বয়সী।5 বছরে, তার চাচাত ভাই প্রিয়া ডিয়েগো এখনকার চেয়ে 2 গুণ বেশি হবে।ডিয়েগোর ভাই কাসিম ডিয়েগোয়ের চেয়ে 9 বছরের ছোট এবং প্রিয়া বোন মিয়া কাসিমের চেয়ে 10 বছরের বড়।4 বছরে চারটির গড় কত হবে?",27
"অলিভার 15 বছর বয়সী।8 বছরে, তার চাচাত ভাই অলিভিয়া এখন অলিভার হিসাবে 3 গুণ বেশি হবে।অলিভারের ভাই গ্যাব্রিয়েল অলিভারের চেয়ে 11 বছর ছোট এবং অলিভিয়া বোন ফাতেমা গ্যাব্রিয়েলের চেয়ে 8 বছরের বড়।5 বছরে চারটির গড় কত হবে?",22
"কাই 22 বছর বয়সী।5 বছরে, তার চাচাত ভাই উমা এখন কাইয়ের চেয়ে 4 গুণ বেশি হবে।কাইয়ের ভাই জামাল কাইয়ের চেয়ে 6 বছরের ছোট এবং উমা বোন রানিয়া জামালের চেয়ে 11 বছরের বড়।4 বছরে চারটির গড় কত হবে?",41
"কার্লোসের বয়স 14 বছর।8 বছরে, তার চাচাত ভাই ইরা কার্লোসের চেয়ে 4 গুণ বেশি হবে।কার্লোসের ভাই জিন কার্লোসের চেয়ে 11 বছর ছোট এবং ইয়ারা বোন মিয়া জিনের চেয়ে 8 বছরের বড়।6 বছরে চারটির গড় কত হবে?",25
"অস্কার 15 বছর বয়সী।9 বছরে, তার চাচাত ভাই জাহরা এখন অস্কারের চেয়ে 3 গুণ বেশি হবে।অস্কারের ভাই অলিভার অস্কারের চেয়ে 12 বছর ছোট এবং জহরা বোন এমা অলিভারের চেয়ে 11 বছরের বড়।3 বছরে চারটির গড় কত হবে?",20
"থিও 20 বছর বয়সী।Years বছরে, তার চাচাত ভাই ইরা থিও এখনকার চেয়ে ২ গুণ বেশি হবে।থিওর ভাই অস্কার থিওর চেয়ে 7 বছরের ছোট এবং ইয়ার বোন তারা অস্কারের চেয়ে 9 বছরের বড়।6 বছরে চারটির গড় কত হবে?",28
"অলিভার 12 বছর বয়সী।9 বছরে, তার চাচাত ভাই অনন্যা অলিভার এখনকার চেয়ে 3 গুণ বেশি হবে।অলিভারের ভাই কাই অলিভারের চেয়ে 9 বছরের ছোট এবং অননিয়া বোন কিমিয়া কাইয়ের চেয়ে 7 বছরের বড়।4 বছরে চারটির গড় কত হবে?",17
"দেশ 23 বছর বয়সী।8 বছরে, তার চাচাত ভাই অননিয়া এখনকার চেয়ে 4 গুণ বেশি হবে।দেশহনের ভাই ডিয়েগো দেশহনের চেয়ে 9 বছরের ছোট এবং অননিয়া বোন সোফিয়া ডিয়েগোয়ের চেয়ে 9 বছরের বড়।2 বছরে চারটির গড় কত হবে?",38
"বোধির বয়স 21 বছর।8 বছরে, তাঁর চাচাত ভাই ভ্যালেন্টিনা বোধির চেয়ে 3 গুণ বেশি হবে।বোধির ভাই কাসিম বোধির চেয়ে 9 বছরের ছোট এবং ভ্যালেন্টিনা বোন বিয়াতিরিজ কাসিমের চেয়ে 8 বছরের বড়।2 বছরে চারটির গড় কত হবে?",29
"কাসিম 15 বছর বয়সী।2 বছরে, তার চাচাত ভাই এলেনা এখন কাসিমের চেয়ে 3 গুণ বেশি হবে।কাসিমের ভাই লিয়াম কাসিমের চেয়ে 9 বছরের ছোট এবং এলেনা বোন সোফিয়া লিয়ামের চেয়ে 10 বছরের বড়।5 বছরে চারটির গড় কত হবে?",25
"সোফিয়া যখন তার ভাইকে দেখেন, তখন তিনি তার জন্য বিভিন্ন ধরণের খেলনা পান।বিল্ডিং ব্লকের ব্যাগটিতে এতে 33 টি ব্লক রয়েছে।স্টাফ প্রাণীর বিনের ভিতরে 5 টি স্টাফ প্রাণী রয়েছে।অ্যাকশন ফিগার প্যাকের অ্যাকশন চিত্রের সংখ্যাটি ব্লক এবং স্টাফ প্রাণীর সংখ্যার দ্বিগুণ।ক্রাইওন বক্সে 12 টি বিভিন্ন রঙ ক্রাইওন রয়েছে এবং স্টিকার বইটিতে 9 টি পৃষ্ঠা রয়েছে, যার মধ্যে 13 টি স্টিকার রয়েছে।টাওয়ার অফ স্ট্যাকিং রিংগুলিতে এটিতে 28 টি মাল্টিকোলার্ড রিং রয়েছে।সোফিয়া সম্প্রতি বাউন্সি বলের একটি টিউব কিনেছিল, তার ভাইয়ের জন্য তার মোট সংখ্যা 320 পর্যন্ত নিয়ে আসে। টিউবটিতে কত বাউন্সি বল এসেছিল?",49
"নাদিয়া যখন তার চাচাত ভাইকে দেখেন, তখন তিনি তার জন্য বিভিন্ন ধরণের খেলনা পান।বিল্ডিং ব্লকের ব্যাগটিতে এতে 36 টি ব্লক রয়েছে।স্টাফ প্রাণীর বিনের ভিতরে 8 টি স্টাফ প্রাণী রয়েছে।অ্যাকশন ফিগার প্যাকের অ্যাকশন চিত্রের সংখ্যাটি ব্লক এবং স্টাফ প্রাণীর সংখ্যার দ্বিগুণ।ক্রাইওন বক্সে 12 টি বিভিন্ন রঙ ক্রাইওন রয়েছে এবং স্টিকার বইটিতে 9 টি পৃষ্ঠা রয়েছে, যার প্রতিটি 12 স্টিকার রয়েছে।টাওয়ার অফ স্ট্যাকিং রিংগুলিতে এটিতে 30 টি মাল্টিকোলার্ড রিং রয়েছে।নাদিয়া সম্প্রতি বাউন্সি বলের একটি নল কিনেছিল, তার চাচাত ভাইয়ের জন্য তার মোট সংখ্যা 330 অবধি নিয়ে আসে। টিউবটিতে কত বাউন্সি বল এসেছিল?",48
"নিয়া যখন তার চাচাত ভাইকে দেখেন, তখন তিনি তার জন্য বিভিন্ন ধরণের খেলনা পান।বিল্ডিং ব্লকের ব্যাগটিতে এতে 36 টি ব্লক রয়েছে।স্টাফ প্রাণীর বিনের ভিতরে 8 টি স্টাফ প্রাণী রয়েছে।অ্যাকশন ফিগার প্যাকের অ্যাকশন চিত্রের সংখ্যাটি ব্লক এবং স্টাফ প্রাণীর সংখ্যার দ্বিগুণ।ক্রাইওন বক্সে 12 টি বিভিন্ন রঙ ক্রাইওন রয়েছে এবং স্টিকার বইটিতে 9 টি পৃষ্ঠা রয়েছে, যার মধ্যে 11 টি স্টিকার রয়েছে।টাওয়ার অফ স্ট্যাকিং রিংগুলিতে এটিতে 26 টি মালিকানাধীন রিং রয়েছে।নিয়া সম্প্রতি বাউন্সি বলের একটি টিউব কিনেছিল, তার চাচাত ভাইয়ের জন্য তার মোট সংখ্যা 310 অবধি নিয়ে আসে। টিউবটিতে কতগুলি বাউন্সি বল এসেছিল?",41
"কায়লা যখন তার ভাইকে দেখেন, তখন তিনি তার জন্য বিভিন্ন ধরণের খেলনা বের করেন।বিল্ডিং ব্লকের ব্যাগটিতে এতে 32 টি ব্লক রয়েছে।স্টাফ প্রাণীর বিনের ভিতরে 5 টি স্টাফ প্রাণী রয়েছে।অ্যাকশন ফিগার প্যাকের অ্যাকশন চিত্রের সংখ্যাটি ব্লক এবং স্টাফ প্রাণীর সংখ্যার দ্বিগুণ।ক্রাইওন বক্সে 12 টি বিভিন্ন রঙ ক্রাইওন রয়েছে এবং স্টিকার বইটিতে 6 টি পৃষ্ঠা রয়েছে, যার মধ্যে 11 টি স্টিকার রয়েছে।টাওয়ার অফ স্ট্যাকিং রিংগুলিতে এটিতে 32 টি বহু রঙের রিং রয়েছে।কায়লা সম্প্রতি বাউন্সি বলের একটি নল কিনেছিল, তার ভাইয়ের জন্য তার মোট আইটেমের সংখ্যা 270 পর্যন্ত নিয়ে আসে। টিউবটিতে কত বাউন্সি বল এসেছিল?",49
"জেনা যখন তার চাচাত ভাইকে দেখেন, তখন তিনি তার জন্য বিভিন্ন ধরণের খেলনা পান।বিল্ডিং ব্লকের ব্যাগটিতে এতে 33 টি ব্লক রয়েছে।স্টাফ প্রাণীর বিনের ভিতরে 8 টি স্টাফ প্রাণী রয়েছে।অ্যাকশন ফিগার প্যাকের অ্যাকশন চিত্রের সংখ্যাটি ব্লক এবং স্টাফ প্রাণীর সংখ্যার দ্বিগুণ।ক্রাইওন বক্সে 12 টি বিভিন্ন রঙ ক্রাইওন রয়েছে এবং স্টিকার বইটিতে 7 টি পৃষ্ঠা রয়েছে, যার প্রতিটি 12 স্টিকার রয়েছে।টাওয়ার অফ স্ট্যাকিং রিংগুলিতে এটিতে 26 টি মালিকানাধীন রিং রয়েছে।জেনা সম্প্রতি বাউন্সি বলের একটি নল কিনেছিল, তার চাচাত ভাইয়ের জন্য তার মোট সংখ্যা 300 পর্যন্ত নিয়ে আসে। টিউবটিতে কত বাউন্সি বল এসেছিল?",55
"মিয়া যখন তার ভাইকে দেখেন, তখন তিনি তার জন্য বিভিন্ন ধরণের খেলনা বের করেন।বিল্ডিং ব্লকের ব্যাগটিতে এতে 42 টি ব্লক রয়েছে।স্টাফ প্রাণীর বিনের ভিতরে 5 টি স্টাফ প্রাণী রয়েছে।অ্যাকশন ফিগার প্যাকের অ্যাকশন চিত্রের সংখ্যাটি ব্লক এবং স্টাফ প্রাণীর সংখ্যার দ্বিগুণ।ক্রাইওন বক্সে 12 টি বিভিন্ন রঙ ক্রাইওন রয়েছে এবং স্টিকার বইটিতে 6 টি পৃষ্ঠা রয়েছে, যার প্রতিটি 9 স্টিকার রয়েছে।টাওয়ার অফ স্ট্যাকিং রিংগুলিতে এটিতে 34 টি বহু রঙের রিং রয়েছে।মিয়া সম্প্রতি বাউন্সি বলের একটি টিউব কিনেছিল, তার ভাইয়ের জন্য তার মোট সংখ্যা 290 অবধি নিয়ে আসে। টিউবটিতে কতগুলি বাউন্সি বল এসেছিল?",49
"চেন যখন তার ভাগ্নে দেখেন, তখন তিনি তার জন্য বিভিন্ন খেলনা পান।বিল্ডিং ব্লকের ব্যাগটিতে এতে 32 টি ব্লক রয়েছে।স্টাফ প্রাণীর বিনের ভিতরে 6 টি স্টাফ প্রাণী রয়েছে।অ্যাকশন ফিগার প্যাকের অ্যাকশন চিত্রের সংখ্যাটি ব্লক এবং স্টাফ প্রাণীর সংখ্যার দ্বিগুণ।ক্রাইওন বক্সে 12 টি বিভিন্ন রঙ ক্রাইওন রয়েছে এবং স্টিকার বইটিতে 8 টি পৃষ্ঠা রয়েছে, যার মধ্যে 13 টি স্টিকার রয়েছে।টাওয়ার অফ স্ট্যাকিং রিংগুলিতে এটিতে 28 টি মাল্টিকোলার্ড রিং রয়েছে।চেন সম্প্রতি বাউন্সি বলের একটি নল কিনেছিলেন, তার ভাগ্নির জন্য তার মোট আইটেমের সংখ্যা 300 পর্যন্ত নিয়ে এসেছেন। টিউবটিতে কতগুলি বাউন্সি বল এসেছিল?",42
"হারুকা যখন তার ভাইকে দেখেন, তখন তিনি তার জন্য বিভিন্ন ধরণের খেলনা পান।বিল্ডিং ব্লকের ব্যাগটিতে এতে 34 টি ব্লক রয়েছে।স্টাফ প্রাণীর বিনের ভিতরে 8 টি স্টাফ প্রাণী রয়েছে।অ্যাকশন ফিগার প্যাকের অ্যাকশন চিত্রের সংখ্যাটি ব্লক এবং স্টাফ প্রাণীর সংখ্যার দ্বিগুণ।ক্রাইওন বক্সে 12 টি বিভিন্ন রঙ ক্রাইওন রয়েছে এবং স্টিকার বইটিতে 9 টি পৃষ্ঠা রয়েছে, যার প্রতিটি 9 স্টিকার রয়েছে।টাওয়ার অফ স্ট্যাকিং রিংগুলিতে এটিতে 26 টি মালিকানাধীন রিং রয়েছে।হারুকা সম্প্রতি বাউন্সি বলের একটি নল কিনেছিল, তার ভাইয়ের জন্য তার মোট আইটেমের সংখ্যা 300 পর্যন্ত নিয়ে আসে। টিউবটিতে কত বাউন্সি বল এসেছিল?",55
"ইয়া যখন তার ভাগ্নে দেখেন, তখন তিনি তার জন্য বিভিন্ন খেলনা বের করেন।বিল্ডিং ব্লকের ব্যাগে এতে 35 টি ব্লক রয়েছে।স্টাফ প্রাণীর বিনের ভিতরে 9 টি স্টাফ প্রাণী রয়েছে।অ্যাকশন ফিগার প্যাকের অ্যাকশন চিত্রের সংখ্যাটি ব্লক এবং স্টাফ প্রাণীর সংখ্যার দ্বিগুণ।ক্রাইওন বক্সে 12 টি বিভিন্ন রঙ ক্রাইওন রয়েছে এবং স্টিকার বইটিতে 7 টি পৃষ্ঠা রয়েছে, যার মধ্যে 13 টি স্টিকার রয়েছে।টাওয়ার অফ স্ট্যাকিং রিংগুলিতে এটিতে 31 টি বহু রঙের রিং রয়েছে।ইয়ারা সম্প্রতি বাউন্সি বলের একটি নল কিনেছিল, তার ভাগ্নির জন্য তার মোট আইটেমের সংখ্যা 340 পর্যন্ত নিয়ে আসে The টিউবটিতে কতগুলি বাউন্সি বল এসেছিল?",74
"তারা যখন তার ভাগ্নে দেখেন, তখন তিনি তার জন্য বিভিন্ন ধরণের খেলনা পান।বিল্ডিং ব্লকের ব্যাগটিতে এতে 38 টি ব্লক রয়েছে।স্টাফ প্রাণীর বিনের ভিতরে 5 টি স্টাফ প্রাণী রয়েছে।অ্যাকশন ফিগার প্যাকের অ্যাকশন চিত্রের সংখ্যাটি ব্লক এবং স্টাফ প্রাণীর সংখ্যার দ্বিগুণ।ক্রাইওন বক্সে 12 টি বিভিন্ন রঙ ক্রাইওন রয়েছে এবং স্টিকার বইটিতে 7 টি পৃষ্ঠা রয়েছে, যার মধ্যে 11 টি স্টিকার রয়েছে।টাওয়ার অফ স্ট্যাকিং রিংগুলিতে এটিতে 30 টি মাল্টিকোলার্ড রিং রয়েছে।তারা সম্প্রতি বাউন্সি বলের একটি টিউব কিনেছিল, তার ভাগ্নির জন্য তার মোট আইটেমের সংখ্যা 290 পর্যন্ত নিয়ে আসে। টিউবটিতে কতগুলি বাউন্সি বল এসেছিল?",42
"একটি চাচা প্রতিদিন 16 পিজ্জা খান, তার স্ত্রী / স্ত্রী প্রতিদিন 16 পিজ্জা খায় এবং তাদের নাতি-নাতনি তারা প্রতিদিন খায় এমন সম্মিলিত সংখ্যক পিজ্জার অর্ধেক খায়।এক মাস পরে, পরিবার দ্বিতীয় মাসে ডায়েটে যাওয়ার সিদ্ধান্ত নেয়, তাদের খাদ্য গ্রহণের মাসের প্রথমার্ধের জন্য 25% হ্রাস করে এবং তারপরে দ্বিতীয়ার্ধের জন্য অতিরিক্ত 50% হ্রাস করে।এই পরিবার দুই মাসের মধ্যে কতগুলি পিজ্জা খায়?",2250
"একটি চাচা প্রতিদিন 24 হ্যামবার্গার খান, তার স্ত্রী / স্ত্রী প্রতিদিন 24 টি হ্যামবার্গার খায় এবং তাদের নাতি-নাতনি তারা প্রতিদিন খায় এমন সম্মিলিত সংখ্যক হ্যামবার্গার খায়।এক মাস পরে, পরিবার দ্বিতীয় মাসে ডায়েটে যাওয়ার সিদ্ধান্ত নেয়, তাদের খাদ্য গ্রহণের মাসের প্রথমার্ধে 75% হ্রাস করে এবং তারপরে দ্বিতীয়ার্ধের জন্য অতিরিক্ত 50% দ্বারা হ্রাস করে।এই পরিবার দুই মাসের মধ্যে কতটি হ্যামবার্গার খায়?",2565
"একজন বাবা প্রতিদিন 5 টি বুড়িটো খান, তার স্ত্রী প্রতিদিন 25 টি বুরিটো খান এবং তাদের মেয়ে তারা প্রতিদিন খায় এমন সম্মিলিত সংখ্যক বুরিটোর এক তৃতীয়াংশ খায়।এক মাস পরে, পরিবার দ্বিতীয় মাসে ডায়েটে যাওয়ার সিদ্ধান্ত নেয়, তাদের খাদ্য গ্রহণের মাসের প্রথমার্ধের জন্য 60% হ্রাস করে এবং তারপরে দ্বিতীয়ার্ধের জন্য অতিরিক্ত 50% দ্বারা হ্রাস করে।এই পরিবারটি দুই মাসের মধ্যে কতটি বুড়ি খায়?",1560
"একজন দাদা প্রতিদিন 10 টি সুশী রোল খান, তার সঙ্গী প্রতিদিন 15 টি সুশী রোল খায় এবং তাদের ছেলে প্রতিদিন তারা খায় এমন সুশী রোলগুলির সম্মিলিত সংখ্যক চার-পঞ্চমাংশ খায়।এক মাস পরে, পরিবার দ্বিতীয় মাসে ডায়েটে যাওয়ার সিদ্ধান্ত নেয়, তাদের খাদ্য গ্রহণের মাসের প্রথমার্ধের জন্য 20% হ্রাস করে এবং তারপরে দ্বিতীয়ার্ধের জন্য অতিরিক্ত 25% দ্বারা হ্রাস করে।এই পরিবার দুই মাসের মধ্যে কতগুলি সুশী রোল খায়?",2295
"একজন বাবা প্রতিদিন 20 পিজ্জা খান, তার স্ত্রী প্রতিদিন 5 পিজ্জা খান এবং তাদের মেয়ে তারা প্রতিদিন খায় এমন সম্মিলিত সংখ্যক পিজ্জার এক-পঞ্চমাংশ খায়।এক মাস পরে, পরিবার দ্বিতীয় মাসে ডায়েটে যাওয়ার সিদ্ধান্ত নেয়, তাদের খাদ্য গ্রহণের মাসের প্রথমার্ধের জন্য 20% হ্রাস করে এবং তারপরে দ্বিতীয়ার্ধের জন্য অতিরিক্ত 75% হ্রাস করে।এই পরিবার দুই মাসের মধ্যে কতগুলি পিজ্জা খায়?",1350
"একজন বাবা প্রতিদিন 25 টি হ্যামবার্গার খান, তার স্ত্রী প্রতিদিন 20 টি হ্যামবার্গার খান এবং তাদের কন্যা তারা প্রতিদিন খায় এমন সম্মিলিত সংখ্যক হ্যামবার্গারের দুই-তৃতীয়াংশ খায়।এক মাস পরে, পরিবার দ্বিতীয় মাসে ডায়েটে যাওয়ার সিদ্ধান্ত নেয়, তাদের খাদ্য গ্রহণের মাসের প্রথমার্ধের জন্য 20% হ্রাস করে এবং তারপরে দ্বিতীয়ার্ধের জন্য অতিরিক্ত 25% দ্বারা হ্রাস করে।এই পরিবার দুই মাসের মধ্যে কতটি হ্যামবার্গার খায়?",3825
"একটি চাচা প্রতিদিন 20 টি সুশী রোল খান, তার স্ত্রী / স্ত্রী প্রতিদিন 10 সুশি রোল খায় এবং তাদের নাতি-নাতনি তারা প্রতিদিন খায় এমন সম্মিলিত সংখ্যক সুশী রোলগুলির দুই-ষষ্ঠ ভাগ খায়।এক মাস পরে, পরিবার দ্বিতীয় মাসে ডায়েটে যাওয়ার সিদ্ধান্ত নেয়, তাদের খাদ্য গ্রহণের মাসের প্রথমার্ধের জন্য 60% হ্রাস করে এবং তারপরে দ্বিতীয়ার্ধের জন্য অতিরিক্ত 75% হ্রাস করে।এই পরিবার দুই মাসের মধ্যে কতগুলি সুশী রোল খায়?",1500
"একজন চাচা প্রতিদিন 10 টি বুড়িটো খান, তার স্ত্রী / স্ত্রী প্রতিদিন 20 বুরিটো খান এবং তাদের নাতি-নাতনি তারা প্রতিদিন খায় এমন সম্মিলিত সংখ্যক বুরিটো তিন-ষষ্ঠ খায়।এক মাস পরে, পরিবার দ্বিতীয় মাসে ডায়েটে যাওয়ার সিদ্ধান্ত নেয়, তাদের খাদ্য গ্রহণের মাসের প্রথমার্ধের জন্য 20% হ্রাস করে এবং তারপরে দ্বিতীয়ার্ধের জন্য অতিরিক্ত 75% হ্রাস করে।এই পরিবারটি দুই মাসের মধ্যে কতটি বুড়ি খায়?",2025
"একজন দাদা প্রতিদিন 20 টি হ্যামবার্গার খান, তার সঙ্গী প্রতিদিন 20 টি হ্যামবার্গার খায় এবং তাদের ছেলে প্রতিদিন তারা খায় এমন সম্মিলিত সংখ্যক হ্যামবার্গারের তিন-ষষ্ঠ খায়।এক মাস পরে, পরিবার দ্বিতীয় মাসে ডায়েটে যাওয়ার সিদ্ধান্ত নেয়, তাদের খাদ্য গ্রহণের মাসের প্রথমার্ধের জন্য 25% হ্রাস করে এবং তারপরে দ্বিতীয়ার্ধের জন্য অতিরিক্ত 20% হ্রাস করে।এই পরিবার দুই মাসের মধ্যে কতটি হ্যামবার্গার খায়?",3015
"একজন দাদা প্রতিদিন 10 টাকো খান, তার সঙ্গী প্রতিদিন 20 টাকো খায় এবং তাদের ছেলে প্রতিদিন তারা খায় এমন সম্মিলিত সংখ্যক টাকো খায়।এক মাস পরে, পরিবার দ্বিতীয় মাসে ডায়েটে যাওয়ার সিদ্ধান্ত নেয়, তাদের খাদ্য গ্রহণের মাসের প্রথমার্ধের জন্য 60% হ্রাস করে এবং তারপরে দ্বিতীয়ার্ধের জন্য অতিরিক্ত 50% দ্বারা হ্রাস করে।এই পরিবার দুই মাসের মধ্যে কতটি টাকো খায়?",1755
"কিমিয়ার একটি ফুলের বিছানা রয়েছে যা 126 ফুট দীর্ঘ।কিমিয়া তার ফুলের বিছানা গাছপালা দিয়ে পূরণ করতে চায়।কিমিয়ার ফুলগুলি 7 ফিট প্রশস্ত হয় তাই তার প্রতিটি গাছের মধ্যে (গাছের প্রস্থ সহ) 14 ফুট ছেড়ে যেতে হবে।কিমিয়া ইতিমধ্যে 6 টি ফুলের মালিক।প্রতিটি ফুলের উদ্ভিদের স্টোরের জন্য 4 ডলার খরচ হয়।তবে, যদি তিনি 2 টিরও বেশি গাছপালা কিনে থাকেন তবে তিনি পুরো ক্রয়ে একটি ₣ 5 ছাড় পাবেন।কিমিয়া তার ফুলের বিছানা পূরণ করতে দোকানে কত টাকা ব্যয় করবে?",7
"গ্যাব্রিয়েলের একটি ফুলের বিছানা রয়েছে যা 150 মিটার দীর্ঘ।গ্যাব্রিয়েল তার ফুলের বিছানা গাছগুলিতে পূরণ করতে চায়।গ্যাব্রিয়েলের ফুলগুলি 3 মিটার প্রশস্তভাবে বৃদ্ধি পায় তাই তার প্রতিটি গাছের মধ্যে 15 মিটার ছেড়ে যেতে হবে (গাছের প্রস্থ সহ)।গ্যাব্রিয়েল ইতিমধ্যে 7 টি ফুলের মালিক।প্রতিটি ফুলের গাছের জন্য দোকানে 3 ডলার খরচ হয়।তবে, যদি তিনি 2 টিরও বেশি গাছপালা কিনে থাকেন তবে তিনি পুরো ক্রয়ে 8 ডলার ছাড় পাবেন।গ্যাব্রিয়েল তার ফুলের বিছানা পূরণ করতে দোকানে কত টাকা ব্যয় করবে?",1
"মির একটি ফুলের বিছানা রয়েছে যা 120 মিটার দীর্ঘ।মী তার ফুলের বিছানা গাছগুলিতে পূরণ করতে চায়।মির ফুলগুলি 4 মিটার প্রশস্ত হয় তাই তাকে প্রতিটি গাছের মধ্যে 12 মিটার (গাছের প্রস্থ সহ) ছেড়ে যেতে হবে।মেই ইতিমধ্যে 6 টি ফুলের মালিক।প্রতিটি ফুলের গাছের জন্য স্টোরটিতে 5 ডলার খরচ হয়।তবে, যদি তিনি 2 টিরও বেশি গাছপালা কিনে থাকেন তবে তিনি পুরো ক্রয়টিতে $ 5 ছাড় পাবেন।মী তার ফুলের বিছানা পূরণ করতে মেই দোকানে কত টাকা ব্যয় করবে?",15
"হারুকার একটি ফুলের বিছানা রয়েছে যা 117 মিটার দীর্ঘ।হারুকা তার ফুলের বিছানা গাছগুলিতে পূরণ করতে চায়।হারুকার ফুলগুলি 3 মিটার প্রশস্ত হয় তাই তাকে প্রতিটি গাছের মধ্যে 13 মিটার (গাছের প্রস্থ সহ) ছেড়ে যেতে হবে।হারুকা ইতিমধ্যে 6 টি ফুলের মালিক।প্রতিটি ফুলের গাছের জন্য স্টোরটিতে 8 ডলার খরচ হয়।তবে, যদি তিনি 2 টিরও বেশি গাছপালা কিনে থাকেন তবে তিনি পুরো ক্রয়টিতে 9 ডলার ছাড় পাবেন।হারুকা তার ফুলের বিছানা পূরণ করতে দোকানে কত টাকা ব্যয় করবে?",15
"ভ্যালেন্টিনার একটি ফুলের বিছানা রয়েছে যা 144 ফুট দীর্ঘ।ভ্যালেন্টিনা তার ফুলের বিছানা গাছগুলিতে পূরণ করতে চায়।ভ্যালেন্টিনার ফুলগুলি 7 ফিট প্রশস্ত হয় তাই তাকে প্রতিটি গাছের মধ্যে (গাছের প্রস্থ সহ) 18 ফুট ছেড়ে যেতে হবে।ভ্যালেন্টিনা ইতিমধ্যে 5 টি ফুলের মালিক।প্রতিটি ফুলের গাছের জন্য স্টোরটিতে 5 ডলার খরচ হয়।তবে, যদি তিনি 2 টিরও বেশি গাছপালা কিনে থাকেন তবে তিনি পুরো ক্রয়ে 8 ডলার ছাড় পাবেন।ভ্যালেন্টিনা তার ফুলের বিছানা পূরণ করতে দোকানে কত টাকা ব্যয় করবে?",7
"জহরার একটি ফুলের বিছানা রয়েছে যা 144 ফুট দীর্ঘ।জহরা তার ফুলের বিছানা গাছগুলিতে পূরণ করতে চায়।জহরার ফুলগুলি 4 ফিট প্রশস্ত হয় তাই তাকে প্রতিটি উদ্ভিদের মধ্যে (উদ্ভিদের প্রস্থ সহ) 12 ফুট রেখে যেতে হবে।জাহরা ইতিমধ্যে 5 টি ফুলের মালিক।প্রতিটি ফুলের উদ্ভিদের স্টোরের জন্য 13 13 ডলার।তবে, যদি তিনি 2 টিরও বেশি গাছপালা কিনে থাকেন তবে তিনি পুরো ক্রয়ে একটি ₣ 5 ছাড় পাবেন।জহরা তার ফুলের বিছানা পূরণ করতে দোকানে কত টাকা ব্যয় করবে?",86
"ইসাবেলার একটি ফুলের বিছানা রয়েছে যা 143 মিটার দীর্ঘ।ইসাবেলা তার ফুলের বিছানা গাছগুলিতে পূরণ করতে চায়।ইসাবেলার ফুলগুলি 2 মিটার প্রশস্ত হয় তাই তাকে প্রতিটি গাছের মধ্যে 13 মিটার (গাছের প্রস্থ সহ) ছেড়ে যেতে হবে।ইসাবেলা ইতিমধ্যে 5 টি ফুলের মালিক।প্রতিটি ফুলের উদ্ভিদের স্টোরের জন্য 10 ডলার খরচ হয়।তবে, যদি তিনি 2 টিরও বেশি গাছপালা কিনে থাকেন তবে তিনি পুরো ক্রয়টিতে একটি ₣ 7 ছাড় পাবেন।ইসাবেলা তার ফুলের বিছানা পূরণ করতে দোকানে কত টাকা ব্যয় করবে?",53
"ড্যাফনে একটি ফুলের বিছানা রয়েছে যা 144 মিটার দীর্ঘ।ড্যাফনে তার ফুলের বিছানা গাছগুলিতে পূরণ করতে চায়।ড্যাফনের ফুলগুলি 2 মিটার প্রশস্ত হয় তাই তাকে প্রতিটি উদ্ভিদের মধ্যে 12 মিটার (গাছের প্রস্থ সহ) ছেড়ে যেতে হবে।ড্যাফনে ইতিমধ্যে 7 টি ফুলের মালিক।প্রতিটি ফুলের উদ্ভিদের দোকানে 3 ডলার খরচ হয়।তবে, যদি তিনি 2 টিরও বেশি গাছপালা কিনে থাকেন তবে তিনি পুরো ক্রয়টিতে ¥ 9 ছাড় পাবেন।ড্যাফনে তার ফুলের বিছানা পূরণ করতে স্টোরে কত টাকা ব্যয় করবে?",6
"সাকুরার একটি ফুলের বিছানা রয়েছে যা 120 মিটার দীর্ঘ।সাকুরা তার ফুলের বিছানা গাছগুলিতে পূরণ করতে চায়।সাকুরার ফুলগুলি 7 মিটার প্রশস্ত বৃদ্ধি পায় তাই তাকে প্রতিটি গাছের মধ্যে (উদ্ভিদের প্রস্থ সহ) 12 মিটার ছেড়ে যেতে হবে।সাকুরা ইতিমধ্যে 7 টি ফুলের মালিক।প্রতিটি ফুলের গাছের জন্য স্টোরটিতে ₺9 খরচ হয়।তবে, যদি তিনি 2 টিরও বেশি উদ্ভিদ কিনে থাকেন তবে তিনি পুরো ক্রয়টিতে একটি ₺6 ছাড় পাবেন।সাকুরা তার ফুলের বিছানা পূরণ করতে দোকানে কত টাকা ব্যয় করবে?",21
"মিয়ার একটি ফুলের বিছানা রয়েছে যা 128 ফুট দীর্ঘ।মিয়া তার ফুলের বিছানা গাছগুলিতে পূরণ করতে চায়।মিয়ার ফুলগুলি 2 ফিট প্রশস্ত হয় তাই তাকে প্রতিটি গাছের মধ্যে 16 ফুট (গাছের প্রস্থ সহ) রেখে যেতে হবে।মিয়া ইতিমধ্যে 5 টি ফুলের মালিক।প্রতিটি ফুলের উদ্ভিদের দোকানে 3 ডলার খরচ হয়।তবে, যদি তিনি 2 টিরও বেশি গাছপালা কিনে থাকেন তবে তিনি পুরো ক্রয়টিতে 8 ডলার ছাড় পাবেন।মিয়া তার ফুলের বিছানা পূরণ করতে দোকানে কত টাকা ব্যয় করবে?",1
"আন্ড্রে একটি নাস্তার জন্য পপকর্ন পপিং করছে।কার্নেলগুলির পাত্রটি উত্তপ্ত হওয়ার সাথে সাথে কার্নেলগুলি দ্রুত পপিং শুরু করে।রান্নার প্রথম 10 সেকেন্ডে 80 পপ করুন, তারপরে পরবর্তী 10 সেকেন্ডে সেই পরিমাণটি 4 বার করুন।কার্নেলগুলি পরবর্তী 10 সেকেন্ডে প্রাথমিক পপিংয়ের হারের 6 গুণ বেড়ে যায়।চূড়ান্ত 10 সেকেন্ডে, পপিং গত 10 সেকেন্ড হিসাবে অর্ধেক হারে ধীর হয়ে যায়।আন্দ্রে পাত্রটি উত্তাপ থেকে দূরে সরিয়ে নেওয়ার পরে, রান্নার চূড়ান্ত 10 সেকেন্ডে পপযুক্ত কার্নেলের সংখ্যার এক চতুর্থাংশও অবশিষ্ট তাপ থেকে পপ করে।আন্দ্রে তার ভাই জিনকে তৈরি পপকর্নের 1/10 দেয়।পপকর্নের আরও কত টুকরো আন্দ্রে তার ভাইয়ের চেয়ে খেতে হয়?",944
"বেনজামিন একটি জলখাবারের জন্য পপকর্ন পপিং করছে।কার্নেলগুলির প্যানটি উত্তপ্ত হওয়ার সাথে সাথে কার্নেলগুলি দ্রুত পপিং শুরু করে।রান্নার প্রথম 26 সেকেন্ডে 80 পপ করুন, তারপরে পরবর্তী 26 সেকেন্ডের মধ্যে 2 গুণ বেশি।কার্নেলগুলি পরবর্তী 26 সেকেন্ডে প্রাথমিক পপিংয়ের হারের চেয়ে 3 গুণ বেড়ে যায়।চূড়ান্ত 26 সেকেন্ডে, পপিং গত 26 সেকেন্ড হিসাবে অর্ধেক হারে ধীর হয়ে যায়।বেঞ্জামিন উত্তাপ থেকে প্যানটি নেওয়ার পরে, রান্নার চূড়ান্ত 26 সেকেন্ডে পপযুক্ত কার্নেলের সংখ্যার এক চতুর্থাংশ অবশিষ্ট তাপ থেকে পপও পপ করে।বেঞ্জামিন তার ভাই ইউসুফকে তৈরি পপকর্নের 1/7 দেয়।বেঞ্জামিনকে তার ভাইয়ের চেয়ে আরও কত টুকরো পপকর্ন খেতে হবে?",450
"অলিভার একটি নাস্তার জন্য পপকর্ন পপিং করছে।কার্নেলগুলির স্কিললেটটি উত্তপ্ত হওয়ার সাথে সাথে কার্নেলগুলি দ্রুত পপিং শুরু করে।রান্নার প্রথম 22 সেকেন্ডে 60 পপ করুন, তারপরে পরবর্তী 22 সেকেন্ডে 3 বার সেই পরিমাণ।কার্নেলগুলি পরবর্তী 22 সেকেন্ডে প্রাথমিক পপিংয়ের হারের চেয়ে 4 গুণ বেড়ে যায়।চূড়ান্ত 22 সেকেন্ডে, পপিং গত 22 সেকেন্ড হিসাবে অর্ধেক হারে ধীর হয়ে যায়।অলিভার স্কিললেটটি উত্তাপ থেকে দূরে সরিয়ে নেওয়ার পরে, রান্নার চূড়ান্ত 22 সেকেন্ডে পপযুক্ত কার্নেলের সংখ্যার এক চতুর্থাংশ অবশিষ্ট তাপ থেকে পপ।অলিভার তার ভাই থিয়াগোকে তৈরি পপকর্নের দশমাংশ দেয়।অলিভারের আরও কত টুকরো পপকর্ন তার ভাইয়ের চেয়ে খেতে হয়?",504
"থিয়াগো একটি নাস্তার জন্য পপকর্ন পপ করছে।কার্নেলগুলির স্কিললেটটি উত্তপ্ত হওয়ার সাথে সাথে কার্নেলগুলি দ্রুত পপিং শুরু করে।রান্নার প্রথম 26 সেকেন্ডে 40 পপ করুন, তারপরে পরবর্তী 26 সেকেন্ডের মধ্যে 3 বার সেই পরিমাণ।কার্নেলগুলি পরবর্তী 26 সেকেন্ডে প্রাথমিক পপিংয়ের হারের চেয়ে 4 গুণ বেড়ে যায়।চূড়ান্ত 26 সেকেন্ডে, পপিং গত 26 সেকেন্ড হিসাবে অর্ধেক হারে ধীর হয়ে যায়।থিয়াগো হিট থেকে স্কিললেটটি নেওয়ার পরে, রান্নার চূড়ান্ত 26 সেকেন্ডে পপযুক্ত কার্নেলের সংখ্যার এক চতুর্থাংশও অবশিষ্ট তাপ থেকে পপ করে।থিয়াগো তার ভাই সঞ্জয়কে তৈরি পপকর্নের 1/10 দেয়।থিয়াগোকে তার ভাইয়ের চেয়ে আরও কত টুকরো পপকর্ন খেতে হবে?",336
"সঞ্জয় একটি নাস্তার জন্য পপকর্ন পপিং করছে।কার্নেলগুলির প্যানটি উত্তপ্ত হওয়ার সাথে সাথে কার্নেলগুলি দ্রুত পপিং শুরু করে।রান্নার প্রথম 26 সেকেন্ডে 80 পপ করুন, তারপরে পরবর্তী 26 সেকেন্ডের মধ্যে 4 গুণ বেশি।কার্নেলগুলি পরবর্তী 26 সেকেন্ডে প্রাথমিক পপিংয়ের হারের 6 গুণ বেড়ে যায়।চূড়ান্ত 26 সেকেন্ডে, পপিং গত 26 সেকেন্ড হিসাবে অর্ধেক হারে ধীর হয়ে যায়।সঞ্জয় উত্তাপ থেকে প্যানটি নেওয়ার পরে, রান্নার চূড়ান্ত 26 সেকেন্ডে পপযুক্ত কার্নেলের সংখ্যার এক চতুর্থাংশও অবশিষ্ট তাপ থেকে পপ করে।সঞ্জয় তার ভাই নোহকে 1/5 তৈরি পপকর্ন দেয়।সঞ্জয়কে তার ভাইয়ের চেয়ে আরও কত টুকরো পপকর্ন খেতে হবে?",708
"অস্কার একটি নাস্তার জন্য পপকর্ন পপিং করছে।কার্নেলগুলির প্যানটি উত্তপ্ত হওয়ার সাথে সাথে কার্নেলগুলি দ্রুত পপিং শুরু করে।রান্নার প্রথম 16 সেকেন্ডে 80 পপ করুন, তারপরে পরবর্তী 16 সেকেন্ডে 3 বার সেই পরিমাণ।কার্নেলগুলি পরবর্তী 16 সেকেন্ডে প্রাথমিক পপিংয়ের হারের চেয়ে 5 গুণ বেড়ে যায়।চূড়ান্ত 16 সেকেন্ডে, পপিং গত 16 সেকেন্ড হিসাবে অর্ধেক হারে ধীর হয়ে যায়।অস্কার উত্তাপ থেকে প্যানটি নেওয়ার পরে, রান্নার চূড়ান্ত 16 সেকেন্ডে পপযুক্ত কার্নেলের সংখ্যার এক চতুর্থাংশও অবশিষ্ট তাপ থেকে পপ করে।অস্কার তার ভাই বেঞ্জামিনকে তৈরি পপকর্নের দুই-পঞ্চমাংশ দেয়।অস্কারের আরও কত টুকরো টুকরো তার ভাইয়ের চেয়ে খেতে হবে?",194
"পাভেল একটি নাস্তার জন্য পপকর্ন পপিং করছে।কার্নেলগুলির প্যানটি উত্তপ্ত হওয়ার সাথে সাথে কার্নেলগুলি দ্রুত পপিং শুরু করে।রান্নার প্রথম 12 সেকেন্ডে 80 পপ করুন, তারপরে পরবর্তী 12 সেকেন্ডে 2 গুণ বেশি।কার্নেলগুলি পরবর্তী 12 সেকেন্ডে প্রাথমিক পপিংয়ের হারের 6 গুণ বেড়ে যায়।চূড়ান্ত 12 সেকেন্ডে, পপিং গত 12 সেকেন্ড হিসাবে অর্ধেক হারে ধীর হয়ে যায়।পাভেল তাপ থেকে প্যানটি সরিয়ে নেওয়ার পরে, রান্নার চূড়ান্ত 12 সেকেন্ডে পপযুক্ত কার্নেলের সংখ্যার এক চতুর্থাংশ অবশিষ্ট তাপ থেকে পপ।পাভেল তার ভাই লুকাকে তৈরি পপকর্নের এক-ষষ্ঠ ভাগ দেয়।পাভেলকে তার ভাইয়ের চেয়ে আরও কত টুকরো পপকর্ন খেতে হবে?",680
"লিওন একটি নাস্তার জন্য পপকর্ন পপিং করছে।কার্নেলগুলির পাত্রটি উত্তপ্ত হওয়ার সাথে সাথে কার্নেলগুলি দ্রুত পপিং শুরু করে।রান্নার প্রথম 26 সেকেন্ডে 40 পপ করুন, তারপরে পরবর্তী 26 সেকেন্ডের মধ্যে 4 গুণ বেশি।কার্নেলগুলি পরবর্তী 26 সেকেন্ডে প্রাথমিক পপিংয়ের হারের চেয়ে 5 গুণ বেড়ে যায়।চূড়ান্ত 26 সেকেন্ডে, পপিং গত 26 সেকেন্ড হিসাবে অর্ধেক হারে ধীর হয়ে যায়।লিওন পাত্রটি উত্তাপ থেকে দূরে সরিয়ে নেওয়ার পরে, রান্নার চূড়ান্ত 26 সেকেন্ডে পপযুক্ত কার্নেলের সংখ্যার এক চতুর্থাংশও অবশিষ্ট তাপ থেকে পপ করে।লিওন তার ভাই নোহকে তৈরি পপকর্নের দুই-পঞ্চমাংশ দেয়।লিওনের আরও কত টুকরো পপকর্ন তার ভাইয়ের চেয়ে খেতে হবে?",105
"ডেসভান একটি নাস্তার জন্য পপকর্ন পপিং করছে।কার্নেলগুলির প্যানটি উত্তপ্ত হওয়ার সাথে সাথে কার্নেলগুলি দ্রুত পপিং শুরু করে।রান্নার প্রথম 30 সেকেন্ডে 100 পপ, তারপরে পরবর্তী 30 সেকেন্ডে 2 গুণ বেশি।কার্নেলগুলি পরবর্তী 30 সেকেন্ডে প্রাথমিক পপিংয়ের হারের চেয়ে 4 গুণ বেড়ে যায়।চূড়ান্ত 30 সেকেন্ডে, পপিং গত 30 সেকেন্ড হিসাবে অর্ধেক হারে ধীর হয়ে যায়।দেশহান তাপ থেকে প্যানটি সরিয়ে নেওয়ার পরে, রান্নার চূড়ান্ত 30 সেকেন্ডে পপযুক্ত কার্নেলের সংখ্যার এক চতুর্থাংশ অবশিষ্ট তাপ থেকে পপও।দেশভান তার ভাই ইব্রাহিমকে তৈরি 2/5 পপকর্ন দেয়।পপকর্নের আরও কত টুকরো তার ভাইয়ের চেয়ে খেতে হবে?",190
"মোহাম্মদ একটি নাস্তার জন্য পপকর্ন পপিং করছেন।কার্নেলগুলির পাত্রটি উত্তপ্ত হওয়ার সাথে সাথে কার্নেলগুলি দ্রুত পপিং শুরু করে।রান্নার প্রথম 16 সেকেন্ডে 20 পপ করুন, তারপরে পরবর্তী 16 সেকেন্ডে 2 গুণ বেশি।কার্নেলগুলি পরবর্তী 16 সেকেন্ডে প্রাথমিক পপিংয়ের হারের চেয়ে 4 গুণ বেড়ে যায়।চূড়ান্ত 16 সেকেন্ডে, পপিং গত 16 সেকেন্ড হিসাবে অর্ধেক হারে ধীর হয়ে যায়।মোহাম্মদ পাত্রটি উত্তাপ থেকে দূরে সরিয়ে নেওয়ার পরে, রান্নার চূড়ান্ত 16 সেকেন্ডে পপযুক্ত কার্নেলের সংখ্যার এক চতুর্থাংশ অবশিষ্ট তাপ থেকেও পপ হয়।মোহাম্মদ তার ভাই আরশকে তৈরি পপকর্নের 2/5 দেয়।মোহাম্মদকে তার ভাইয়ের চেয়ে আরও কত টুকরো পপকর্ন খেতে হবে?",38
"লুকা 337 আউন্স জল দিয়ে বিভিন্ন আকারের আইস কিউব তৈরি করতে চায়।তিনি কিউব প্রতি 14 আউন্স ব্যবহার করেন এমন দৈত্য কিউব তৈরি করতে পারেন, মাঝারি কিউবগুলি 3 আউন্স ব্যবহার করে, একটি আউন্সের 1/2 ব্যবহার করে এমন ছোট কিউব এবং ছোট কিউবগুলির অর্ধেক আকারের ছোট কিউব ব্যবহার করে।তিনি 9 টি দৈত্য কিউব, 14 টি ছোট কিউব, 12 মাঝারি কিউব এবং কিছু ছোট কিউব সহ 47 টি মোট আইস কিউব তৈরি করেন।লুকা কত আউন্স জল রেখেছে?",165
"দেশভান 312 আউন্স জল দিয়ে বিভিন্ন আকারের বরফ কিউব তৈরি করতে চায়।তিনি কিউব প্রতি 15 আউন্স ব্যবহার করেন এমন দৈত্য কিউব তৈরি করতে পারেন, মাঝারি কিউবগুলি 5 আউন্স ব্যবহার করে, ছোট কিউবগুলি যা আউন্সের 1/2 ব্যবহার করে এবং ছোট কিউবগুলির অর্ধেক আকারের ছোট কিউব ব্যবহার করে।তিনি 8 টি দৈত্য কিউব, 14 টি ছোট কিউব, 12 মাঝারি কিউব এবং কিছু ছোট কিউব সহ 46 টি মোট বরফ কিউব তৈরি করেন।দেশহান কত আউন্স জল ছেড়ে গেছে?",122
"নোহ 336 আউন্স জল দিয়ে বিভিন্ন আকারের আইস কিউব তৈরি করতে চায়।তিনি কিউব প্রতি 15 আউন্স ব্যবহার করেন এমন দৈত্য কিউব তৈরি করতে পারেন, মাঝারি কিউবগুলি যা 4 আউন্স ব্যবহার করে, একটি আউন্সের 1/2 ব্যবহার করে এমন ছোট কিউব এবং ছোট কিউবগুলির অর্ধেক আকারের ছোট কিউব ব্যবহার করে।তিনি 8 টি দৈত্য কিউব, 14 টি ছোট কিউব, 15 মাঝারি কিউব এবং কিছু ছোট কিউব সহ 49 টি মোট বরফ কিউব তৈরি করেন।নোহ কত আউন্স জল ছেড়ে গেছে?",146
"ভিক্টর 313 আউন্স জল দিয়ে বিভিন্ন আকারের আইস কিউব তৈরি করতে চান।তিনি কিউব প্রতি 12 আউন্স ব্যবহার করেন এমন দৈত্য কিউব তৈরি করতে পারেন, মাঝারি কিউবগুলি যা 4 আউন্স ব্যবহার করে, একটি আউন্সের 1/2 ব্যবহার করে এমন ছোট কিউব এবং ছোট কিউবগুলির অর্ধেক আকারের ছোট কিউব ব্যবহার করে।তিনি 12 টি দৈত্য কিউব, 14 টি ছোট কিউব, 12 মিডিয়াম কিউব এবং কিছু ছোট কিউব সহ 50 টি মোট বরফ কিউব তৈরি করেন।ভিক্টর কত আউন্স জল রেখেছেন?",111
"আলেজান্দ্রো 309 আউন্স জল দিয়ে বিভিন্ন আকারের আইস কিউব তৈরি করতে চান।তিনি কিউব প্রতি 14 আউন্স ব্যবহার করেন এমন দৈত্য কিউব তৈরি করতে পারেন, মাঝারি কিউবগুলি 6 আউন্স ব্যবহার করে, ছোট কিউবগুলি যা আউন্সের 1/2 ব্যবহার করে এবং ছোট কিউবগুলির অর্ধেক আকারের ছোট কিউব ব্যবহার করে।তিনি 9 টি দৈত্য কিউব, 14 টি ছোট কিউব, 15 মাঝারি কিউব এবং কিছু ছোট কিউব সহ 50 টি মোট আইস কিউব তৈরি করেন।আলেজান্দ্রো কত আউন্স জল রেখেছেন?",83
"অলিভার 326 আউন্স জল দিয়ে বিভিন্ন আকারের আইস কিউব তৈরি করতে চায়।তিনি কিউব প্রতি 14 আউন্স ব্যবহার করেন এমন দৈত্য কিউব তৈরি করতে পারেন, মাঝারি কিউবগুলি যা 4 আউন্স ব্যবহার করে, একটি আউন্সের 2/4 ব্যবহার করে এমন ছোট কিউব এবং ছোট কিউবগুলির অর্ধেক আকারের ছোট কিউব ব্যবহার করে।তিনি 10 টি দৈত্য কিউব, 14 টি ছোট কিউব, 12 মিডিয়াম কিউব এবং কিছু ছোট কিউব সহ 48 টি মোট বরফ কিউব তৈরি করেন।অলিভার কত আউন্স জল ফেলে রেখেছে?",128
"কার্লোস 318 আউন্স জল দিয়ে বিভিন্ন আকারের আইস কিউব তৈরি করতে চায়।তিনি কিউব প্রতি 13 আউন্স ব্যবহার করেন এমন দৈত্য কিউব তৈরি করতে পারেন, মাঝারি কিউবগুলি 3 আউন্স ব্যবহার করে, একটি আউন্সের 2/4 ব্যবহার করে এমন ছোট কিউব এবং ছোট কিউবগুলির অর্ধেক আকারের ছোট কিউব ব্যবহার করে।তিনি 9 টি দৈত্য কিউব, 14 টি ছোট কিউব, 12 মাঝারি কিউব এবং কিছু ছোট কিউব সহ 47 টি মোট আইস কিউব তৈরি করেন।কার্লো কত আউন্স জল ফেলে রেখেছে?",155
"মাতেও 322 আউন্স জল দিয়ে বিভিন্ন আকারের বরফের কিউব তৈরি করতে চায়।তিনি কিউব প্রতি 12 আউন্স ব্যবহার করেন এমন দৈত্য কিউব তৈরি করতে পারেন, মাঝারি কিউবগুলি 6 আউন্স ব্যবহার করে, একটি আউন্সের 2/4 ব্যবহার করে এমন ছোট কিউব এবং ছোট কিউবগুলির অর্ধেক আকারের ছোট কিউব ব্যবহার করে।তিনি 10 টি দৈত্য কিউব, 14 টি ছোট কিউব, 12 মিডিয়াম কিউব এবং কিছু ছোট কিউব সহ 48 টি মোট বরফ কিউব তৈরি করেন।মাতেও কত আউন্স জল রেখেছে?",120
"আলেজান্দ্রো 341 আউন্স জল দিয়ে বিভিন্ন আকারের আইস কিউব তৈরি করতে চান।তিনি কিউব প্রতি 13 আউন্স ব্যবহার করেন এমন দৈত্য কিউব তৈরি করতে পারেন, মাঝারি কিউবগুলি 3 আউন্স ব্যবহার করে, একটি আউন্সের 1/2 ব্যবহার করে এমন ছোট কিউব এবং ছোট কিউবগুলির অর্ধেক আকারের ছোট কিউব ব্যবহার করে।তিনি 9 টি দৈত্য কিউব, 14 টি ছোট কিউব, 15 মাঝারি কিউব এবং কিছু ছোট কিউব সহ 50 টি মোট আইস কিউব তৈরি করেন।আলেজান্দ্রো কত আউন্স জল রেখেছেন?",169
"আলী 331 আউন্স জল দিয়ে বিভিন্ন আকারের আইস কিউব তৈরি করতে চায়।তিনি কিউব প্রতি 16 আউন্স ব্যবহার করেন এমন দৈত্য কিউব তৈরি করতে পারেন, মাঝারি কিউবগুলি 4 আউন্স ব্যবহার করে, একটি আউন্সের 1/2 ব্যবহার করে এমন ছোট কিউব এবং ছোট কিউবগুলির অর্ধেক আকারের ছোট কিউব ব্যবহার করে।তিনি 10 টি দৈত্য কিউব, 14 টি ছোট কিউব, 12 মিডিয়াম কিউব এবং কিছু ছোট কিউব সহ 48 টি মোট বরফ কিউব তৈরি করেন।আলী কত আউন্স জল ছেড়ে গেছে?",113
"একটি 100-আইটেম কুইজে, 40% প্রশ্ন রসায়ন, 20% ভূগোল এবং বাকীগুলি সমানভাবে ইতিহাস এবং বীজগণিত প্রশ্ন হিসাবে বিভক্ত।আয়েশা যদি ভূগোলের প্রশ্নগুলির 25%, রসায়নের প্রশ্নগুলির 100% এবং ইতিহাস এবং বীজগণিত প্রশ্নগুলির দশমাংশ সঠিকভাবে সঠিকভাবে পাওয়ার বিষয়ে নিশ্চিত হন তবে তিনি কত পয়েন্ট পেয়েছেন?",49
"একটি 80-আইটেম কুইজে, 50% প্রশ্ন রসায়ন, 5% জীববিজ্ঞান এবং বাকীগুলি সমানভাবে জ্যামিতি এবং সাহিত্যের প্রশ্ন হিসাবে বিভক্ত।যদি কাইশা জীববিজ্ঞানের প্রশ্নগুলির 25%, রসায়ন প্রশ্নগুলির 70% এবং জ্যামিতি এবং সাহিত্যের প্রশ্নগুলির এক তৃতীয়াংশ সঠিকভাবে পাওয়ার বিষয়ে নিশ্চিত হন তবে তিনি কতগুলি পয়েন্ট পেয়েছেন তা নিশ্চিত?",41
"একটি 80-আইটেম কুইজে, 55% প্রশ্ন পদার্থবিজ্ঞান, 20% জ্যামিতি এবং বাকীগুলি সমানভাবে সাহিত্য এবং ভূগোলের প্রশ্ন হিসাবে বিভক্ত।যদি রানিয়া জ্যামিতির প্রশ্নগুলির 25%, পদার্থবিজ্ঞানের 100% প্রশ্ন এবং 1/2 সাহিত্য এবং ভূগোলের প্রশ্নগুলির 1/2 টি সঠিকভাবে সঠিকভাবে পাওয়ার বিষয়ে নিশ্চিত হন তবে তিনি কতগুলি পয়েন্ট পেয়েছেন?",58
"একটি 40-আইটেম কুইজে, 50% প্রশ্ন রসায়ন, 10% ইতিহাস এবং বাকীগুলি ভূগোল এবং জীববিজ্ঞানের প্রশ্ন হিসাবে সমানভাবে বিভক্ত।ওলগা যদি ইতিহাসের প্রশ্নগুলির 25%, রসায়ন প্রশ্নগুলির 85% এবং ভূগোল এবং জীববিজ্ঞানের প্রশ্নগুলির 1/8 টি সঠিকভাবে সঠিকভাবে পাওয়ার বিষয়ে নিশ্চিত হন তবে তিনি কতগুলি পয়েন্ট পেয়েছেন?",20
"একটি 120-আইটেম কুইজে, 5% প্রশ্ন অর্থনীতি, 20% জীববিজ্ঞান এবং বাকীগুলি পদার্থবিজ্ঞান এবং ইতিহাসের প্রশ্ন হিসাবে সমানভাবে বিভক্ত।যদি অ্যামেলিয়া জীববিজ্ঞানের প্রশ্নগুলির 25%, অর্থনীতির 100% প্রশ্ন এবং 1/3 পদার্থবিজ্ঞান এবং ইতিহাসের প্রশ্নগুলির সঠিকভাবে সঠিকভাবে পাওয়ার বিষয়ে নিশ্চিত হন তবে তিনি কত পয়েন্ট পেয়েছেন তা নিশ্চিত?",42
"একটি 80-আইটেম কুইজে, 25% প্রশ্ন পদার্থবিজ্ঞান, 15% জীববিজ্ঞান এবং বাকীগুলি ভূগোল এবং সাহিত্যের প্রশ্ন হিসাবে সমানভাবে বিভক্ত।ফাতেমা যদি জীববিজ্ঞানের প্রশ্নগুলির 25%, পদার্থবিজ্ঞানের প্রশ্নগুলির 40% এবং ভূগোল এবং সাহিত্যের প্রশ্নগুলির একটি অষ্টম সঠিকভাবে পাওয়ার বিষয়ে নিশ্চিত হন তবে তিনি কতগুলি পয়েন্ট পেয়েছেন?",17
"একটি 120-আইটেম কুইজে, 30% প্রশ্নগুলি ভূগোল, 20% বীজগণিত, এবং বাকীগুলি সমানভাবে ইতিহাস এবং রসায়ন প্রশ্ন হিসাবে বিভক্ত।গ্যাব্রিয়েল যদি বীজগণিত প্রশ্নগুলির 25%, ভৌগলিক প্রশ্নগুলির 50% এবং ইতিহাস এবং রসায়ন প্রশ্নগুলির দশমাংশ সঠিকভাবে সঠিকভাবে পাওয়ার বিষয়ে নিশ্চিত হন তবে তিনি কতগুলি পয়েন্ট পেয়েছেন?",30
"একটি 80-আইটেম কুইজে, 35% প্রশ্ন ইতিহাস, 15% জীববিজ্ঞান এবং বাকীগুলি সমানভাবে বীজগণিত এবং ভূগোলের প্রশ্ন হিসাবে বিভক্ত।নাদিয়া যদি জীববিজ্ঞানের প্রশ্নগুলির 25%, ইতিহাসের প্রশ্নগুলির 75% এবং বীজগণিত এবং ভূগোলের প্রশ্নগুলির একটি অষ্টম সঠিকভাবে পাওয়ার বিষয়ে নিশ্চিত হন তবে তিনি কতগুলি পয়েন্ট পেয়েছেন?",29
"একটি 80-আইটেম কুইজে, 25% প্রশ্ন পদার্থবিজ্ঞান, 15% জ্যামিতি এবং বাকীগুলি সমানভাবে রসায়ন এবং সাহিত্যের প্রশ্ন হিসাবে বিভক্ত।চেন যদি জ্যামিতির প্রশ্নগুলির 25%, পদার্থবিজ্ঞানের 75% প্রশ্ন এবং রসায়ন এবং সাহিত্যের প্রশ্নগুলির 1/8 সঠিকভাবে সঠিকভাবে পাওয়ার বিষয়ে নিশ্চিত হন তবে তিনি কতগুলি পয়েন্ট পেয়েছেন?",24
"একটি 120-আইটেম কুইজে, 30% প্রশ্ন অর্থনীতি, 20% পদার্থবিজ্ঞান এবং বাকীগুলি সমানভাবে সাহিত্য এবং জীববিজ্ঞানের প্রশ্ন হিসাবে বিভক্ত।হারুকা যদি পদার্থবিজ্ঞানের প্রশ্নগুলির 25%, অর্থনীতির 100% প্রশ্ন এবং সাহিত্য এবং জীববিজ্ঞানের প্রশ্নগুলির 1/2 প্রশ্ন সঠিকভাবে সঠিকভাবে পাওয়ার বিষয়ে নিশ্চিত হন তবে তিনি কত পয়েন্ট পেয়েছেন?",72
"সাকুরা তার 4 নাতি -নাতনিদের জন্য শীতের পোশাক বুনছে।তারা চতুর্ভুজ, সুতরাং তারা সব একই আকার।তিনি তাদের প্রত্যেকের জন্য একটি ন্যস্ত, কার্ডিগান, শাল, গ্লাভস এবং মিটেনস তৈরি করতে চান।এটি ন্যস্ত তৈরি করতে 5 টি স্কিন, একটি কার্ডিগানের জন্য 4, একটি শালের জন্য 10, একজোড়া গ্লাভসের জন্য 12 এবং একজোড়া মিটেনের জন্য 9 নেয়।সাকুরা নিজের জন্য দুটি উষ্ণ জ্যাকেট তৈরি করতে চায়, প্রত্যেকটির জন্য 4 টি স্কিন উলের প্রয়োজন।উলের প্রতিটি ডজন স্কিনের দাম $ 9।স্টোরটিতে একটি প্রচার রয়েছে যেখানে গ্রাহকরা 100 ডলারের বেশি ক্রয়ে 20 ডলার ছাড় পান।সাকুরা তার প্রয়োজনীয় সমস্ত উলের জন্য কতটা অর্থ প্রদান করা উচিত?",106
"ফাতিমা তার 5 নাতি -নাতনিদের জন্য শীতের পোশাক বুনছে।তারা কুইন্টুপলেট, সুতরাং তারা সব একই আকার।তিনি তাদের প্রত্যেকের জন্য একটি বিয়ানী, ন্যস্ত, কার্ডিগান, গ্লোভস এবং মিটেনস তৈরি করতে চান।এটি একটি বিয়ানী তৈরি করতে 4 টি স্কিন ন্যূনতম, একটি ন্যস্তের জন্য 6, একটি কার্ডিগানের জন্য 8, এক জোড়া গ্লাভসের জন্য 12 এবং একজোড়া মিটেনের জন্য 10 লাগে।ফাতিমা নিজের জন্য দুটি উষ্ণ জ্যাকেট তৈরি করতে চায়, প্রত্যেকটির জন্য পশমের 8 স্কিন প্রয়োজন।উলের প্রতিটি ডজন স্কিনের দাম $ 8।স্টোরটিতে একটি প্রচার রয়েছে যেখানে গ্রাহকরা 100 ডলারের বেশি ক্রয়ে 20 ডলার ছাড় পান।ফাতেমাকে তার প্রয়োজনীয় সমস্ত স্কিনগুলির জন্য কত টাকা দিতে হবে?",124
"ভ্যালেরিয়া তার 4 নাতি -নাতনিদের জন্য শীতকালীন পোশাক বুনছে।তারা চতুর্ভুজ, সুতরাং তারা সব একই আকার।তিনি তাদের প্রত্যেকের জন্য একটি টিউনিক, টুপি, শাল, বুটিস এবং গ্লাভস তৈরি করতে চান।একটি টিউনিক তৈরি করতে উলের 6 টি স্কিন লাগে, একটি টুপি জন্য 6, একটি শালের জন্য 12, এক জোড়া বুটিজের জন্য 12 এবং একজোড়া গ্লাভসের জন্য 13 টি।ভ্যালেরিয়া নিজের জন্য দুটি উষ্ণ জ্যাকেট তৈরি করতে চায়, প্রত্যেকটির জন্য 4 স্কিন উলের প্রয়োজন।উলের প্রতিটি ডজন স্কিনের দাম $ 9।স্টোরটিতে একটি প্রচার রয়েছে যেখানে গ্রাহকরা 100 ডলারের বেশি ক্রয়ে 20 ডলার ছাড় পান।ভ্যালেরিয়া তার প্রয়োজনীয় সমস্ত উলের জন্য কতটা অর্থ প্রদান করা উচিত?",133
"ভ্যালেন্টিনা তার 5 নাতি -নাতনিদের জন্য শীতের পোশাক বুনছে।তারা কুইন্টুপলেট, সুতরাং তারা সব একই আকার।তিনি তাদের প্রত্যেকের জন্য একটি শাল, টিউনিক, কার্ডিগান, বুটিজ এবং গ্লাভস তৈরি করতে চান।এটি শাল তৈরি করতে 5 টি স্কিন নল, একটি টিউনিকের জন্য 3, একটি কার্ডিগানের জন্য 9, এক জোড়া বুটিজের জন্য 10 এবং একজোড়া গ্লাভসের জন্য 11 লাগে।ভ্যালেন্টিনা নিজের জন্য দুটি উষ্ণ জ্যাকেট তৈরি করতে চায়, প্রত্যেকটির জন্য পশমের 7 স্কিন প্রয়োজন।উলের প্রতিটি ডজন স্কিনের দাম $ 7।স্টোরটিতে একটি প্রচার রয়েছে যেখানে গ্রাহকরা 100 ডলারের বেশি ক্রয়ে 20 ডলার ছাড় পান।ভ্যালেন্টিনা তার প্রয়োজনীয় সমস্ত স্কিনগুলির জন্য কত টাকা দিতে হবে?",99
"উমা তার 4 নাতি -নাতনিদের জন্য শীতকালীন পোশাক বুনছে।তারা চতুর্ভুজ, সুতরাং তারা সব একই আকার।তিনি তাদের প্রত্যেকের জন্য একটি শাল, টুপি, কার্ডিগান, লেগ ওয়ার্মার এবং মোজা তৈরি করতে চান।এটি শাল তৈরি করতে 5 টি স্কিন উলের, টুপিটির জন্য 3, একটি কার্ডিগানের জন্য 12, এক জোড়া লেগ ওয়ার্মারের জন্য 11 এবং একজোড়া মোজাগুলির জন্য 15 লাগে।উমা নিজের জন্য দুটি উষ্ণ জ্যাকেট তৈরি করতে চায়, প্রত্যেকটির জন্য 10 স্কিন উলের প্রয়োজন।উলের প্রতিটি ডজন স্কিনের দাম $ 9।স্টোরটিতে একটি প্রচার রয়েছে যেখানে গ্রাহকরা 100 ডলারের বেশি ক্রয়ে 20 ডলার ছাড় পান।উমাকে তার উলের সমস্ত স্কিনগুলির জন্য কতটা অর্থ প্রদান করা উচিত?",133
"রোয়া তার 5 নাতি -নাতনিদের জন্য শীতের পোশাক বুনছে।তারা কুইন্টুপলেট, সুতরাং তারা সব একই আকার।তিনি তাদের প্রত্যেকের জন্য একটি কার্ডিগান, পঞ্চো, সোয়েটার, মোজা এবং মিটটেন তৈরি করতে চান।এটি কার্ডিগান তৈরি করতে 5 টি স্কিন নেয়, একটি পঞ্চোর জন্য 3, একটি সোয়েটারের জন্য 8, একজোড়া মোজাগুলির জন্য 10 এবং একজোড়া মিটেনের জন্য 14।রোয়া নিজের জন্য দুটি উষ্ণ জ্যাকেট তৈরি করতে চায়, প্রত্যেকটির জন্য পশমের 8 স্কিন প্রয়োজন।উলের প্রতিটি ডজন স্কিনের দাম $ 8।স্টোরটিতে একটি প্রচার রয়েছে যেখানে গ্রাহকরা 100 ডলারের বেশি ক্রয়ে 20 ডলার ছাড় পান।রোয়াকে তার প্রয়োজনীয় উলের সমস্ত স্কিনগুলির জন্য কত টাকা দিতে হবে?",124
"গ্যাব্রিয়েল তার 5 নাতি -নাতনিদের জন্য শীতকালীন পোশাক বুনছেন।তারা কুইন্টুপলেট, সুতরাং তারা সব একই আকার।তিনি তাদের প্রত্যেকের জন্য একটি পঞ্চো, সোয়েটার, টুপি, মিটেনস এবং লেগ ওয়ার্মার তৈরি করতে চান।পঞ্চো তৈরি করতে উলের 6 টি স্কিন লাগে, একটি সোয়েটারের জন্য 3, একটি টুপিটির জন্য 12, এক জোড়া মিটেনের জন্য 11 এবং এক জোড়া লেগ ওয়ার্মারগুলির জন্য 12।গ্যাব্রিয়েল নিজের জন্য দুটি উষ্ণ জ্যাকেট তৈরি করতে চায়, প্রত্যেকটির জন্য 10 স্কিন উলের প্রয়োজন।উলের প্রতিটি ডজন স্কিনের দাম $ 7।স্টোরটিতে একটি প্রচার রয়েছে যেখানে গ্রাহকরা 100 ডলারের বেশি ক্রয়ে 20 ডলার ছাড় পান।গ্যাব্রিয়েল তার প্রয়োজনীয় সমস্ত উলের জন্য কতটা অর্থ প্রদান করতে হবে?",120
"জেসমিন তার 5 নাতি -নাতনিদের জন্য শীতের পোশাক বুনছে।তারা কুইন্টুপলেট, সুতরাং তারা সব একই আকার।তিনি তাদের প্রত্যেকের জন্য একটি পঞ্চো, কার্ডিগান, টিউনিক, বুটিস এবং মিটেনস তৈরি করতে চান।পঞ্চো তৈরি করতে উলের 6 টি স্কিন লাগে, একটি কার্ডিগানের জন্য 4, একটি টিউনিকের জন্য 10, একজোড়া বুটিজের জন্য 12 এবং একজোড়া মিটেনের জন্য 10।জেসমিন নিজের জন্য দুটি উষ্ণ জ্যাকেট তৈরি করতে চায়, প্রত্যেকটির জন্য 9 স্কিন উলের প্রয়োজন।উলের প্রতিটি ডজন স্কিনের দাম $ 6।স্টোরটিতে একটি প্রচার রয়েছে যেখানে গ্রাহকরা 100 ডলারের বেশি ক্রয়ে 20 ডলার ছাড় পান।জেসমিন তার প্রয়োজনীয় সমস্ত উলের জন্য কতটা অর্থ প্রদান করতে হবে?",94
"কায়লা তার 5 নাতি -নাতনিদের জন্য শীতকালীন পোশাক বুনছে।তারা কুইন্টুপলেট, সুতরাং তারা সব একই আকার।তিনি তাদের প্রত্যেকের জন্য একটি পঞ্চো, সোয়েটার, টিউনিক, লেগ ওয়ার্মার এবং মিটটেন তৈরি করতে চান।এটি পঞ্চো তৈরি করতে 3 টি স্কিন নেয়, একটি সোয়েটারের জন্য 3, একটি টিউনিকের জন্য 10, এক জোড়া লেগ ওয়ার্মারের জন্য 10 এবং একজোড়া মিটেনের জন্য 10।কায়লা নিজের জন্য দুটি উষ্ণ জ্যাকেট তৈরি করতে চায়, প্রত্যেকটির জন্য পশমের 6 স্কিন প্রয়োজন।উলের প্রতিটি ডজন স্কিনের দাম $ 8।স্টোরটিতে একটি প্রচার রয়েছে যেখানে গ্রাহকরা 100 ডলারের বেশি ক্রয়ে 20 ডলার ছাড় পান।কায়লা তার প্রয়োজনীয় সমস্ত উলের জন্য কতটা অর্থ প্রদান করতে হবে?",108
"তারা তার 4 নাতি -নাতনিদের জন্য শীতকালীন পোশাক বুনছে।তারা চতুর্ভুজ, সুতরাং তারা সব একই আকার।তিনি তাদের প্রত্যেকের জন্য একটি বিয়ানী, কার্ডিগান, শাল, বুটিজ এবং গ্লাভস তৈরি করতে চান।একটি বিয়ানী তৈরি করতে 5 টি স্কিন উলের, একটি কার্ডিগানের জন্য 5, একটি শালের জন্য 12, এক জোড়া বুটিজের জন্য 8 এবং একজোড়া গ্লাভসের জন্য 15 লাগে।তারা নিজের জন্য দুটি উষ্ণ জ্যাকেট তৈরি করতে চায়, প্রত্যেকটির জন্য উলের 6 স্কিন প্রয়োজন।উলের প্রতিটি ডজন স্কিনের দাম $ 8।স্টোরটিতে একটি প্রচার রয়েছে যেখানে গ্রাহকরা 100 ডলারের বেশি ক্রয়ে 20 ডলার ছাড় পান।তারার প্রয়োজনীয় সমস্ত উলের স্কিনগুলির জন্য তারা কতটা দিতে হবে?",108
"মিসেস জনসনের 100 শিক্ষার্থীর ক্লাসে, ক্লাসটির 46% সকার খেলোয়াড়।বাকি শ্রেণীর মধ্যে 50% শিক্ষার্থী রোবোটিক্স ক্লাবের সদস্য বা নর্তকীদের অংশ।এই 3 টি গ্রুপের শিক্ষার্থীদের একটি দূরে প্রতিযোগিতায় ভ্রমণ করতে আজ খুব তাড়াতাড়ি চলে যেতে হবে।সকারের অর্ধেক খেলোয়াড় অসুস্থ হওয়ার জন্য অনুপস্থিত।এছাড়াও, 3 টি চিয়ারলিডার এই প্রতিটি গ্রুপের সাথে থাকবে।কতজন শিক্ষার্থী প্রতিযোগিতায় প্রথম দিকে চলে যাচ্ছে?",59
"মিসেস জনসনের দেড়শো শিক্ষার্থীর ক্লাসে, ক্লাসটির 40% সকার খেলোয়াড়।অবশিষ্ট শ্রেণীর মধ্যে 30% শিক্ষার্থী নৃত্যশিল্পী বা কোয়ার সদস্যদের অংশ।এই 3 টি গ্রুপের শিক্ষার্থীদের একটি দূরে প্রতিযোগিতায় ভ্রমণ করতে আজ খুব তাড়াতাড়ি চলে যেতে হবে।সকারের অর্ধেক খেলোয়াড় অসুস্থ হওয়ার জন্য অনুপস্থিত।এছাড়াও, 3 টি চিয়ারলিডার এই প্রতিটি গ্রুপের সাথে থাকবে।কতজন শিক্ষার্থী প্রতিযোগিতায় প্রথম দিকে চলে যাচ্ছে?",66
"মিসেস গার্সিয়ার 160 শিক্ষার্থীর ক্লাসে, শ্রেণীর 50% সাঁতারু।অবশিষ্ট শ্রেণীর মধ্যে, 35% শিক্ষার্থী বিতর্ক দলের সদস্য বা নৃত্যশিল্পীদের অংশ।এই 3 টি গ্রুপের শিক্ষার্থীদের দূরে টুর্নামেন্টে ভ্রমণ করতে আজ খুব তাড়াতাড়ি চলে যেতে হবে।সাঁতারুদের অর্ধেক অসুস্থ হওয়ার জন্য অনুপস্থিত।এছাড়াও, 3 টি চিয়ারলিডার এই প্রতিটি গ্রুপের সাথে থাকবে।কতজন শিক্ষার্থী টুর্নামেন্টের প্রথম দিকে চলে যাচ্ছেন?",77
"মিসেস জনসনের 20 জন শিক্ষার্থীর ক্লাসে, 20% শ্রেণীর সকার খেলোয়াড়।অবশিষ্ট শ্রেণীর মধ্যে, 50% শিক্ষার্থী বিতর্ক দলের সদস্য বা কোয়ার সদস্যদের অংশ।এই 3 টি গ্রুপের শিক্ষার্থীদের একটি দূরে প্রতিযোগিতায় ভ্রমণ করতে আজ খুব তাড়াতাড়ি চলে যেতে হবে।সকারের অর্ধেক খেলোয়াড় অসুস্থ হওয়ার জন্য অনুপস্থিত।এছাড়াও, 3 টি চিয়ারলিডার এই প্রতিটি গ্রুপের সাথে থাকবে।কতজন শিক্ষার্থী প্রতিযোগিতায় প্রথম দিকে চলে যাচ্ছে?",19
"ডাঃ লি'র 104 শিক্ষার্থীর ক্লাসে, ক্লাসের 50% ভলিবল খেলোয়াড়।অবশিষ্ট শ্রেণীর মধ্যে, 25% শিক্ষার্থী রোবোটিক্স ক্লাবের সদস্য বা গায়ক সদস্যদের অংশ।এই 3 টি গ্রুপের শিক্ষার্থীদের একটি দূরে প্রতিযোগিতায় ভ্রমণ করতে আজ খুব তাড়াতাড়ি চলে যেতে হবে।ভলিবল খেলোয়াড়দের অর্ধেক অসুস্থ হওয়ার জন্য অনুপস্থিত।এছাড়াও, 3 টি চিয়ারলিডার এই প্রতিটি গ্রুপের সাথে থাকবে।কতজন শিক্ষার্থী প্রতিযোগিতায় প্রথম দিকে চলে যাচ্ছে?",48
"মিঃ স্মিথের ৮০ জন শিক্ষার্থীর ক্লাসে, ক্লাসের 20% বাস্কেটবল খেলোয়াড়।অবশিষ্ট শ্রেণীর মধ্যে, 50% শিক্ষার্থী নৃত্যশিল্পী বা বিতর্ক দলের সদস্যদের অংশ।এই 3 টি গ্রুপের শিক্ষার্থীদের দূরে টুর্নামেন্টে ভ্রমণ করতে আজ খুব তাড়াতাড়ি চলে যেতে হবে।অর্ধেক বাস্কেটবল খেলোয়াড় অসুস্থ হওয়ার জন্য অনুপস্থিত।এছাড়াও, 3 টি চিয়ারলিডার এই প্রতিটি গ্রুপের সাথে থাকবে।কতজন শিক্ষার্থী টুর্নামেন্টের প্রথম দিকে চলে যাচ্ছেন?",49
"মিসেস গার্সিয়ার ৮৪ জন শিক্ষার্থীর ক্লাসে, ক্লাসটির ৫০% সাঁতারু।অবশিষ্ট শ্রেণীর মধ্যে, 50% শিক্ষার্থী বিতর্ক দলের সদস্য বা কোয়ার সদস্যদের অংশ।এই 3 টি গ্রুপের শিক্ষার্থীদের দূরে টুর্নামেন্টে ভ্রমণ করতে আজ খুব তাড়াতাড়ি চলে যেতে হবে।সাঁতারুদের অর্ধেক অসুস্থ হওয়ার জন্য অনুপস্থিত।এছাড়াও, 3 টি চিয়ারলিডার এই প্রতিটি গ্রুপের সাথে থাকবে।কতজন শিক্ষার্থী টুর্নামেন্টের প্রথম দিকে চলে যাচ্ছেন?",51
"মিসেস জনসনের 50 জন শিক্ষার্থীর ক্লাসে, ক্লাসের 52% সকার খেলোয়াড়।অবশিষ্ট শ্রেণীর মধ্যে 50% শিক্ষার্থী বিতর্ক দলের সদস্য বা রোবোটিক্স ক্লাবের সদস্যদের অংশ।এই 3 টি গ্রুপের শিক্ষার্থীদের একটি দূরে প্রতিযোগিতায় ভ্রমণ করতে আজ খুব তাড়াতাড়ি চলে যেতে হবে।সকারের অর্ধেক খেলোয়াড় অসুস্থ হওয়ার জন্য অনুপস্থিত।এছাড়াও, 3 টি চিয়ারলিডার এই প্রতিটি গ্রুপের সাথে থাকবে।কতজন শিক্ষার্থী প্রতিযোগিতায় প্রথম দিকে চলে যাচ্ছে?",34
"ডাঃ লি'র 120 শিক্ষার্থীর ক্লাসে, ক্লাসের 25% ভলিবল খেলোয়াড়।অবশিষ্ট শ্রেণীর মধ্যে, 30% শিক্ষার্থী বিতর্ক দলের সদস্য বা নৃত্যশিল্পীদের অংশ।এই 3 টি গ্রুপের শিক্ষার্থীদের একটি দূরে প্রতিযোগিতায় ভ্রমণ করতে আজ খুব তাড়াতাড়ি চলে যেতে হবে।ভলিবল খেলোয়াড়দের অর্ধেক অসুস্থ হওয়ার জন্য অনুপস্থিত।এছাড়াও, 3 টি চিয়ারলিডার এই প্রতিটি গ্রুপের সাথে থাকবে।কতজন শিক্ষার্থী প্রতিযোগিতায় প্রথম দিকে চলে যাচ্ছে?",51
"মিঃ স্মিথের 125 শিক্ষার্থীর ক্লাসে 40% শ্রেণীর বাস্কেটবল খেলোয়াড়।অবশিষ্ট শ্রেণীর মধ্যে, 24% শিক্ষার্থী রোবোটিক্স ক্লাবের সদস্য বা গায়ক সদস্যদের অংশ।এই 3 টি গ্রুপের শিক্ষার্থীদের দূরে টুর্নামেন্টে ভ্রমণ করতে আজ খুব তাড়াতাড়ি চলে যেতে হবে।অর্ধেক বাস্কেটবল খেলোয়াড় অসুস্থ হওয়ার জন্য অনুপস্থিত।এছাড়াও, 3 টি চিয়ারলিডার এই প্রতিটি গ্রুপের সাথে থাকবে।কতজন শিক্ষার্থী টুর্নামেন্টের প্রথম দিকে চলে যাচ্ছেন?",52
